DateTime,temperature_C,pressure_hPa,wind_speed_m/s,wind_direction
1990-01-01,,,,
1990-01-02,,,,
1990-01-03,,,,
1990-01-04,,,,
1990-01-05,,,,
1990-01-06,,,,
1990-01-07,,,,
1990-01-08,,,,
1990-01-09,,,,
1990-01-10,,,,
1990-01-11,,,,
1990-01-12,,,,
1990-01-13,,,,
1990-01-14,,,,
1990-01-15,,,,
1990-01-16,,,,
1990-01-17,,,,
1990-01-18,,,,
1990-01-19,,,,
1990-01-20,,,,
1990-01-21,,,,
1990-01-22,-5.2,986.8799999999999,10.6,177.9926550205025
1990-01-23,-3.55,985.575,9.0,167.53382329262314
1990-01-24,-3.4375,985.6625,6.2,157.47578613787584
1990-01-25,-3.4875,984.25,11.0,198.47264162464646
1990-01-26,-7.4875,973.3375,7.0,179.62417187496655
1990-01-27,-5.3625,963.2,3.6,246.91751116596504
1990-01-28,-3.3625,970.3625,5.5,263.94675178320233
1990-01-29,-2.8625,978.4375,4.5,252.0503753775539
1990-01-30,-3.375,970.0,,233.94675178320233
1990-01-31,-3.8857142857142857,959.6875,5.5,158.74740084947723
1990-02-01,-5.7125,964.2875,20.0,
1990-02-02,-7.75,967.8875,18.8,176.00244393710275
1990-02-03,-8.0375,972.1875,13.333333333333334,166.636272588377
1990-02-04,-7.3,972.6625,8.4,183.76134364673754
1990-02-05,-6.7250000000000005,970.0,16.666666666666668,177.9926550205025
1990-02-06,-4.3,967.9375,3.3333333333333335,243.363727411623
1990-02-07,-5.237500000000001,961.2,2.5,190.67806364282467
1990-02-08,-8.475,960.4,19.0,187.51437930669925
1990-02-09,-7.112500000000001,964.5,7.333333333333333,180.7367500795899
1990-02-10,-8.1125,965.6375,8.0,191.41853960142268
1990-02-11,-8.8875,968.25,25.6,173.751829216134
1990-02-12,-7.5,971.05,,218.1413975718809
1990-02-13,-7.125,972.5375,14.0,181.77728432662968
1990-02-14,-8.1125,978.9875,18.0,196.84161401968115
1990-02-15,-7.175,975.875,7.333333333333333,244.09038782907407
1990-02-16,-9.6625,980.7,19.0,165.10555391152505
1990-02-17,-10.6125,983.2,18.0,182.48562069330072
1990-02-18,-12.1875,983.8125,14.333333333333334,217.56980494744067
1990-02-19,-10.6375,983.5625,10.5,216.77881120326578
1990-02-20,-10.3375,983.375,26.0,243.20920687706104
1990-02-21,-12.375,976.65,25.666666666666668,216.52090276274228
1990-02-22,-13.3125,967.475,14.0,199.99999999999997
1990-02-23,-10.885714285714286,970.2375,5.75,188.32804470503768
1990-02-24,-10.85,982.3375,5.0,199.40469366990456
1990-02-25,-11.175,970.7125,20.5,214.31799598404712
1990-02-26,-11.2875,965.2625,17.8,171.67043694469768
1990-02-27,-8.6875,964.1,15.8,175.0195540202667
1990-02-28,-7.8375,973.7125,17.0,176.45603500080958
1990-03-01,-9.0625,975.7625,18.0,175.83158776812553
1990-03-02,-11.6875,978.9875,14.4,183.69787810565387
1990-03-03,-11.7375,980.3625,17.375,187.4952312784634
1990-03-04,-11.725,981.85,13.0,193.77927849817473
1990-03-05,-14.012500000000001,978.6,15.0,222.32513941191556
1990-03-06,-16.75,978.2125,17.0,202.4557298375421
1990-03-07,-18.1125,981.025,20.333333333333332,183.3124813211817
1990-03-08,-18.425,981.7,13.8,190.0
1990-03-09,-16.1625,982.6125,9.25,197.55923518813256
1990-03-10,-14.7,979.2125,22.0,173.7125737548128
1990-03-11,-16.425,978.8875,3.3333333333333335,230.72130280205772
1990-03-12,-13.4875,978.575,7.0,266.2550005889262
1990-03-13,-13.6625,975.025,10.666666666666666,208.84563095153376
1990-03-14,-14.3875,969.425,8.6,183.3923257518237
1990-03-15,-11.6125,961.7,8.0,272.4135298229279
1990-03-16,-11.7125,965.525,23.333333333333332,171.88282386910242
1990-03-17,-12.975,971.4875,14.5,224.20467543277073
1990-03-18,-15.925,970.6375,18.5,200.6547379799031
1990-03-19,-12.5625,969.1875,6.625,196.1890604622985
1990-03-20,-9.2625,969.1125,9.6,186.23865635326246
1990-03-21,-7.9375,973.475,12.75,173.7226935351444
1990-03-22,-10.0375,982.4625,12.25,215.68123706078657
1990-03-23,-13.975,983.175,32.0,224.25360816885203
1990-03-24,-17.125,979.6625,11.666666666666666,239.67496774153548
1990-03-25,-22.787499999999998,976.9625,20.0,212.3856089293033
1990-03-26,-25.1125,973.4875,19.0,261.527863753138
1990-03-27,-17.975,968.0875,16.333333333333332,249.27596389016796
1990-03-28,-17.7375,970.3,7.0,176.54500019022643
1990-03-29,-20.65,977.8875,5.0,227.52808925065824
1990-03-30,-20.7375,980.725,3.6666666666666665,220.3015599490357
1990-03-31,-21.35,980.9375,7.0,282.3961595234455
1990-04-01,-22.525,976.575,12.5,189.0852670027031
1990-04-02,-23.5375,980.825,7.0,192.00734497949747
1990-04-03,-25.0125,985.3875,1.0,206.97592159939705
1990-04-04,-25.4,981.7125,7.0,304.92326698343027
1990-04-05,-23.5125,987.475,5.8,216.0690596087967
1990-04-06,-21.0,1002.3625,15.666666666666666,202.13906424405025
1990-04-07,-20.3125,997.775,5.6,308.6052182123044
1990-04-08,-23.32857142857143,983.0875,19.0,221.87177782033157
1990-04-09,-22.325,982.1625,12.5,223.24654601398655
1990-04-10,-19.8375,978.65,9.0,243.19917730572936
1990-04-11,-15.7,976.2125,4.0,256.89771965061493
1990-04-12,-13.95,977.825,19.4,237.4377905698081
1990-04-13,-14.5875,982.1875,20.0,235.75234462560746
1990-04-14,-17.05,982.575,12.0,234.2002036522677
1990-04-15,-18.075,975.8875,6.25,312.5433584616548
1990-04-16,-16.2375,973.5875,3.0,206.2476139470282
1990-04-17,-18.075,980.1,11.0,189.73927892726357
1990-04-18,-24.2,982.8125,18.0,178.74940931257473
1990-04-19,-29.1375,986.1625,18.25,193.6635226877547
1990-04-20,-29.2,979.425,14.5,244.99999999999997
1990-04-21,-30.4,969.7375,,259.7171205364962
1990-04-22,-24.4,956.9625,28.8,246.23865635326246
1990-04-23,-16.7,960.1625,13.5,264.0476364633323
1990-04-24,-15.675,968.425,20.0,228.73016060634586
1990-04-25,-20.15,981.4625,26.0,230.0
1990-04-26,-18.5625,999.65,,217.1747127847249
1990-04-27,-16.8875,1004.0625,21.0,177.74703783223433
1990-04-28,-12.175,1001.85,16.0,179.9616312267025
1990-04-29,-10.5375,1005.8874999999999,20.0,203.62302049082956
1990-04-30,-12.5125,1007.7125,5.0,199.61702385928157
1990-05-01,-10.7125,1000.9125,,219.08149590871423
1990-05-02,-12.25,998.825,13.0,210.03246799221162
1990-05-03,-12.225,993.9875,13.0,214.1193897320841
1990-05-04,-15.9125,1001.65,6.0,178.36372741162302
1990-05-05,-17.275,1004.4375,4.25,251.1048202506056
1990-05-06,-14.2375,999.15,7.0,273.50309383017907
1990-05-07,-15.1,1005.7375,12.333333333333334,217.57039990613478
1990-05-08,-16.8375,1010.05,2.6666666666666665,259.94244269961445
1990-05-09,-20.225,1008.7375,2.0,183.83092738240165
1990-05-10,-23.325,1005.8375,3.4285714285714284,238.22616307112327
1990-05-11,-25.1,999.85,1.8,185.0
1990-05-12,-29.0375,992.725,3.25,220.57628894836336
1990-05-13,-29.7,996.8625,1.8571428571428572,314.27128173906766
1990-05-14,-29.1875,996.5625,2.0,324.57771286499815
1990-05-15,-25.2625,991.3375,15.0,176.17162093122562
1990-05-16,-22.5125,981.7,30.0,173.74701698623116
1990-05-17,-23.575,975.425,5.0,234.0095194005507
1990-05-18,-24.9,976.1,12.125,201.9975252490326
1990-05-19,-19.2375,970.7875,10.0,209.58023312535516
1990-05-20,-16.4125,967.075,20.75,187.51437930669925
1990-05-21,-18.6375,973.0625,22.0,237.6493589644533
1990-05-22,-19.25,974.8875,2.3333333333333335,182.01521898929533
1990-05-23,-21.6625,972.8375,2.25,225.33212266254753
1990-05-24,-24.9625,968.85,2.6666666666666665,177.12314490178366
1990-05-25,-27.5875,976.425,8.0,201.5633484859082
1990-05-26,-26.9625,981.875,2.75,300.2421944995391
1990-05-27,-25.025,988.2,5.75,168.559668185177
1990-05-28,-22.3875,987.2375,19.0,176.00244393710275
1990-05-29,-22.125,984.875,17.2,175.0
1990-05-30,-27.8375,982.35,17.0,188.0117677789434
1990-05-31,-31.475,979.125,11.25,178.060787129666
1990-06-01,-29.375,985.775,2.25,271.66411439428396
1990-06-02,-24.4875,993.2125,,247.3427507700043
1990-06-03,-19.685714285714287,988.35,28.5,233.34653429853267
1990-06-04,-26.32857142857143,983.05,5.0,207.8533074603789
1990-06-05,-26.95,983.425,,170.0
1990-06-06,-26.9125,982.125,20.666666666666668,175.716067169662
1990-06-07,-29.4875,977.5875,13.0,162.22097737035912
1990-06-08,-29.9375,978.0,14.25,179.84595371395332
1990-06-09,-29.4,982.2625,,265.6805219625751
1990-06-10,-29.3375,977.2375,14.0,201.67766075667498
1990-06-11,-28.825,969.2375,13.0,189.5544368113711
1990-06-12,-22.7625,963.575,10.8,205.34022846618896
1990-06-13,-15.528571428571428,971.775,10.0,204.43590348548727
1990-06-14,-18.25,975.4625,,242.35385321200005
1990-06-15,-19.925,974.3875,20.0,222.10577352020732
1990-06-16,-15.057142857142859,977.8,,193.66532473543023
1990-06-17,-19.7875,983.625,,227.59010823951948
1990-06-18,-19.2875,978.025,,228.73789306893792
1990-06-19,-12.133333333333333,971.8,,192.01983247478043
1990-06-20,-14.225,968.85,23.0,180.0
1990-06-21,-19.275,977.0625,,190.9599219021205
1990-06-22,-18.525,979.3375,15.5,173.33839053947867
1990-06-23,-17.9375,980.975,2.3333333333333335,214.92204571525744
1990-06-24,-21.2125,983.9,5.666666666666667,250.82721318012383
1990-06-25,-25.25,980.675,6.0,232.290188042116
1990-06-26,-28.6625,978.025,5.428571428571429,327.0725658836667
1990-06-27,-31.6875,974.1625,2.5714285714285716,242.52421386212416
1990-06-28,-26.3375,982.7,2.8,274.02359309548683
1990-06-29,-22.983333333333334,982.45,3.75,260.95872023706846
1990-06-30,-22.475,985.425,,201.37184502058702
1990-07-01,-24.1875,993.0124999999999,3.5,174.02206722471684
1990-07-02,-22.5,995.6875,3.6666666666666665,285.4718422516261
1990-07-03,-25.599999999999998,989.175,5.666666666666667,210.0
1990-07-04,-25.733333333333334,989.175,31.0,166.09344432282347
1990-07-05,-27.5875,994.9,3.8,208.0169466540314
1990-07-06,-25.5,993.075,3.0,183.52194706608003
1990-07-07,-23.25,979.1,8.0,206.6740582027817
1990-07-08,-21.4625,982.775,9.5,194.12825906020487
1990-07-09,-18.8375,984.1375,2.5,163.8450054177053
1990-07-10,-22.0375,994.6375,7.75,314.77225564631766
1990-07-11,-21.825,993.5375,3.3333333333333335,174.5306949062467
1990-07-12,-24.5875,989.8,12.0,175.0
1990-07-13,-24.3625,1000.6375,15.0,187.373308516469
1990-07-14,-23.9375,1004.025,2.0,319.61672210415975
1990-07-15,-25.0125,994.9625,8.0,177.10154086434682
1990-07-16,-26.3125,994.9875,14.333333333333334,176.65344185939722
1990-07-17,-26.5625,996.7625,7.4,275.06513276692016
1990-07-18,-25.833333333333332,985.0375,2.0,203.10520480365383
1990-07-19,-19.6375,987.3,18.0,211.65104694090616
1990-07-20,-17.7875,980.6875,,181.95821825595323
1990-07-21,-16.5875,981.3375,15.333333333333334,183.9079476007156
1990-07-22,-15.1375,979.5375,1.0,184.6146132171098
1990-07-23,-13.5625,983.8125,10.0,186.34929229610196
1990-07-24,-17.7125,990.9625,5.5,206.2824157701999
1990-07-25,-23.5,988.1375,4.5,210.0791564085492
1990-07-26,-24.75,987.4625,4.5,172.51437930669928
1990-07-27,-26.2625,986.2125,7.666666666666667,161.75319400273034
1990-07-28,-28.95,980.3375,4.875,193.75634048618093
1990-07-29,-28.8,975.3625,4.166666666666667,296.0338933080627
1990-07-30,-31.7125,972.7125,4.4,150.99609085579786
1990-07-31,-34.45,966.3875,4.2,184.92267058862495
1990-08-01,-35.7,968.575,2.0,230.0
1990-08-02,-35.55,968.1125,1.7142857142857142,302.88417150127117
1990-08-03,-34.27142857142857,965.5875,6.5,193.89629020653715
1990-08-04,-28.8875,963.05,13.0,287.18814712863025
1990-08-05,-24.6125,960.6375,12.0,207.7861444481405
1990-08-06,-18.785714285714285,964.9,7.0,219.1532457357205
1990-08-07,-17.9125,964.65,26.0,214.0735317563165
1990-08-08,-22.175,970.8625,14.0,210.0997729598311
1990-08-09,-23.2,968.175,,203.08275245866366
1990-08-10,-23.571428571428573,957.125,14.0,244.20345751713182
1990-08-11,-21.650000000000002,954.7,,232.68845190267928
1990-08-12,-20.175,965.0,40.0,227.99265502050247
1990-08-13,-19.8125,971.6125,36.0,240.0
1990-08-14,-21.016666666666666,974.7875,,221.23743957452132
1990-08-15,-15.916666666666666,974.975,,226.4196999452062
1990-08-16,-22.485714285714288,971.2625,3.8,200.2681620475489
1990-08-17,-25.2,974.6875,2.0,266.89479519634614
1990-08-18,-25.85,981.4125,4.571428571428571,156.1150497603024
1990-08-19,-28.925,982.3625,5.333333333333333,259.01481697457973
1990-08-20,-30.625,974.275,3.375,287.2605421968067
1990-08-21,-32.4625,966.6125,6.75,192.74137386441103
1990-08-22,-29.0,970.9,6.0,278.16664423552277
1990-08-23,-33.449999999999996,967.5875,7.75,189.29499654338414
1990-08-24,-29.8375,973.5375,6.5,308.44940774024315
1990-08-25,-30.3,974.05,5.5,192.92919657629216
1990-08-26,-31.025,983.1375,3.8333333333333335,248.20211076408435
1990-08-27,-28.3125,984.9625,3.5,298.5799910320796
1990-08-28,-25.05,982.3375,,189.61375610208523
1990-08-29,-31.03333333333333,986.6625,5.5,187.8890361322397
1990-08-30,-21.5,976.9125,,242.54335846165483
1990-08-31,-23.8625,985.9625,6.4,175.29872731559513
1990-09-01,-22.037499999999998,990.9125,3.3333333333333335,212.97612098430915
1990-09-02,-18.475,976.6625,14.5,305.11751086971645
1990-09-03,-23.8625,974.725,3.0,187.98760362088225
1990-09-04,-27.9875,974.35,5.0,168.77341572811693
1990-09-05,-31.35,975.4875,6.25,198.29156140681454
1990-09-06,-32.425,974.2875,7.8,175.93406496933358
1990-09-07,-24.7,957.9,30.0,242.29018804211597
1990-09-08,-20.0,942.9875,52.0,235.24997178189116
1990-09-09,-28.17142857142857,959.5125,,238.6400808906135
1990-09-10,-28.566666666666666,948.1,10.0,175.49422778017896
1990-09-11,-28.325,956.925,3.0,186.72989875143966
1990-09-12,-29.7375,967.15,3.0,221.494428717336
1990-09-13,-30.2,964.3375,7.0,211.26881756855056
1990-09-14,-28.3375,960.5625,10.0,259.6152618258182
1990-09-15,-26.03333333333333,962.275,,250.3917964837502
1990-09-16,-25.142857142857142,966.2375,19.0,206.8465777733004
1990-09-17,-26.8375,958.9875,12.5,206.75302628015461
1990-09-18,-29.6375,959.075,5.25,210.1763008420238
1990-09-19,-30.1,961.225,5.0,235.86820763494163
1990-09-20,-30.32857142857143,962.525,,210.14847151552695
1990-09-21,-28.119999999999997,967.1125,4.0,231.26210693106208
1990-09-22,-26.925,965.0875,16.666666666666668,243.07573339402637
1990-09-23,-25.733333333333334,956.45,6.0,255.09373001722508
1990-09-24,-25.825,951.275,,265.7437047093365
1990-09-25,-25.616666666666664,956.2,6.0,216.1199432126545
1990-09-26,-28.0625,959.35,8.666666666666666,305.2400298449435
1990-09-27,-25.9125,957.675,5.0,241.4347678589562
1990-09-28,-17.566666666666666,956.4,,239.93193480862257
1990-09-29,-16.8375,961.475,11.666666666666666,218.21337343990578
1990-09-30,-25.119999999999997,966.025,2.5,277.1062315907444
1990-10-01,-16.916666666666668,965.1375,8.0,191.73436700724702
1990-10-02,-20.5125,965.875,12.0,176.27230599106437
1990-10-03,-23.82857142857143,968.625,7.0,170.0
1990-10-04,-22.975,969.975,,175.07673301656973
1990-10-05,-19.657142857142855,972.3,13.0,192.40956538511585
1990-10-06,-14.85,974.0625,9.0,208.19268191595427
1990-10-07,-13.766666666666666,968.95,2.0,193.64028855189633
1990-10-08,-18.925,967.5,19.0,181.13065524596146
1990-10-09,-22.2125,964.2375,2.6666666666666665,187.28990087474514
1990-10-10,-23.475,972.4,,205.93802906795497
1990-10-11,-22.2875,971.95,3.75,244.0475674154292
1990-10-12,-22.5125,975.225,2.6666666666666665,325.44263844027563
1990-10-13,-19.414285714285715,980.35,4.5,181.23905511685896
1990-10-14,-13.37142857142857,983.225,,249.0212993742772
1990-10-15,-14.6,982.6375,,219.39793997202858
1990-10-16,-14.075,981.225,24.5,248.08248883403496
1990-10-17,-10.7625,987.175,,185.7052206159678
1990-10-18,-9.625,985.7375,,204.29249624161545
1990-10-19,-10.985714285714286,969.3125,6.75,276.43476785895615
1990-10-20,-15.857142857142858,971.375,23.0,189.23609489881858
1990-10-21,-18.425,968.05,,174.9808887524834
1990-10-22,-20.5125,961.475,7.0,322.4269870580716
1990-10-23,-20.525,960.2625,13.0,181.09344432282347
1990-10-24,-17.9625,964.525,4.25,267.3756369947607
1990-10-25,-18.2125,967.2375,10.0,244.24044123098895
1990-10-26,-13.833333333333334,964.6375,10.0,185.48885740337312
1990-10-27,-16.175,970.3125,16.5,172.64926950994507
1990-10-28,-14.5375,978.4125,25.0,184.45864482779822
1990-10-29,-14.7875,976.7625,3.0,325.0
1990-10-30,-17.3625,974.5125,14.0,167.4377905698081
1990-10-31,-17.2125,980.95,19.0,204.60250637695808
1990-11-01,-17.2875,976.8375,4.833333333333333,256.1316460880801
1990-11-02,-18.3,976.0,11.25,165.2499717818912
1990-11-03,-16.05,975.0625,10.0,194.15192788812084
1990-11-04,-17.325,971.9875,7.75,267.21781762965156
1990-11-05,-14.3875,965.5,6.8,288.75716452190784
1990-11-06,-12.0375,962.4375,2.0,179.5822075827828
1990-11-07,-12.4125,969.5125,10.333333333333334,189.02924455161678
1990-11-08,-10.3875,970.875,6.75,219.55396897305232
1990-11-09,-8.1625,973.5375,6.666666666666667,264.4226037266217
1990-11-10,-11.5,979.025,12.0,168.49498581300162
1990-11-11,-11.9125,979.2625,4.8,330.0
1990-11-12,-12.575,972.5875,3.5,336.4316718366771
1990-11-13,-12.075,969.6625,6.333333333333333,161.59666109264546
1990-11-14,-11.4875,974.2375,4.333333333333333,159.51026760453087
1990-11-15,-11.25,979.35,6.0,174.70648090292187
1990-11-16,-10.3625,973.0,17.0,291.1864712722854
1990-11-17,-7.35,973.6125,3.6,204.27781681478007
1990-11-18,-4.6125,973.6125,3.6666666666666665,168.77847565470216
1990-11-19,-2.8875,975.6125,3.3333333333333335,182.2173980196485
1990-11-20,0.5499999999999999,974.95,,198.98601996289898
1990-11-21,-0.15714285714285722,980.6,21.5,172.58315505575376
1990-11-22,1.0285714285714287,980.9,12.0,205.29956430675568
1990-11-23,-0.25,977.875,9.5,253.56017199260145
1990-11-24,0.042857142857142864,975.7,3.75,315.0255140871259
1990-11-25,-0.325,977.1375,4.285714285714286,150.1922360603139
1990-11-26,-5.05,979.8875,3.125,300.0
1990-11-27,-7.1625,976.9375,8.0,329.7120689395211
1990-11-28,-6.0875,974.025,2.3333333333333335,125.98518302542023
1990-11-29,-5.8375,975.0625,11.0,159.13250181039373
1990-11-30,-6.9375,977.825,10.666666666666666,161.70495327058325
1990-12-01,-10.525,980.3625,11.75,154.27766267065402
1990-12-02,-12.375,977.525,15.8,165.0
1990-12-03,-7.575,971.525,21.0,175.0
1990-12-04,-5.75,971.3125,24.5,174.9808887524834
1990-12-05,-5.0625,965.625,9.6,187.823160071641
1990-12-06,-5.6875,962.8125,5.25,129.92267058862492
1990-12-07,-6.25,966.3375,7.0,179.63611623712043
1990-12-08,-4.1125,963.7625,10.333333333333334,287.45046682375073
1990-12-09,-1.1,958.75,9.4,228.9441206951473
1990-12-10,0.23750000000000004,958.9375,13.0,189.4119356201845
1990-12-11,-0.5375,966.4375,12.666666666666666,171.25538450902275
1990-12-12,-1.3875,970.825,14.2,171.28463097534294
1990-12-13,-1.5285714285714285,975.875,17.0,172.70639038267322
1990-12-14,-0.12499999999999997,978.5125,16.0,163.74731507654644
1990-12-15,1.0,979.15,12.0,175.0195540202667
1990-12-16,0.275,978.3375,12.285714285714286,167.05910308356326
1990-12-17,1.0125,974.9125,8.0,229.42000076226213
1990-12-18,0.19999999999999996,976.5625,9.6,167.27988520332377
1990-12-19,-0.8375,982.2125,,165.31494828233184
1990-12-20,0.024999999999999974,975.075,4.0,315.23132703455724
1990-12-21,-2.2142857142857144,978.475,3.0,16.158053646513203
1990-12-22,-2.5,982.65,8.428571428571429,338.72521781198395
1990-12-23,-2.7875,979.175,5.0,352.8157625437813
1990-12-24,-2.35,980.1625,5.0,115.57887561956977
1990-12-25,1.8375,977.2875,6.4,326.8738019619126
1990-12-26,0.375,978.9375,7.333333333333333,171.3947817876956
1990-12-27,0.85,981.7125,9.0,190.17760340317773
1990-12-28,0.44999999999999996,977.875,8.5,177.25021527060466
1990-12-29,0.425,979.1625,8.0,227.67144318458648
1990-12-30,1.35,979.9625,8.0,186.9841753764859
1990-12-31,1.9875,977.95,5.0,208.38519363374618
1991-01-01,1.75,974.0375,5.75,263.8694223718273
1991-01-02,-0.012499999999999983,976.575,12.5,168.73016060634586
1991-01-03,-1.157142857142857,974.3874999999999,3.0,104.43590348548726
1991-01-04,-0.8624999999999999,971.175,3.375,325.6949146723943
1991-01-05,-1.2428571428571427,973.85,3.142857142857143,282.32048732067506
1991-01-06,-4.725,977.0,10.0,111.26210693106208
1991-01-07,-2.6,971.3875,12.5,320.0
1991-01-08,-1.8125,969.1375,5.0,158.04884495922602
1991-01-09,-4.725,974.8625,8.833333333333334,165.15585146381218
1991-01-10,-2.3625,978.1125,4.5,326.52090276274225
1991-01-11,-2.1875,975.7625,4.875,327.51437930669925
1991-01-12,-1.842857142857143,967.2375,4.5,324.4298139194456
1991-01-13,-5.2625,961.8375,14.333333333333334,165.1558514638122
1991-01-14,-6.0,961.5875,5.0,160.0
1991-01-15,-2.725,963.2375,2.0,353.8560660971139
1991-01-16,-2.9,961.6625,4.5,38.737893068937915
1991-01-17,-2.0375,963.875,6.142857142857143,148.53664804241035
1991-01-18,-1.9124999999999999,963.725,4.428571428571429,278.1052048036538
1991-01-19,-3.7375,962.9375,17.6,171.26983939365417
1991-01-20,-2.542857142857143,971.0375,7.4,227.02838599240647
1991-01-21,-1.5875000000000001,973.425,3.4,227.5274834616302
1991-01-22,-2.7125,969.775,5.0,186.60456726152154
1991-01-23,-3.9875,962.7875,10.666666666666666,307.0992611522356
1991-01-24,-7.675,964.125,20.666666666666668,184.09665739848518
1991-01-25,-5.0375,972.35,16.0,187.2417985126191
1991-01-26,-1.9124999999999999,975.5375,4.0,221.1422303793662
1991-01-27,-1.2875,975.0,23.0,223.35892565267577
1991-01-28,-1.2374999999999998,970.3125,5.666666666666667,175.20456445727052
1991-01-29,-2.2714285714285714,969.8625,4.333333333333333,164.48551259514142
1991-01-30,-4.0,966.6875,9.285714285714286,190.0
1991-01-31,-3.8625,971.5,11.0,158.88495023969762
1991-02-01,-4.375,982.2,,194.7738561563865
1991-02-02,-5.05,982.5625,13.75,183.7374294132844
1991-02-03,-5.65,978.5,9.666666666666666,185.0
1991-02-04,-5.1125,980.55,8.333333333333334,172.67648277544228
1991-02-05,-4.733333333333333,979.5125,4.0,150.2447029304251
1991-02-06,-6.475,972.9125,9.0,194.88711354166392
1991-02-07,-6.8375,970.5625,9.166666666666666,181.39546522106122
1991-02-08,-6.15,982.1375,9.0,224.43860185140647
1991-02-09,-3.775,977.9375,33.0,283.65223013875317
1991-02-10,-4.8375,979.1875,8.0,219.67665904862022
1991-02-11,-4.9375,978.425,6.5,212.92919657629218
1991-02-12,-3.8666666666666667,975.3125,2.5,280.33818930595925
1991-02-13,-4.175,971.3125,10.5,187.29895971172192
1991-02-14,-6.3,970.4375,13.0,185.7677335671301
1991-02-15,-6.285714285714286,968.9375,10.0,168.0750737738402
1991-02-16,-7.175,970.9875,18.5,237.752887132576
1991-02-17,-8.4625,972.6875,22.666666666666668,223.6546640078665
1991-02-18,-6.1000000000000005,970.5625,7.0,220.74260537668476
1991-02-19,-3.825,968.025,7.5,179.56047113091552
1991-02-20,-2.425,980.4625,16.333333333333332,165.0
1991-02-21,-2.4625,987.2375,4.0,209.9370319248693
1991-02-22,-4.0875,980.1,10.666666666666666,184.9807419079239
1991-02-23,-4.775,982.2874999999999,4.0,196.30724317443432
1991-02-24,-5.7375,977.0375,8.5,197.64887150833462
1991-02-25,-6.8625,970.2125,14.333333333333334,199.88431557980564
1991-02-26,-6.4375,970.025,10.833333333333334,197.37705084413398
1991-02-27,-5.95,969.6,17.75,173.70807323978494
1991-02-28,-7.0875,971.5,11.0,224.38112480318418
1991-03-01,-10.4,965.975,18.666666666666668,206.2773064648556
1991-03-02,-10.6125,970.2375,27.0,181.22186457651725
1991-03-03,-8.1125,971.875,15.0,177.9191072621357
1991-03-04,-11.05,963.5,17.0,167.4548179176091
1991-03-05,-10.85,965.5625,13.0,203.79525171222755
1991-03-06,-9.6625,971.2625,9.2,212.54524109187994
1991-03-07,-9.5125,973.7125,,210.2953637566908
1991-03-08,-12.15,971.8125,17.2,190.0
1991-03-09,-14.0,967.675,25.666666666666668,237.75594751962603
1991-03-10,-15.6,959.3,18.0,220.03881326678882
1991-03-11,-16.6375,963.2875,16.833333333333332,202.27984227054569
1991-03-12,-19.975,967.0124999999999,22.666666666666668,228.6925985596376
1991-03-13,-17.95,968.5125,16.0,227.21391064224701
1991-03-14,-18.625,966.5125,13.75,190.20617451243447
1991-03-15,-20.525,960.1125,13.0,210.03851731245743
1991-03-16,-20.5,960.925,15.0,186.23865635326246
1991-03-17,-20.5375,965.0875,14.0,208.72521781198395
1991-03-18,-21.35,959.625,14.666666666666666,210.23683351722963
1991-03-19,-15.5625,966.6375,,181.2801299772085
1991-03-20,-18.275,964.2375,23.25,225.70027956883558
1991-03-21,-19.95,970.9875,15.75,213.48504384238467
1991-03-22,-20.6625,970.025,14.5,218.4413046017437
1991-03-23,-23.775,976.225,22.666666666666668,227.34955050985184
1991-03-24,-17.875,965.3625,25.666666666666668,241.30343259777814
1991-03-25,-15.7125,959.45,24.0,236.26257058671558
1991-03-26,-19.95,968.7625,27.666666666666668,238.75918267933275
1991-03-27,-17.025,978.9875,13.0,239.41894029192264
1991-03-28,-16.95,985.6125000000001,9.4,189.06334051542973
1991-03-29,-19.6875,975.275,3.25,307.48665318692844
1991-03-30,-24.3375,967.3625,19.0,209.91840725428756
1991-03-31,-24.65,971.7375,11.0,289.75843827896654
1991-04-01,-22.0,979.8875,5.0,213.66645726475187
1991-04-02,-18.8625,973.5625,3.5,266.4563346312799
1991-04-03,-24.6,967.9125,14.5,171.25538450902275
1991-04-04,-25.375,975.375,5.0,163.5256920733492
1991-04-05,-22.837500000000002,975.325,3.6666666666666665,283.0952764729692
1991-04-06,-21.525,974.05,3.5,216.70495327058325
1991-04-07,-17.925,973.375,4.75,325.4553323318742
1991-04-08,-16.35,971.5,3.125,218.7163934786895
1991-04-09,-18.2625,972.2625,23.0,241.04328397676855
1991-04-10,-21.225,972.25,24.0,247.49458284935452
1991-04-11,-22.525,972.5875,9.5,225.32170254018249
1991-04-12,-22.475,980.6625,16.0,223.00247475096737
1991-04-13,-17.325,984.9875,21.666666666666668,255.51819232579396
1991-04-14,-13.525,977.5,2.5,241.52452667528698
1991-04-15,-13.157142857142857,960.575,16.0,201.86390218486426
1991-04-16,-14.25,953.575,9.0,221.12872851290012
1991-04-17,-13.6625,964.0375,3.25,165.92269135904365
1991-04-18,-11.1875,972.2,14.0,194.0375248577627
1991-04-19,-17.385714285714286,971.425,9.666666666666666,189.05836541866398
1991-04-20,-21.3,985.35,7.2,170.0
1991-04-21,-23.2875,996.45,8.2,180.9041569537526
1991-04-22,-22.4,990.2375,18.0,220.24279406651942
1991-04-23,-23.224999999999998,972.775,6.0,209.67427701455392
1991-04-24,-14.928571428571429,971.375,28.0,201.08150828552843
1991-04-25,-14.64,973.85,23.5,249.59228642691608
1991-04-26,-19.614285714285717,967.2375000000001,5.5,260.25319944100784
1991-04-27,-16.1625,966.725,2.3333333333333335,268.6403671059282
1991-04-28,-12.057142857142859,973.625,8.0,197.32513941191556
1991-04-29,-16.0125,974.1625,6.0,174.08526700270312
1991-04-30,-17.4625,969.475,6.0,208.20859258453822
1991-05-01,-21.5375,977.2375,,188.57760592298544
1991-05-02,-24.1375,987.5,26.0,243.0603619122141
1991-05-03,-22.75,986.575,1.75,295.76361814243455
1991-05-04,-25.8875,977.35,2.4,295.46578387438916
1991-05-05,-29.3625,974.7875,9.333333333333334,180.0
1991-05-06,-30.7375,974.4875,5.333333333333333,184.8499356922933
1991-05-07,-32.4625,971.375,4.5,213.81768429379125
1991-05-08,-31.875,977.275,8.0,209.74680055899216
1991-05-09,-29.275,980.85,5.6,307.99612703077054
1991-05-10,-25.65,976.75,6.0,259.5142156256329
1991-05-11,-28.0,983.675,13.0,214.65129010075705
1991-05-12,-22.7875,974.6625,10.0,285.6786919286863
1991-05-13,-25.17142857142857,959.1875,,228.33771639956896
1991-05-14,-28.512500000000003,974.0,10.5,175.0
1991-05-15,-33.7125,981.125,15.0,187.12927135054682
1991-05-16,-30.4875,975.3,7.5,258.7748095756623
1991-05-17,-32.4375,961.65,2.0,227.2596875924945
1991-05-18,-28.32857142857143,959.6,33.333333333333336,174.02206722471684
1991-05-19,-20.25,958.25,19.0,204.40350450294298
1991-05-20,-17.3,958.0875,9.0,246.16907261759835
1991-05-21,-16.275,954.675,6.0,261.2764362067042
1991-05-22,-18.7375,972.1,2.6666666666666665,206.79985685762344
1991-05-23,-21.3625,976.225,15.0,221.65296030623026
1991-05-24,-17.85,987.875,5.5,209.78188154612008
1991-05-25,-8.871428571428572,983.1625,5.0,181.18835989268865
1991-05-26,-10.4125,979.2875,5.0,172.8650638406844
1991-05-27,-15.2375,969.3,21.0,252.50842620446443
1991-05-28,-14.075,976.1125,15.2,196.6384703432001
1991-05-29,-17.2625,975.2625,12.333333333333334,193.99320038544764
1991-05-30,-18.2625,978.9125,,213.41226314259947
1991-05-31,-18.4375,986.85,8.666666666666666,213.07175168589242
1991-06-01,-20.625,984.4,5.5,236.0362672027278
1991-06-02,-22.45,973.5875,1.0,220.9266055879389
1991-06-03,-22.5625,967.3,4.0,281.3870717045375
1991-06-04,-24.4125,964.075,3.0,179.24159257746084
1991-06-05,-18.3,973.025,4.0,191.58294031297973
1991-06-06,-14.7125,973.325,,226.7232557377989
1991-06-07,-17.05,973.1625,19.666666666666668,234.20212040172316
1991-06-08,-20.9375,975.3625,,280.3690741900386
1991-06-09,-18.242857142857144,981.575,14.0,191.77728432662965
1991-06-10,-19.5875,980.3875,13.5,201.60029623702133
1991-06-11,-19.157142857142855,973.225,11.0,192.53175149589188
1991-06-12,-20.7625,978.8,24.428571428571427,184.45864482779822
1991-06-13,-15.875,974.9625,35.0,173.99755606289725
1991-06-14,-11.85,979.9375,36.5,175.0
1991-06-15,-9.5125,977.625,35.5,166.00244393710275
1991-06-16,-9.25,983.3375,34.0,192.26189845730832
1991-06-17,-15.049999999999999,975.275,,200.93665948457027
1991-06-18,-14.2125,971.0375,5.0,250.23648124849964
1991-06-19,-17.4625,966.1875,18.25,217.59337738604302
1991-06-20,-19.025,970.2,6.0,216.73903671494847
1991-06-21,-19.9,974.3,8.5,204.65659921630433
1991-06-22,-22.125,977.5875,5.0,236.84805148336403
1991-06-23,-24.625,987.5375,13.5,187.15359730717122
1991-06-24,-24.3125,1001.1375,2.0,228.77202290806036
1991-06-25,-23.619999999999997,994.3375,3.0,208.22651815850287
1991-06-26,-24.1,979.6875,7.5,265.0
1991-06-27,-24.3625,975.9375,,264.4317226452214
1991-06-28,-23.65,979.4125,,238.83632494436245
1991-06-29,-21.725,978.7,5.0,288.2335400950045
1991-06-30,-22.24285714285714,966.4875000000001,3.0,287.3685240473822
1991-07-01,-23.175,971.875,,213.005361496506
1991-07-02,-26.666666666666668,972.275,,177.85940712915743
1991-07-03,-27.1875,969.4875,3.0,275.43054688491713
1991-07-04,-28.385714285714283,977.8125,11.0,187.65986358621348
1991-07-05,-31.4375,981.8625,1.0,156.67043694469768
1991-07-06,-31.67142857142857,979.1666666666666,1.75,319.53027601292536
1991-07-07,-32.879999999999995,970.0333333333333,3.75,224.31013276557238
1991-07-08,-27.2375,966.275,5.0,232.84034244239234
1991-07-09,-23.814285714285713,974.025,,199.5943775521412
1991-07-10,-23.125,975.6875,3.5,272.4979691374758
1991-07-11,-20.9875,972.9875,10.0,240.44917166458183
1991-07-12,-19.6625,967.175,8.0,275.7253090707401
1991-07-13,-23.650000000000002,962.9875,32.0,180.53993029141168
1991-07-14,-22.25,984.3,28.0,175.0
1991-07-15,-21.1125,976.525,12.0,263.646495099017
1991-07-16,-23.45,975.6,,225.0
1991-07-17,-20.8875,976.9125,22.75,177.9926550205025
1991-07-18,-14.125,977.4875,26.5,175.0
1991-07-19,-13.375,980.3625,21.0,211.35977358443208
1991-07-20,-19.5125,982.5,27.5,225.05898122548868
1991-07-21,-26.175,985.225,16.0,184.0453687980239
1991-07-22,-25.975,985.15,10.666666666666666,238.09733247695215
1991-07-23,-25.5625,978.225,2.0,273.46943953360943
1991-07-24,-24.5625,984.6625,20.0,180.0
1991-07-25,-22.65,991.125,11.333333333333334,241.7249408300492
1991-07-26,-26.5,977.1375,10.0,205.4914018747986
1991-07-27,-24.6625,988.0,6.0,301.3599191093865
1991-07-28,-24.2125,992.7375,1.0,184.94237484214682
1991-07-29,-22.4875,998.0875,14.0,196.05324821679764
1991-07-30,-25.28333333333333,985.6375,6.333333333333333,255.2889828570325
1991-07-31,-18.240000000000002,977.675,,209.16507828514565
1991-08-01,-15.100000000000001,971.875,14.0,209.2068941701944
1991-08-02,-16.4,968.05,,180.55112817278223
1991-08-03,-20.1625,966.4,15.0,197.86383337641382
1991-08-04,-18.6875,966.475,18.0,210.68007965648755
1991-08-05,-19.0875,965.5125,18.75,200.80987425380113
1991-08-06,-19.375,962.0375,19.4,196.06860476105894
1991-08-07,-22.9375,965.8874999999999,4.0,241.91080530345158
1991-08-08,-24.025,969.375,8.0,239.94444357130754
1991-08-09,-20.5375,969.075,3.0,274.83232456725165
1991-08-10,-25.6125,968.175,4.0,200.39996388054155
1991-08-11,-29.1875,969.525,12.666666666666666,183.32956305530232
1991-08-12,-29.1125,981.1625,,188.46652072549577
1991-08-13,-28.475,985.3375,26.5,173.74701698623116
1991-08-14,-24.2125,990.0875,17.0,266.22797709193964
1991-08-15,-23.55,986.325,8.714285714285714,178.73016060634586
1991-08-16,-27.3375,980.7875,9.666666666666666,183.7374294132844
1991-08-17,-32.34285714285714,971.3714285714286,8.833333333333334,212.90309862488832
1991-08-18,-30.385714285714283,968.3142857142857,5.0,271.5228280037985
1991-08-19,-32.225,964.1375,1.0,187.72971691120046
1991-08-20,-26.1,968.95,32.0,255.37112735210312
1991-08-21,-18.033333333333335,976.15,,234.3501571337407
1991-08-22,-26.3625,973.65,7.0,214.7230760943582
1991-08-23,-25.683333333333334,966.8375,6.0,208.966958331896
1991-08-24,-25.3625,967.775,4.5,223.55196571023973
1991-08-25,-26.271428571428572,976.1875,5.5,198.88240623504666
1991-08-26,-21.3,973.975,3.25,279.6222321846161
1991-08-27,-23.071428571428573,966.45,2.0,230.61942447118608
1991-08-28,-26.333333333333332,965.8375,1.0,196.9752960495933
1991-08-29,-27.842857142857145,964.575,5.333333333333333,291.35860024801957
1991-08-30,-26.839999999999996,955.0125,10.0,167.1348372616616
1991-08-31,-27.266666666666666,951.2,10.0,248.58124474140394
1991-09-01,-23.9,956.5125,35.5,251.2505906874253
1991-09-02,-22.285714285714285,962.6,2.0,256.89479519634614
1991-09-03,-29.0375,968.3375,7.0,173.73265548947293
1991-09-04,-26.53333333333333,978.475,17.0,180.1873960198754
1991-09-05,-21.25,974.925,,212.64234017219022
1991-09-06,-21.5,971.1375,3.6666666666666665,302.87294403655244
1991-09-07,-26.25,976.8875,,198.44759688880114
1991-09-08,-24.116666666666664,972.1625,5.0,183.24509537312912
1991-09-09,-22.625,960.525,41.0,176.23865635326248
1991-09-10,-19.1125,957.4375,21.666666666666668,185.05762515785315
1991-09-11,-17.4375,954.6875,13.666666666666666,224.67829745981751
1991-09-12,-24.02857142857143,946.625,18.0,195.70129144121705
1991-09-13,-25.575,945.4,6.666666666666667,275.8954684398154
1991-09-14,-24.7875,947.525,4.0,249.56141893714243
1991-09-15,-21.475,958.7,,217.7321745781797
1991-09-16,-20.125,973.9125,20.5,237.0230593891919
1991-09-17,-14.075,966.375,35.5,250.0
1991-09-18,-10.12857142857143,964.4375,26.0,175.83357179212533
1991-09-19,-11.4875,967.1125,,254.97351274469491
1991-09-20,-13.383333333333333,956.4875,,204.03984844602618
1991-09-21,-19.325,979.2375,8.0,209.57228694412532
1991-09-22,-16.900000000000002,981.3625,15.5,237.15256372116926
1991-09-23,-17.212500000000002,982.8125,18.0,238.5444182135528
1991-09-24,-18.3375,985.6625,10.333333333333334,217.11191652182464
1991-09-25,-22.525,991.575,8.0,179.94857824023575
1991-09-26,-22.7625,982.6,4.333333333333333,295.7416217549603
1991-09-27,-13.328571428571427,964.8375,24.0,238.02245909870686
1991-09-28,-12.8,972.6125,14.5,170.0
1991-09-29,-12.4125,968.5625,,232.78869813668913
1991-09-30,-14.225,971.9875,8.5,191.55240311119883
1991-10-01,-16.825,968.7,5.5,218.97472658616758
1991-10-02,-19.0375,984.1625,15.0,227.8679336297573
1991-10-03,-19.7375,984.2375,10.0,277.7894752000868
1991-10-04,-22.1625,990.925,15.0,179.93842216546938
1991-10-05,-23.9,995.775,9.75,178.26123793132263
1991-10-06,-23.65,990.325,3.6666666666666665,281.2752806036975
1991-10-07,-20.075,991.4125,17.0,199.69877481635226
1991-10-08,-20.314285714285713,981.3,4.0,249.6541609818708
1991-10-09,-13.62,974.4875,6.0,207.38980741309885
1991-10-10,-15.6875,975.25,11.0,184.7599701550565
1991-10-11,-18.1625,969.1125,7.0,223.7547437132351
1991-10-12,-21.5625,959.1125,10.4,169.04927182329516
1991-10-13,-19.35,961.1625,6.666666666666667,172.6573328902585
1991-10-14,-17.2625,966.35,21.0,201.5149561576153
1991-10-15,-17.125,967.0,10.333333333333334,207.88619248168294
1991-10-16,-18.55,962.4125,39.333333333333336,170.0
1991-10-17,-14.225,952.6375,29.5,190.0
1991-10-18,-9.325,945.075,18.833333333333332,194.76867296544273
1991-10-19,-10.675,947.1,4.0,170.58744531435332
1991-10-20,-14.1625,955.075,1.0,214.0412797629315
1991-10-21,-14.4875,962.575,10.166666666666666,214.14205422640583
1991-10-22,-15.814285714285715,962.9142857142857,7.0,256.7772843266297
1991-10-23,-17.580000000000002,957.28,11.0,197.9926550205025
1991-10-24,-17.925,958.15,14.4,187.06535906146678
1991-10-25,-18.1375,958.7125,2.7142857142857144,172.3506410355467
1991-10-26,-17.8375,958.35,3.2,216.24365951381907
1991-10-27,-18.3875,956.65,2.6,190.32170254018249
1991-10-28,-18.5625,950.0375,3.8333333333333335,257.75151021184445
1991-10-29,-18.275,941.6,4.833333333333333,304.94432078343056
1991-10-30,-14.95,936.625,4.0,264.7400755037779
1991-10-31,-18.2125,947.6375,21.0,214.7389178814355
1991-11-01,-14.75,952.8875,8.0,212.78529991191093
1991-11-02,-11.12857142857143,953.175,7.0,199.08730925878913
1991-11-03,-14.2125,958.175,2.4,134.49922259915726
1991-11-04,-15.9625,959.9875,12.166666666666666,171.6727311015828
1991-11-05,-15.35,963.1375,,237.81355152935748
1991-11-06,-12.45,961.9375,5.0,243.10520480365386
1991-11-07,-6.7875000000000005,972.125,13.0,206.865521165429
1991-11-08,-5.1625,981.3125,19.0,226.01333876925085
1991-11-09,-5.4125,981.3625,5.0,243.8008435551901
1991-11-10,-8.0625,970.6375,7.0,242.0009232399895
1991-11-11,-9.65,968.9375,10.0,197.2236038220739
1991-11-12,-10.6,976.7,11.0,219.6962443554395
1991-11-13,-8.0875,975.95,16.0,224.52311622782406
1991-11-14,-9.925,973.5,24.0,180.0
1991-11-15,-8.425,974.875,18.333333333333332,188.74461549097725
1991-11-16,-8.55,973.75,11.714285714285714,194.0453687980239
1991-11-17,-7.5,964.625,7.4,293.94675178320233
1991-11-18,-8.275,958.2125,9.25,204.19480509959757
1991-11-19,-8.85,965.7875,19.0,165.95263592847738
1991-11-20,-7.9375,979.5625,20.5,178.0048807114913
1991-11-21,-6.6125,984.2375,12.0,216.54585887831655
1991-11-22,-7.7,976.25,,213.6157635544821
1991-11-23,-8.5,971.85,4.666666666666667,343.23522031797205
1991-11-24,-8.5875,971.7625,3.4,316.2060231130031
1991-11-25,-8.1375,970.3,4.75,238.22759834853485
1991-11-26,-7.1375,970.4625,3.7142857142857144,228.78399150012004
1991-11-27,-6.4125,975.225,4.4,334.38438306927736
1991-11-28,-6.375,976.8375,2.0,350.4367351767091
1991-11-29,-4.875,977.2625,7.25,176.77728432662968
1991-11-30,-5.45,980.725,10.5,172.99391242398022
1991-12-01,-5.275,985.8375,3.75,169.76811256978993
1991-12-02,-4.985714285714286,982.95,3.6666666666666665,124.53027601292533
1991-12-03,-5.2,980.15,11.0,168.90948931683656
1991-12-04,-3.6166666666666667,982.2,2.0,317.9620857784185
1991-12-05,-1.175,985.4,6.0,222.69817363161226
1991-12-06,-0.8625,983.0,9.5,174.21214971878902
1991-12-07,0.8625,977.4625,15.0,190.198595169387
1991-12-08,-1.5875,981.15,10.333333333333334,190.75011745252476
1991-12-09,-1.5125000000000002,976.0375,8.0,2.7297169112003923
1991-12-10,-0.725,971.7375,6.0,238.89154222647375
1991-12-11,1.1625,974.2125,2.75,230.97845527218996
1991-12-12,1.6,976.925,2.75,160.0
1991-12-13,-1.1875,978.375,4.666666666666667,143.6355133264657
1991-12-14,-0.9,979.9125,3.0,333.87907244373207
1991-12-15,-1.8,983.05,3.5,347.1711575371981
1991-12-16,-2.175,983.05,4.333333333333333,122.48976381676705
1991-12-17,-2.3875,984.45,4.0,50.00000000000002
1991-12-18,0.1875,983.325,5.0,224.74241259810037
1991-12-19,-3.5375,982.6625,,163.72810880488208
1991-12-20,-5.7875,981.425,14.0,162.8777423352116
1991-12-21,-3.5999999999999996,982.9,17.25,172.47608381006833
1991-12-22,-1.4375,983.6125,12.25,160.60054492134645
1991-12-23,-0.8375,986.825,21.666666666666668,173.74701698623116
1991-12-24,-0.47500000000000003,989.45,24.2,172.49523127846342
1991-12-25,-0.05,991.4125,12.5,182.0073449794975
1991-12-26,0.9125000000000001,984.7,15.0,172.0445497016862
1991-12-27,-0.425,981.6875,12.75,179.92267058862495
1991-12-28,-0.18750000000000003,987.475,10.0,183.96343408327826
1991-12-29,1.3625,985.1125,5.333333333333333,183.08222811383297
1991-12-30,0.8875000000000001,981.8125,10.0,177.51437930669928
1991-12-31,-0.13749999999999998,978.5375,11.0,167.5239161899317
1992-01-01,-0.38749999999999996,983.025,13.0,180.0
1992-01-02,0.775,985.6125,10.5,172.52421386212416
1992-01-03,-0.6375,985.2624999999999,11.666666666666666,172.47578613787587
1992-01-04,-1.3875,986.6,17.25,217.45371955710513
1992-01-05,-0.7875,986.3125,5.0,279.6271315979005
1992-01-06,0.5999999999999999,973.85,,238.77813542348272
1992-01-07,-0.18749999999999994,967.5875,5.0,323.6484453096598
1992-01-08,-3.2625,970.1375,12.0,178.02963394915952
1992-01-09,-3.1625,970.65,6.4,153.49690609093528
1992-01-10,-2.8000000000000003,969.7625,5.666666666666667,137.52883760115438
1992-01-11,-4.025,970.3875,12.5,172.08719861051
1992-01-12,-3.1375,968.125,5.333333333333333,198.2273699408503
1992-01-13,-3.3625,967.725,4.833333333333333,326.4419578501154
1992-01-14,-1.7875,972.775,17.5,293.5652321410438
1992-01-15,-0.23750000000000004,972.1625,22.0,237.13483726166157
1992-01-16,-1.9500000000000002,971.5,9.0,181.46335195758962
1992-01-17,-1.675,976.3375,4.0,247.6155155661342
1992-01-18,-0.9375,974.7625,13.0,168.87522647554937
1992-01-19,-1.7125,972.925,9.0,181.31966620525463
1992-01-20,-2.5,979.1625,6.0,161.94456326298481
1992-01-21,-1.9375,983.775,6.2,168.76256042547868
1992-01-22,-2.5125,982.3,3.3333333333333335,340.0
1992-01-23,-3.775,977.85,15.6,175.97793277528316
1992-01-24,-5.4125,974.825,19.0,180.0
1992-01-25,-4.1875,970.325,4.0,215.42796204174292
1992-01-26,-6.2,970.9375,17.333333333333332,181.63627258837698
1992-01-27,-5.225,975.0125,16.5,189.68819513072086
1992-01-28,-4.4875,973.3375,16.5,225.13960515405748
1992-01-29,-5.125,967.7125,12.0,250.31230314730612
1992-01-30,-8.15,971.35,23.75,177.9926550205025
1992-01-31,-6.975,978.475,7.0,207.74382934087706
1992-02-01,-7.512499999999999,979.8625,11.2,177.61040062658822
1992-02-02,-8.025,979.8875,7.5,224.053949287145
1992-02-03,-6.7375,979.5375,8.666666666666666,249.4910228491737
1992-02-04,-6.975,983.575,9.5,190.0
1992-02-05,-8.55,981.3625,11.8,190.06157783453062
1992-02-06,-8.2875,977.05,5.666666666666667,211.0700391646633
1992-02-07,-7.1375,966.9625,5.0,264.66644261224496
1992-02-08,-5.65,963.4625,13.0,265.7633739859224
1992-02-09,-3.9,965.925,4.0,184.71101714296748
1992-02-10,-4.775,968.7,,182.3344997473904
1992-02-11,-5.8,964.7,15.333333333333334,177.56340937491888
1992-02-12,-6.4875,976.1,28.0,163.32956305530234
1992-02-13,-6.8875,989.45,,168.33803899064074
1992-02-14,-8.05,989.75,8.0,193.71623913529012
1992-02-15,-11.325,984.0875,15.0,187.4952312784634
1992-02-16,-8.675,990.925,6.0,220.33538046286105
1992-02-17,-6.8625,998.9125,7.0,194.55873374145318
1992-02-18,-6.2875,985.925,,208.4966783346607
1992-02-19,-10.375,982.6,,185.0
1992-02-20,-9.025,981.875,9.666666666666666,198.73016060634586
1992-02-21,-7.8875,982.2125,6.0,285.4398599602914
1992-02-22,-9.325,986.1,15.666666666666666,176.33467526456977
1992-02-23,-9.425,990.7625,7.8,185.97793277528316
1992-02-24,-10.825,990.95,20.25,175.0
1992-02-25,-13.35,990.5125,16.285714285714285,180.0
1992-02-26,-15.2,987.6625,15.833333333333334,182.01972136501195
1992-02-27,-13.1625,991.4875,16.285714285714285,180.0
1992-02-28,-9.4875,990.8125,11.0,248.73126195807174
1992-02-29,-14.8375,987.4,13.333333333333334,193.3854041380992
1992-03-01,-17.7625,979.525,16.571428571428573,170.0
1992-03-02,-19.475,975.6875,20.5,178.55085862325373
1992-03-03,-17.7625,974.3,,207.53443745936855
1992-03-04,-13.387500000000001,969.1125,9.0,231.33213971020956
1992-03-05,-7.625,961.4,4.0,205.11799487257653
1992-03-06,-4.5625,957.4625,10.0,164.9808887524834
1992-03-07,-5.9375,965.9625,19.5,176.67043694469768
1992-03-08,-8.0875,969.6625,,175.0
1992-03-09,-11.675,965.9125,,178.77813542348275
1992-03-10,-15.275,969.75,26.0,183.99755606289725
1992-03-11,-13.7125,973.9625,22.333333333333332,177.9926550205025
1992-03-12,-12.15,969.05,20.25,183.99755606289725
1992-03-13,-11.7875,961.925,15.75,181.67043694469768
1992-03-14,-11.9125,964.775,15.5,187.98027863498805
1992-03-15,-11.4375,969.8125,16.0,195.09986332015635
1992-03-16,-11.8875,982.0875,28.75,166.248170783866
1992-03-17,-14.0375,985.9625,,173.76134364673752
1992-03-18,-17.4125,983.575,19.0,181.9951192885087
1992-03-19,-17.35,983.95,20.0,211.63513928552388
1992-03-20,-17.175,981.1375,28.0,
1992-03-21,-12.925,970.875,36.0,238.39190829950795
1992-03-22,-10.487499999999999,964.975,,220.4336515226798
1992-03-23,-11.6125,958.5125,4.0,254.85849820471725
1992-03-24,-11.8625,963.3625,,258.5760662549485
1992-03-25,-11.6375,973.1375,1.3333333333333333,153.02725051891133
1992-03-26,-13.5125,985.6,8.0,188.768659435473
1992-03-27,-17.7375,987.175,9.4,180.0
1992-03-28,-18.9875,985.4625,8.0,189.8465522213059
1992-03-29,-22.075,984.3875,12.833333333333334,183.32956305530232
1992-03-30,-23.6625,982.1375,13.5,210.95072817670484
1992-03-31,-25.8375,974.775,16.75,192.01972136501195
1992-04-01,-25.0125,979.0125,7.0,216.97218408404873
1992-04-02,-23.65,978.3125,6.333333333333333,309.8459537139533
1992-04-03,-20.3375,971.1125,4.0,309.7704700574492
1992-04-04,-20.0,968.8625,,172.5518108382401
1992-04-05,-21.025,974.15,,244.99999999999997
1992-04-06,-14.87142857142857,975.025,6.0,177.79839759340672
1992-04-07,-15.9375,979.35,,180.76756099579723
1992-04-08,-15.225,976.45,2.3333333333333335,152.90373312466116
1992-04-09,-17.325,972.0125,3.0,199.020883575237
1992-04-10,-17.975,968.2,,245.97271670490704
1992-04-11,-22.6375,955.225,,230.90842976722394
1992-04-12,-24.7125,961.0875,4.333333333333333,218.18286868440762
1992-04-13,-24.1,959.05,4.6,283.673676410347
1992-04-14,-24.2625,960.0125,4.5,208.00549601464968
1992-04-15,-23.025,971.1625,15.5,180.0
1992-04-16,-21.9625,973.975,11.5,255.7876892599623
1992-04-17,-26.6,962.025,10.5,186.0602400059048
1992-04-18,-27.2125,973.9375,16.0,166.78782215943752
1992-04-19,-24.8625,988.0,2.0,254.68349333303527
1992-04-20,-24.95,981.725,10.0,180.0382213753967
1992-04-21,-25.32857142857143,972.7625,5.0,317.96919121224914
1992-04-22,-27.900000000000002,959.5124999999999,15.0,173.93886356124955
1992-04-23,-27.2375,968.1125,1.5,256.1340525923834
1992-04-24,-21.5,974.95,5.0,322.86585002181164
1992-04-25,-25.883333333333336,969.425,16.0,179.82326683385807
1992-04-26,-26.2125,974.4625,3.6666666666666665,243.25311912991657
1992-04-27,-21.375,977.6,2.5,284.0461535760859
1992-04-28,-17.35,979.45,,251.22658427188307
1992-04-29,-15.55,978.3875,38.5,247.4856206933007
1992-04-30,-15.1125,981.9,1.0,157.41890185588915
1992-05-01,-20.4125,990.6,1.5,206.05675343381245
1992-05-02,-24.4625,980.0625,6.0,219.16938016739584
1992-05-03,-21.5875,966.4375,4.666666666666667,261.2600430702766
1992-05-04,-22.625,969.8625,5.666666666666667,166.29721968755908
1992-05-05,-22.35,983.1625,7.5,170.45675271974062
1992-05-06,-22.175,989.05,3.3333333333333335,293.81234721809204
1992-05-07,-19.357142857142858,990.4,,241.88629367499064
1992-05-08,-25.185714285714287,985.975,24.5,170.0
1992-05-09,-25.5875,977.775,2.0,215.66402847958423
1992-05-10,-25.55,961.55,2.3333333333333335,276.4515560821929
1992-05-11,-18.125,960.1999999999999,4.0,267.1079824022624
1992-05-12,-18.666666666666668,974.8125,2.0,193.44837052416204
1992-05-13,-21.975,973.8625,4.0,247.70071542539543
1992-05-14,-24.5125,970.9125,,184.01481697457976
1992-05-15,-23.025,980.125,3.3333333333333335,305.590156075511
1992-05-16,-27.4125,976.8125,12.5,177.13483726166163
1992-05-17,-25.7375,971.7625,3.3333333333333335,203.1642477465313
1992-05-18,-17.85,972.8625,5.0,283.1505916945998
1992-05-19,-13.7875,980.3875,2.5,237.78869813668916
1992-05-20,-16.3125,986.3625,,202.46844277464825
1992-05-21,-21.6875,984.0,5.75,283.6539446356892
1992-05-22,-23.65,970.1875,4.4,293.5751971230526
1992-05-23,-24.1125,975.2125,16.0,183.69787810565387
1992-05-24,-21.1125,988.4375,29.0,175.0
1992-05-25,-19.275,983.1875,2.25,306.554360475173
1992-05-26,-23.2125,985.35,19.0,187.05105425491746
1992-05-27,-24.2125,993.4375,,335.25164593248184
1992-05-28,-23.5,984.225,,177.49523127846342
1992-05-29,-21.7,977.675,12.0,184.27766267065402
1992-05-30,-20.3,964.6375,,256.7624973210008
1992-05-31,-15.4375,965.875,3.0,263.10998815739106
1992-06-01,-14.2,973.05,,194.41082959150697
1992-06-02,-20.55,973.2125,11.0,200.39863427441284
1992-06-03,-25.475,970.2375,,215.1590613639225
1992-06-04,-23.5875,978.2875,,315.13744217188827
1992-06-05,-24.95,982.0125,5.0,201.25788184937645
1992-06-06,-28.375,970.35,2.0,328.5898633265586
1992-06-07,-30.95,958.6999999999999,8.5,212.72884139151583
1992-06-08,-24.75,967.225,28.5,243.31605128749325
1992-06-09,-20.9125,972.5,18.0,238.79397688699686
1992-06-10,-23.975,974.5375,1.0,192.27028308879952
1992-06-11,-26.75,972.425,4.0,235.99192151943498
1992-06-12,-25.125,972.025,5.333333333333333,305.29798232111693
1992-06-13,-24.214285714285715,975.9625,5.0,204.76545291001347
1992-06-14,-24.942857142857143,972.95,,165.84807211187916
1992-06-15,-24.599999999999998,987.85,,61.53056046639053
1992-06-16,-27.78333333333333,978.9625,33.0,176.5679510833703
1992-06-17,-25.0125,992.7625,33.0,238.67081833125246
1992-06-18,-20.0375,989.625,,245.4949817510917
1992-06-19,-22.8875,994.5875,4.5,282.30939113414144
1992-06-20,-22.85,999.45,,203.29865382703804
1992-06-21,-26.671428571428574,992.125,3.0,207.37418218947022
1992-06-22,-25.625,980.4625,3.5,249.45408265371407
1992-06-23,-23.2625,988.525,2.0,249.00264555421126
1992-06-24,-23.8125,986.0,4.2,273.7131526832925
1992-06-25,-22.25714285714286,987.1,,219.06938414775075
1992-06-26,-25.1,993.7,23.0,186.25298301376884
1992-06-27,-21.5375,997.8625,26.0,180.05115735938375
1992-06-28,-14.9,992.125,32.0,178.56337855308252
1992-06-29,-12.975,986.2,28.0,183.34655814060278
1992-06-30,-11.385714285714286,983.375,13.0,226.43688226774015
1992-07-01,-20.16,995.75,16.0,186.19545949130125
1992-07-02,-20.175,994.0,17.0,243.52332187885224
1992-07-03,-21.0125,989.5,,243.8731025594151
1992-07-04,-18.125,992.875,26.0,234.68597204141818
1992-07-05,-14.0625,990.0875,33.0,245.63958751723925
1992-07-06,-12.549999999999999,986.8125,,234.6526260662348
1992-07-07,-23.2,987.525,,276.3068855656027
1992-07-08,-25.55,982.7,28.0,234.5844461743871
1992-07-09,-25.425,979.2,27.0,246.00244393710273
1992-07-10,-19.56,978.625,,206.34428545611556
1992-07-11,-13.8875,980.8125,,242.85360804183313
1992-07-12,-19.057142857142857,981.8,,226.2268301539286
1992-07-13,-21.7,976.6,,180.3080943681016
1992-07-14,-24.44,958.3375,4.666666666666667,173.87520882336315
1992-07-15,-26.071428571428573,949.3125,,298.0567510312869
1992-07-16,-24.7,959.175,,177.5730129419284
1992-07-17,-18.6,958.1125,23.5,180.0615778345306
1992-07-18,-16.1125,956.825,18.5,227.16958815322064
1992-07-19,-19.9875,955.825,,185.43365152267978
1992-07-20,-20.575,957.3,,223.57275544550222
1992-07-21,-19.0625,957.7125,2.0,176.64640735398945
1992-07-22,-19.483333333333334,952.7875,,182.80178197130428
1992-07-23,-23.9625,951.8875,,199.3060625729628
1992-07-24,-23.825,956.0375,3.2,204.78987125547758
1992-07-25,-23.6625,962.35,3.5,173.26123793132263
1992-07-26,-28.6625,958.9875,,177.51437930669928
1992-07-27,-24.5375,948.4125,,178.72521781198395
1992-07-28,-19.375,949.4125,,245.89188862073684
1992-07-29,-19.0375,966.925,,215.8864313913769
1992-07-30,-20.716666666666665,977.6375,5.5,190.85688115870408
1992-07-31,-29.1125,972.3375,16.666666666666668,205.93802906795494
1992-08-01,-30.8375,961.6625,16.0,201.1068871746415
1992-08-02,-30.025,971.3000000000001,5.0,234.75444671241738
1992-08-03,-24.5875,975.675,3.0,223.6008762325893
1992-08-04,-23.1625,979.3249999999999,,173.99755606289725
1992-08-05,-20.4125,984.6875,24.5,183.27779450460423
1992-08-06,-19.7625,981.9625,,236.80742458215346
1992-08-07,-24.1,983.95,1.0,223.42909944271298
1992-08-08,-18.3,977.975,3.0,208.07031974664937
1992-08-09,-17.98,980.35,,193.28584449250738
1992-08-10,-15.575,977.4,6.0,288.1450331376394
1992-08-11,-11.1,965.1875,51.0,249.59228642691608
1992-08-12,-19.666666666666668,955.85,7.0,193.77667363820478
1992-08-13,-23.424999999999997,960.475,19.0,216.68094090093
1992-08-14,-25.85,970.925,,246.07118523084836
1992-08-15,-16.47142857142857,970.475,,254.1393868339737
1992-08-16,-15.9,969.1625,,256.97917967323247
1992-08-17,-16.333333333333332,971.9125,,232.03299003830864
1992-08-18,-23.9625,969.65,,171.88741666005762
1992-08-19,-24.5,971.075,,190.49426480554473
1992-08-20,-27.5875,974.125,5.0,153.24352960086134
1992-08-21,-29.45,975.5875,4.5,183.21358766238959
1992-08-22,-32.4125,979.1374999999999,4.333333333333333,196.05186880294852
1992-08-23,-32.7625,980.8375,2.75,194.3628917921148
1992-08-24,-31.65,979.4625,2.0,186.59424069130264
1992-08-25,-32.5,970.2125,,274.08526700270306
1992-08-26,-27.62857142857143,968.6125,11.0,176.01477477206282
1992-08-27,-31.375,972.95,,190.98763944970108
1992-08-28,-30.9375,969.1125,1.0,200.55984180817322
1992-08-29,-35.0125,958.975,24.0,250.5645762658461
1992-08-30,-35.575,957.0875,3.3333333333333335,338.89071596224545
1992-08-31,-35.92857142857143,957.4875,14.25,178.74940931257473
1992-09-01,-35.2875,953.7375,5.0,195.20768095310902
1992-09-02,-38.075,956.3625,18.0,201.8622187215942
1992-09-03,-30.900000000000002,957.5625,,271.08150828552846
1992-09-04,-27.400000000000002,964.6625,,210.84438950253323
1992-09-05,-26.271428571428572,976.325,,220.9147329972969
1992-09-06,-29.442857142857143,981.925,1.6666666666666667,290.5899595959597
1992-09-07,-16.133333333333333,983.45,,286.6747741230521
1992-09-08,-13.225,986.6,,242.68845190267928
1992-09-09,-11.7625,981.9,32.25,244.99999999999997
1992-09-10,-11.4875,974.4375,35.0,259.9769025553329
1992-09-11,-14.15,956.85,36.0,205.0
1992-09-12,-25.46666666666667,954.225,45.0,196.58953254797868
1992-09-13,-34.4125,956.025,,206.3478890884525
1992-09-14,-34.0875,941.8375,,236.33467526456974
1992-09-15,-30.457142857142856,946.0625,,255.23640970141025
1992-09-16,-28.583333333333332,954.05,4.0,189.62533733579144
1992-09-17,-24.275,952.775,,250.86780964690942
1992-09-18,-23.8,953.1875,5.0,212.09120669853132
1992-09-19,-25.2,961.3375,4.5,119.61848035784146
1992-09-20,-28.7125,972.0625,4.0,173.22271567337035
1992-09-21,-25.3125,980.3125,,192.18755406879825
1992-09-22,-26.842857142857145,971.7375,,236.21544309168104
1992-09-23,-22.75,957.725,22.0,237.48562069330072
1992-09-24,-15.412500000000001,950.8,6.5,188.56644449185407
1992-09-25,-12.8875,952.35,13.0,198.09154430437044
1992-09-26,-15.15,952.7125,,229.80911795466344
1992-09-27,-19.014285714285712,954.4625,9.5,197.659708871427
1992-09-28,-19.6625,960.5875,,173.63903928354574
1992-09-29,-23.9,958.125,2.5,176.56025341712828
1992-09-30,-28.9875,962.6625,20.0,206.45691940786554
1992-10-01,-27.2375,971.9375,2.0,206.75015492348155
1992-10-02,-27.5875,976.0625,,173.82837906877438
1992-10-03,-24.457142857142856,973.4,5.0,186.05909694549956
1992-10-04,-26.925,966.3375,9.0,199.49975537441784
1992-10-05,-22.55,963.8,2.5,212.60384047655452
1992-10-06,-17.0375,946.7,4.0,279.42052621640147
1992-10-07,-16.4125,934.0375,,307.91164558097637
1992-10-08,-20.925,954.4,,176.37697950917044
1992-10-09,-20.1,952.0125,9.0,268.17613135705324
1992-10-10,-24.225,958.6875,10.0,170.0
1992-10-11,-21.5375,969.375,1.0,225.2396748986914
1992-10-12,-13.925,967.8375,5.0,271.6635595747802
1992-10-13,-9.616666666666665,966.1625,,233.62219129562533
1992-10-14,-8.125,967.5,,187.61155363671352
1992-10-15,-10.8875,973.1625,,192.47608381006833
1992-10-16,-14.1625,967.9625,16.5,190.0
1992-10-17,-17.3125,963.3125,5.5,172.16456586768138
1992-10-18,-16.725,964.8875,,211.01091814619318
1992-10-19,-16.9125,974.025,18.0,186.51434165181357
1992-10-20,-14.7625,975.95,2.6666666666666665,235.51213828631694
1992-10-21,-14.042857142857143,969.9125,3.0,212.9667809221218
1992-10-22,-14.65,965.8375,,273.3201323255905
1992-10-23,-14.783333333333333,965.025,17.0,214.04451286980876
1992-10-24,-17.0,974.8375,19.0,165.82425379558072
1992-10-25,-18.6875,975.65,4.666666666666667,331.62695353743845
1992-10-26,-19.1125,975.5875,13.25,183.80454050869875
1992-10-27,-18.375,978.35,15.0,176.52265906043868
1992-10-28,-19.775,971.85,5.0,247.87872000056728
1992-10-29,-17.375,965.525,3.5,285.4104137828004
1992-10-30,-18.5625,969.5375,20.0,179.40350450294298
1992-10-31,-15.700000000000001,976.1875,6.333333333333333,320.0
1992-11-01,-10.9375,975.5125,6.5,294.0302199781322
1992-11-02,-12.8375,969.4625,5.75,201.30740144036238
1992-11-03,-16.1125,974.425,19.25,175.0
1992-11-04,-18.2625,976.975,22.5,173.99755606289725
1992-11-05,-16.85,974.25,,170.0
1992-11-06,-17.85,971.8,,175.0255140871259
1992-11-07,-12.875,964.725,20.333333333333332,178.74940931257473
1992-11-08,-9.4375,958.1625,8.0,227.3779739595514
1992-11-09,-7.0875,956.4625,3.0,242.74808138448552
1992-11-10,-7.225,954.3125,,247.6432510884689
1992-11-11,-9.8375,949.1875,,186.0365659167217
1992-11-12,-10.775,948.1,5.0,184.48458181622172
1992-11-13,-9.8875,955.35,3.0,236.79945238864406
1992-11-14,-7.575,956.4625,4.0,331.25011723441725
1992-11-15,-9.125,954.125,23.0,177.48562069330072
1992-11-16,-11.175,958.7625,26.5,173.751829216134
1992-11-17,-11.7875,968.825,33.0,176.2625705867156
1992-11-18,-9.95,969.9875,2.2,185.37026852105916
1992-11-19,-11.425,961.95,7.666666666666667,141.5658949243035
1992-11-20,-11.4375,966.1375,14.5,181.16398013505074
1992-11-21,-9.525,959.225,2.75,337.5495331762492
1992-11-22,-6.6000000000000005,959.2125,12.0,274.18829030376384
1992-11-23,-1.7,973.25,,242.14669253962114
1992-11-24,-4.571428571428571,972.8571428571429,14.0,172.84640269282878
1992-11-25,-6.6499999999999995,959.3666666666667,5.0,170.59993386289034
1992-11-26,-5.2,962.9,,171.99752524903263
1992-11-27,-4.566666666666666,969.4333333333334,6.0,252.0125133058794
1992-11-28,-5.266666666666667,978.3166666666666,9.666666666666666,191.47857050446362
1992-11-29,-6.375,978.3875,11.0,176.25298301376884
1992-11-30,-5.575,973.65,8.2,164.9021878216756
1992-12-01,-6.9,974.25,15.5,186.67043694469768
1992-12-02,-5.5625,973.9125,2.0,187.96599301905061
1992-12-03,-5.328571428571428,970.5714285714286,5.0,269.81140781977945
1992-12-04,-5.242857142857143,971.1285714285714,4.8,164.34773142858205
1992-12-05,-6.12,967.9200000000001,8.0,306.65263460982806
1992-12-06,-5.233333333333333,962.22,2.25,140.4199192147778
1992-12-07,-5.3,961.5666666666666,2.8333333333333335,7.311612497678453
1992-12-08,-3.185714285714286,963.6142857142858,6.5,310.32170254018246
1992-12-09,-1.3125,963.2375,8.666666666666666,187.44612281687057
1992-12-10,-0.9833333333333334,963.825,,175.22996765918813
1992-12-11,-2.3625,967.8875,13.25,177.48562069330072
1992-12-12,-4.5,970.0625,8.666666666666666,176.3675420440462
1992-12-13,-3.875,968.5,3.75,341.37192036249434
1992-12-14,-4.0625,968.3375,5.5,342.70197291516376
1992-12-15,-3.983333333333333,965.4166666666666,4.333333333333333,355.9033426015148
1992-12-16,-3.5666666666666664,967.22,2.0,120.90574141925752
1992-12-17,-2.857142857142857,972.125,4.6,159.63576527004443
1992-12-18,-3.3,976.55,6.333333333333333,129.15029459024126
1992-12-19,-3.857142857142857,979.8625,2.5,317.2948326956358
1992-12-20,-3.2142857142857144,976.8375,2.857142857142857,95.67732443294258
1992-12-21,-4.725,971.35,5.571428571428571,325.23132703455724
1992-12-22,-3.9375,973.3,5.666666666666667,236.93456066280976
1992-12-23,-6.6875,980.6875,18.0,168.74461549097725
1992-12-24,-7.725,981.55,14.666666666666666,170.0
1992-12-25,-4.975,970.7125,3.3333333333333335,261.82631804324063
1992-12-26,-2.75,963.0,14.0,298.08248883403496
1992-12-27,-0.95,966.7125,6.0,301.27574931650173
1992-12-28,-0.36249999999999993,962.5125,,218.3976130973763
1992-12-29,-0.4125,969.025,8.0,289.54056617759903
1992-12-30,-1.7,975.5875,9.142857142857142,186.25298301376884
1992-12-31,-1.625,978.625,4.75,177.48562069330072
1993-01-01,-3.075,978.225,7.428571428571429,145.81768429379125
1993-01-02,-2.9714285714285715,979.6375,3.375,138.16488012700955
1993-01-03,-2.7875,983.9,4.25,242.00000000000006
1993-01-04,-1.725,980.4625,10.0,274.72694784735
1993-01-05,-0.1125,971.3,,233.01128715520923
1993-01-06,-2.3375,974.2375,2.5,152.25411422328781
1993-01-07,-2.6875,977.175,6.0,320.7226935351444
1993-01-08,-2.075,980.05,5.0,167.15585146381218
1993-01-09,1.0125,976.8125,6.75,208.7930706311101
1993-01-10,1.625,965.575,3.6666666666666665,282.8232867011895
1993-01-11,-1.175,977.3625,,159.67023077051147
1993-01-12,-0.75,987.725,4.333333333333333,142.70226512288886
1993-01-13,-3.325,978.8,4.666666666666667,156.29223677205016
1993-01-14,-2.4625,984.925,,157.40118558355582
1993-01-15,-1.725,989.6125,5.5,286.8595015603969
1993-01-16,-0.8,983.75,3.0,250.81589128497882
1993-01-17,-0.9833333333333334,988.25,4.0,142.16097362868598
1993-01-18,-2.775,996.225,9.5,175.83511987299045
1993-01-19,-2.3375,993.8625,3.0,185.6106400911069
1993-01-20,-2.5625,993.0125,8.0,315.12704889669936
1993-01-21,-4.175,995.2375,12.0,174.51437930669928
1993-01-22,-4.775,990.7875,4.666666666666667,160.8028307567984
1993-01-23,-5.0625,989.3,8.166666666666666,169.53352564687574
1993-01-24,-5.4,987.3625,3.0,265.3295630553023
1993-01-25,-5.425,981.8125,7.5,338.6663071948201
1993-01-26,-4.5875,983.5,14.0,160.66626551799044
1993-01-27,-5.6125,984.6625,16.5,183.65344185939722
1993-01-28,-6.4375,977.2,18.333333333333332,221.82314658151708
1993-01-29,-5.025,972.3625,6.0,277.498346628149
1993-01-30,-4.1625,976.4625,9.0,269.50193349247775
1993-01-31,-4.375,987.0375,14.5,173.23865635326246
1993-02-01,-4.5125,988.9125,11.0,172.9212903337612
1993-02-02,-4.1,986.025,3.4,299.1593260062158
1993-02-03,-3.8285714285714287,979.7375,4.4,160.22655093659455
1993-02-04,-7.0125,979.05,15.714285714285714,178.22658427188307
1993-02-05,-8.475,977.5125,11.142857142857142,179.04454970168618
1993-02-06,-7.9625,976.1375,,163.97274948108867
1993-02-07,-9.3625,972.075,10.5,178.30343259777814
1993-02-08,-8.35,966.275,21.5,180.7276940089356
1993-02-09,-7.075,965.2,13.5,172.0767330165697
1993-02-10,-5.3375,966.7375,11.833333333333334,188.13390828541793
1993-02-11,-5.7375,971.6375,8.0,211.66719954820627
1993-02-12,-7.8125,970.475,9.0,196.76316648277034
1993-02-13,-8.6875,970.8625,13.333333333333334,174.63074021243006
1993-02-14,-9.375,966.5125,18.0,179.49523127846342
1993-02-15,-9.7125,961.425,11.0,237.96565876073976
1993-02-16,-9.3,957.6375,10.0,175.80730445011807
1993-02-17,-10.125,961.075,15.333333333333334,192.81282391288983
1993-02-18,-8.625,959.075,5.75,235.5837448363136
1993-02-19,-8.9875,958.9875,2.0,210.10520480365383
1993-02-20,-9.8625,954.9625,18.0,180.7378930689379
1993-02-21,-9.5375,947.45,4.0,244.85222831891122
1993-02-22,-10.425,941.9875,,233.24817078386596
1993-02-23,-11.3375,959.6625,,244.48562069330072
1993-02-24,-8.8125,971.4125,,238.9951192885087
1993-02-25,-8.1125,965.8625,,217.8221350586255
1993-02-26,-11.071428571428571,955.5375,24.0,234.36925978756994
1993-02-27,-5.4625,957.2375,,253.02695695462307
1993-02-28,-5.175,962.4,,221.356594919635
1993-03-01,-6.7,972.8,26.0,244.51437930669925
1993-03-02,-3.3125,975.4375,,282.39925530974455
1993-03-03,-5.375,967.1125,13.0,177.6354677916425
1993-03-04,-7.425,961.9375,15.0,186.64104857188292
1993-03-05,-9.8,959.9375,14.0,205.40591785418792
1993-03-06,-10.3625,961.4875,18.0,179.5047687215366
1993-03-07,-12.4625,966.2625,19.0,172.716067169662
1993-03-08,-14.65,971.95,,183.67043694469766
1993-03-09,-15.212499999999999,976.0,11.2,186.8411081956095
1993-03-10,-17.725,971.2125,19.75,168.25538450902275
1993-03-11,-20.0125,970.75,13.0,190.67207952297582
1993-03-12,-20.3625,963.7125,8.0,210.93975999409523
1993-03-13,-19.9375,960.775,9.666666666666666,254.8615995762824
1993-03-14,-19.1125,968.6625,13.8,191.5523127222012
1993-03-15,-18.7125,972.9125,6.0,189.89620328510858
1993-03-16,-19.3875,973.6625,7.6,180.98522522793718
1993-03-17,-19.5125,975.025,6.0,218.3972186069531
1993-03-18,-17.1125,966.025,3.0,244.2186007262966
1993-03-19,-12.425,959.275,,212.23683351722963
1993-03-20,-10.9125,967.0375,7.0,232.02078325444975
1993-03-21,-12.0625,974.225,13.333333333333334,214.25574554453746
1993-03-22,-11.075,973.4,,239.0038729692294
1993-03-23,-17.071428571428573,967.4625,27.0,238.25059068742527
1993-03-24,-16.425,978.975,,234.97416309573822
1993-03-25,-17.5125,983.1125,9.0,250.66854616456976
1993-03-26,-18.6875,986.5875,14.0,239.18274480017502
1993-03-27,-20.575,987.925,6.333333333333333,313.2621069310621
1993-03-28,-22.075,989.075,,188.18734292913376
1993-03-29,-25.2,989.2,10.333333333333334,234.7665258290354
1993-03-30,-20.9375,987.525,5.0,208.86391125876258
1993-03-31,-17.2125,986.4125,6.0,297.0
1993-04-01,-14.875,972.375,2.0,302.66890575592305
1993-04-02,-11.8,966.3,10.0,175.35359264601055
1993-04-03,-10.675,967.65,,197.20204334697758
1993-04-04,-13.6125,959.9428571428572,52.5,244.42475278913156
1993-04-05,-17.9875,962.6875,,216.12923904350328
1993-04-06,-17.975,958.4125,,264.9496034339305
1993-04-07,-16.8625,965.25,,186.65510936079542
1993-04-08,-17.4,976.8875,,230.45835992424855
1993-04-09,-20.4875,976.675,1.5,206.90102330122957
1993-04-10,-21.142857142857142,969.9375,,241.5182264833931
1993-04-11,-21.9625,970.2125,5.5,180.8465330677761
1993-04-12,-22.125,980.6125,11.333333333333334,221.12244209795256
1993-04-13,-20.725,982.3625,,256.0279390511258
1993-04-14,-16.925,979.725,,219.40458531140257
1993-04-15,-17.25,968.575,,233.50599192312524
1993-04-16,-15.585714285714287,945.125,,229.38560892930326
1993-04-17,-12.675,957.65,5.0,180.19634663801858
1993-04-18,-18.1375,970.625,13.5,181.9808887524834
1993-04-19,-20.6125,973.85,20.0,181.27766267065405
1993-04-20,-22.3625,971.6625,12.5,173.67043694469766
1993-04-21,-23.375,967.9625,3.0,328.972420965993
1993-04-22,-24.7375,965.625,,191.33528610253458
1993-04-23,-26.9875,968.025,16.0,194.6042299124725
1993-04-24,-26.4875,971.3875,,243.77728432662965
1993-04-25,-24.625,971.05,2.0,195.90051578451732
1993-04-26,-22.375,968.1,1.6666666666666667,241.22457513456266
1993-04-27,-23.2125,966.3,,244.4548179176091
1993-04-28,-20.5125,975.375,25.0,223.1519122496625
1993-04-29,-23.425,977.0124999999999,,193.57891494619244
1993-04-30,-27.0875,968.775,6.25,198.0127796814804
1993-05-01,-26.1625,961.9875,,275.6556177002983
1993-05-02,-21.3625,969.225,,188.6874608679615
1993-05-03,-22.1,974.5,3.3333333333333335,225.623254772009
1993-05-04,-24.942857142857143,975.5625,4.0,179.77526823584355
1993-05-05,-26.0875,972.6375,3.75,114.25392106734846
1993-05-06,-26.175,975.2375,18.0,177.0
1993-05-07,-28.1625,976.0125,,208.2072617818166
1993-05-08,-30.928571428571427,975.8375,3.5,208.05664598078582
1993-05-09,-29.2,976.1750000000001,2.8,299.68561076380433
1993-05-10,-30.65,976.6,17.0,176.24490899058182
1993-05-11,-31.1875,974.3875,3.5,322.5330370528467
1993-05-12,-32.4375,974.7125,1.5,150.370462834839
1993-05-13,-26.7875,986.8625,6.5,280.5148391128057
1993-05-14,-22.925,978.625,7.666666666666667,323.176573309221
1993-05-15,-24.6,970.3375,11.0,177.0
1993-05-16,-22.0125,969.7,,272.47923922629093
1993-05-17,-19.285714285714285,968.0125,5.0,272.88380964791054
1993-05-18,-23.03333333333333,965.1625,2.6,186.62886608020406
1993-05-19,-27.6,967.125,2.2,226.27383511708842
1993-05-20,-24.35,961.9875,18.0,175.74461549097725
1993-05-21,-20.95,960.7125,5.5,188.46207968536362
1993-05-22,-19.47142857142857,962.5,,208.35453953114268
1993-05-23,-17.985714285714288,949.85,40.0,238.16854532454926
1993-05-24,-24.24285714285714,951.6125,,245.44489898150283
1993-05-25,-21.375,957.0125,,225.79358564241718
1993-05-26,-23.8375,965.95,,249.70502334221595
1993-05-27,-27.625,972.975,19.0,180.32956305530232
1993-05-28,-26.725,978.85,1.0,195.2732881751803
1993-05-29,-29.4375,973.25,15.0,182.0767330165697
1993-05-30,-27.675,975.4875,8.0,232.90829110944063
1993-05-31,-26.82857142857143,976.9375,20.0,189.5200578271053
1993-06-01,-28.016666666666666,967.3875,,208.5250855343944
1993-06-02,-9.175,943.825,,184.2087612003628
1993-06-03,-16.82857142857143,969.2375,,150.79525171222758
1993-06-04,-16.175,971.225,21.0,167.03881326678882
1993-06-05,-15.9625,963.1375,19.75,186.6526705081907
1993-06-06,-13.05,962.7125,,150.76134364673754
1993-06-07,-12.3875,974.9250000000001,16.0,177.11568442019436
1993-06-08,-15.5375,988.8874999999999,18.0,178.99511928850873
1993-06-09,-17.9,991.675,,293.3054341906081
1993-06-10,-25.0,983.6875,24.0,187.02742627057185
1993-06-11,-25.725,980.775,,176.96118673321118
1993-06-12,-22.414285714285715,970.2625,,265.70951380183607
1993-06-13,-23.54,962.7625,5.0,196.04190707324204
1993-06-14,-17.6125,954.775,24.0,170.7471707951844
1993-06-15,-19.7875,957.4875,13.0,199.23909688172975
1993-06-16,-21.475,957.6625,9.0,237.0
1993-06-17,-17.625,948.0125,,240.85108427969368
1993-06-18,-21.2875,941.1,18.0,248.197338245377
1993-06-19,-23.2375,946.625,2.0,282.1989780776227
1993-06-20,-23.65,960.525,3.25,142.54413912165126
1993-06-21,-27.7375,967.3875,8.333333333333334,177.0
1993-06-22,-23.82857142857143,970.9,15.5,178.2505906874253
1993-06-23,-24.325,965.5125,,211.63704621887098
1993-06-24,-27.85,955.4,14.5,177.26380756506873
1993-06-25,-28.675,963.5625,4.0,205.80603256660524
1993-06-26,-31.525,960.95,2.75,134.07445698326296
1993-06-27,-32.8,961.55,1.6,185.74732693825993
1993-06-28,-27.25,966.15,14.5,187.88693823260363
1993-06-29,-24.5875,950.5625,,261.45586087834874
1993-06-30,-22.25,950.2,38.0,242.71606716966204
1993-07-01,-20.4875,950.1,,243.248170783866
1993-07-02,-15.975,946.9375,38.0,233.53466911866687
1993-07-03,-19.625,969.025,,196.1418035100505
1993-07-04,-19.342857142857145,959.4,,244.0708034237078
1993-07-05,-18.0,968.3,16.0,187.0
1993-07-06,-22.3875,962.7375,,246.8987312570304
1993-07-07,-27.787499999999998,956.8125,2.6666666666666665,158.41277825263552
1993-07-08,-27.6125,965.3,3.6,297.682789776461
1993-07-09,-25.4125,979.3,,240.7226935351444
1993-07-10,-21.8625,983.2375,2.3333333333333335,275.6925985596376
1993-07-11,-17.287499999999998,983.2875,1.0,305.0687403724168
1993-07-12,-22.9875,973.675,2.5,162.34870989924298
1993-07-13,-23.9375,958.3875,11.0,160.57185051542584
1993-07-14,-22.5625,946.9625,18.0,191.01481697457976
1993-07-15,-23.55,944.525,49.5,239.09374869136786
1993-07-16,-22.0375,948.4875,6.5,198.46570268531585
1993-07-17,-22.45,943.9625,10.5,212.57887561956974
1993-07-18,-21.2,941.9375,14.666666666666666,199.39991687126235
1993-07-19,-18.7875,928.6125,21.0,217.61642673641398
1993-07-20,-20.15,939.8,,219.24692267557683
1993-07-21,-24.5625,950.2125,10.0,199.7456351548629
1993-07-22,-24.025,956.7875,,174.4952312784634
1993-07-23,-23.2875,951.6875,20.0,215.64316203932557
1993-07-24,-23.5,938.2875,,258.69435468644804
1993-07-25,-22.875,956.9875,18.0,179.65970887142703
1993-07-26,-24.1875,976.15,17.0,236.0657606598453
1993-07-27,-21.175,981.1,,239.4952312784634
1993-07-28,-16.425,986.0625,5.0,257.62522466917903
1993-07-29,-20.85,976.925,7.0,183.74910088352533
1993-07-30,-23.0,966.375,4.0,187.05142175976425
1993-07-31,-23.875,967.5375,,233.39319474048153
1993-08-01,-21.839999999999996,969.35,,248.86736892577426
1993-08-02,-24.542857142857144,959.3625,,225.38781126165358
1993-08-03,-26.5,958.225,6.0,240.15079486011155
1993-08-04,-23.6,968.0625,1.5,236.8138218333111
1993-08-05,-28.65,969.025,1.0,142.06234804273709
1993-08-06,-32.8375,967.35,22.0,177.0
1993-08-07,-31.95,969.9375,11.0,187.8346832362651
1993-08-08,-33.25,973.3,10.0,266.19864912647733
1993-08-09,-33.05,984.0625,2.25,290.3659258763903
1993-08-10,-30.9,981.675,4.8,170.32956305530232
1993-08-11,-26.0,972.6375,,174.52391618993167
1993-08-12,-25.266666666666666,970.075,3.0,298.62953716516097
1993-08-13,-27.75,974.7625,18.5,248.15845002435952
1993-08-14,-32.0625,970.0625,9.0,169.8464026928288
1993-08-15,-32.1625,965.75,,167.4172159424031
1993-08-16,-34.65,974.5625,18.0,187.87394172511483
1993-08-17,-34.65,979.7125,15.0,173.3192095012116
1993-08-18,-33.4875,971.7125,,173.33467526456974
1993-08-19,-34.0875,954.925,6.0,232.74027677913386
1993-08-20,-34.614285714285714,940.325,5.0,191.83353903232012
1993-08-21,-30.650000000000002,954.3625,8.0,251.14971408445354
1993-08-22,-28.2,947.6625,,219.45371955710513
1993-08-23,-30.8375,960.7,,290.03939125769176
1993-08-24,-31.25714285714286,961.275,8.0,168.26983939365414
1993-08-25,-28.125,966.3625,,181.79966155721698
1993-08-26,-25.32857142857143,959.05,,282.26072107273643
1993-08-27,-24.5375,951.8375,,205.48504384238467
1993-08-28,-28.8,953.85,,230.70505094775567
1993-08-29,-24.9,962.05,,242.0
1993-08-30,-12.239999999999998,959.075,,254.09003232077262
1993-08-31,-13.1875,970.425,,180.95528816216768
1993-09-01,-13.325,963.45,,194.1507553212941
1993-09-02,-15.2375,960.975,20.0,180.98522522793718
1993-09-03,-22.8625,959.4125,18.0,188.80872979244876
1993-09-04,-25.8,959.0375,,245.6426348881481
1993-09-05,-25.7875,964.2625,,165.1145484536961
1993-09-06,-28.075,952.85,12.0,222.19794149474973
1993-09-07,-21.45,943.3375,,241.83020894613753
1993-09-08,-17.225,957.625,13.0,189.32825790370677
1993-09-09,-18.1125,961.95,15.0,220.60699137042081
1993-09-10,-17.2875,957.0875,3.5,180.3014857877748
1993-09-11,-20.0,955.8875,27.0,182.9033426015148
1993-09-12,-21.4125,962.9125,3.25,170.18678543201352
1993-09-13,-17.6125,966.4625,5.0,211.06197093204503
1993-09-14,-19.1375,975.1875,,217.98518302542024
1993-09-15,-20.712500000000002,986.9375,2.3333333333333335,177.40399303931176
1993-09-16,-23.2875,989.875,10.5,178.15985924620563
1993-09-17,-26.3625,986.8,13.5,176.94884264061628
1993-09-18,-30.2875,980.0375,2.5,250.82625567371198
1993-09-19,-31.775,964.9,13.5,194.6038404765545
1993-09-20,-31.3625,964.55,,168.16488012700955
1993-09-21,-31.9875,964.65,13.0,173.2625705867156
1993-09-22,-30.675,964.925,,227.66107377876426
1993-09-23,-27.85,953.725,,225.71343316498124
1993-09-24,-19.580000000000002,949.675,,228.70495327058325
1993-09-25,-26.414285714285715,954.1125,5.5,246.11619035208943
1993-09-26,-20.475,963.4125,7.0,241.49343979968285
1993-09-27,-24.2875,966.7375,2.0,189.612799556473
1993-09-28,-25.52857142857143,958.45,,185.3621037732885
1993-09-29,-20.225,964.5875,,207.0
1993-09-30,-22.0875,970.5,,169.60384047655452
1993-10-01,-25.928571428571427,968.875,2.0,201.99566345305047
1993-10-02,-26.05,966.9,3.6666666666666665,234.87072864945316
1993-10-03,-25.2,962.075,,240.53739241349376
1993-10-04,-25.0375,962.0,12.5,175.77341572811693
1993-10-05,-29.65,966.575,2.6666666666666665,190.49071799957358
1993-10-06,-29.542857142857144,965.075,8.0,205.0081735470421
1993-10-07,-27.3625,969.8125,7.6,196.54691484473958
1993-10-08,-27.4,971.65,6.666666666666667,185.10520480365386
1993-10-09,-27.683333333333334,968.2875,4.0,209.0888302492609
1993-10-10,-28.05,981.9875,1.0,174.48562069330072
1993-10-11,-29.35,982.625,1.6666666666666667,146.20425294905334
1993-10-12,-27.475,977.3000000000001,7.5,183.04156553888222
1993-10-13,-27.2875,972.425,,165.77813542348272
1993-10-14,-26.9,963.6875,18.666666666666668,180.73742941328436
1993-10-15,-21.1,960.0125,29.0,181.99999999999997
1993-10-16,-13.45,959.875,30.0,175.74461549097725
1993-10-17,-10.1875,955.8625000000001,24.0,238.15317344138583
1993-10-18,-12.65,953.2375,,199.79801115138056
1993-10-19,-14.65,959.725,4.0,268.5412809300034
1993-10-20,-17.3125,963.5875,2.25,171.34999667427115
1993-10-21,-21.8125,957.4875,7.4,191.410829591507
1993-10-22,-21.1375,946.7375,9.333333333333334,203.18231570620875
1993-10-23,-20.4625,945.3,4.333333333333333,170.11040067687165
1993-10-24,-15.4,958.7375,,271.7836607993318
1993-10-25,-10.7,952.8875,,234.2032271146284
1993-10-26,-8.85,950.925,4.666666666666667,221.99999999999997
1993-10-27,-8.283333333333333,954.35,15.0,213.81975634885328
1993-10-28,-10.257142857142856,964.5857142857143,3.0,242.46248836802135
1993-10-29,-13.5,964.5749999999999,18.0,174.52391618993167
1993-10-30,-13.87142857142857,968.0285714285714,2.0,185.02101282663497
1993-10-31,-17.65,975.025,15.0,198.09059258555376
1993-11-01,-16.16,971.8,,268.6804330849096
1993-11-02,-16.580000000000002,966.1600000000001,8.666666666666666,177.0
1993-11-03,-16.116666666666667,966.6999999999999,17.0,301.6782974598175
1993-11-04,-13.85,964.7857142857143,12.0,223.36934211279996
1993-11-05,-11.514285714285714,968.575,,249.37328529119634
1993-11-06,-11.9625,968.2375,,181.89716463784785
1993-11-07,-12.1,962.9625,4.25,320.0922415469745
1993-11-08,-12.6875,962.725,,290.1811096693399
1993-11-09,-13.342857142857143,963.6875,8.333333333333334,183.09484268494347
1993-11-10,-13.328571428571427,964.6714285714286,5.0,138.656859601168
1993-11-11,-13.1,958.657142857143,4.666666666666667,302.46248836802135
1993-11-12,-11.299999999999999,960.8333333333334,13.0,271.651290100757
1993-11-13,-8.5,973.1333333333333,5.0,228.03440137994602
1993-11-14,-7.857142857142857,978.0285714285714,1.8,278.89479519634614
1993-11-15,-9.85,968.6375,7.4,179.22385107551267
1993-11-16,-6.014285714285714,973.8285714285714,2.0,183.96604041516827
1993-11-17,-4.116666666666666,975.925,,177.0
1993-11-18,-5.225,973.625,8.666666666666666,199.0652691512038
1993-11-19,-5.925,972.15,,214.52988849697044
1993-11-20,-5.2875,970.6625,6.0,160.7125737548128
1993-11-21,-5.3875,967.6374999999999,19.0,161.42981391944565
1993-11-22,-6.085714285714286,966.5714285714286,3.3333333333333335,186.59387309075836
1993-11-23,-6.916666666666667,966.1833333333334,10.0,177.0
1993-11-24,-7.283333333333334,966.15,6.0,184.32874047483705
1993-11-25,-6.8500000000000005,961.9166666666666,4.5,138.96060874230824
1993-11-26,-6.657142857142857,961.5857142857143,10.0,165.56965266677972
1993-11-27,-8.1375,963.7,6.0,161.04091851839092
1993-11-28,-9.5125,963.8125,9.0,154.57301294192837
1993-11-29,-9.425,968.0875,7.8,162.0
1993-11-30,-6.625,976.1125,2.6666666666666665,153.24722062652916
1993-12-01,-6.779999999999999,976.0428571428572,2.857142857142857,301.05959560912044
1993-12-02,-7.671428571428572,971.6,3.0,322.3217025401825
1993-12-03,-8.6125,972.7875,6.5,173.89926996843516
1993-12-04,-10.2375,979.025,15.875,167.0
1993-12-05,-8.925,976.55,4.5,233.9214854448757
1993-12-06,-9.6125,968.225,6.0,340.18160191285205
1993-12-07,-8.42,970.7875,2.2857142857142856,86.76316648277033
1993-12-08,-8.275,975.0875,2.75,48.262106931062064
1993-12-09,-8.185714285714285,971.575,3.4285714285714284,338.43476785895615
1993-12-10,-8.35,971.725,6.5,172.98518302542024
1993-12-11,-9.228571428571428,970.4625,5.0,302.98518302542027
1993-12-12,-7.95,969.2125,15.0,173.5226590604387
1993-12-13,-7.24,969.775,1.5,304.95908792071845
1993-12-14,-7.9125,966.2,6.25,329.49088005051243
1993-12-15,-5.5125,963.0875,8.5,289.067151753336
1993-12-16,-1.3,970.6625,27.0,237.0
1993-12-17,-3.325,971.0625,14.0,165.70158260044974
1993-12-18,-4.4375,967.25,,164.45664153834517
1993-12-19,-2.75,971.5125,3.8333333333333335,318.3974119217822
1993-12-20,-4.7125,973.85,8.4,143.33467526456977
1993-12-21,-8.9375,975.9875,21.0,157.0
1993-12-22,-6.45,972.95,2.3333333333333335,165.73016060634586
1993-12-23,-6.1125,968.8375,5.5,214.9408969164367
1993-12-24,-6.325,969.375,4.5,270.702607181251
1993-12-25,-6.075,967.6875,7.75,308.62953716516097
1993-12-26,-4.3,965.6375,6.0,265.59009131243835
1993-12-27,-5.8375,959.7625,6.666666666666667,42.29351909707814
1993-12-28,-5.8375,963.9,6.5,189.73325992293948
1993-12-29,-3.85,967.4,4.4,284.4112370815062
1993-12-30,-2.025,969.4250000000001,,181.666442612245
1993-12-31,-1.85,973.9,8.25,178.9059848554601
1994-01-01,-0.1142857142857143,971.4875,3.857142857142857,292.92919657629216
1994-01-02,-1.5375,975.825,4.0,301.28417716123226
1994-01-03,-2.0142857142857142,985.9875,2.25,129.79656550206644
1994-01-04,-3.6714285714285713,985.5,2.6,320.48465852290474
1994-01-05,-5.283333333333333,981.55,1.6666666666666667,118.25907433032195
1994-01-06,-6.485714285714286,975.65,4.428571428571429,147.09344054974522
1994-01-07,-4.325,975.2,5.0,145.17314045895483
1994-01-08,-2.542857142857143,975.25,2.75,68.37046283483897
1994-01-09,-1.475,973.425,6.666666666666667,157.71596991510415
1994-01-10,-1.425,971.5125,15.666666666666666,183.66532473543023
1994-01-11,-1.8,974.2125,4.0,189.05544023721578
1994-01-12,-1.8,975.175,20.0,176.636272588377
1994-01-13,-1.775,974.75,,210.61951159646446
1994-01-14,-1.6875,968.5625,6.0,172.44911102146335
1994-01-15,-2.25,968.125,7.0,136.2674249884417
1994-01-16,-2.9,972.85,8.5,183.11431172511962
1994-01-17,-3.7,974.4625,5.333333333333333,283.2227156733702
1994-01-18,-4.8,968.975,9.0,320.8480721118791
1994-01-19,-2.457142857142857,969.55,7.0,199.15192788812084
1994-01-20,-2.0875,969.6375,4.0,189.93842216546938
1994-01-21,-3.05,972.125,5.666666666666667,165.5136517859125
1994-01-22,-3.8285714285714287,968.9125,5.0,196.3893599088931
1994-01-23,-2.7142857142857144,968.8,3.0,208.53664804241038
1994-01-24,-3.4625,966.7,,222.25778318063055
1994-01-25,-4.3875,972.6125,10.5,161.96322166757344
1994-01-26,-3.975,978.6125,4.4,293.5023060360378
1994-01-27,-4.55,974.025,4.0,335.2662479049172
1994-01-28,-4.9,965.8625,3.7142857142857144,230.5726837413712
1994-01-29,-9.9,965.4125,11.0,178.0048807114913
1994-01-30,-9.4,969.9625,6.666666666666667,236.18789111324247
1994-01-31,-7.425,971.45,5.666666666666667,291.0532482167976
1994-02-01,-6.75,971.375,5.0,297.1899248371387
1994-02-02,-5.3625,972.575,4.8,180.2295299425508
1994-02-03,-6.4625,974.6125,9.0,234.4050313795791
1994-02-04,-8.4625,968.775,4.571428571428571,246.95473116076812
1994-02-05,-7.875,966.2874999999999,15.0,172.35555125388555
1994-02-06,-9.1,969.125,24.666666666666668,177.9926550205025
1994-02-07,-8.025,965.3625,8.333333333333334,221.18543256342292
1994-02-08,-7.125,965.2375000000001,9.0,200.6403371356932
1994-02-09,-8.425,967.1875,,179.0492718232952
1994-02-10,-9.75,967.7625,3.0,193.739198819699
1994-02-11,-10.9375,962.6,25.0,175.0191112475166
1994-02-12,-12.2,967.1375,18.4,185.91473299729688
1994-02-13,-10.5,967.8125,17.0,182.50476872153658
1994-02-14,-10.475,967.45,,203.82316123402393
1994-02-15,-9.8125,968.85,,219.72781781757806
1994-02-16,-8.7,972.6375,,242.01915342207337
1994-02-17,-8.95,974.15,15.0,261.39125473039775
1994-02-18,-10.975,968.425,3.0,204.1626870830792
1994-02-19,-13.8125,967.3,26.0,170.0
1994-02-20,-14.8,961.8125,18.0,207.2980270848362
1994-02-21,-16.2375,965.575,13.0,190.95072817670484
1994-02-22,-15.575000000000001,976.725,20.0,195.2217237603745
1994-02-23,-14.8375,983.0500000000001,20.0,243.751829216134
1994-02-24,-13.837499999999999,983.6875,8.5,254.47538873511036
1994-02-25,-17.4625,977.425,21.0,187.29360961732678
1994-02-26,-16.375,971.425,18.0,201.2215735521721
1994-02-27,-17.3,970.7125,14.0,185.90334260151482
1994-02-28,-17.1625,970.95,15.166666666666666,183.32956305530232
1994-03-01,-17.875,972.2125,9.666666666666666,203.831623086163
1994-03-02,-17.1375,974.1625,9.5,195.77826023125692
1994-03-03,-19.5875,977.475,9.0,297.990902319133
1994-03-04,-19.625,975.325,5.0,196.11148427134935
1994-03-05,-22.3875,978.4875,21.0,180.0
1994-03-06,-25.3625,969.875,26.0,192.00734497949747
1994-03-07,-22.442857142857143,955.8875,,263.58183348362036
1994-03-08,-21.2125,955.975,,188.35359264601055
1994-03-09,-17.775,963.9375,14.0,178.91733378565115
1994-03-10,-15.8,963.75,17.0,177.60109106157879
1994-03-11,-16.8625,956.925,10.2,192.54335846165483
1994-03-12,-14.6875,962.9625,17.0,187.9926550205025
1994-03-13,-14.45,968.775,24.0,204.72288456357987
1994-03-14,-19.275,970.9625,22.0,192.52330494677577
1994-03-15,-22.0125,969.775,25.0,243.32956305530232
1994-03-16,-21.625,970.75,3.6666666666666665,296.29829969928915
1994-03-17,-22.175,975.1125,12.666666666666666,218.42082266364443
1994-03-18,-20.2125,969.525,,262.42542737135193
1994-03-19,-20.7625,961.7875,,202.79316677211696
1994-03-20,-24.95,962.2875,14.6,192.00734497949747
1994-03-21,-24.6625,967.8249999999999,6.0,286.09009741441804
1994-03-22,-25.150000000000002,963.9375,8.333333333333334,220.86281784496964
1994-03-23,-25.5625,963.2750000000001,2.6666666666666665,335.10734284553786
1994-03-24,-21.675,958.925,5.0,281.419538044089
1994-03-25,-19.575,961.45,,208.3817344380844
1994-03-26,-20.6625,956.0125,,191.26294470895726
1994-03-27,-21.316666666666666,941.525,,222.03064586022006
1994-03-28,-18.4125,956.15,,185.47581071308537
1994-03-29,-22.25,967.0,27.0,245.52773331158014
1994-03-30,-22.7,968.575,1.0,194.32434809439377
1994-03-31,-19.375,978.4875,2.3333333333333335,182.6250718573529
1994-04-01,-15.2625,976.325,2.6666666666666665,197.34129474842513
1994-04-02,-14.825,973.575,8.75,194.04879413327353
1994-04-03,-15.4125,976.7125,2.25,296.00817615773747
1994-04-04,-17.975,970.25,,259.55961954315046
1994-04-05,-19.35,970.7,,211.7509643344352
1994-04-06,-17.55,973.5875,4.0,315.63917475787537
1994-04-07,-10.6125,970.25,1.0,289.0761982042118
1994-04-08,-12.6375,971.75,6.0,162.36176162922044
1994-04-09,-11.6125,972.5875,,258.29504672941675
1994-04-10,-12.4625,967.9875,17.666666666666668,237.22228657940406
1994-04-11,-13.3,965.35,3.0,225.6017447759101
1994-04-12,-14.875,963.75,3.5,320.27692390564187
1994-04-13,-15.125,966.3875,2.5,182.73945780319332
1994-04-14,-19.2875,974.9375,15.5,195.24386008058357
1994-04-15,-22.714285714285715,983.5375,,180.03851731245746
1994-04-16,-24.37142857142857,981.3125,4.0,218.39594177776394
1994-04-17,-15.675,962.35,,251.6930471897661
1994-04-18,-11.757142857142856,968.9375,4.0,192.5227145369697
1994-04-19,-12.0375,981.275,16.666666666666668,185.0
1994-04-20,-14.7875,994.6375,2.75,241.04672308446698
1994-04-21,-18.125,995.0625,6.2,195.84062484205938
1994-04-22,-21.9875,992.8125,23.0,170.24894483423654
1994-04-23,-22.6125,982.475,25.5,185.0
1994-04-24,-19.74285714285714,963.175,4.5,294.4678081382745
1994-04-25,-23.685714285714287,963.4,16.5,255.2157645077823
1994-04-26,-22.35,967.35,,280.0
1994-04-27,-18.5375,969.5875,2.8,194.32434809439374
1994-04-28,-22.5375,966.1625,14.5,186.24817078386596
1994-04-29,-25.6125,967.5375,13.0,177.80382809960437
1994-04-30,-29.5,963.125,13.5,180.0
1994-05-01,-29.025,962.3375,4.5,311.9583905269773
1994-05-02,-24.475,964.975,3.0,267.36925978756994
1994-05-03,-23.95,968.55,5.0,241.74036781990532
1994-05-04,-23.4125,958.0875,,259.0045728063968
1994-05-05,-25.114285714285717,946.2625,,232.97888095218948
1994-05-06,-20.24285714285714,944.4625,11.0,279.74680055899216
1994-05-07,-19.6875,960.8625000000001,13.0,192.1645658676814
1994-05-08,-23.4875,963.2624999999999,5.5,217.17130163617009
1994-05-09,-23.3375,954.975,,238.68849954775948
1994-05-10,-24.35,960.65,1.0,162.10835590377692
1994-05-11,-25.925,966.475,,183.77578012401295
1994-05-12,-28.95,971.125,,180.0
1994-05-13,-30.225,978.4875,3.25,340.0
1994-05-14,-31.6,978.35,2.4,230.91473299729688
1994-05-15,-28.875,984.775,,178.74940931257473
1994-05-16,-29.25,992.925,24.0,180.0
1994-05-17,-30.8,977.6625,20.0,213.35359264601055
1994-05-18,-32.5875,978.175,20.666666666666668,225.48539946516723
1994-05-19,-29.7,963.5625,,260.94214368521057
1994-05-20,-26.325,973.7625,,253.89653469694466
1994-05-21,-25.3375,973.4,,237.5323222984834
1994-05-22,-22.4375,974.975,46.0,238.0846694231107
1994-05-23,-31.96,973.625,15.0,177.63144904386206
1994-05-24,-31.2375,982.0375,14.5,192.60119874374735
1994-05-25,-31.3375,970.55,9.5,212.23071174486074
1994-05-26,-23.9,972.2625,,210.12192112973008
1994-05-27,-28.85,974.825,,209.3161599961938
1994-05-28,-30.625,979.3875,,196.26210693106208
1994-05-29,-30.7125,995.725,19.0,178.74940931257473
1994-05-30,-29.175,998.2875,21.0,180.0
1994-05-31,-29.2,990.6875,,249.764571991116
1994-06-01,-27.428571428571427,992.9625,,178.32956305530232
1994-06-02,-30.8875,983.0,10.0,200.38297614071843
1994-06-03,-32.5375,971.5,4.0,285.9824403944623
1994-06-04,-25.042857142857144,964.425,11.0,205.89333284917623
1994-06-05,-21.61428571428571,967.85,,227.10125710403213
1994-06-06,-17.816666666666666,969.625,27.0,245.53562514496306
1994-06-07,-16.65,968.25,,227.15377171085484
1994-06-08,-18.0,966.2625,36.0,242.49523127846336
1994-06-09,-21.7125,959.45,28.333333333333332,239.92267058862495
1994-06-10,-19.071428571428573,962.8625,,207.23422559784328
1994-06-11,-25.225,970.375,18.0,216.4847719302079
1994-06-12,-26.1125,985.075,,300.2534778311614
1994-06-13,-28.0375,999.657142857143,24.5,192.5073603540888
1994-06-14,-27.8,997.4,4.8,303.6731019908566
1994-06-15,-19.785714285714285,994.6125,3.75,322.2310614178141
1994-06-16,-18.133333333333333,989.125,,219.11208458979928
1994-06-17,-14.675,993.5375,10.0,194.00627647401177
1994-06-18,-15.725000000000001,997.425,7.0,223.24627137644868
1994-06-19,-18.7,986.85,3.5,238.55549615155354
1994-06-20,-19.85,990.65,3.0,182.7128299756189
1994-06-21,-21.4125,997.8875,,296.00817615773747
1994-06-22,-24.9375,1002.5,,182.22086020962112
1994-06-23,-25.5375,1006.075,4.666666666666667,181.93887906721883
1994-06-24,-24.1375,1001.425,3.2,305.9900366837223
1994-06-25,-18.16,987.7857142857143,,185.42694864153626
1994-06-26,-19.4875,984.9875,,207.90020864534048
1994-06-27,-20.375,993.825,4.0,186.56251986084968
1994-06-28,-23.9375,1002.95,,182.19617190039563
1994-06-29,-28.675,1002.1375,4.25,167.5047687215366
1994-06-30,-27.5,996.775,,176.05324821679767
1994-07-01,-21.95,990.575,3.0,236.21751989208872
1994-07-02,-18.0625,992.2,11.0,205.9147329972969
1994-07-03,-19.3,984.5875,,245.84365306239397
1994-07-04,-20.0,975.0125,2.0,270.32170254018246
1994-07-05,-27.919999999999998,974.425,,206.18498977094424
1994-07-06,-28.0125,976.425,4.0,247.38365259971926
1994-07-07,-26.5375,972.8125,,173.04914345420383
1994-07-08,-24.85,976.225,2.0,316.28656683501873
1994-07-09,-29.3625,974.6,7.0,185.0
1994-07-10,-34.1,976.4625,5.0,205.1039093610171
1994-07-11,-34.8875,975.7125,2.3333333333333335,182.95009064994915
1994-07-12,-28.0375,978.4375,3.0,239.30728575089893
1994-07-13,-20.1375,970.975,,216.0620987600792
1994-07-14,-12.5625,970.625,,176.51434165181357
1994-07-15,-9.65,976.3125,41.0,163.32956305530232
1994-07-16,-13.214285714285714,983.45,34.0,184.18717608711015
1994-07-17,-18.52857142857143,971.9375,,235.41215278868162
1994-07-18,-23.775,974.45,,264.73332026254104
1994-07-19,-22.7,980.95,,231.0362672027278
1994-07-20,-24.225,987.225,6.0,180.0382213753967
1994-07-21,-27.175,981.675,,176.2625705867156
1994-07-22,-24.925,974.05,14.0,190.2312418238157
1994-07-23,-21.65,972.75,3.0,256.89479519634614
1994-07-24,-23.099999999999998,974.9625,2.5,212.0041923416759
1994-07-25,-26.7375,981.1,,268.2227156733703
1994-07-26,-30.0,976.3125,3.0,219.47304613673353
1994-07-27,-21.4,978.75,,265.77382534566107
1994-07-28,-11.4,973.9125,58.5,254.7668475110648
1994-07-29,-27.233333333333334,963.5,8.0,180.0
1994-07-30,-27.5,961.0875,4.0,242.57301294192837
1994-07-31,-32.71666666666666,960.3875,,179.68961692234495
1994-08-01,-28.571428571428573,969.55,,248.74461549097725
1994-08-02,-25.150000000000002,976.825,4.0,222.95671509948005
1994-08-03,-25.75714285714286,969.3125,,231.82561439194927
1994-08-04,-27.1125,963.1875,3.0,263.02209529945856
1994-08-05,-29.357142857142858,959.7125,2.0,214.38901609557703
1994-08-06,-26.8,961.875,,245.2107880636052
1994-08-07,-21.025,966.025,,208.09028074994117
1994-08-08,-20.9,965.85,11.0,247.76661908133445
1994-08-09,-25.75,956.1375,,208.38918316969495
1994-08-10,-30.325,959.375,18.0,209.60021324493238
1994-08-11,-32.5,964.925,3.0,185.0
1994-08-12,-34.325,961.8625,9.5,188.75634048618093
1994-08-13,-36.325,965.85,10.8,258.2690500791759
1994-08-14,-35.55,950.2625,4.0,336.304916544084
1994-08-15,-34.8,953.3125,3.0,153.55205405050253
1994-08-16,-35.4375,966.1875,2.3333333333333335,242.34029112857297
1994-08-17,-34.85,963.2875,2.25,248.1092449752844
1994-08-18,-32.75,960.05,1.6,247.70502334221595
1994-08-19,-31.525,957.4625,4.2,281.86252065645414
1994-08-20,-30.4875,952.9125,1.5,323.48746430950985
1994-08-21,-29.5875,959.8875,4.25,307.1535973071712
1994-08-22,-28.05,963.65,,165.11119260463488
1994-08-23,-29.25,964.4125,2.5,307.07080342370773
1994-08-24,-28.316666666666666,964.5,3.0,265.27623613317604
1994-08-25,-21.1375,962.825,,186.89479519634614
1994-08-26,-24.65,966.5375,9.0,188.28451129533664
1994-08-27,-25.9375,962.5375,,231.38992037746743
1994-08-28,-24.52,964.8,,228.03939125769173
1994-08-29,-16.7,965.6125,12.0,188.7734157281169
1994-08-30,-16.4625,964.75,15.0,209.15899395783464
1994-08-31,-15.0125,966.1,,182.39615952344548
1994-09-01,-17.225,965.95,,250.09777846892865
1994-09-02,-22.97142857142857,974.5125,,181.22186457651725
1994-09-03,-27.2125,980.2625,12.0,179.9562467593607
1994-09-04,-29.5,983.9,4.5,131.9015753536657
1994-09-05,-31.2375,980.1125,2.4,276.58380947124454
1994-09-06,-32.625,962.325,4.0,228.9371160053104
1994-09-07,-34.85,953.4875,15.0,183.28825296861262
1994-09-08,-26.2,951.075,,261.2865668350188
1994-09-09,-27.516666666666666,959.075,,200.39680454761717
1994-09-10,-29.05,971.4625,21.0,181.22658427188307
1994-09-11,-31.1875,977.275,,186.22421987598705
1994-09-12,-30.442857142857143,969.975,2.0,221.53056046639057
1994-09-13,-28.0,964.6125,3.4,317.18688864564695
1994-09-14,-30.78,957.5375,6.0,220.9165642877011
1994-09-15,-31.2,960.825,,210.0
1994-09-16,-27.4,966.0125,,280.0
1994-09-17,-29.2375,980.85,,181.7768716175032
1994-09-18,-30.3,988.6,4.0,286.758279164947
1994-09-19,-27.96666666666667,987.025,,185.6949146723943
1994-09-20,-23.2625,988.8875,,187.91593300102528
1994-09-21,-21.85,988.5875,3.0,278.2227156733703
1994-09-22,-24.114285714285717,988.0125,1.3333333333333333,193.29504672941675
1994-09-23,-20.816666666666666,991.5625,,231.2391285941556
1994-09-24,-27.25,993.525,2.6666666666666665,221.5054581565141
1994-09-25,-22.4,991.625,4.0,287.26849885693355
1994-09-26,-16.3,981.5,6.0,253.49143983412227
1994-09-27,-24.55,977.3625,,221.50501418699835
1994-09-28,-23.0375,980.3,19.0,256.90394775266543
1994-09-29,-23.2,986.8,7.0,188.73789306893792
1994-09-30,-20.633333333333333,984.9375,,195.8415469795485
1994-10-01,-14.633333333333333,972.75,20.0,195.5074022787857
1994-10-02,-11.35,975.675,27.0,185.0255140871259
1994-10-03,-13.424999999999999,979.5375,21.25,194.99999999999997
1994-10-04,-16.8375,970.375,11.0,197.72401152730703
1994-10-05,-13.262500000000001,963.425,,292.8288424628019
1994-10-06,-10.65,967.3,,234.9808887524834
1994-10-07,-17.2,965.4875,,190.2813950409814
1994-10-08,-20.35,961.175,27.0,250.26883633007907
1994-10-09,-17.7875,961.225,,233.96343408327823
1994-10-10,-18.1,964.0875,5.0,162.09898686681217
1994-10-11,-19.412499999999998,965.3375,22.0,180.0
1994-10-12,-22.725,965.575,18.5,174.05959560912044
1994-10-13,-24.125,970.2625,32.0,
1994-10-14,-25.4125,964.15,18.0,193.73789306893792
1994-10-15,-26.425,954.825,8.0,178.85129369211273
1994-10-16,-26.625,954.2125,5.0,242.34289567831604
1994-10-17,-24.28333333333333,964.8875,6.0,315.61705734937885
1994-10-18,-18.15,970.65,6.0,180.0
1994-10-19,-21.585714285714285,961.175,22.0,203.71228990231958
1994-10-20,-12.914285714285715,949.15,4.5,261.0832835169035
1994-10-21,-13.725000000000001,964.8125,2.0,201.59335503865483
1994-10-22,-14.05,965.8125,7.5,161.481722409815
1994-10-23,-16.5875,966.5625,22.75,177.49523127846342
1994-10-24,-16.55,968.525,2.5,209.45582061324603
1994-10-25,-19.75,962.4,3.0,171.67899975220175
1994-10-26,-20.375,965.45,24.75,171.99511928850873
1994-10-27,-20.7375,970.9625,18.0,180.0
1994-10-28,-18.425,966.625,1.0,193.5437272575441
1994-10-29,-14.525,966.2,1.25,174.64744409955134
1994-10-30,-12.8125,968.3375,,207.21765647868608
1994-10-31,-11.8,971.1,12.0,198.03261395206167
1994-11-01,-10.925,963.4625,2.5,259.73927892726357
1994-11-02,-9.5875,957.2875,8.0,196.10748518679046
1994-11-03,-7.1,960.5375,19.0,175.7692651243208
1994-11-04,-7.575,967.625,10.0,170.0
1994-11-05,-9.7375,971.8375,,255.72939549555664
1994-11-06,-10.58,966.7375,22.5,190.0450297164972
1994-11-07,-11.9625,977.05,9.5,196.4636808193702
1994-11-08,-9.1875,974.6125,8.333333333333334,212.70910723888497
1994-11-09,-9.0,971.1125,22.0,187.51437930669925
1994-11-10,-8.7625,972.0875,20.2,176.67043694469768
1994-11-11,-9.299999999999999,972.3875,20.666666666666668,186.00244393710275
1994-11-12,-8.675,971.9125,12.666666666666666,190.0383687732975
1994-11-13,-9.2625,972.575,7.0,176.54673191347933
1994-11-14,-9.45,972.9375,3.0,186.4863861876408
1994-11-15,-9.775,977.525,2.8,319.1066053508691
1994-11-16,-9.225,981.15,6.2,285.0
1994-11-17,-10.9,980.7125,5.0,256.39903155863686
1994-11-18,-10.25,982.8625,10.0,178.74461549097728
1994-11-19,-10.4,985.475,12.666666666666666,185.0
1994-11-20,-10.6125,981.625,7.0,181.70495327058325
1994-11-21,-12.2,974.225,6.333333333333333,160.74873085606015
1994-11-22,-12.9125,970.7875,8.4,176.68751867881826
1994-11-23,-11.0625,971.4875,4.0,215.12310737079548
1994-11-24,-10.2,967.325,,282.3737798236867
1994-11-25,-9.9625,966.45,13.0,214.09170889055935
1994-11-26,-13.625,973.0875,16.0,182.1276771168318
1994-11-27,-12.125,966.9125,4.0,259.8573277224111
1994-11-28,-11.3125,963.3625,3.5,175.3217025401825
1994-11-29,-10.775,967.325,2.0,58.61352655911102
1994-11-30,-9.625,975.2375,2.5,301.46403570686266
1994-12-01,-10.542857142857143,973.7625,3.2857142857142856,319.9226705886249
1994-12-02,-10.366666666666667,973.05,2.6,320.1039093610171
1994-12-03,-8.4,978.1375,1.6666666666666667,214.48060084896895
1994-12-04,-6.8,979.3625,14.0,182.36925978756994
1994-12-05,-5.9875,975.45,15.666666666666666,175.07673301656973
1994-12-06,-5.3125,970.825,13.0,183.86835391191988
1994-12-07,-6.2875,970.25,17.666666666666668,183.98522522793718
1994-12-08,-5.6625,970.125,18.666666666666668,194.99999999999997
1994-12-09,-3.4,965.35,1.6666666666666667,192.964850292869
1994-12-10,-3.725,965.8125,5.666666666666667,192.693976147783
1994-12-11,-3.357142857142857,963.0125,2.0,249.52932481112407
1994-12-12,-2.2166666666666663,960.9,2.1666666666666665,256.53056046639057
1994-12-13,-3.1625,967.0625,3.0,214.91513097704717
1994-12-14,-3.6125,968.85,7.5,210.7488044384877
1994-12-15,-2.1375,964.8375,2.5,184.169064519571
1994-12-16,-3.35,964.5125,3.0,332.75820148738086
1994-12-17,-2.9333333333333336,971.525,1.5,316.3932693509954
1994-12-18,-3.0500000000000003,974.025,2.0,23.992661620157754
1994-12-19,-5.333333333333333,967.0875,2.6,260.2368335172296
1994-12-20,-5.2875,964.0125,5.0,271.5589174491566
1994-12-21,-6.6625,966.5375,8.857142857142858,182.7181333624456
1994-12-22,-6.0,971.375,9.0,220.0082219371617
1994-12-23,-5.825,973.6375,3.6,308.96233107116245
1994-12-24,-5.925,967.8,4.0,175.91690992539182
1994-12-25,-5.9875,964.8625,2.0,189.58263478275683
1994-12-26,-6.214285714285714,960.4,4.166666666666667,327.47578613787584
1994-12-27,-4.3,959.0125,5.4,309.41318356274627
1994-12-28,-3.6625,962.9,5.0,278.81522248031297
1994-12-29,-3.3375,962.925,4.666666666666667,246.27161724372124
1994-12-30,-2.9,968.5625,2.0,258.8731025594151
1994-12-31,-2.725,979.2625,14.0,185.67565190560623
1995-01-01,-3.625,976.35,5.333333333333333,334.99999999999915
1995-01-02,-5.0,972.7875,14.666666666666666,162.6702307705115
1995-01-03,-6.525,973.475,12.0,163.6978781056539
1995-01-04,-4.914285714285714,970.3,4.333333333333333,168.75730167393985
1995-01-05,-5.55,968.6,14.833333333333334,171.2505906874253
1995-01-06,-6.525,972.8625,24.0,157.70502334221595
1995-01-07,-2.842857142857143,974.6125,3.0,241.2047482877724
1995-01-08,-1.4333333333333333,970.375,2.3333333333333335,260.92269135904365
1995-01-09,-2.85,963.025,,243.3616831513515
1995-01-10,-2.157142857142857,962.625,1.0,258.01694665403136
1995-01-11,-2.8125,961.175,,186.7140274670231
1995-01-12,-5.1625,962.1624999999999,9.714285714285714,165.15585146381218
1995-01-13,-5.55,965.375,12.333333333333334,183.22861333065762
1995-01-14,-4.6,967.8625,7.5,174.66087713354344
1995-01-15,-4.25,966.55,5.666666666666667,182.90764258656105
1995-01-16,-3.7625,965.625,10.0,187.39615952344548
1995-01-17,-3.6375,966.2375,8.0,178.87919654903308
1995-01-18,-4.8999999999999995,966.875,4.0,191.97388511363607
1995-01-19,-4.3374999999999995,966.85,7.5,164.7315464646715
1995-01-20,-4.3125,965.425,7.2,180.11568442019436
1995-01-21,-3.7,969.4625,2.2857142857142856,51.1823157062087
1995-01-22,-3.8375,970.675,2.0,212.72226681008692
1995-01-23,-4.785714285714286,965.0625,2.0,237.94089691643674
1995-01-24,-5.5375,964.3125,6.25,162.94635694422803
1995-01-25,-3.9000000000000004,966.0,3.25,188.14389697902274
1995-01-26,-4.775,966.55,,248.33864919421384
1995-01-27,-4.05,964.275,2.5,155.66086685467064
1995-01-28,-6.775,968.0375,23.0,176.03920998899437
1995-01-29,-5.65,973.4375,4.5,328.93466357306136
1995-01-30,-5.175,975.7625,5.0,245.596495497057
1995-01-31,-6.45,981.6875,13.25,210.30025010636774
1995-02-01,-2.9625,979.2875,,252.03739335935413
1995-02-02,-1.2428571428571427,970.85,7.0,272.4065120493071
1995-02-03,-4.975,963.55,16.75,178.74940931257473
1995-02-04,-8.575,961.4625,16.4,181.25538450902272
1995-02-05,-9.985714285714286,959.95,,244.97448591287406
1995-02-06,-5.775,966.7,,209.63494688500228
1995-02-07,-6.5125,969.35,16.0,198.17848297832904
1995-02-08,-6.5625,965.9125,,257.0648746533445
1995-02-09,-7.625,968.125,16.5,181.231340564527
1995-02-10,-9.15,963.5625,12.0,194.27469092925992
1995-02-11,-9.45,961.3,9.333333333333334,177.26205716126566
1995-02-12,-8.975,966.3125,12.333333333333334,181.69612446774323
1995-02-13,-9.2125,967.425,,177.77902262964088
1995-02-14,-11.85,965.9875,20.666666666666668,172.49523127846342
1995-02-15,-12.975,974.525,24.0,176.00244393710275
1995-02-16,-12.3125,977.6375,12.0,191.43662144691748
1995-02-17,-12.675,973.7875,10.5,203.83774893548951
1995-02-18,-11.1375,973.7625,3.8,236.54185631774564
1995-02-19,-8.814285714285715,975.925,3.0,229.92388221826545
1995-02-20,-5.8374999999999995,964.2125,11.0,230.7371792544173
1995-02-21,-2.325,956.825,,217.72971691120046
1995-02-22,-3.2,965.05,,169.9617786246033
1995-02-23,-5.35,966.2375,16.0,206.378432396287
1995-02-24,-10.1625,968.8625,19.5,177.12225766478844
1995-02-25,-11.299999999999999,973.975,13.0,211.64474672765365
1995-02-26,-10.55,969.25,,193.67898433109198
1995-02-27,-12.512500000000001,972.6,,173.34655814060278
1995-02-28,-11.4375,978.1375,13.0,272.62884107987867
1995-03-01,-13.45,972.55,17.285714285714285,230.1939861570615
1995-03-02,-13.8,973.0,14.25,188.3541739269834
1995-03-03,-11.15,972.35,5.0,240.87004944585442
1995-03-04,-14.125,972.625,8.5,172.39615952344548
1995-03-05,-13.0625,968.6875,6.5,276.8763283618673
1995-03-06,-10.8125,965.85,4.5,175.5032742603749
1995-03-07,-11.225,971.3375,33.5,160.00000000000003
1995-03-08,-13.3625,973.6625,22.0,173.32956305530232
1995-03-09,-15.475,976.6125,20.5,196.23743957452135
1995-03-10,-17.4625,974.925,,198.2649337924361
1995-03-11,-17.425,972.9375,,167.28717002438108
1995-03-12,-19.875,976.5625,10.0,218.53836298241015
1995-03-13,-19.5625,975.3125,,225.0614229942792
1995-03-14,-19.9625,968.1875,1.5,263.29504672941675
1995-03-15,-20.85,967.4625,13.666666666666666,193.9753545093668
1995-03-16,-18.95,980.7625,,182.56121800937393
1995-03-17,-17.571428571428573,970.1375,,237.94967599786634
1995-03-18,-17.7,983.5625,4.0,186.35267849404707
1995-03-19,-18.875,992.2625,8.6,158.32180078535475
1995-03-20,-20.5625,988.975,2.6666666666666665,167.15124818997046
1995-03-21,-23.275,979.65,7.75,184.94237484214682
1995-03-22,-25.775,982.3875,10.0,181.22186457651725
1995-03-23,-24.3875,980.125,5.5,183.89788624801398
1995-03-24,-20.6,969.3125,2.5,305.0
1995-03-25,-20.6875,968.9125,5.0,262.15932600621585
1995-03-26,-18.8875,981.475,2.3333333333333335,182.8779871443331
1995-03-27,-16.3125,990.225,5.333333333333333,306.26257058671564
1995-03-28,-17.475,982.675,1.6666666666666667,225.28389158420316
1995-03-29,-23.75,988.525,13.666666666666666,189.94777671282068
1995-03-30,-22.7375,996.0125,1.0,301.87876111040765
1995-03-31,-22.2,989.9125,5.0,283.07974781380295
1995-04-01,-24.3125,980.9125,4.0,218.83511987299045
1995-04-02,-20.45,983.35,,212.22665488752
1995-04-03,-22.8125,982.2625,19.0,259.5111425966269
1995-04-04,-23.875,987.6625,,270.55853605741214
1995-04-05,-23.975,987.1875,1.3333333333333333,313.29504672941675
1995-04-06,-26.275,977.3125,1.0,308.6555603902778
1995-04-07,-23.116666666666664,971.8875,,264.8256071958073
1995-04-08,-26.3625,965.8875,2.75,300.0
1995-04-09,-16.68,969.4625,,200.8009886602701
1995-04-10,-16.0125,975.925,6.0,240.0
1995-04-11,-14.325,964.125,,232.49899488559763
1995-04-12,-14.416666666666666,959.1625,28.0,190.0389652742852
1995-04-13,-16.6125,971.3625,25.571428571428573,175.0
1995-04-14,-13.2875,973.4125,15.5,230.26154774181063
1995-04-15,-19.6875,963.2142857142857,17.0,197.72971691120046
1995-04-16,-24.4625,962.7125,23.0,226.9158301077676
1995-04-17,-24.875,962.5875,18.0,206.0759287643732
1995-04-18,-26.4625,962.0,,199.75327613976089
1995-04-19,-27.425,960.075,1.0,229.95044886730378
1995-04-20,-23.366666666666664,961.25,,225.72530907074008
1995-04-21,-28.900000000000002,974.4875,24.0,176.00244393710275
1995-04-22,-29.225,978.125,11.0,184.58275662016396
1995-04-23,-32.7875,962.1375,,181.63627258837698
1995-04-24,-32.6375,965.2125,,207.67818250865372
1995-04-25,-31.5,959.1875,16.0,249.2780531197938
1995-04-26,-27.7375,956.55,,247.94260961839925
1995-04-27,-23.25,967.1374999999999,,253.4322931079888
1995-04-28,-31.580000000000002,971.4375,,179.2262186661223
1995-04-29,-30.714285714285715,973.475,,299.88200512742344
1995-04-30,-22.2,977.6875,,240.81068282470784
1995-05-01,-29.2375,992.35,8.5,210.74162175496033
1995-05-02,-29.025,982.525,3.0,332.48425650818916
1995-05-03,-28.7625,968.8125,1.0,192.09979135465952
1995-05-04,-29.957142857142856,957.6125,16.0,247.68752646863555
1995-05-05,-17.442857142857143,941.5125,,245.56176171188469
1995-05-06,-19.616666666666667,959.675,10.0,179.88295465046372
1995-05-07,-23.0875,978.0,17.0,185.0
1995-05-08,-19.8375,978.475,25.666666666666668,177.50476872153658
1995-05-09,-19.016666666666666,975.8625,,197.45532738295893
1995-05-10,-25.025,974.1374999999999,4.833333333333333,180.62712722411928
1995-05-11,-25.2375,973.8375,22.333333333333332,175.0
1995-05-12,-19.6875,970.8142857142857,24.75,230.0
1995-05-13,-19.125,969.575,,240.0
1995-05-14,-21.875,976.875,,221.59317850820932
1995-05-15,-25.85,976.075,29.0,176.00244393710275
1995-05-16,-22.0875,977.0375,,239.70503691073569
1995-05-17,-25.1875,971.6750000000001,9.5,278.18167068203707
1995-05-18,-29.45,971.7375,13.0,195.8415469795485
1995-05-19,-28.157142857142855,966.0125,,292.0964905627085
1995-05-20,-33.56666666666667,958.9125,1.0,326.77728432662957
1995-05-21,-32.325,957.9875,4.0,275.90829110944065
1995-05-22,-28.71666666666667,959.4,,171.7249408300492
1995-05-23,-27.866666666666664,957.3875,2.0,173.46943953360943
1995-05-24,-25.62857142857143,945.1375,3.6666666666666665,288.9643374283306
1995-05-25,-18.2,951.7875,10.5,233.87374373281182
1995-05-26,-20.425,967.5125,13.0,205.22172376037452
1995-05-27,-26.2375,969.5875,18.5,178.74940931257473
1995-05-28,-30.025,966.7125,22.0,257.97161400759353
1995-05-29,-30.0875,964.1,16.0,174.02206722471684
1995-05-30,-30.65,967.4625,6.0,183.1966343306776
1995-05-31,-32.1125,967.1,4.0,293.7378930689379
1995-06-01,-33.5375,961.5375,1.75,146.91628025691182
1995-06-02,-32.5,962.5625,1.0,140.00000000000003
1995-06-03,-29.457142857142856,958.0375,3.0,341.565051177078
1995-06-04,-25.1625,951.525,,243.32233924332496
1995-06-05,-21.5375,960.2125,,192.42405872900702
1995-06-06,-21.8125,975.725,,199.79607639470782
1995-06-07,-25.85,988.575,6.0,278.75141030773267
1995-06-08,-29.2625,996.3,,173.34655814060278
1995-06-09,-23.885714285714283,997.775,4.0,273.1710478092621
1995-06-10,-18.185714285714287,975.6875,,238.13972112953942
1995-06-11,-22.8875,981.425,,176.67043694469768
1995-06-12,-25.0125,971.125,,239.93810990234564
1995-06-13,-22.1375,965.125,50.0,244.99999999999997
1995-06-14,-20.7,979.7625,,201.77345819156497
1995-06-15,-16.2,981.7125,,280.846640993382
1995-06-16,-18.083333333333332,981.825,19.0,242.1957041632192
1995-06-17,-23.885714285714283,979.3375,7.0,203.81768429379122
1995-06-18,-30.357142857142858,972.5125,,187.54335846165483
1995-06-19,-30.8,976.0375,,290.0
1995-06-20,-27.5375,973.1875,3.0,339.81877456931244
1995-06-21,-24.071428571428573,973.375,4.0,225.97161226251805
1995-06-22,-23.45,967.7375,,264.0099633162777
1995-06-23,-25.65,977.975,,192.39919644602668
1995-06-24,-24.0125,980.1375,,210.69602926198021
1995-06-25,-19.0375,982.7625,,249.96177862460328
1995-06-26,-19.75,982.5875,,212.75966883066428
1995-06-27,-24.0625,979.1999999999999,13.0,233.31905909906996
1995-06-28,-21.657142857142855,979.9125,20.0,242.63444448920387
1995-06-29,-14.05,983.7875,18.0,195.61290087129882
1995-06-30,-11.442857142857141,977.7875,26.0,218.00930448147506
1995-07-01,-24.28333333333333,974.475,,199.06000577988493
1995-07-02,-21.6375,976.6125,20.0,247.08941102174043
1995-07-03,-17.5875,979.275,,275.3217025401825
1995-07-04,-20.9125,979.2125,,230.05115735938372
1995-07-05,-21.05,992.2625,6.0,223.37694088154848
1995-07-06,-22.3,992.575,,252.73515122927324
1995-07-07,-25.25,987.475,8.0,193.4521081337654
1995-07-08,-26.35,994.85,17.0,181.63627258837698
1995-07-09,-26.233333333333334,982.4,3.0,292.55899174034926
1995-07-10,-28.4375,979.0375,,180.0
1995-07-11,-28.1375,982.1625,,253.04847249956032
1995-07-12,-30.55,981.075,13.6,183.3124813211817
1995-07-13,-25.95,986.4625,31.0,168.70158260044974
1995-07-14,-27.8375,981.475,17.5,177.50476872153658
1995-07-15,-29.425,976.425,11.0,194.60566527069503
1995-07-16,-27.075,997.8125,15.0,193.32956305530232
1995-07-17,-26.75714285714286,1004.2,6.0,180.11568442019436
1995-07-18,-18.1,996.35,34.5,175.0
1995-07-19,-19.175,988.3625,,195.4399253318162
1995-07-20,-23.485714285714288,979.3625,13.0,186.26698960622662
1995-07-21,-22.325,988.0,11.0,240.6702522354619
1995-07-22,-23.8375,995.1875,1.5,306.83899897193214
1995-07-23,-26.4875,984.95,2.0,150.1596213360797
1995-07-24,-26.35,994.6,,198.06543933719024
1995-07-25,-25.6625,998.0625,16.0,206.02736258554097
1995-07-26,-24.925,994.2375,,250.10945227789233
1995-07-27,-27.71666666666667,987.3875,20.0,229.8768926292045
1995-07-28,-21.7,979.05,,280.798062033224
1995-07-29,-23.8875,985.65,3.8,149.9002270401689
1995-07-30,-21.475,998.0500000000001,,178.77341572811696
1995-07-31,-19.3625,1002.9625,,232.20293819815464
1995-08-01,-24.4375,992.05,,175.07732941137505
1995-08-02,-26.7125,989.175,,184.2255062613945
1995-08-03,-21.475,989.05,3.0,263.34916181227516
1995-08-04,-23.614285714285717,990.5875,,195.06236186397075
1995-08-05,-19.475,984.825,,237.51437930669925
1995-08-06,-18.925,985.425,33.5,246.23865635326246
1995-08-07,-16.133333333333333,975.6999999999999,,244.99999999999997
1995-08-08,-22.525,971.2375,1.0,226.01755520691017
1995-08-09,-19.383333333333333,970.925,1.0,229.72126660060545
1995-08-10,-25.4125,978.9125,,209.09882271609686
1995-08-11,-26.942857142857143,989.6,,210.08763450139827
1995-08-12,-29.775,979.825,2.0,160.0
1995-08-13,-27.45,970.6375,2.0,221.9106055127991
1995-08-14,-16.7,962.25,,205.266474786563
1995-08-15,-12.5625,946.0375,,225.2737954722069
1995-08-16,-19.52857142857143,944.9125,,299.49971067117247
1995-08-17,-22.014285714285712,955.2875,4.0,332.2135288717397
1995-08-18,-22.575,962.375,5.0,310.29033563373713
1995-08-19,-22.05,973.0875,2.0,168.4300742261456
1995-08-20,-26.925,975.4,36.0,176.00244393710275
1995-08-21,-25.9375,970.1375,,195.71609296702312
1995-08-22,-21.400000000000002,956.0125,18.0,272.98140222847064
1995-08-23,-21.885714285714283,967.6375,9.0,181.58680152752163
1995-08-24,-22.075,978.6375,22.0,193.31248132118174
1995-08-25,-26.0375,973.9375,2.5,224.0583365267774
1995-08-26,-28.95,970.75,3.3333333333333335,321.6926104266118
1995-08-27,-30.24,966.6125,,293.7378930689379
1995-08-28,-30.6625,964.475,9.0,209.65346628442174
1995-08-29,-31.2375,971.6625,10.5,269.8960906389829
1995-08-30,-28.728571428571428,985.5875,3.0,224.84602469904647
1995-08-31,-32.5375,986.125,2.5,170.0
1995-09-01,-29.3,990.0875,10.0,180.0
1995-09-02,-29.2875,988.7,2.5,159.99999999999994
1995-09-03,-31.4875,985.0625,18.0,180.0
1995-09-04,-36.55,979.35,16.0,182.4952312784634
1995-09-05,-36.2625,970.65,4.0,285.0
1995-09-06,-36.35,969.6750000000001,2.0,309.55314666249717
1995-09-07,-35.4375,972.175,2.3333333333333335,316.34929229610196
1995-09-08,-32.05714285714286,970.8125,1.3333333333333333,219.29773487711114
1995-09-09,-29.62857142857143,983.5875,,171.3990315586369
1995-09-10,-32.9,982.4625,,170.06157783453062
1995-09-11,-34.8375,977.825,1.0,172.33670717090664
1995-09-12,-35.275,973.65,4.5,195.1534477786941
1995-09-13,-30.642857142857142,964.3125,3.0,172.51437930669928
1995-09-14,-24.0625,952.5125,,230.0
1995-09-15,-21.65,948.975,,227.82087996156312
1995-09-16,-21.083333333333332,950.6,,198.0058946976195
1995-09-17,-14.475,950.975,21.0,194.4586448277982
1995-09-18,-13.785714285714286,955.625,19.0,192.4630204171151
1995-09-19,-18.085714285714285,960.775,,276.40838649490206
1995-09-20,-23.05,961.3625,3.0,253.60078215539687
1995-09-21,-15.899999999999999,954.975,2.0,204.49863567290063
1995-09-22,-16.85,949.9,,174.7672063651369
1995-09-23,-17.0625,950.075,20.0,185.0
1995-09-24,-18.45,957.65,21.5,199.73668488991248
1995-09-25,-20.2875,962.875,,216.03566257166935
1995-09-26,-22.0875,967.9875,2.0,280.34022846618893
1995-09-27,-22.0125,961.9875,2.0,255.58047123970812
1995-09-28,-18.7125,955.15,14.5,194.60313597335977
1995-09-29,-18.4375,952.6875,22.0,198.74732693825993
1995-09-30,-18.3125,954.4,26.0,217.76893858218588
1995-10-01,-15.257142857142856,961.4375,,216.0373281488398
1995-10-02,-13.6,961.2125,22.0,227.05082811571862
1995-10-03,-14.35,960.7125,22.666666666666668,229.38112480318418
1995-10-04,-18.375,961.3,26.0,230.1254342839522
1995-10-05,-21.9375,968.5,,245.63117637210092
1995-10-06,-22.4375,976.8,,182.29326974538688
1995-10-07,-21.9625,984.7125,3.0,262.54628044289484
1995-10-08,-17.2,979.8874999999999,,248.33566273284674
1995-10-09,-18.883333333333333,969.6,,191.76380132141114
1995-10-10,-21.825,966.1,13.0,177.62107042228408
1995-10-11,-22.6625,968.4875,8.0,278.7287103701199
1995-10-12,-18.728571428571428,966.5375,7.0,239.0595956091204
1995-10-13,-21.4875,967.05,1.0,257.72971691120046
1995-10-14,-14.5,952.75,5.0,311.8196763228267
1995-10-15,-11.271428571428572,948.6375,,209.23803595551405
1995-10-16,-11.1875,958.1375,,212.15703316982928
1995-10-17,-11.8625,964.15,7.0,264.02544059125836
1995-10-18,-13.549999999999999,964.2,4.5,199.08476271486413
1995-10-19,-17.3875,963.725,18.0,173.32956305530232
1995-10-20,-18.9875,966.5625,32.333333333333336,171.67899975220175
1995-10-21,-17.675,967.6375,,176.00244393710275
1995-10-22,-14.15,968.2875,28.0,177.16609424741992
1995-10-23,-15.842857142857143,969.975,4.666666666666667,173.99755606289725
1995-10-24,-17.7125,968.0,,184.55873374145318
1995-10-25,-19.6625,973.0,,182.0073449794975
1995-10-26,-21.6375,979.55,9.666666666666666,180.0
1995-10-27,-21.75,975.675,3.0,229.1492213541867
1995-10-28,-21.825,974.775,1.0,306.86736892577426
1995-10-29,-22.375,970.2,3.8,329.6431770473058
1995-10-30,-20.0875,963.125,4.0,233.36372741162296
1995-10-31,-20.8,962.5625,28.0,181.11645838085357
1995-11-01,-19.15,952.1625,3.5,278.1377812784058
1995-11-02,-13.4625,951.0625,10.0,230.00688088650702
1995-11-03,-13.1125,960.2875,,186.00335477468184
1995-11-04,-12.975,964.4625,15.0,186.7141555074926
1995-11-05,-13.1125,964.7875,5.0,191.18231570620878
1995-11-06,-15.325,966.85,14.0,204.16938016739584
1995-11-07,-15.2625,969.625,7.0,236.53056046639057
1995-11-08,-14.0625,965.6875,2.5,293.36901236872257
1995-11-09,-12.7125,955.65,,244.06593503066642
1995-11-10,-10.425,958.2125,,184.57462943363097
1995-11-11,-6.575,961.0625,,166.1118130672145
1995-11-12,-5.542857142857143,967.1375,,208.4535821957603
1995-11-13,-7.8375,962.1625,15.0,198.6693402276034
1995-11-14,-9.342857142857143,959.6857142857143,15.0,175.716067169662
1995-11-15,-9.8875,966.5875,,182.1276771168318
1995-11-16,-6.1375,971.15,10.0,256.3734496232456
1995-11-17,-8.075,971.0,,257.9716140075935
1995-11-18,-7.6625,970.025,,213.67681046097965
1995-11-19,-9.066666666666668,971.5500000000001,17.0,188.33803899064074
1995-11-20,-9.459999999999999,966.9200000000001,10.0,228.39970376297867
1995-11-21,-7.05,960.7166666666667,3.0,199.58889009254145
1995-11-22,-4.828571428571428,961.7714285714285,8.0,178.36261231936928
1995-11-23,-2.3875,971.7375,9.0,213.25088170588376
1995-11-24,-1.375,974.1125,12.5,176.19511883653183
1995-11-25,-1.9875,972.5,,260.733205703099
1995-11-26,-4.3125,969.65,22.0,214.5378534140495
1995-11-27,-3.6285714285714286,972.157142857143,7.0,246.63162646145184
1995-11-28,-3.883333333333333,975.7666666666668,6.0,167.03293979835468
1995-11-29,-4.616666666666666,975.2166666666667,6.0,171.2757352387539
1995-11-30,-4.857142857142857,975.7571428571429,2.25,315.68314199085916
1995-12-01,-3.8714285714285714,975.5285714285714,3.0,232.58424549355067
1995-12-02,-2.5875,975.125,12.0,191.56689174271986
1995-12-03,-3.15,971.825,14.285714285714286,185.0
1995-12-04,-3.275,968.9125,11.0,233.94675178320236
1995-12-05,-4.2125,964.125,4.666666666666667,284.5878472113184
1995-12-06,-3.1142857142857143,965.7,1.6666666666666667,289.2245751345626
1995-12-07,-4.742857142857143,969.0142857142857,3.0,245.0
1995-12-08,-3.7,963.82,,276.1823157062088
1995-12-09,-1.9142857142857144,959.2428571428571,8.5,255.72317580176434
1995-12-10,-0.7666666666666666,960.3833333333333,5.333333333333333,192.3877348049465
1995-12-11,-1.775,964.95,,172.0073449794975
1995-12-12,-2.575,957.6375,11.0,177.61040062658822
1995-12-13,-2.7875,956.875,3.6,339.70648090292184
1995-12-14,-2.216666666666667,961.9125,3.0,342.0094800062061
1995-12-15,-0.9875,968.8375,3.5,175.97793277528316
1995-12-16,-1.6166666666666665,970.9833333333332,8.0,172.57301294192837
1995-12-17,-3.4200000000000004,969.0200000000001,12.5,188.370462834839
1995-12-18,-3.16,967.9200000000001,5.25,187.96363481251979
1995-12-19,-2.8857142857142857,961.3571428571429,4.0,309.40350450294295
1995-12-20,-2.957142857142857,960.6857142857143,8.25,121.41638105209695
1995-12-21,-0.04999999999999999,961.7625,6.0,214.0475674154292
1995-12-22,0.46249999999999997,963.65,,237.98156612639593
1995-12-23,3.5250000000000004,964.8375,4.0,215.1419866423891
1995-12-24,1.375,968.05,11.333333333333334,181.25538450902272
1995-12-25,-0.9428571428571428,969.2428571428571,7.0,147.16609424741995
1995-12-26,-2.2666666666666666,969.0,7.0,103.46943953360942
1995-12-27,-1.72,968.78,4.5,334.65748353232647
1995-12-28,-2.04,966.8000000000001,2.857142857142857,315.8696848049062
1995-12-29,-3.283333333333333,963.6714285714286,11.6,148.77658974408064
1995-12-30,-2.6999999999999997,967.6,2.0,228.98522522793718
1995-12-31,-2.975,964.175,3.25,294.38112480318415
1996-01-01,-5.2125,966.8125,19.4,173.47734093956132
1996-01-02,-5.65,971.625,22.0,170.05115735938375
1996-01-03,-4.9875,971.7875,9.0,169.37287277588072
1996-01-04,-4.1125,970.45,5.666666666666667,139.32434809439374
1996-01-05,-5.3625,976.35,,200.18859218022055
1996-01-06,-4.5285714285714285,977.375,4.333333333333333,347.02373756144533
1996-01-07,-3.9857142857142853,974.125,4.25,330.25319944100784
1996-01-08,-3.9375,975.95,3.6666666666666665,164.41150210887898
1996-01-09,-1.6428571428571428,983.9125,2.75,286.9606087423083
1996-01-10,-0.6857142857142857,982.2,2.4285714285714284,305.4121527886816
1996-01-11,-1.075,979.8375,6.8,215.88380964791054
1996-01-12,-3.1875,976.5375,5.5,108.33864919421386
1996-01-13,-3.25,973.825,4.0,193.05779909979944
1996-01-14,-3.4,967.8625,10.0,167.60109106157876
1996-01-15,-3.9625,968.5749999999999,8.6,175.63268826528406
1996-01-16,-3.4125,968.95,5.75,241.12031792578478
1996-01-17,-3.575,969.6125,5.5,278.79397688699686
1996-01-18,-4.942857142857143,968.6125,8.0,174.83329733981637
1996-01-19,-4.085714285714286,968.175,3.5,120.45308515526041
1996-01-20,-4.775,963.65,8.333333333333334,174.16172763810084
1996-01-21,-5.085714285714286,961.8625,10.0,174.96163122670254
1996-01-22,-2.8000000000000003,967.85,2.3333333333333335,171.2088579262081
1996-01-23,-4.1125,971.5875,7.0,180.5084062046332
1996-01-24,-4.2375,969.8142857142857,16.0,176.35932968936103
1996-01-25,-2.825,969.475,6.75,299.7977306112125
1996-01-26,-3.0625,974.9375,20.0,231.23373862675223
1996-01-27,-2.085714285714286,981.925,5.0,218.5652321410438
1996-01-28,-1.0875,984.6375,,183.90041920403405
1996-01-29,-0.7875000000000001,982.2,11.0,191.18231570620878
1996-01-30,-1.0125,984.5625,15.0,191.23598768961912
1996-01-31,-0.5875,984.4625,19.0,185.49567142893545
1996-02-01,-0.475,984.975,8.0,211.3862669629282
1996-02-02,-1.7125,981.4,7.5,203.686573659705
1996-02-03,-2.05,987.375,10.25,191.1859466260093
1996-02-04,-0.42500000000000004,983.6875,,186.85577518608562
1996-02-05,-0.5875,985.175,8.0,177.58442226864875
1996-02-06,-0.7,978.5,2.5,288.2858444925074
1996-02-07,-2.6142857142857143,974.1375,5.0,205.0679038570907
1996-02-08,-4.2875,984.275,,184.70764186673495
1996-02-09,-3.9625,988.0875,10.0,296.00817615773747
1996-02-10,-4.325,983.475,9.0,175.15429285950344
1996-02-11,-6.1375,981.6375,12.4,201.8757318772083
1996-02-12,-7.2875,977.875,10.5,191.8478256719919
1996-02-13,-7.9,978.7625,11.0,184.71783488138382
1996-02-14,-4.1125,975.925,,305.24676544327673
1996-02-15,-5.2625,961.7375,10.0,193.0259976978863
1996-02-16,-7.075,966.1,11.333333333333334,186.00244393710275
1996-02-17,-5.6000000000000005,974.175,1.0,258.6677459791554
1996-02-18,-7.7125,972.525,6.0,199.3844659499081
1996-02-19,-10.2,971.775,20.166666666666668,181.25538450902272
1996-02-20,-8.9125,975.3125,14.5,185.0
1996-02-21,-9.7125,977.675,11.5,219.11478517803363
1996-02-22,-11.525,977.1125000000001,13.75,180.0
1996-02-23,-10.7125,977.8875,14.25,178.57606625494847
1996-02-24,-12.1625,976.85,14.0,177.51437930669928
1996-02-25,-13.325,975.65,17.166666666666668,181.67043694469768
1996-02-26,-11.2625,973.4625,19.857142857142858,189.96148268754254
1996-02-27,-11.1375,972.8125,17.0,242.8466912062035
1996-02-28,-10.7875,972.075,12.666666666666666,185.19359599940975
1996-02-29,-12.4125,976.1625,21.0,185.0192580920761
1996-03-01,-10.5625,976.875,16.0,185.57710199436184
1996-03-02,-8.2,972.8125,3.0,206.26210693106208
1996-03-03,-11.0125,969.775,14.5,184.9808887524834
1996-03-04,-13.7125,967.825,15.666666666666666,175.0
1996-03-05,-14.1625,965.375,14.25,180.0
1996-03-06,-16.125,968.5124999999999,22.333333333333332,170.0
1996-03-07,-17.475,971.8375,21.833333333333332,176.67043694469768
1996-03-08,-14.45,968.8,15.5,241.63627258837698
1996-03-09,-10.0625,965.475,,232.34853316004484
1996-03-10,-12.7625,974.4125,13.0,187.52109477160752
1996-03-11,-12.4,981.0,2.0,226.53056046639057
1996-03-12,-13.95,976.3125,14.333333333333334,186.24817078386596
1996-03-13,-17.2375,967.275,19.5,173.98522522793718
1996-03-14,-18.412499999999998,978.65,18.0,201.8622187215942
1996-03-15,-17.375,982.0,,236.85680097751725
1996-03-16,-11.083333333333334,976.95,48.0,228.02725051891133
1996-03-17,-4.875,971.3875,,215.24377827772543
1996-03-18,-14.2125,964.7875,10.0,187.1309014922603
1996-03-19,-17.157142857142855,969.4875,,178.7754945854906
1996-03-20,-16.0125,973.075,,247.4952312784634
1996-03-21,-14.6375,967.75,,278.43095602330243
1996-03-22,-15.425,968.225,15.6,215.61899316599704
1996-03-23,-16.625,971.95,7.0,304.3535440921042
1996-03-24,-18.37142857142857,968.775,,285.1118369741522
1996-03-25,-18.4375,966.375,7.0,153.815503201622
1996-03-26,-20.675,971.225,,170.07732941137505
1996-03-27,-19.4875,978.7,,174.9744859128741
1996-03-28,-22.15,977.1,19.0,190.20111754920507
1996-03-29,-14.8875,970.0375,14.25,178.73016060634586
1996-03-30,-10.9,964.925,27.0,170.0
1996-03-31,-13.0375,970.075,28.0,196.6199462290715
1996-04-01,-20.3,971.5625,,231.55869539825628
1996-04-02,-17.614285714285714,977.1625,,244.48674039386583
1996-04-03,-18.9,971.8625,,256.9512397053435
1996-04-04,-18.7125,954.4875,,253.86937174716388
1996-04-05,-19.6875,957.0625,10.0,209.7771340681919
1996-04-06,-16.125,963.925,,215.9032661692135
1996-04-07,-17.7625,970.3125,2.0,244.24423253677168
1996-04-08,-19.25714285714286,971.5875,31.0,230.0
1996-04-09,-18.1625,964.7375,,241.15391994546934
1996-04-10,-21.2,952.2,,269.9747042880337
1996-04-11,-15.35,946.9375,,241.43476785895615
1996-04-12,-11.442857142857141,952.6875,,196.90943939758301
1996-04-13,-13.0,969.775,,280.54752697653754
1996-04-14,-10.325,963.7375,,279.061970932045
1996-04-15,-12.416666666666666,966.6375,6.0,224.9326353489136
1996-04-16,-11.25,954.025,,250.36845499971813
1996-04-17,-11.3125,955.725,,163.32956305530232
1996-04-18,-13.775,960.2625,6.0,251.56505117707798
1996-04-19,-9.5875,963.0375,6.5,197.15932600621582
1996-04-20,-9.5875,971.3875,19.0,211.5751747214016
1996-04-21,-10.8,982.3,11.0,240.75342248227258
1996-04-22,-13.325,968.3875,,225.4201327828406
1996-04-23,-17.2375,968.875,,182.40149439657378
1996-04-24,-18.6125,973.825,2.0,322.70502334221595
1996-04-25,-15.1,974.9125,,255.158331652252
1996-04-26,-18.425,977.55,0.0,286.1823157062088
1996-04-27,-22.2625,982.125,6.5,303.73789306893786
1996-04-28,-22.8375,968.775,0.0,215.89347467871912
1996-04-29,-21.2375,967.9125,,226.2785936968388
1996-04-30,-24.925,967.9625,22.0,244.92326698343027
1996-05-01,-25.1375,968.2,2.6666666666666665,316.9134502764763
1996-05-02,-22.1625,966.6625,4.0,302.6714431845865
1996-05-03,-23.3125,970.225,2.0,225.88380964791057
1996-05-04,-22.675,971.4,6.0,312.4589440131643
1996-05-05,-21.7375,970.5625,,242.56958185014207
1996-05-06,-19.125,967.4375,,244.18147812079366
1996-05-07,-19.475,965.75,15.0,204.76316648277034
1996-05-08,-17.775,966.1,2.5,36.55461254389698
1996-05-09,-14.8625,959.2875,20.0,185.0
1996-05-10,-13.487499999999999,963.8375,,206.47043722217185
1996-05-11,-15.175,969.6125,,233.46943953360943
1996-05-12,-16.4125,968.9,,231.88230610018994
1996-05-13,-16.225,954.2125,,257.56507015962825
1996-05-14,-17.05,944.2375,,299.40350450294295
1996-05-15,-18.75,962.5375,,286.5524031111988
1996-05-16,-17.5,964.6875,,270.0
1996-05-17,-20.35,961.8125,21.0,180.0
1996-05-18,-23.5625,969.7125,11.666666666666666,181.25059068742527
1996-05-19,-22.2875,981.075,11.333333333333334,196.16084983140223
1996-05-20,-24.0625,983.05,3.5,198.94675178320236
1996-05-21,-28.5625,980.6375,8.5,182.54335846165483
1996-05-22,-30.875,980.9625,,350.2935190970781
1996-05-23,-29.775,984.4625,2.5,305.0
1996-05-24,-28.95,994.8125,7.0,224.39964623317204
1996-05-25,-26.1125,1003.9,8.0,171.99511928850873
1996-05-26,-24.0375,1002.8125,,281.7380338002901
1996-05-27,-23.625,988.2875,2.0,193.363727411623
1996-05-28,-25.75,972.725,5.2,149.06197093204506
1996-05-29,-27.9875,971.3375,0.0,339.89726994731353
1996-05-30,-30.65,973.1125,,
1996-05-31,-32.9,979.45,,
1996-06-01,-29.1875,982.6625,,181.43034733322025
1996-06-02,-27.0,976.4,,305.972919902553
1996-06-03,-23.05,960.6625,,251.32318953902035
1996-06-04,-27.2875,963.45,13.0,181.2698393936541
1996-06-05,-26.5125,964.8625,18.0,176.23865635326248
1996-06-06,-26.425,967.675,15.0,227.3961595234455
1996-06-07,-29.462500000000002,971.5625,,192.84640269282878
1996-06-08,-27.65,977.025,,321.316685261108
1996-06-09,-28.085714285714285,976.525,4.0,190.0
1996-06-10,-29.125,974.85,,183.36372741162302
1996-06-11,-27.985714285714288,972.2875,,291.43963517717316
1996-06-12,-23.099999999999998,969.6375,,236.86369015310282
1996-06-13,-19.18,970.175,5.0,202.82293585830146
1996-06-14,-21.3875,969.075,17.0,197.16363152642523
1996-06-15,-19.6375,966.5875,,213.48860832816644
1996-06-16,-20.6125,964.15,15.0,239.48786171368306
1996-06-17,-22.7875,958.5375,,226.71466264729773
1996-06-18,-21.95,950.425,,337.4860492872396
1996-06-19,-24.0125,955.85,17.0,186.6019358637103
1996-06-20,-21.975,957.25,,321.36346271979164
1996-06-21,-25.15,969.45,,264.7954983102981
1996-06-22,-25.166666666666668,978.9,1.0,230.82441007344255
1996-06-23,-28.2,982.1,,199.57906629793393
1996-06-24,-23.2375,976.0,14.0,252.4246536401463
1996-06-25,-13.62857142857143,965.7375,,200.05092220453102
1996-06-26,-14.025,967.1375,29.0,250.0
1996-06-27,-17.8375,968.3125,38.0,236.00244393710273
1996-06-28,-17.15,981.7625,26.0,189.83678694724122
1996-06-29,-19.214285714285715,979.9625,,203.3966913663
1996-06-30,-24.0,963.6125,20.0,190.62712722411928
1996-07-01,-21.814285714285713,951.325,,264.610629448467
1996-07-02,-16.1,960.15,27.0,225.4773122495929
1996-07-03,-19.400000000000002,969.2875,22.5,246.1741372816987
1996-07-04,-22.1625,969.6875,,261.36581613863575
1996-07-05,-20.133333333333333,959.075,4.0,276.91751116596504
1996-07-06,-24.125,962.4125,23.333333333333332,254.8101580742371
1996-07-07,-25.5125,965.9125,3.0,272.4874729530414
1996-07-08,-28.6375,969.375,,201.939212870334
1996-07-09,-29.3375,970.1875,,286.05324821679767
1996-07-10,-24.475,963.025,,263.18756454583
1996-07-11,-17.5375,964.6,,228.39079068996472
1996-07-12,-13.4875,960.625,33.0,218.82530441591027
1996-07-13,-18.55,970.0125,17.0,203.50904511512462
1996-07-14,-25.5625,977.5375,17.0,215.25115369511042
1996-07-15,-23.6875,975.35,22.0,256.8709117478311
1996-07-16,-20.5125,976.75,20.333333333333332,272.48425650818916
1996-07-17,-25.725,974.5125,4.666666666666667,176.67043694469768
1996-07-18,-28.4875,978.5,4.0,199.99999999999997
1996-07-19,-33.0375,980.825,4.0,222.17267293340097
1996-07-20,-30.3625,972.7,,213.81858874647605
1996-07-21,-26.642857142857142,962.5625,,265.53439707271417
1996-07-22,-19.9,963.4625,,245.473054402281
1996-07-23,-20.15,970.8875,,225.04439468601726
1996-07-24,-24.728571428571428,962.625,,160.32170254018249
1996-07-25,-23.8125,981.7625,,180.57403329506042
1996-07-26,-25.05,984.05,2.0,219.1879073143903
1996-07-27,-26.3375,986.7875,,90.0
1996-07-28,-29.6125,984.2125,1.0,350.0
1996-07-29,-30.0,974.65,8.333333333333334,184.76316648277034
1996-07-30,-27.619999999999997,970.85,2.0,243.70555857048186
1996-07-31,-21.12857142857143,966.6625,,189.19662156473385
1996-08-01,-15.625,972.175,,233.76862040431303
1996-08-02,-16.675,971.1374999999999,,213.33418859140042
1996-08-03,-22.714285714285715,967.575,,217.60384047655452
1996-08-04,-23.87142857142857,960.2125,,263.9655986200539
1996-08-05,-13.783333333333333,956.4625,11.0,193.77202290806034
1996-08-06,-11.425,957.7125,2.0,260.3829761407184
1996-08-07,-12.4,957.975,13.5,167.94094540081485
1996-08-08,-17.4375,955.8,4.0,286.98741600180216
1996-08-09,-22.585714285714285,950.6875,7.5,199.99999999999997
1996-08-10,-20.925,964.125,,230.6756519056062
1996-08-11,-23.35,975.275,19.0,227.66626510765866
1996-08-12,-23.7125,979.9625,8.0,293.7952517122276
1996-08-13,-20.383333333333336,981.2375,,235.57242752657362
1996-08-14,-24.7125,988.75,2.0,325.0
1996-08-15,-22.6875,988.5625,2.0,302.6038404765545
1996-08-16,-21.175,989.025,6.0,321.9582182559532
1996-08-17,-22.325,979.1375,,183.4320489166297
1996-08-18,-27.425,977.1875,17.4,184.9807419079239
1996-08-19,-28.8,967.1125,10.0,177.36925978756994
1996-08-20,-26.3125,967.45,10.0,333.34704873666874
1996-08-21,-23.4375,972.575,,212.53000142426927
1996-08-22,-21.87142857142857,972.9375,,258.36070220189066
1996-08-23,-21.857142857142858,975.8625,,220.7300567689651
1996-08-24,-17.95,977.525,41.0,180.0
1996-08-25,-5.2625,985.275,,157.48562069330072
1996-08-26,-9.883333333333335,995.0875,,182.44703438127848
1996-08-27,-9.057142857142857,996.45,25.0,190.4609961383836
1996-08-28,-8.425,984.95,,239.36752720723945
1996-08-29,-15.5375,980.475,,209.80040987784992
1996-08-30,-14.975,983.9625,8.0,196.27968198474505
1996-08-31,-13.475,985.9,16.0,191.67582270885012
1996-09-01,-16.857142857142858,988.7625,,191.09344432282347
1996-09-02,-20.625,989.8125,19.5,228.96559862005395
1996-09-03,-19.9125,988.275,3.5,256.84552302721227
1996-09-04,-19.075,987.5125,2.0,349.3950294337046
1996-09-05,-22.6375,991.075,3.0,193.08248883403496
1996-09-06,-22.1625,993.6125,,243.54372725754405
1996-09-07,-20.725,990.55,3.5,230.0
1996-09-08,-17.75,989.8,2.5,242.4198325268672
1996-09-09,-17.4375,992.2375,1.6666666666666667,308.5652321410438
1996-09-10,-23.266666666666666,983.3,,185.0
1996-09-11,-25.05,982.6,4.0,238.9885861899405
1996-09-12,-27.325,977.675,19.0,247.39801143841566
1996-09-13,-26.3375,977.8375,,317.1383921981015
1996-09-14,-24.414285714285715,980.0,,330.0
1996-09-15,-18.6375,976.7125,,328.8674232428637
1996-09-16,-20.4,967.6125,5.5,181.5149561576153
1996-09-17,-21.0,966.5375,,244.09665739848518
1996-09-18,-20.0,969.275,23.0,274.2366586273791
1996-09-19,-23.428571428571427,972.475,,184.05525268553646
1996-09-20,-17.17142857142857,971.2125,,252.33754247316705
1996-09-21,-18.8375,972.1,29.0,252.21152973287872
1996-09-22,-19.849999999999998,975.05,,224.99999999999997
1996-09-23,-25.25714285714286,971.775,4.0,170.0
1996-09-24,-20.599999999999998,959.95,4.0,274.8504345924509
1996-09-25,-24.725,952.6625,,174.67829745981751
1996-09-26,-21.349999999999998,957.0625,,186.12689744058488
1996-09-27,-21.5375,967.8,8.0,241.12175313777936
1996-09-28,-21.2625,967.825,4.0,180.58528423477563
1996-09-29,-23.2,966.275,,195.57018608055435
1996-09-30,-23.6875,975.6875,7.0,255.282470408257
1996-10-01,-20.9125,977.775,,255.15833165225197
1996-10-02,-23.32857142857143,972.075,,225.06513276692016
1996-10-03,-14.466666666666667,960.75,,240.2935190970781
1996-10-04,-14.266666666666666,956.1875,15.333333333333334,185.90334260151482
1996-10-05,-20.775,965.6375,29.0,180.96565876073979
1996-10-06,-15.125,967.5125,,218.42108505380756
1996-10-07,-14.7125,967.7375,,198.31153705521476
1996-10-08,-15.7125,962.7,,201.97446834608118
1996-10-09,-13.5,959.8125,,232.80529670033604
1996-10-10,-17.3125,955.9625,11.4,194.8088543175715
1996-10-11,-21.2625,964.425,10.666666666666666,14.755382840136482
1996-10-12,-22.7625,972.1,3.5,318.3295630553023
1996-10-13,-21.2375,973.875,3.3333333333333335,310.87394172511483
1996-10-14,-20.9875,970.35,2.5,134.60319545238283
1996-10-15,-21.0,970.2375,7.0,174.38294265062115
1996-10-16,-23.5125,966.3125,,180.0
1996-10-17,-19.728571428571428,952.4875,4.0,288.18719301419134
1996-10-18,-21.35,950.15,9.0,237.97541645095538
1996-10-19,-19.5625,958.175,14.5,178.56965266677975
1996-10-20,-21.475,956.5375,13.0,178.37211470017826
1996-10-21,-22.175,950.1375,13.0,181.67043694469768
1996-10-22,-25.0875,940.1875,14.0,173.80021207031217
1996-10-23,-26.5375,935.7125,7.0,187.9926550205025
1996-10-24,-24.05,941.2375000000001,2.0,251.43476785895615
1996-10-25,-20.166666666666668,942.6,4.0,324.6560670624634
1996-10-26,-16.575,945.3125,15.666666666666666,220.88061577654938
1996-10-27,-12.6375,950.85,,262.34501478967496
1996-10-28,-15.9375,954.2625,,179.29721977533748
1996-10-29,-12.642857142857142,963.0875,,286.70118687466436
1996-10-30,-16.0125,971.7375,,185.0383687732975
1996-10-31,-18.9625,978.075,21.0,181.9951192885087
1996-11-01,-19.0,969.1125,,251.61440061768388
1996-11-02,-17.65,966.6375,,303.27911233901153
1996-11-03,-13.725,966.4375,,284.6016921346048
1996-11-04,-16.366666666666664,967.0625,3.0,175.1558514638122
1996-11-05,-12.471428571428572,962.15,,219.65185367214403
1996-11-06,-9.35,961.975,,179.24500957334573
1996-11-07,-9.775,970.825,15.5,213.17438560805073
1996-11-08,-6.175,976.1875,4.2,302.46617670737686
1996-11-09,-5.7125,984.3625,2.0,296.1690726175983
1996-11-10,-5.814285714285715,978.975,,271.2567991505279
1996-11-11,-8.4,969.05,,180.75701858064213
1996-11-12,-8.6875,967.3125,7.0,227.0237375614453
1996-11-13,-8.8,977.9,,290.9580929267579
1996-11-14,-4.7625,986.8625,,253.42690734383632
1996-11-15,-6.8375,977.25,3.6666666666666665,332.8987428959678
1996-11-16,-7.7375,987.1125,10.0,249.99999999999994
1996-11-17,-4.95,993.0625,7.5,260.0
1996-11-18,-4.65,982.9375,2.3333333333333335,262.5050038681801
1996-11-19,-7.1,978.625,,263.0296339491595
1996-11-20,-8.6875,976.9125,11.0,307.9142501027312
1996-11-21,-8.075,978.55,3.6666666666666665,136.8238686429468
1996-11-22,-7.15,979.8,2.3333333333333335,0.7957439214442384
1996-11-23,-6.6625,973.1125,3.3333333333333335,182.30475588615113
1996-11-24,-5.8375,973.6125,10.0,177.15359730717122
1996-11-25,-6.6625,975.8,,167.5047687215366
1996-11-26,-6.5125,974.125,29.0,166.67043694469768
1996-11-27,-5.375,973.1,26.8,185.0
1996-11-28,-5.475,971.4375,17.0,181.6278852998217
1996-11-29,-7.3999999999999995,969.1625,16.0,182.09374869136784
1996-11-30,-4.325,968.65,4.0,230.2651355958316
1996-12-01,-3.825,969.65,8.666666666666666,170.15404628604668
1996-12-02,-4.3375,972.2125,35.0,171.66196100935926
1996-12-03,-2.6375,982.525,,210.4121527886816
1996-12-04,-2.857142857142857,973.45,2.6666666666666665,270.19223606031386
1996-12-05,-2.775,966.7375,6.0,303.5597647989414
1996-12-06,-2.6833333333333336,971.2875,1.6666666666666667,156.56442671845915
1996-12-07,-2.757142857142857,973.2125,4.0,61.992105911638724
1996-12-08,-2.35,968.2125,6.0,212.92919657629218
1996-12-09,-2.575,973.225,13.5,187.41684494424624
1996-12-10,-1.8375,975.7625,4.0,170.23683351722966
1996-12-11,-2.5,978.9625,6.666666666666667,172.69390446361558
1996-12-12,-3.6375,979.9,11.0,171.26983939365417
1996-12-13,-3.5375,982.9875,9.0,291.5111345998672
1996-12-14,-2.2625,979.4,6.4,350.1039093610171
1996-12-15,-2.5285714285714285,978.625,3.3333333333333335,2.3826741297242164
1996-12-16,-3.2,976.1125,3.75,174.42112438043029
1996-12-17,-4.9625,979.6625,6.75,139.01481697457982
1996-12-18,-3.2142857142857144,971.5,3.0,109.62331800686093
1996-12-19,-3.475,974.1375,13.0,195.40445401589955
1996-12-20,-0.9125,973.7625,,299.58511178969184
1996-12-21,-3.35,973.175,,171.30031057878531
1996-12-22,-4.0,977.85,8.5,163.24627137644868
1996-12-23,-1.4142857142857144,978.3874999999999,1.0,24.827339072105886
1996-12-24,1.6875,972.75,7.5,196.03440137994602
1996-12-25,0.525,967.925,12.333333333333334,175.0
1996-12-26,0.12500000000000003,968.875,8.666666666666666,201.78276434522948
1996-12-27,-2.125,966.025,,186.1159486455574
1996-12-28,-3.6875,965.2625,,183.69170613085907
1996-12-29,-2.0375,963.75,7.0,319.62555594347083
1996-12-30,-1.275,968.8,9.5,190.29771570752476
1996-12-31,0.4833333333333334,971.6,7.75,178.66323724008475
1997-01-01,1.2285714285714284,973.425,3.5,267.9113369190131
1997-01-02,-1.1428571428571428,973.225,2.3333333333333335,221.7296177978185
1997-01-03,-0.5375,971.0875,2.0,296.22967860758996
1997-01-04,-0.5714285714285714,969.7875,9.0,171.24365951381907
1997-01-05,-2.825,971.85,8.75,336.24817078386593
1997-01-06,-1.9857142857142858,973.825,5.428571428571429,324.34199469222335
1997-01-07,-2.2875,969.9125,3.75,304.38367347222754
1997-01-08,-5.2125,970.075,15.8,168.04178174404677
1997-01-09,-3.7125,972.5,8.333333333333334,153.57472329114856
1997-01-10,-3.55,975.2875,6.5,191.64974371385466
1997-01-11,-5.8125,976.2125,9.5,184.9744859128741
1997-01-12,-7.525,976.8375,14.6,185.69733859458466
1997-01-13,-5.6375,976.35,4.0,337.9113369190131
1997-01-14,-2.533333333333333,973.35,2.2,233.794842700551
1997-01-15,-1.5875000000000001,974.1625,,199.99999999999997
1997-01-16,-2.8857142857142857,977.7875,4.333333333333333,178.34736539017197
1997-01-17,-3.675,980.1875,2.0,348.13529916557457
1997-01-18,-2.7875,982.1125,4.5,178.32956305530232
1997-01-19,-2.6875,982.0625,12.5,176.25298301376884
1997-01-20,-3.425,979.45,16.0,176.01477477206282
1997-01-21,-4.3,978.4875,5.5,181.6961003221393
1997-01-22,-3.483333333333333,981.4,2.0,331.7049532705832
1997-01-23,-2.9,982.075,2.75,191.9975252490326
1997-01-24,-1.9375,978.3875,2.75,69.99999999999994
1997-01-25,-3.7875,972.95,7.0,195.5330370528467
1997-01-26,-5.875,970.3875,18.833333333333332,178.74940931257473
1997-01-27,-5.2625,974.4875,18.2,173.363727411623
1997-01-28,-4.875,977.5125,15.5,182.54335846165483
1997-01-29,-4.6125,976.75,3.0,160.31937767953352
1997-01-30,-5.05,981.6875,9.0,228.80908968173296
1997-01-31,-4.5875,984.75,3.5,258.0655628189422
1997-02-01,-5.6571428571428575,984.9,5.666666666666667,272.94888146265396
1997-02-02,-5.6125,985.9625,9.666666666666666,280.407003637162
1997-02-03,-5.0625,985.3,3.25,252.75509938700168
1997-02-04,-7.15,980.2625,19.75,266.7772843266297
1997-02-05,-5.675,978.55,,267.69933853291286
1997-02-06,-5.4375,977.7625,6.5,217.39615952344548
1997-02-07,-5.5125,974.7,8.0,297.0400805239923
1997-02-08,-7.1,973.4875,22.333333333333332,175.0
1997-02-09,-6.5125,975.4375,,262.91409809632455
1997-02-10,-7.05,975.6875,19.0,181.25538450902272
1997-02-11,-10.1,979.5375,18.0,173.76134364673752
1997-02-12,-11.05,978.8,9.25,191.70495327058322
1997-02-13,-11.3625,971.0,15.0,209.96028043007817
1997-02-14,-9.575,969.6,4.0,229.67343535490306
1997-02-15,-10.6375,974.1875,15.2,195.0255140871259
1997-02-16,-10.55,976.9625,12.428571428571429,191.25538450902275
1997-02-17,-11.7125,978.5375,15.2,192.2529621677657
1997-02-18,-12.175,979.775,16.75,186.00244393710275
1997-02-19,-13.225,972.75,38.0,170.0
1997-02-20,-9.1375,968.975,,150.0
1997-02-21,-11.2625,970.175,16.8,178.74461549097728
1997-02-22,-12.3375,970.425,9.0,249.99999999999997
1997-02-23,-12.425,971.425,,242.42698705807163
1997-02-24,-14.075,973.25,13.75,185.0
1997-02-25,-12.674999999999999,978.95,8.0,194.94192521246936
1997-02-26,-12.9875,981.2625,15.0,163.76134364673754
1997-02-27,-12.3875,975.4375,24.5,176.67043694469768
1997-02-28,-15.2375,965.5625,16.333333333333332,213.69216537502146
1997-03-01,-17.325,963.7125,18.5,212.37856231052425
1997-03-02,-16.8125,973.7875,22.5,229.99999999999997
1997-03-03,-12.2875,973.8874999999999,,259.8449663280205
1997-03-04,-12.1625,966.6,5.0,252.56958185014207
1997-03-05,-13.7,964.1125,2.5,226.917511165965
1997-03-06,-18.0375,965.775,20.333333333333332,227.99265502050247
1997-03-07,-14.7875,964.3625,5.5,253.90554458296253
1997-03-08,-13.575,965.3625,5.714285714285714,176.29739281874905
1997-03-09,-15.35,967.9625,14.0,177.37705084413398
1997-03-10,-16.3875,965.2625,30.0,175.0
1997-03-11,-17.65,958.9625,9.25,194.9744859128741
1997-03-12,-18.0875,952.95,,214.80736494922863
1997-03-13,-16.8,950.9375,13.0,258.77202290806036
1997-03-14,-17.9875,960.3625,,206.1498588041079
1997-03-15,-17.0875,971.85,6.0,184.70648090292187
1997-03-16,-16.3625,967.7625,6.0,313.9390386230433
1997-03-17,-17.2875,966.8125,,177.9926550205025
1997-03-18,-18.95,973.15,11.0,186.36378710183354
1997-03-19,-21.1,973.4125,12.0,205.04192403133047
1997-03-20,-23.4125,971.45,2.6666666666666665,273.022135665588
1997-03-21,-24.3875,969.225,5.75,310.26655440277716
1997-03-22,-21.55,973.525,1.6666666666666667,323.6807904987884
1997-03-23,-16.9,978.2625,4.0,290.0
1997-03-24,-16.3875,980.2625,9.666666666666666,264.70282734336666
1997-03-25,-18.7,984.5625,,170.0
1997-03-26,-21.0875,980.7625,7.0,183.11040067687165
1997-03-27,-21.65,969.825,3.0,284.7204396253327
1997-03-28,-24.275,958.075,7.4,183.7374294132844
1997-03-29,-24.5625,944.3375,3.0,333.8295546880116
1997-03-30,-19.675,954.3285714285714,,212.70502334221595
1997-03-31,-18.214285714285715,959.4625,,239.14655469913208
1997-04-01,-22.625,958.75,5.0,217.6449126488709
1997-04-02,-22.380000000000003,965.7875,,239.91440080415708
1997-04-03,-22.214285714285715,971.85,,258.2532345460331
1997-04-04,-19.3,973.1,,225.10920452439396
1997-04-05,-14.2125,961.4125,,270.6250935570545
1997-04-06,-17.1,961.3125,,211.09548557527586
1997-04-07,-16.75,959.2125,,330.23928159514935
1997-04-08,-16.5875,967.0125,11.0,248.29504672941675
1997-04-09,-18.525,974.35,13.0,176.67043694469768
1997-04-10,-24.4875,969.2,11.5,165.02577648437048
1997-04-11,-27.55,965.525,2.6666666666666665,300.19850123790764
1997-04-12,-26.8125,965.9,2.25,343.7816979264873
1997-04-13,-25.0,967.15,11.0,211.62953716516097
1997-04-14,-23.925,967.1,16.0,254.86838545338168
1997-04-15,-21.9125,973.225,,220.4530851552604
1997-04-16,-20.5625,980.375,3.0,311.1859466260093
1997-04-17,-19.7875,986.125,3.0,334.22457513456266
1997-04-18,-20.975,995.9375,2.0,262.6038404765545
1997-04-19,-18.85,998.175,4.0,327.0384312422179
1997-04-20,-21.3375,991.85,,180.0
1997-04-21,-24.225,987.0,1.0,170.1489238834161
1997-04-22,-26.942857142857143,984.3,,50.0
1997-04-23,-30.9625,979.25,,0.0
1997-04-24,-33.6,975.1125,,110.0
1997-04-25,-31.9375,974.3000000000001,14.0,297.87798714433313
1997-04-26,-31.414285714285715,963.925,,242.41470352991757
1997-04-27,-26.925,965.425,,258.7378930689379
1997-04-28,-23.071428571428573,969.6625,2.0,315.9236234829735
1997-04-29,-27.45,967.35,12.0,196.2183020735127
1997-04-30,-29.3625,968.225,12.0,308.44940774024315
1997-05-01,-25.875,968.1375,16.0,187.56539947069354
1997-05-02,-21.35,953.2625,,224.2017709620539
1997-05-03,-18.8,950.925,,196.30724317443435
1997-05-04,-17.8375,947.1125,26.0,255.1311106340862
1997-05-05,-16.6875,954.025,,188.3721202622098
1997-05-06,-20.9375,960.0125,16.5,182.42465364014632
1997-05-07,-21.8375,962.875,,276.471741605975
1997-05-08,-21.7625,968.7875,4.0,9.706480902921859
1997-05-09,-26.057142857142857,958.75,9.0,172.86516273833837
1997-05-10,-27.8,959.4,,192.70502334221595
1997-05-11,-28.4375,962.675,3.0,257.60008312873765
1997-05-12,-29.2125,965.2,11.0,182.51437930669928
1997-05-13,-31.5,970.4625,,205.57018608055435
1997-05-14,-28.2375,973.7875,1.0,264.3243480943937
1997-05-15,-26.342857142857145,965.025,,187.7723494139341
1997-05-16,-11.525,943.0375,,227.402939680765
1997-05-17,-14.9625,955.9125,,220.88380964791054
1997-05-18,-15.112499999999999,961.075,,288.32417729114985
1997-05-19,-13.5125,956.5,,207.32513941191553
1997-05-20,-16.3625,967.0125,7.333333333333333,208.370462834839
1997-05-21,-18.9,971.4625,19.0,268.3295630553023
1997-05-22,-22.45,962.0625,19.0,241.8311617046134
1997-05-23,-28.54285714285714,956.7625,,285.0900845991446
1997-05-24,-23.7,961.2375,5.75,224.32434809439377
1997-05-25,-20.525,965.025,24.0,264.1650782851457
1997-05-26,-21.25,966.0625,,200.999531850304
1997-05-27,-19.4625,977.1375,27.0,257.6790154173696
1997-05-28,-18.833333333333332,963.2125,,250.69588396856366
1997-05-29,-13.75,948.625,,251.28160392702193
1997-05-30,-20.057142857142857,954.3625,23.0,209.8768926292045
1997-05-31,-20.925,963.95,4.666666666666667,185.07732941137508
1997-06-01,-22.0875,971.0125,18.0,183.49104644141983
1997-06-02,-22.125,974.25,20.5,190.0
1997-06-03,-22.1375,982.2125,,249.93824331969415
1997-06-04,-25.816666666666666,980.4875,3.0,256.89479519634614
1997-06-05,-27.4875,970.8125,2.3333333333333335,184.52268775040704
1997-06-06,-27.1875,970.55,3.5,216.26210693106205
1997-06-07,-20.475,961.8625,35.0,242.49523127846336
1997-06-08,-16.175,962.975,,233.41444385788395
1997-06-09,-20.5625,954.3375,,251.13390828541793
1997-06-10,-20.15,957.65,,206.71415550749256
1997-06-11,-16.35,963.05,11.333333333333334,197.60384047655452
1997-06-12,-17.325,961.9625,,247.29360961732675
1997-06-13,-16.45,957.8875,,261.1685453245492
1997-06-14,-17.3375,960.275,2.0,312.12201285566687
1997-06-15,-21.75,971.6625,,208.39467804940355
1997-06-16,-23.5625,974.2125,,235.11751086971645
1997-06-17,-26.74285714285714,968.825,,237.29860162227249
1997-06-18,-22.52,965.9,,194.64428244841827
1997-06-19,-10.2875,970.3125,30.0,164.02206722471684
1997-06-20,-12.4,982.65,29.0,178.77813542348275
1997-06-21,-10.585714285714285,984.15,25.0,199.4310831765641
1997-06-22,-12.2875,993.5500000000001,,218.3295630553023
1997-06-23,-12.875,982.525,,287.5815049579019
1997-06-24,-18.975,980.85,24.0,175.87856313176033
1997-06-25,-19.4625,986.0375,,251.53056046639057
1997-06-26,-23.7375,988.3375,15.333333333333334,182.8526925517509
1997-06-27,-28.5,989.5125,17.0,180.0
1997-06-28,-27.7875,989.75,17.5,175.0
1997-06-29,-28.4375,988.0375,,180.0
1997-06-30,-30.8625,980.375,3.5,203.08248883403496
1997-07-01,-30.9375,973.05,,
1997-07-02,-30.1,972.475,3.0,303.3295630553023
1997-07-03,-21.8875,964.875,4.0,279.54177083784623
1997-07-04,-18.0625,966.5,,215.9941224595122
1997-07-05,-19.6625,972.3875,4.0,220.1873960198754
1997-07-06,-21.425,965.65,3.0,213.94247830642942
1997-07-07,-16.95,959.45,,299.99892802754243
1997-07-08,-17.7125,957.5,20.0,232.55387718312943
1997-07-09,-21.6625,966.175,,209.32434809439374
1997-07-10,-23.6125,959.2125,,246.04471183783232
1997-07-11,-27.5125,943.1,11.0,256.1648801270095
1997-07-12,-31.95,966.6625,27.0,210.32170254018249
1997-07-13,-26.339999999999996,974.7875,31.5,244.28393283033796
1997-07-14,-24.275,959.2,31.666666666666668,250.0
1997-07-15,-25.8,959.3875,12.0,188.30387553225677
1997-07-16,-23.6875,972.1125,3.5,300.2475040664242
1997-07-17,-21.725,975.325,1.5,340.35837711630506
1997-07-18,-27.8,966.1125,10.0,181.43034733322025
1997-07-19,-29.575,971.6125000000001,10.4,300.0
1997-07-20,-27.225,974.7375,1.0,348.3210002477982
1997-07-21,-31.037499999999998,972.275,11.25,180.0
1997-07-22,-30.4,968.875,11.0,345.2446171598635
1997-07-23,-33.55,965.75,9.0,179.93842216546938
1997-07-24,-31.4375,969.9625,21.5,176.67043694469768
1997-07-25,-24.3,967.2625,31.0,195.28661716769423
1997-07-26,-23.357142857142858,964.3125,3.0,278.08489279090634
1997-07-27,-27.1125,972.275,,231.22651844035997
1997-07-28,-32.8875,973.575,2.3333333333333335,191.70495327058322
1997-07-29,-33.975,967.775,,169.2765744930241
1997-07-30,-35.175,958.3125,6.0,175.0383687732975
1997-07-31,-35.475,967.1875,1.0,171.77728432662968
1997-08-01,-35.1625,972.6875,2.0,273.6306578872
1997-08-02,-34.18333333333334,953.775,33.0,265.00669554812606
1997-08-03,-32.3375,958.6125,,266.295656233504
1997-08-04,-31.675,960.4125,19.0,193.2863441287333
1997-08-05,-34.15714285714286,965.1125,,180.74920321557573
1997-08-06,-34.9875,958.3,1.0,344.4067325133359
1997-08-07,-29.3,954.4125,3.0,243.6656590283584
1997-08-08,-28.4125,954.5,,227.7470378322343
1997-08-09,-25.520000000000003,945.825,,205.12492828745937
1997-08-10,-29.18,958.025,16.0,209.02838773748195
1997-08-11,-21.7,957.1,,168.72521781198395
1997-08-12,-24.2125,966.675,,253.0177285748385
1997-08-13,-19.2375,956.9875,1.5,312.02496485698475
1997-08-14,-18.400000000000002,964.025,,177.90531838969633
1997-08-15,-21.05,968.3625000000001,,176.68778492797304
1997-08-16,-20.325,956.9,,252.23627393221102
1997-08-17,-19.2,962.125,,223.7939768869969
1997-08-18,-23.3625,966.85,16.0,194.99999999999997
1997-08-19,-28.650000000000002,964.9875,6.0,351.41013667344134
1997-08-20,-22.9875,969.75,7.0,282.4928833939708
1997-08-21,-26.925,967.9375,,185.56409651451273
1997-08-22,-28.433333333333334,974.2625,1.0,174.70648090292187
1997-08-23,-26.8875,974.425,3.5,331.6655095642558
1997-08-24,-29.4625,969.3625,1.0,261.62953716516097
1997-08-25,-26.875,969.7375,,202.11462876148983
1997-08-26,-27.675,970.2375,,305.618967233224
1997-08-27,-32.4,968.3,2.0,185.0
1997-08-28,-32.7625,970.2125,4.5,182.51193695655658
1997-08-29,-34.3875,975.85,,182.50476872153658
1997-08-30,-32.31428571428571,972.9375,,180.0
1997-08-31,-26.8875,972.3625,5.5,211.6734939117985
1997-09-01,-29.0125,967.1125,,231.09344432282347
1997-09-02,-24.683333333333334,965.7875,3.0,296.417618690433
1997-09-03,-18.657142857142855,974.35,,250.79611270395964
1997-09-04,-18.828571428571426,964.825,,246.98305334596864
1997-09-05,-22.0,955.7,,174.30266140541534
1997-09-06,-21.2125,965.2125,24.0,218.33449043574424
1997-09-07,-20.7375,966.9,,248.32417729114985
1997-09-08,-25.8,973.4375,,199.99999999999997
1997-09-09,-24.5875,958.975,15.0,180.0
1997-09-10,-24.625,953.875,,213.33291035476987
1997-09-11,-25.885714285714283,963.775,,174.9249850392273
1997-09-12,-26.75,983.7125,25.0,182.4952312784634
1997-09-13,-28.9375,979.65,5.0,191.56251986084968
1997-09-14,-32.0375,965.0375,,186.44033181482297
1997-09-15,-35.275,968.3875,6.0,195.96696487578487
1997-09-16,-32.875,965.525,8.0,266.2803506525466
1997-09-17,-31.7875,972.675,,187.1348372616616
1997-09-18,-27.325,977.75,27.0,180.0
1997-09-19,-22.55,976.1875,27.666666666666668,185.0
1997-09-20,-27.0375,976.9,,173.89258593972338
1997-09-21,-24.55,973.975,,182.45664153834517
1997-09-22,-17.2625,969.2,,205.85929351717556
1997-09-23,-16.1125,960.6875,,273.0998268721738
1997-09-24,-12.950000000000001,958.95,15.0,202.6038404765545
1997-09-25,-9.785714285714286,955.7375,,173.3980641362897
1997-09-26,-8.625,964.85,3.0,209.12605827488514
1997-09-27,-11.2625,968.575,,195.5475269765375
1997-09-28,-19.1125,971.3625,5.0,195.6316732604193
1997-09-29,-18.8625,971.35,,216.67043694469766
1997-09-30,-19.0,969.6875,,224.74359469607094
1997-10-01,-16.45,967.05,2.0,207.56904729714552
1997-10-02,-10.7375,958.525,,239.4609585129883
1997-10-03,-12.2375,960.725,,187.61155363671352
1997-10-04,-12.9375,968.1,12.5,216.26210693106205
1997-10-05,-10.5875,965.0875,,238.42891680959798
1997-10-06,-8.7125,965.5375,11.0,193.98407163249607
1997-10-07,-9.5125,973.7875,31.5,173.32956305530232
1997-10-08,-11.85,977.35,,180.10945227789233
1997-10-09,-15.9625,970.8625,10.0,219.7161084157968
1997-10-10,-13.4,962.2625,,181.944761658634
1997-10-11,-11.2625,965.15,15.666666666666666,162.6305024780064
1997-10-12,-9.75,967.475,,194.32434809439374
1997-10-13,-9.2875,966.2375,22.5,177.9926550205025
1997-10-14,-12.8625,969.8375,20.0,181.25538450902272
1997-10-15,-16.35,977.8375,21.5,170.0
1997-10-16,-17.175,976.425,7.5,157.73751050972416
1997-10-17,-19.7,974.3,15.833333333333334,185.0
1997-10-18,-20.325,970.1625,10.6,180.0
1997-10-19,-21.4125,972.9,8.4,184.356594919635
1997-10-20,-21.25,967.8625,2.75,325.0
1997-10-21,-20.2875,954.8625,13.0,192.7810661049497
1997-10-22,-16.0875,948.4375,,244.3737004247386
1997-10-23,-9.3625,945.1,,188.64562684807157
1997-10-24,-11.75,958.2375,,168.71031019868963
1997-10-25,-10.0875,962.1,12.5,185.0
1997-10-26,-13.771428571428572,961.8375,15.333333333333334,208.54224837453404
1997-10-27,-11.95,960.775,,186.04156553888222
1997-10-28,-12.5125,959.2125,12.0,194.99999999999997
1997-10-29,-14.1375,960.1625,3.0,305.50742872046976
1997-10-30,-13.4875,958.125,1.0,324.64010682738666
1997-10-31,-15.65,958.0375,5.0,258.30387553225677
1997-11-01,-17.175,953.825,10.0,182.8147874812403
1997-11-02,-18.4625,957.9875,17.0,187.9926550205025
1997-11-03,-16.9,954.1,4.5,304.5346740534246
1997-11-04,-13.299999999999999,952.225,,210.49512835644268
1997-11-05,-6.55,960.6,15.0,156.48164096368274
1997-11-06,-6.775,970.1375,14.333333333333334,196.5088889833213
1997-11-07,-6.1125,973.925,,188.73016060634586
1997-11-08,-4.6875,969.7125,10.0,174.28666881319506
1997-11-09,-4.65,979.1375,15.5,173.76134364673752
1997-11-10,-4.1125,981.2,23.666666666666668,178.32956305530232
1997-11-11,-4.1625,978.0625,28.5,176.00244393710275
1997-11-12,-4.875,978.3125,27.0,182.51437930669928
1997-11-13,-7.2124999999999995,976.25,15.166666666666666,189.9616312267025
1997-11-14,-5.8625,974.0125,10.666666666666666,181.45558178644717
1997-11-15,-4.175,971.3625,21.0,178.50963563963526
1997-11-16,-3.95,974.1875,22.0,187.51437930669925
1997-11-17,-3.3,969.5125,24.0,192.00734497949747
1997-11-18,-2.6125,970.0875,10.0,173.370462834839
1997-11-19,-1.675,975.575,18.0,169.99999999999997
1997-11-20,-1.3,981.9125,21.0,175.0
1997-11-21,0.375,983.9125,,184.2589616356343
1997-11-22,-1.125,989.375,17.0,178.77341572811696
1997-11-23,-2.7125,992.6875,,166.26734451052707
1997-11-24,-3.4,992.975,,163.29504672941675
1997-11-25,-2.2,991.275,3.0,153.0507734658303
1997-11-26,-4.7375,987.3,4.8,330.348709899243
1997-11-27,-6.4875,979.25,2.0,2.1666330042994857
1997-11-28,-6.7125,973.3625,3.75,277.1360486561769
1997-11-29,-9.025,980.775,7.333333333333333,181.22186457651725
1997-11-30,-6.425,985.575,3.0,306.9916335134966
1997-12-01,-6.15,981.375,4.0,332.1064964335953
1997-12-02,-4.75,979.375,2.25,116.73131185962231
1997-12-03,-5.5,982.4749999999999,3.6666666666666665,323.77032139241004
1997-12-04,-5.8875,985.2125,10.5,165.38937055153292
1997-12-05,-6.6875,988.5875,2.0,246.6019358637103
1997-12-06,-6.1375,980.8875,8.5,165.00000000000003
1997-12-07,-7.7875,986.35,17.333333333333332,170.0
1997-12-08,-7.3,988.475,12.0,157.7689385821859
1997-12-09,-6.328571428571428,982.625,3.0,121.95821825595323
1997-12-10,-5.9875,977.3,9.333333333333334,327.05770977348647
1997-12-11,-8.725,976.4,16.333333333333332,170.0
1997-12-12,-6.425,971.2,5.0,189.6645197060217
1997-12-13,-3.457142857142857,966.3375,2.0,203.49914579818926
1997-12-14,-4.6,969.1625,15.5,172.91575801031246
1997-12-15,-3.8875,979.625,7.333333333333333,329.5189199641254
1997-12-16,-5.325,976.0,3.0,176.82212622838506
1997-12-17,-4.0375,975.75,3.0,227.02373756144533
1997-12-18,-5.8625,975.6625,10.25,173.59990321600148
1997-12-19,-6.3125,974.25,5.333333333333333,333.75634048618093
1997-12-20,-5.125,975.425,14.5,167.7654022988559
1997-12-21,-5.2375,982.6,12.666666666666666,187.2772753190938
1997-12-22,-1.65,978.1375,7.0,279.303326115976
1997-12-23,-0.9875,973.675,5.25,204.58784721131838
1997-12-24,0.48750000000000004,978.55,5.5,185.79730448006293
1997-12-25,-1.0,981.55,10.0,193.4228720383345
1997-12-26,-0.4125,973.6375,3.0,330.1358506638739
1997-12-27,0.3375,973.1375,,310.70226512288883
1997-12-28,-1.4857142857142858,977.5,3.2857142857142856,324.8052306937952
1997-12-29,-2.9142857142857146,974.2625,1.0,272.6376037480252
1997-12-30,-1.2571428571428573,976.9625,14.0,176.33467526456977
1997-12-31,-1.3375000000000001,976.3375,5.4,178.74461549097728
1998-01-01,-2.0125,977.7125,11.5,190.3923664510324
1998-01-02,-2.125,971.6,8.666666666666666,334.77047005744913
1998-01-03,-3.325,972.875,13.5,166.0147747720628
1998-01-04,-2.9124999999999996,974.85,5.25,137.98404463119545
1998-01-05,-3.2125,975.825,9.5,199.44146394258786
1998-01-06,-3.02,973.775,1.0,341.6736299591876
1998-01-07,-2.957142857142857,976.0375,2.2,311.3893599088931
1998-01-08,-4.2875,979.8,11.5,162.05739038160075
1998-01-09,-5.1,978.2625,3.1666666666666665,136.96860534090075
1998-01-10,-4.0875,974.775,10.666666666666666,181.22186457651725
1998-01-11,-3.8625,972.3,3.0,180.0
1998-01-12,-3.8625,968.425,3.2857142857142856,346.262106931062
1998-01-13,-2.975,971.0375,,290.93147819593645
1998-01-14,-4.0875,976.9125,9.6,177.55296561872152
1998-01-15,-4.771428571428571,976.325,4.333333333333333,304.0283877374819
1998-01-16,-4.625,970.3875,8.5,320.9011772839031
1998-01-17,-3.6999999999999997,973.8,3.25,164.09356990157934
1998-01-18,-4.575,971.5,4.666666666666667,41.27730646485559
1998-01-19,-3.425,970.7375,2.6666666666666665,174.9399530068423
1998-01-20,-2.8375,972.75,4.6,310.8353517721854
1998-01-21,-3.457142857142857,967.5875,1.0,209.47035513331727
1998-01-22,-3.3625,966.9625,7.6,186.59874911395684
1998-01-23,-3.1,965.9,7.0,229.1519278881208
1998-01-24,-5.1625,967.7125,15.666666666666666,177.61040062658822
1998-01-25,-8.0375,963.8875,20.0,175.90334260151482
1998-01-26,-7.9625,969.975,17.8,175.97793277528316
1998-01-27,-5.1375,976.2875,,235.21326437336924
1998-01-28,-6.1375,970.525,3.0,198.74732693825993
1998-01-29,-8.3875,971.825,25.5,181.25538450902272
1998-01-30,-6.8125,975.5,2.3333333333333335,230.0
1998-01-31,-8.0875,976.0875,14.6,186.25298301376884
1998-02-01,-9.2125,973.9625,15.875,187.9926550205025
1998-02-02,-8.1,970.475,9.0,235.43517969236922
1998-02-03,-7.0375,973.3249999999999,9.0,249.94490989946456
1998-02-04,-5.775,964.9,8.0,233.56167225204626
1998-02-05,-4.325,960.2875,,209.985528096936
1998-02-06,-5.15,960.6125,8.0,162.64527470155528
1998-02-07,-6.075,961.5875,8.75,211.38642642174958
1998-02-08,-4.7125,965.5875,11.0,185.17090189614927
1998-02-09,-5.175,958.0,10.0,235.27431882998985
1998-02-10,-3.3125,944.75,,181.09934256619755
1998-02-11,-3.9000000000000004,958.9125,11.0,183.370462834839
1998-02-12,-4.3875,965.1375,14.0,247.0352646883502
1998-02-13,-4.3125,963.2,6.5,187.94260961839927
1998-02-14,-5.4625,966.025,17.0,168.74461549097725
1998-02-15,-6.0625,971.5875,27.857142857142858,172.49523127846342
1998-02-16,-5.75,975.85,,197.12927135054684
1998-02-17,-6.975,978.2875,14.0,190.0
1998-02-18,-8.225,977.1375,23.0,221.917511165965
1998-02-19,-9.0625,974.025,,248.59974846692938
1998-02-20,-7.6125,970.5124999999999,,278.68266065827777
1998-02-21,-8.2125,968.8375,,248.35791276287097
1998-02-22,-9.275,972.575,11.0,201.23743957452132
1998-02-23,-11.175,974.2625,14.666666666666666,193.32956305530232
1998-02-24,-14.35,972.075,22.75,201.35977358443205
1998-02-25,-13.0625,969.7125,29.0,256.636272588377
1998-02-26,-10.5,967.7,31.5,246.70495327058325
1998-02-27,-10.7625,973.3142857142857,21.0,228.7494093125747
1998-02-28,-12.7375,976.3125,21.333333333333332,172.39890893842124
1998-03-01,-13.5875,978.45,,207.62160201365157
1998-03-02,-15.25,972.9625,19.0,216.84445156004213
1998-03-03,-15.725,980.2,13.333333333333334,175.77542486543734
1998-03-04,-16.0625,978.9125,10.5,232.96807520651006
1998-03-05,-18.55,974.6875,13.333333333333334,191.27478218801605
1998-03-06,-20.5125,970.4875,15.0,199.99999999999997
1998-03-07,-19.8125,968.4625,7.75,231.31479595860827
1998-03-08,-17.55,963.275,3.5,256.0934443228235
1998-03-09,-17.4875,966.2375,4.333333333333333,199.85107611658393
1998-03-10,-12.975,969.7625,13.0,204.10811137926314
1998-03-11,-12.4625,970.8125,12.0,182.47608381006833
1998-03-12,-13.725,976.7375,20.5,210.0
1998-03-13,-13.6125,976.5125,5.5,177.46556254063145
1998-03-14,-15.5875,970.2875,17.333333333333332,192.1833290711406
1998-03-15,-15.55,968.4375,,210.16097362868598
1998-03-16,-14.3875,972.775,2.0,211.02307639072063
1998-03-17,-14.3125,970.95,,224.55620177416816
1998-03-18,-14.8375,965.9625,3.0,269.27053821617943
1998-03-19,-13.2125,961.5375,3.25,204.27596389016796
1998-03-20,-13.8,960.5749999999999,3.5,235.96801003887128
1998-03-21,-15.525,962.875,,192.58912389950328
1998-03-22,-17.8,961.05,3.0,236.5711944775701
1998-03-23,-21.075,955.6875,13.75,198.73016060634586
1998-03-24,-24.5625,961.5375,13.875,212.04454970168618
1998-03-25,-25.0375,963.6875,,300.0
1998-03-26,-20.825,956.2875,7.0,316.7208876609884
1998-03-27,-19.7,960.9,3.0,334.1615162489823
1998-03-28,-16.7375,962.45,3.0,337.6768236736118
1998-03-29,-17.342857142857145,974.25,2.0,166.29721968755908
1998-03-30,-17.9875,988.6125,4.0,173.363727411623
1998-03-31,-17.65,988.45,3.75,200.59649549705702
1998-04-01,-18.8125,978.525,3.0,167.52421386212416
1998-04-02,-22.875,968.05,1.0,181.42814423260418
1998-04-03,-25.1375,958.125,7.0,201.06491884371837
1998-04-04,-26.15,954.2125,1.5,321.5421855636488
1998-04-05,-22.5875,964.7875,7.0,84.99999999999999
1998-04-06,-19.8125,971.6875,,292.4952312784634
1998-04-07,-21.0125,971.3125,,345.24461715986354
1998-04-08,-24.042857142857144,963.8125,5.0,196.0523887323879
1998-04-09,-26.05,970.9375,10.0,167.3387185320461
1998-04-10,-28.0875,974.7375,4.0,257.34955050985184
1998-04-11,-26.724999999999998,967.45,,247.45664153834514
1998-04-12,-25.4,961.6125000000001,2.0,296.9975252490326
1998-04-13,-26.2,962.9375,3.5,220.9147329972969
1998-04-14,-31.9125,972.2625,1.0,9.151927888120843
1998-04-15,-31.5375,976.4875,,180.0
1998-04-16,-33.375,974.275,14.0,190.0
1998-04-17,-33.4625,970.25,8.0,185.0
1998-04-18,-33.4625,964.1,4.0,183.29504672941675
1998-04-19,-32.2625,953.2125,,233.8008435551901
1998-04-20,-26.8,957.6125,27.5,251.28133616070707
1998-04-21,-27.175,962.925,,274.34137022188963
1998-04-22,-20.333333333333332,961.4,45.0,238.7733044209061
1998-04-23,-24.84,960.525,,164.4720310390748
1998-04-24,-26.675,953.7125,,194.53027601292533
1998-04-25,-23.3,943.25,21.0,246.00244393710273
1998-04-26,-16.742857142857144,941.6625,28.0,248.91437960171243
1998-04-27,-16.8625,952.375,,234.97417631681336
1998-04-28,-18.462500000000002,954.8625,,195.07894490540411
1998-04-29,-21.2125,955.725,,165.0
1998-04-30,-21.1625,965.2375,15.0,226.79079312293894
1998-05-01,-25.2375,970.125,,177.40662261395696
1998-05-02,-28.2125,972.45,,258.10520480365386
1998-05-03,-29.342857142857145,969.1,,180.0
1998-05-04,-27.475,982.7375,,184.05596177799075
1998-05-05,-25.5625,982.8125,3.0,306.5079809950581
1998-05-06,-21.057142857142857,984.5625,,258.767354508067
1998-05-07,-18.2,971.575,3.0,164.7208765696409
1998-05-08,-19.1625,968.0625,,185.187055280077
1998-05-09,-17.775,960.625,9.0,271.57952470430797
1998-05-10,-17.075,961.0,2.0,238.29504672941675
1998-05-11,-19.775,976.4625,,185.32170254018246
1998-05-12,-24.2125,976.4375,11.0,181.67043694469768
1998-05-13,-25.0625,979.6125,,185.95271265811928
1998-05-14,-29.375,975.725,3.0,143.90655567717653
1998-05-15,-28.15,972.3625,,81.67043694469766
1998-05-16,-21.3875,956.45,,253.64025201788593
1998-05-17,-16.9,949.5625,,203.8849502396976
1998-05-18,-18.575,961.8125,,201.89479519634614
1998-05-19,-19.75,968.6125,,224.9319348086226
1998-05-20,-23.4125,964.7625,,259.12605827488517
1998-05-21,-19.25,964.575,,285.47731224959296
1998-05-22,-21.02,972.825,,199.26994323103486
1998-05-23,-22.400000000000002,981.3375,19.0,259.29773487711117
1998-05-24,-24.9875,970.625,,306.4520404604608
1998-05-25,-25.3125,970.525,15.5,197.06581608719205
1998-05-26,-24.3625,972.9,1.0,157.74913752766568
1998-05-27,-22.125,967.9625,,199.92267058862492
1998-05-28,-14.2125,952.875,18.5,231.77728432662965
1998-05-29,-9.133333333333333,952.05,30.0,194.6409122797493
1998-05-30,-16.6625,979.1,,199.94884264061625
1998-05-31,-19.1,973.575,,318.9065556771765
1998-06-01,-23.1375,963.325,17.0,193.62006397973252
1998-06-02,-26.8625,970.1625,11.0,287.6684755035557
1998-06-03,-23.1,968.575,1.0,274.0045728063969
1998-06-04,-16.2125,965.0125,,272.2464329087506
1998-06-05,-14.875,969.0375,,257.0708034237078
1998-06-06,-12.6625,973.9625,39.5,236.11431661895858
1998-06-07,-10.3625,978.275,12.0,192.00734497949747
1998-06-08,-11.6,974.325,,261.04445188711645
1998-06-09,-15.35,959.1,,233.94090305450038
1998-06-10,-20.0875,955.9375,,279.50106984241984
1998-06-11,-12.275,955.7875,12.0,218.47957336015435
1998-06-12,-13.6625,950.4375,,259.03108503105227
1998-06-13,-15.412500000000001,953.0,,228.25744123401643
1998-06-14,-15.9875,965.375,11.0,205.07541610542225
1998-06-15,-14.528571428571428,958.4,,260.8663083926533
1998-06-16,-17.775,955.65,,240.6683711213404
1998-06-17,-15.55,954.8125,8.75,310.8925769596732
1998-06-18,-18.175,960.6625,3.0,246.39069723571964
1998-06-19,-18.7875,970.3625,,188.4331082572801
1998-06-20,-17.025,965.875,4.0,348.21786925215207
1998-06-21,-19.67142857142857,964.6125000000001,17.0,195.92460876127126
1998-06-22,-17.52857142857143,960.7875,7.0,207.22511261910097
1998-06-23,-13.4375,972.0875,21.333333333333332,213.33449043574424
1998-06-24,-16.514285714285712,962.25,,222.0406560119138
1998-06-25,-21.0,957.55,10.0,215.6537958921813
1998-06-26,-17.675,968.75,,198.63864694312466
1998-06-27,-18.4875,977.5875,,326.8622187215942
1998-06-28,-19.975,974.9,12.333333333333334,181.63627258837698
1998-06-29,-19.8125,976.8625,,241.50085420181074
1998-06-30,-18.4625,970.6125,8.0,185.97793277528316
1998-07-01,-14.75,962.4375,16.0,198.36082942182514
1998-07-02,-15.657142857142857,959.875,,185.0
1998-07-03,-18.325,960.3625,,222.37417212873677
1998-07-04,-14.5875,972.3875,,227.074456983263
1998-07-05,-15.2,975.55,2.0,290.0
1998-07-06,-22.96666666666667,969.6125,4.0,229.56598246331882
1998-07-07,-24.525,971.725,4.0,197.7407868532746
1998-07-08,-22.9375,972.3125,,180.0383687732975
1998-07-09,-25.3875,970.5125,10.0,207.39615952344548
1998-07-10,-29.85,956.9,,334.38374399182425
1998-07-11,-29.675,955.225,3.3333333333333335,278.66684019797526
1998-07-12,-30.839999999999996,959.0875,10.0,202.12868375890267
1998-07-13,-31.9375,963.1875,2.5,2.6714431845864945
1998-07-14,-27.525,967.5875000000001,3.0,190.0
1998-07-15,-24.275,961.4375,11.0,222.56283772194553
1998-07-16,-22.0,961.1125,,208.69595552951515
1998-07-17,-20.1125,973.3875,,264.3811248031842
1998-07-18,-20.975,974.225,,214.0735317563165
1998-07-19,-23.8,972.1875,,267.9585687253357
1998-07-20,-20.5,964.5875,18.333333333333332,317.21459639671184
1998-07-21,-29.1375,953.9,,236.42012269138502
1998-07-22,-26.228571428571428,958.175,,249.43067201717275
1998-07-23,-20.5,960.4875,4.0,281.16488012700955
1998-07-24,-19.099999999999998,963.925,2.0,246.18661138246944
1998-07-25,-18.385714285714283,970.125,,210.82092965858976
1998-07-26,-23.8375,978.3,,273.7784756547021
1998-07-27,-26.6125,981.65,9.0,204.3462041078187
1998-07-28,-26.85,982.475,2.3333333333333335,328.2227156733703
1998-07-29,-28.8,983.85,,205.98518302542024
1998-07-30,-28.0125,977.4125,2.0,339.89609063898286
1998-07-31,-26.3875,963.475,2.0,332.0277334599722
1998-08-01,-27.9375,954.65,1.0,168.41319847247837
1998-08-02,-28.8,957.9,3.0,337.7033770201845
1998-08-03,-29.349999999999998,958.2625,,242.92295521252444
1998-08-04,-16.985714285714288,958.0125,10.0,241.0532482167976
1998-08-05,-14.7375,959.0125,,232.67794074040427
1998-08-06,-14.6625,965.275,,165.19930179703914
1998-08-07,-19.485714285714288,955.2625,,199.60903403152773
1998-08-08,-19.7375,956.1875,,181.66196100935923
1998-08-09,-18.925,959.7375,14.333333333333334,182.48562069330072
1998-08-10,-17.75,962.875,,201.3429113066478
1998-08-11,-19.9625,964.8875,,154.52511169498283
1998-08-12,-23.775,960.225,2.5,167.92865841799068
1998-08-13,-23.6875,966.2125,,180.0
1998-08-14,-22.85,973.175,20.0,193.13778127840578
1998-08-15,-25.2,971.2875,,15.000000000000012
1998-08-16,-25.9,970.275,1.5,236.30993247402023
1998-08-17,-28.0125,983.9625,,180.0
1998-08-18,-27.8,987.8375,12.333333333333334,174.9808887524834
1998-08-19,-31.925,981.4375,5.0,110.7827829008815
1998-08-20,-28.733333333333334,977.4,6.0,190.94178783526718
1998-08-21,-22.4125,976.675,,193.94675178320233
1998-08-22,-24.8875,974.9625,8.0,185.0
1998-08-23,-24.975,973.0125,10.8,184.9807419079239
1998-08-24,-24.9375,972.4875,2.0,6.2621069310620605
1998-08-25,-27.9,970.1,2.0,176.39270364793134
1998-08-26,-29.085714285714285,966.55,8.0,179.99999999999997
1998-08-27,-30.6625,959.5125,4.0,156.917511165965
1998-08-28,-26.6875,959.5,18.0,167.03293979835468
1998-08-29,-19.525,955.3625,24.0,180.0
1998-08-30,-18.0875,956.6625,21.0,197.96369111630787
1998-08-31,-23.1,956.65,13.0,198.2203458644876
1998-09-01,-26.65,959.9375,,189.8465522213059
1998-09-02,-31.6,964.95,22.666666666666668,194.52268775040704
1998-09-03,-32.2625,972.225,22.333333333333332,232.3285568154135
1998-09-04,-30.3875,973.325,,90.0
1998-09-05,-30.3125,966.375,17.0,258.83511987299045
1998-09-06,-30.4,969.3625,,273.7365414834129
1998-09-07,-31.9125,989.275,,173.38666798792653
1998-09-08,-30.7,993.675,6.0,318.19585082262216
1998-09-09,-33.575,988.1125,2.0,157.70502334221598
1998-09-10,-34.0375,986.8,,178.74940931257473
1998-09-11,-27.02857142857143,985.675,21.0,185.0
1998-09-12,-21.725,980.0,24.0,178.74940931257473
1998-09-13,-18.12857142857143,981.7,,197.68102855866516
1998-09-14,-23.8,994.5125,,170.23683351722966
1998-09-15,-25.275,990.6875,2.5,338.6606693760503
1998-09-16,-26.775,985.775,2.0,160.9115006727134
1998-09-17,-26.3125,979.8625,,172.49523127846342
1998-09-18,-27.525,980.1375,16.5,182.53352564687572
1998-09-19,-29.6875,977.7375,,346.91751116596504
1998-09-20,-30.1125,973.6875,,320.0
1998-09-21,-27.95,980.4875,,182.13111908728786
1998-09-22,-28.4625,974.9125,1.0,320.34653371557823
1998-09-23,-29.1375,963.6,3.0,340.0
1998-09-24,-24.571428571428573,963.975,,223.83511987299042
1998-09-25,-25.2875,964.3125,,213.92671998983607
1998-09-26,-23.2875,965.2,,247.42698705807163
1998-09-27,-24.1125,965.6375,,169.67829745981751
1998-09-28,-17.933333333333334,962.25,,249.8580133576109
1998-09-29,-11.225,957.75,15.666666666666666,200.27018541162707
1998-09-30,-9.375,962.6,21.5,178.32100024779825
1998-10-01,-8.8875,966.9875,24.0,231.7743562877692
1998-10-02,-11.028571428571428,964.575,,194.5998679661201
1998-10-03,-12.75,962.7624999999999,11.5,202.21152973287877
1998-10-04,-14.275,964.125,17.5,178.30387553225674
1998-10-05,-16.257142857142856,965.1875,,203.69991038251328
1998-10-06,-18.849999999999998,970.5125,10.0,179.82980989134836
1998-10-07,-20.375,969.375,3.5,203.10520480365386
1998-10-08,-19.8625,957.8125,3.0,232.9250523124705
1998-10-09,-21.075,952.95,,246.87594835949454
1998-10-10,-17.925,950.1,,244.80776393968608
1998-10-11,-17.6625,953.8,3.0,192.3506410355467
1998-10-12,-15.9,959.65,13.0,211.37192036249434
1998-10-13,-16.75,968.1,,251.07865369532183
1998-10-14,-14.3125,972.75,,222.2734688971137
1998-10-15,-12.5625,973.45,,259.92020877514665
1998-10-16,-6.942857142857143,978.05,6.0,216.0111060512824
1998-10-17,-6.65,974.075,,314.85203869448094
1998-10-18,-10.85,965.525,,202.63641695130644
1998-10-19,-17.775000000000002,967.0124999999999,3.4285714285714284,204.27908230061632
1998-10-20,-20.5375,970.3625,6.75,216.50545815651407
1998-10-21,-19.775,964.9,4.0,164.41150210887898
1998-10-22,-21.1125,975.8,12.0,183.98522522793718
1998-10-23,-21.55,980.4,10.0,177.1473074482491
1998-10-24,-22.6375,978.4125,10.0,177.48562069330072
1998-10-25,-22.287499999999998,973.4,6.25,182.48562069330072
1998-10-26,-22.875,970.3875,7.333333333333333,172.64527470155528
1998-10-27,-18.4875,972.3625,2.0,280.9533955855079
1998-10-28,-17.125,972.0375,3.0,346.156838935718
1998-10-29,-17.2875,970.825,3.0,252.42698705807163
1998-10-30,-19.9375,973.85,3.3333333333333335,185.0
1998-10-31,-19.075,968.475,3.0,310.0
1998-11-01,-19.6375,960.6,3.2857142857142856,318.10292247724453
1998-11-02,-21.7875,959.3875,3.6,214.48970527959693
1998-11-03,-21.45,958.6125,2.5,159.3691314778828
1998-11-04,-17.2625,961.775,8.0,265.12496363826205
1998-11-05,-11.028571428571428,953.9375,22.0,217.4766950532242
1998-11-06,-9.9,950.15,,206.2495589567049
1998-11-07,-9.8,948.0875,,222.7237439486519
1998-11-08,-8.4375,950.1125,,183.0909695718561
1998-11-09,-8.725,950.775,4.5,265.22841620989504
1998-11-10,-9.028571428571428,959.75,,197.38692738577132
1998-11-11,-10.6,963.05,14.0,181.22186457651725
1998-11-12,-11.6625,959.65,21.0,194.67829745981751
1998-11-13,-12.2875,956.7,2.0,279.54795142356943
1998-11-14,-13.2625,952.8875,5.0,198.10520480365383
1998-11-15,-10.7,953.4,8.5,220.7692651243208
1998-11-16,-10.325,956.8375,2.8,308.0525649303272
1998-11-17,-6.220000000000001,957.1,20.0,215.84195975051085
1998-11-18,-6.775,961.475,5.0,246.4489404765746
1998-11-19,-6.9625,963.9625,3.0,196.31479595860827
1998-11-20,-7.475,970.7875,21.0,182.87774233521156
1998-11-21,-9.675,970.7125,20.0,180.0615778345306
1998-11-22,-10.35,970.325,,188.89794319078274
1998-11-23,-9.071428571428571,977.3,10.5,220.38716867647346
1998-11-24,-8.5,976.8125,4.0,265.7270779344128
1998-11-25,-8.3,968.0,4.4,194.08055788800837
1998-11-26,-8.825,969.175,13.5,181.2408173206672
1998-11-27,-8.4375,968.15,4.125,306.6504774894189
1998-11-28,-8.375,966.575,3.6666666666666665,170.3217025401825
1998-11-29,-9.85,975.85,5.0,217.60667137857163
1998-11-30,-8.625,970.075,5.6,337.6298186303762
1998-12-01,-6.071428571428571,967.0125,3.3333333333333335,177.9422902265135
1998-12-02,-8.9625,971.6875,6.5,184.2199346082617
1998-12-03,-5.55,968.2875,8.0,301.652634609828
1998-12-04,-3.95,964.8625,,172.52421386212416
1998-12-05,-3.6999999999999997,966.5,3.25,351.18943205968475
1998-12-06,-4.814285714285715,962.35,2.5714285714285716,120.9497204340819
1998-12-07,-4.425,959.425,7.666666666666667,168.9705574086615
1998-12-08,-6.725,962.0,11.0,175.0
1998-12-09,-6.375,959.6,6.5,314.2977348771111
1998-12-10,-5.4875,953.75,3.25,310.1827582820726
1998-12-11,-7.5375,956.8625,11.0,161.97036605084048
1998-12-12,-6.957142857142856,961.675,2.7142857142857144,120.2445517241519
1998-12-13,-6.9875,963.775,6.5,312.51437930669925
1998-12-14,-6.5375,965.8875,5.5,251.3192095012116
1998-12-15,-7.3125,970.3,,168.33803899064074
1998-12-16,-6.475,971.2125,11.0,198.22271567337032
1998-12-17,-3.8375,975.05,5.25,162.4452934636875
1998-12-18,-2.4125,974.8875,5.75,279.5799654754711
1998-12-19,-1.042857142857143,966.3875,6.0,251.81863796863507
1998-12-20,0.012500000000000011,967.75,,244.58412720970927
1998-12-21,-2.8499999999999996,965.7375,13.0,172.5047687215366
1998-12-22,-1.025,972.5875,,261.05675343381245
1998-12-23,1.2875,980.55,4.666666666666667,215.0
1998-12-24,0.025000000000000022,975.15,6.666666666666667,309.5048778804527
1998-12-25,-1.8625,972.075,12.0,175.0192580920761
1998-12-26,-1.8125,975.975,6.25,200.70762522747125
1998-12-27,-1.75,978.65,6.75,187.66182383156448
1998-12-28,-3.5875000000000004,982.525,8.0,335.596495497057
1998-12-29,-4.1375,981.325,7.4,164.6609936004524
1998-12-30,-3.175,981.5,10.6,151.38161231920347
1998-12-31,-2.685714285714286,979.5,3.5,0.032510748873103394
1999-01-01,-2.9857142857142853,975.3875,4.0,136.14164941740714
1999-01-02,-1.6875,968.2625,5.0,284.8266143180309
1999-01-03,0.15,963.0125,4.0,291.0757251286399
1999-01-04,-0.1375,966.1375,,260.5930304571144
1999-01-05,-1.3000000000000003,970.425,12.333333333333334,162.53721356437654
1999-01-06,-1.25,969.875,,261.4191492234384
1999-01-07,-2.375,969.9875,9.333333333333334,193.81803635423285
1999-01-08,-2.0,968.6125,4.0,203.94675178320233
1999-01-09,-1.157142857142857,964.0375,2.6,143.90523201191098
1999-01-10,-3.4625000000000004,966.05,10.833333333333334,163.88689615830475
1999-01-11,-3.4285714285714284,970.9,2.5,258.09867967132317
1999-01-12,-3.95,970.15,,178.77341572811696
1999-01-13,-3.6375,967.2875,,228.49553586712872
1999-01-14,-1.9666666666666668,966.3875,2.5714285714285716,283.97117973258315
1999-01-15,-2.0625,967.8,6.5,194.74145007169645
1999-01-16,-5.085714285714286,973.0375,12.0,168.5921429787142
1999-01-17,-5.0625,978.8875,11.0,172.62294915586605
1999-01-18,-4.216666666666666,978.65,2.8333333333333335,342.1395686993568
1999-01-19,-3.25,976.725,4.166666666666667,325.07732941137505
1999-01-20,-2.75,980.9375,5.0,191.44543134674063
1999-01-21,-0.07142857142857137,973.925,,257.65766928007343
1999-01-22,-0.21428571428571427,970.9375,17.0,165.60583371520534
1999-01-23,-0.6,977.6875,5.0,247.63858844866468
1999-01-24,-1.4249999999999998,975.825,13.25,207.90603818517764
1999-01-25,-2.3874999999999997,971.575,4.333333333333333,160.05358719330866
1999-01-26,-1.0750000000000002,970.225,5.0,182.82670640836258
1999-01-27,-0.85,969.2375,3.0,217.16946745657268
1999-01-28,-3.1375,970.1375,,177.27028308879952
1999-01-29,-3.6125000000000003,974.3625,11.0,180.16887501219924
1999-01-30,-3.716666666666667,972.7125,1.75,213.66343755837582
1999-01-31,-4.985714285714286,969.9857142857143,7.666666666666667,181.55059225975688
1999-02-01,-5.085714285714286,968.325,10.2,234.2909547197916
1999-02-02,-5.883333333333333,967.225,4.833333333333333,253.45087951568422
1999-02-03,-4.914285714285714,965.125,3.5,296.5723459212921
1999-02-04,-6.7125,959.275,3.0,193.04398439018723
1999-02-05,-7.5125,979.275,18.666666666666668,173.07336691150815
1999-02-06,-6.4,985.325,11.5,196.95242929800025
1999-02-07,-7.3125,976.5625,,212.7190894732505
1999-02-08,-4.8625,967.3125,27.0,265.56067133983373
1999-02-09,-5.1375,969.275,20.0,217.04573786195814
1999-02-10,-3.475,973.9,8.5,194.4862867375706
1999-02-11,-3.5625,975.2625,,185.38300667185177
1999-02-12,-5.4375,977.025,11.5,218.1912702075512
1999-02-13,-7.0625,974.0,11.0,212.4356200190097
1999-02-14,-6.625,972.225,,236.30929050482035
1999-02-15,-5.6625,971.8375,,194.21448884140838
1999-02-16,-6.8,975.3875,5.0,210.55919028700455
1999-02-17,-9.1875,977.15,23.666666666666668,187.5047687215366
1999-02-18,-8.4375,977.675,12.8,190.0
1999-02-19,-10.6875,977.0875,,196.23865635326246
1999-02-20,-11.425,977.7375,21.0,183.3124813211817
1999-02-21,-11.1,979.475,13.0,233.38411978672897
1999-02-22,-11.2,976.45,10.0,181.21234202405478
1999-02-23,-12.8625,978.25,23.2,172.49523127846342
1999-02-24,-13.925,979.6875,18.333333333333332,183.7374294132844
1999-02-25,-13.2,971.3625,14.666666666666666,170.0
1999-02-26,-14.125,976.225,30.0,170.0
1999-02-27,-13.5875,980.6625,12.0,182.8526925517509
1999-02-28,-13.775,982.6,19.333333333333332,192.71282997561892
1999-03-01,-13.2125,982.4875,8.5,218.10520480365383
1999-03-02,-14.9125,984.0,19.142857142857142,166.67043694469768
1999-03-03,-14.5375,986.9625,2.5,194.99999999999997
1999-03-04,-11.6,979.375,2.2,271.0820101886235
1999-03-05,-13.9,968.6125,16.0,214.19264436897944
1999-03-06,-14.0375,963.85,19.0,236.1717599620913
1999-03-07,-14.3875,963.7,14.333333333333334,166.23865635326248
1999-03-08,-14.0375,967.0,9.0,223.99857862202228
1999-03-09,-12.7625,964.425,10.0,243.8501411958921
1999-03-10,-13.275,965.2125,13.0,171.4555817864472
1999-03-11,-15.325,963.8375,14.666666666666666,206.77728432662968
1999-03-12,-12.2,960.475,6.0,230.68822666656683
1999-03-13,-11.8125,959.275,21.0,220.07732941137505
1999-03-14,-9.675,962.0375,,203.4694395336094
1999-03-15,-10.025,969.95,4.333333333333333,227.6748605880844
1999-03-16,-12.8375,973.9,,201.2113407644044
1999-03-17,-15.225,978.9,8.5,202.37856231052427
1999-03-18,-17.2375,980.1125,7.2,186.75619708560052
1999-03-19,-18.725,978.1625,4.5,200.11568442019436
1999-03-20,-21.2875,981.125,13.0,215.93312815924884
1999-03-21,-19.1625,983.125,,248.63471459892583
1999-03-22,-18.175,978.125,,235.74591094646559
1999-03-23,-20.55,964.2142857142857,15.0,230.78062703313054
1999-03-24,-22.1125,965.7375,20.0,205.510294720403
1999-03-25,-19.5375,973.3125,20.0,160.0
1999-03-26,-18.4125,975.3625,,171.33811725201733
1999-03-27,-19.3125,973.0375,2.5,160.67377374989314
1999-03-28,-21.125,971.5875,2.5,173.97661424952827
1999-03-29,-22.15,972.975,3.6666666666666665,280.53219186172544
1999-03-30,-22.65,976.825,8.0,174.42112438043026
1999-03-31,-21.7875,967.0625,8.333333333333334,206.42705252664402
1999-04-01,-15.1875,965.4375,21.2,170.0
1999-04-02,-11.125,962.1625,16.75,186.48164096368274
1999-04-03,-12.525,957.5625,25.0,182.0073449794975
1999-04-04,-16.5,964.1125,25.333333333333332,182.0073449794975
1999-04-05,-17.82857142857143,969.9375,10.0,201.29096962342393
1999-04-06,-19.2875,966.175,2.25,285.2905422992888
1999-04-07,-22.5125,967.875,13.8,183.32956305530232
1999-04-08,-25.8375,971.425,13.5,170.0
1999-04-09,-26.575,978.35,1.0,348.17613135705324
1999-04-10,-26.975,979.225,3.0,160.3165066669647
1999-04-11,-25.2,975.9125,1.5,263.00817354704213
1999-04-12,-26.3,972.05,2.5,168.78778785158332
1999-04-13,-28.5,972.9375,6.666666666666667,186.53056046639057
1999-04-14,-25.95,975.375,5.0,287.2871700243811
1999-04-15,-23.383333333333336,974.7875,4.0,247.19198070031965
1999-04-16,-29.1125,980.5625,,260.0
1999-04-17,-28.8,981.525,3.0,192.15551626908257
1999-04-18,-28.425,971.5375,,183.52182552767718
1999-04-19,-30.0125,970.1625,,188.10520480365386
1999-04-20,-23.425,981.975,24.5,165.0191112475166
1999-04-21,-23.6625,975.7125,4.0,178.56337855308252
1999-04-22,-24.35,957.8625,2.6666666666666665,182.42068940699465
1999-04-23,-26.925,962.475,22.5,216.0578280995745
1999-04-24,-27.7,956.9,2.5,305.3925386132437
1999-04-25,-20.4875,957.6125,6.0,256.58805146155134
1999-04-26,-20.6625,968.375,8.0,193.13909366695498
1999-04-27,-20.599999999999998,962.6375,,173.34655814060278
1999-04-28,-18.185714285714287,951.7375,,195.55183970183586
1999-04-29,-21.65,950.375,,179.56389495064687
1999-04-30,-23.4375,958.8875,9.0,211.95534599954593
1999-05-01,-21.8875,963.275,4.333333333333333,305.33402647579135
1999-05-02,-18.6875,963.7,,223.4694395336094
1999-05-03,-21.0,971.0125,1.0,205.45943382240094
1999-05-04,-25.8875,966.4875,13.0,237.14990677063906
1999-05-05,-26.3125,964.45,15.0,170.7737813338777
1999-05-06,-26.575,965.1125,9.0,179.0466044144921
1999-05-07,-31.425,959.8375,13.5,172.5622094301919
1999-05-08,-30.925,962.05,,326.4808007854795
1999-05-09,-23.9,967.775,,239.9578578344848
1999-05-10,-22.400000000000002,970.8,,290.47225219995295
1999-05-11,-22.25,969.7625,3.0,254.13054227956337
1999-05-12,-23.228571428571428,968.3625,,245.94040439087956
1999-05-13,-24.54,966.1625,,186.21703487200188
1999-05-14,-26.3875,967.6375,,223.10228034938504
1999-05-15,-29.0625,967.7375,,185.16670266018363
1999-05-16,-31.4,964.6125,3.0,252.4595612465988
1999-05-17,-31.9,964.175,,182.51193695655658
1999-05-18,-31.75,964.2375,9.5,242.21130186331084
1999-05-19,-35.2,956.6375,7.0,149.06197093204506
1999-05-20,-31.099999999999998,958.525,4.0,298.5760662549485
1999-05-21,-17.96,967.075,,239.96163122670248
1999-05-22,-17.4875,971.925,,224.0685557243906
1999-05-23,-21.9125,967.7625,3.5,164.34551988443343
1999-05-24,-22.03333333333333,961.7875,3.5,150.56439081342455
1999-05-25,-20.05,964.2,3.0,236.64501369692914
1999-05-26,-18.4,970.925,21.0,189.953716799614
1999-05-27,-16.275,975.2375,6.0,217.73685169467808
1999-05-28,-16.35,975.55,22.0,180.0
1999-05-29,-22.05,971.0,,198.76256042547865
1999-05-30,-16.333333333333332,957.675,,228.140810437843
1999-05-31,-16.728571428571428,972.1,,192.39615952344548
1999-06-01,-19.3125,976.175,,168.28046062487786
1999-06-02,-16.9875,968.075,,249.88431557980562
1999-06-03,-16.533333333333335,961.9875,9.0,205.61452129630692
1999-06-04,-20.1,969.65,19.0,185.67565190560623
1999-06-05,-11.642857142857142,969.225,,172.59157794831825
1999-06-06,-10.6,983.575,24.714285714285715,178.32956305530232
1999-06-07,-12.466666666666667,982.3375,8.0,188.82690831029777
1999-06-08,-17.2625,979.725,,170.0
1999-06-09,-21.625,981.9375,1.5714285714285714,181.39903155863686
1999-06-10,-23.375,988.1875,7.333333333333333,231.46303136419664
1999-06-11,-22.37142857142857,987.7125,3.0,278.9716216918572
1999-06-12,-18.928571428571427,981.4125,,227.1737036678557
1999-06-13,-20.414285714285715,987.6875,,228.16883829538656
1999-06-14,-21.425,991.3,4.0,177.81667092885942
1999-06-15,-19.085714285714285,997.175,2.5,298.8220701165494
1999-06-16,-18.5375,997.5375,,199.80776393968614
1999-06-17,-16.5,1003.3625,25.666666666666668,176.67043694469768
1999-06-18,-11.9125,1004.5375,37.0,171.2238029332667
1999-06-19,-14.725000000000001,999.25,,234.63862453722322
1999-06-20,-19.3,995.375,3.75,261.2752806036975
1999-06-21,-21.1875,993.7125,2.2,240.0
1999-06-22,-21.575,990.6625,1.0,160.0
1999-06-23,-24.65,992.025,,
1999-06-24,-27.55,991.0625,1.0,175.11751086971648
1999-06-25,-27.8125,990.3875,,
1999-06-26,-29.2125,983.65,,
1999-06-27,-30.1625,977.8,,
1999-06-28,-25.75,983.425,,
1999-06-29,-23.5125,988.8375,7.5,177.50476872153658
1999-06-30,-19.0875,979.7125,21.25,180.0
1999-07-01,-16.6,971.4875,31.666666666666668,180.0
1999-07-02,-15.442857142857141,969.2,,186.23865635326246
1999-07-03,-18.4,964.4375,23.5,197.3426671097415
1999-07-04,-18.3,964.075,11.5,156.82285464146767
1999-07-05,-14.125,958.625,,188.697284799378
1999-07-06,-14.325,953.8625,22.333333333333332,183.2955737697445
1999-07-07,-13.9125,947.525,23.0,184.37370042473862
1999-07-08,-11.1875,947.4,,198.50507272873472
1999-07-09,-11.8125,952.3375,19.0,179.96118673321118
1999-07-10,-13.0625,952.7125,7.0,178.3802802634044
1999-07-11,-17.3875,959.6625,17.0,183.80454050869875
1999-07-12,-19.3125,956.5125,19.0,203.7855194323386
1999-07-13,-23.3875,962.8375,,202.229059005734
1999-07-14,-25.6125,967.3875,,204.84414853618782
1999-07-15,-24.8625,967.1125,6.4,202.0570374138436
1999-07-16,-23.2125,976.1625,2.5,249.68224530859766
1999-07-17,-24.425,979.55,,190.0
1999-07-18,-23.95,983.5,,203.78344830638105
1999-07-19,-19.55,978.1375,,232.86677858585654
1999-07-20,-12.8375,975.85,5.0,233.3664167295292
1999-07-21,-14.625,968.575,9.0,187.95545029831382
1999-07-22,-18.5375,964.0625,,247.14373319517662
1999-07-23,-21.1625,963.0625,,260.9238017957882
1999-07-24,-24.375,967.2,,175.97793277528316
1999-07-25,-23.375,960.5,,217.37328529119634
1999-07-26,-25.925,955.5125,,239.1663603374042
1999-07-27,-25.714285714285715,972.275,,178.63348069095343
1999-07-28,-28.5875,976.6875,,185.07732941137505
1999-07-29,-29.85,979.4625,5.0,185.8536608436562
1999-07-30,-30.4875,981.7375,9.0,204.6254148631697
1999-07-31,-28.8,985.125,2.6666666666666665,135.2164378722478
1999-08-01,-27.37142857142857,974.1625,4.8,306.6534418593972
1999-08-02,-27.125,967.6,2.5,179.70428320896403
1999-08-03,-19.157142857142855,972.3,6.0,260.6995331694122
1999-08-04,-19.900000000000002,972.975,,195.34870989924295
1999-08-05,-20.828571428571426,974.0875,5.0,300.52235038080534
1999-08-06,-17.95714285714286,970.9125,,209.2803971321475
1999-08-07,-23.03333333333333,966.5375,,230.42313069637143
1999-08-08,-23.24285714285714,959.325,,241.65911862223265
1999-08-09,-18.8,967.2375,,238.73301039377336
1999-08-10,-17.35,973.5625,,240.05115735938372
1999-08-11,-21.05,978.925,26.5,271.7639799659218
1999-08-12,-25.7,972.9375,,208.4660572012157
1999-08-13,-25.35,975.8125,3.5,178.74218079318965
1999-08-14,-24.925,970.2375,6.25,170.0
1999-08-15,-25.3125,956.2875,2.0,293.49157481133307
1999-08-16,-28.975,957.15,9.0,208.9395479392715
1999-08-17,-24.042857142857144,969.5,4.0,213.45433361440823
1999-08-18,-23.875,975.225,4.4,294.31467186138923
1999-08-19,-27.8625,971.0125,2.0,188.0134592741091
1999-08-20,-30.675,968.95,2.0,267.9397537180489
1999-08-21,-30.35,969.275,3.3333333333333335,182.29497665778402
1999-08-22,-31.3375,969.05,1.3333333333333333,313.2227156733703
1999-08-23,-34.4375,962.6375,4.0,171.53347927450423
1999-08-24,-32.475,977.8875,,244.81809124610274
1999-08-25,-30.3375,991.35,3.5,280.2585499283035
1999-08-26,-31.03333333333333,987.5625,5.5,265.11751086971645
1999-08-27,-28.766666666666666,970.2,2.5,212.316230010386
1999-08-28,-29.849999999999998,974.3125,,199.4600697085883
1999-08-29,-31.2875,975.85,2.5,162.15932600621585
1999-08-30,-33.67142857142857,974.1624999999999,2.6666666666666665,198.85742506351284
1999-08-31,-25.725,964.8625,4.0,292.5838086831882
1999-09-01,-28.25,963.025,12.0,189.94128950615365
1999-09-02,-25.571428571428573,966.2,,213.40300763407947
1999-09-03,-23.833333333333332,957.775,20.0,198.06014294150984
1999-09-04,-23.8875,975.3375,,187.13883585013707
1999-09-05,-24.8,979.0875,12.0,177.49523127846342
1999-09-06,-24.1125,973.1375,,183.32956305530232
1999-09-07,-21.287499999999998,976.125,2.5,197.09354575615146
1999-09-08,-23.65,977.575,4.0,246.19335413202717
1999-09-09,-19.3125,974.9,,218.53488594202784
1999-09-10,-16.9625,964.825,,168.68246201134934
1999-09-11,-9.7625,960.675,16.0,167.5050664201789
1999-09-12,-10.1625,971.8125,,174.02206722471684
1999-09-13,-14.0,975.7125,21.5,209.186799257156
1999-09-14,-11.242857142857144,987.2875,4.0,286.19771834699617
1999-09-15,-12.566666666666668,981.6125,,213.19461680706274
1999-09-16,-18.6125,974.0625,3.0,189.6873667042165
1999-09-17,-22.412499999999998,978.2625,3.0,248.67207952297582
1999-09-18,-22.525,985.3375,3.0,216.37802901688514
1999-09-19,-22.275,982.0625,5.0,224.23867046978063
1999-09-20,-20.1375,974.625,2.3333333333333335,256.82386864294676
1999-09-21,-21.5875,969.3875,20.0,178.04178174404677
1999-09-22,-21.6125,967.65,6.0,188.8748175305675
1999-09-23,-19.975,960.95,,211.54177477244028
1999-09-24,-21.6375,953.625,2.5,204.57952467860073
1999-09-25,-21.0,955.8375,9.333333333333334,185.3742338075709
1999-09-26,-21.725,959.025,,177.40662261395696
1999-09-27,-22.4375,960.575,,209.39988820946786
1999-09-28,-19.475,960.7125,,210.6725808489713
1999-09-29,-19.6875,965.75,14.0,178.4914398341223
1999-09-30,-19.52857142857143,961.6750000000001,,234.40350450294298
1999-10-01,-17.05,960.8,4.0,201.8226482417264
1999-10-02,-18.6875,951.75,,207.36083301070119
1999-10-03,-22.575,943.4875,9.5,194.15375102728515
1999-10-04,-23.17142857142857,940.025,5.333333333333333,292.3573814744299
1999-10-05,-21.2625,959.5875,,238.26827849698242
1999-10-06,-20.7,947.675,,262.72971691120046
1999-10-07,-22.75,942.575,3.0,269.7661286466138
1999-10-08,-18.6125,952.65,7.5,193.28898570084334
1999-10-09,-15.225,953.0125,4.0,180.0
1999-10-10,-17.4,948.9625,,232.6748605880844
1999-10-11,-14.575,946.9875,14.0,183.8927863012259
1999-10-12,-15.185714285714285,951.6625,6.0,200.68761481426841
1999-10-13,-18.5375,954.4125,,235.9546312019761
1999-10-14,-14.775,960.7625,37.0,244.99999999999997
1999-10-15,-7.6,965.5124999999999,,232.5433584616548
1999-10-16,-16.883333333333333,961.1,,175.0191112475166
1999-10-17,-13.05,966.1875,18.0,185.29031515283066
1999-10-18,-12.3625,964.1125,13.0,200.72530907074008
1999-10-19,-13.357142857142858,955.9125,,216.83700008552043
1999-10-20,-12.0625,963.2125,19.0,187.04520937855895
1999-10-21,-9.375,962.9875000000001,5.5,243.48960384626895
1999-10-22,-14.271428571428572,958.7375,15.0,183.62356945311546
1999-10-23,-15.7375,959.1375,,186.01536014026192
1999-10-24,-15.25,955.4625,,239.67829745981751
1999-10-25,-15.85,947.725,,252.57501235350702
1999-10-26,-17.2,953.175,,232.19578744876713
1999-10-27,-16.2875,954.5625,6.0,244.8503788133099
1999-10-28,-15.4625,954.375,8.5,183.86003314634502
1999-10-29,-15.625,950.475,2.25,243.30784479302025
1999-10-30,-13.925,937.4875,4.666666666666667,289.4060299157434
1999-10-31,-13.325,941.875,6.0,303.73789306893786
1999-11-01,-15.157142857142857,952.925,20.0,165.00000000000003
1999-11-02,-14.4875,949.1375,,204.4131525209924
1999-11-03,-14.3875,938.0875,26.0,327.1831897762735
1999-11-04,-11.266666666666666,943.775,,283.00397251043444
1999-11-05,-8.6375,953.8125,6.666666666666667,212.17921147725798
1999-11-06,-5.3,961.925,9.0,206.33049214151802
1999-11-07,-6.685714285714285,969.025,6.0,176.23865635326248
1999-11-08,-5.4,975.25,,201.39526502298258
1999-11-09,-6.0125,970.8625,19.333333333333332,194.841668347748
1999-11-10,-6.9,972.175,13.333333333333334,174.86324344905475
1999-11-11,-5.971428571428571,967.9125,,198.28079046090096
1999-11-12,-4.757142857142857,964.35,7.0,159.72449313095356
1999-11-13,-7.285714285714286,965.675,4.75,195.56662291849838
1999-11-14,-4.3875,962.65,10.6,194.53027601292533
1999-11-15,-6.825,959.225,2.0,265.73154567661516
1999-11-16,-8.6625,960.7875,10.0,186.67043694469768
1999-11-17,-9.55,963.4625,19.666666666666668,176.00244393710275
1999-11-18,-9.7125,963.9125,4.0,179.82362297514138
1999-11-19,-9.35,961.0875,8.0,184.43590348548724
1999-11-20,-7.616666666666667,957.3,15.0,158.79172817829618
1999-11-21,-11.275,955.225,6.0,268.735308472607
1999-11-22,-10.2125,959.2625,19.0,209.0136450828733
1999-11-23,-6.542857142857143,963.7375,7.5,168.51641004031296
1999-11-24,-6.0125,967.6125,3.5,223.931098723527
1999-11-25,-5.6875,964.4625,2.0,195.90643009842066
1999-11-26,-7.475,962.85,6.25,301.53316236650124
1999-11-27,-6.35,957.7875,4.25,171.59302857910816
1999-11-28,-6.625,957.8,14.666666666666666,187.05105425491746
1999-11-29,-7.637499999999999,958.4375,6.8,213.10876207122502
1999-11-30,-6.0375,954.475,3.1666666666666665,172.99090231913303
1999-12-01,-7.125,954.15,9.0,176.25298301376884
1999-12-02,-5.9,955.025,4.333333333333333,301.81889033066005
1999-12-03,-4.925,953.1375,3.3333333333333335,281.62953716516097
1999-12-04,-5.875,946.925,6.8,327.09715510952816
1999-12-05,-5.8625,950.3375,4.75,194.52268775040704
1999-12-06,-4.25,957.6625,14.666666666666666,182.48562069330072
1999-12-07,-1.6125,959.375,3.0,256.1161085461503
1999-12-08,-3.0875,952.85,,285.82655614992484
1999-12-09,-3.5375,952.9375,5.0,277.6179940218035
1999-12-10,-3.6625,958.025,10.5,199.403504502943
1999-12-11,-4.125,959.75,9.666666666666666,146.21948219687775
1999-12-12,-6.05,960.45,16.0,160.1759458405197
1999-12-13,-7.2,966.025,23.0,178.94208473940392
1999-12-14,-5.6625,970.8625,4.571428571428571,323.74216751230693
1999-12-15,-5.15,973.0125,3.8333333333333335,280.425692124329
1999-12-16,-4.542857142857143,971.9375,3.0,165.95809292675793
1999-12-17,-4.075,975.3375,6.5,157.98823951916964
1999-12-18,-4.0,976.2875,4.285714285714286,312.622949155866
1999-12-19,-3.5,974.4375,4.0,312.06121389465255
1999-12-20,-3.585714285714286,969.15,4.333333333333333,311.412017986707
1999-12-21,-4.025,968.0125,6.666666666666667,156.2632071244678
1999-12-22,-4.4125,966.825,10.5,191.95986276205682
1999-12-23,-3.7875,966.3375,5.2,139.88359211609293
1999-12-24,-2.8874999999999997,965.5,4.8,310.0279535698288
1999-12-25,-3.5714285714285716,963.6375,4.833333333333333,305.57887561956977
1999-12-26,-2.9625,966.3625000000001,5.2,240.36525234823446
1999-12-27,-3.5285714285714285,968.925,5.666666666666667,202.17289527173153
1999-12-28,-3.5125,961.95,8.5,172.45577726245293
1999-12-29,-2.875,960.775,6.0,144.64527175121881
1999-12-30,-1.5750000000000002,961.2375,3.75,192.19843860754344
1999-12-31,-3.025,964.2625,4.333333333333333,170.41779241721727
2000-01-01,-3.1625,963.5875,11.333333333333334,193.81768429379122
2000-01-02,-2.35,957.65,5.0,292.51437930669925
2000-01-03,-2.6999999999999997,953.6625,4.8,287.1982180286957
2000-01-04,-2.0125,955.8125,2.5,254.26604517816193
2000-01-05,-2.183333333333333,959.6875,2.4,114.77801086534441
2000-01-06,-2.242857142857143,964.8625,3.3333333333333335,22.799536349409852
2000-01-07,-2.8,971.3375,5.6,201.5803794369032
2000-01-08,-4.5125,973.575,14.0,173.7374294132844
2000-01-09,-3.9,974.5375,5.25,191.9152407542903
2000-01-10,-3.075,974.1375,5.0,334.3414202221739
2000-01-11,-3.1,970.175,4.166666666666667,308.7878460215489
2000-01-12,-2.4625,962.9,9.0,164.44038186770268
2000-01-13,-7.114285714285714,965.0875,12.0,185.4512585160761
2000-01-14,-5.85,964.5625,8.5,335.6949146723943
2000-01-15,-3.54,961.8375,2.0,267.946638170161
2000-01-16,-2.3875,963.5,5.666666666666667,245.38394539343545
2000-01-17,-5.525,966.3,10.5,185.8618818801248
2000-01-18,-8.142857142857142,963.4125,3.5,198.82364441240688
2000-01-19,-6.1,961.5500000000001,15.0,182.91644265300346
2000-01-20,-3.5,964.575,12.5,195.3135308239869
2000-01-21,-2.725,970.8125,5.6,220.4657838743892
2000-01-22,-3.6375,967.825,5.0,270.3260195207294
2000-01-23,-5.15,970.6625,16.5,184.27766267065402
2000-01-24,-4.5375,971.975,7.166666666666667,188.90655567717653
2000-01-25,-4.45,966.7625,7.25,311.5917477362938
2000-01-26,-3.3,964.925,1.7142857142857142,113.80700900588597
2000-01-27,-4.3625,966.95,4.25,212.39370123019236
2000-01-28,-3.1833333333333336,966.975,1.5,183.6495243359841
2000-01-29,-5.1,971.4375,,155.34653371557826
2000-01-30,-5.2875,973.3000000000001,3.0,277.3403494485583
2000-01-31,-5.05,979.6,8.333333333333334,179.93486723307984
2000-02-01,-4.8375,985.175,4.0,329.61448680408023
2000-02-02,-5.325,982.8125,6.0,275.18055414932104
2000-02-03,-7.2125,980.15,14.142857142857142,177.9926550205025
2000-02-04,-7.45,979.8125,6.0,276.1130653187737
2000-02-05,-6.25,979.6,7.0,271.14841454609405
2000-02-06,-5.6875,975.55,6.666666666666667,245.04935233034485
2000-02-07,-4.55,971.15,5.25,235.7855111585916
2000-02-08,-7.0125,970.2875,13.833333333333334,186.00244393710275
2000-02-09,-6.6125,971.95,12.714285714285714,194.99999999999997
2000-02-10,-8.6125,977.5375,14.714285714285714,186.63627258837698
2000-02-11,-8.9625,978.15,25.333333333333332,170.0
2000-02-12,-7.1875,977.0,22.0,181.1942797246697
2000-02-13,-6.7,969.4125,10.0,237.38589656839883
2000-02-14,-10.0875,967.675,18.333333333333332,175.0192580920761
2000-02-15,-11.4125,970.2125,13.6,185.0
2000-02-16,-12.0375,974.0,15.0,207.48562069330072
2000-02-17,-10.95,971.425,5.0,201.11360667362248
2000-02-18,-11.985714285714286,960.1750000000001,,238.0572867449278
2000-02-19,-13.6375,958.625,11.0,182.4269870580716
2000-02-20,-11.814285714285715,960.65,2.0,207.41280898441804
2000-02-21,-11.2875,958.7125,19.0,181.62788529982174
2000-02-22,-10.8125,965.1500000000001,13.0,208.03677833242656
2000-02-23,-11.485714285714286,972.675,,229.29070373491257
2000-02-24,-11.7125,972.5875,,233.0356279460491
2000-02-25,-10.0125,960.1999999999999,,264.83367489962734
2000-02-26,-7.975,955.5,,242.18778081124526
2000-02-27,-8.3125,957.5625,16.0,238.22271567337032
2000-02-28,-10.8,967.7875,8.0,235.0813181014894
2000-02-29,-10.8625,964.6375,13.0,228.46943953360943
2000-03-01,-10.1,963.8625,20.0,175.88171757073385
2000-03-02,-12.5375,970.0875,,193.0240604241587
2000-03-03,-13.2125,969.725,21.25,177.19255742171703
2000-03-04,-12.775,971.9875,10.5,238.5159458562412
2000-03-05,-12.9125,975.775,14.5,199.15750657398144
2000-03-06,-14.6375,976.9,11.5,182.65970887142703
2000-03-07,-14.8625,969.7,5.5,230.58176469814984
2000-03-08,-12.725,967.55,6.0,292.6851298074381
2000-03-09,-11.55,971.75,1.5,184.41150210887895
2000-03-10,-12.5875,972.9625,2.0,230.55003839961265
2000-03-11,-15.3125,971.1875,19.0,217.72971691120046
2000-03-12,-12.6,972.2125,14.0,188.7734157281169
2000-03-13,-13.9125,972.5,,205.0
2000-03-14,-14.924999999999999,972.2375,12.75,200.0
2000-03-15,-14.375,972.125,10.333333333333334,208.12238580152265
2000-03-16,-13.2625,972.3,5.0,188.80021207031214
2000-03-17,-15.850000000000001,970.0875,,240.55381203652107
2000-03-18,-13.25,967.6,1.0,296.5079809950581
2000-03-19,-11.8375,972.1875,7.0,157.63144904386206
2000-03-20,-14.0,985.8625,1.0,281.32564270412735
2000-03-21,-15.875,982.3125,2.8,196.4826424076645
2000-03-22,-17.6,971.675,,201.4002515330706
2000-03-23,-17.3375,978.525,31.0,162.5047687215366
2000-03-24,-16.7625,977.1625,28.5,180.10945227789233
2000-03-25,-18.7,965.875,4.0,181.35441569241348
2000-03-26,-21.987499999999997,961.35,4.25,188.7941866852875
2000-03-27,-20.6125,966.25,9.0,302.7240069269432
2000-03-28,-14.5,970.2,17.5,233.69088452941114
2000-03-29,-13.4125,965.0,36.75,240.0
2000-03-30,-10.5625,971.9625,,201.02732519093544
2000-03-31,-8.0,967.775,11.0,203.50408910701023
2000-04-01,-9.671428571428573,964.575,9.5,208.53488594202787
2000-04-02,-9.333333333333334,967.0625,13.0,189.95980389397417
2000-04-03,-9.45,966.8625,16.5,181.63627258837698
2000-04-04,-12.0625,966.1125,16.0,210.08887138338528
2000-04-05,-14.0125,960.4875,18.0,167.45664153834517
2000-04-06,-15.4875,959.1125,2.5,183.77202290806034
2000-04-07,-17.7375,956.2125,8.5,190.7729025065647
2000-04-08,-19.2375,957.6625,8.0,197.0114255881922
2000-04-09,-19.9875,959.875,4.666666666666667,179.76755843303698
2000-04-10,-19.7375,962.1875,2.0,196.12837519733787
2000-04-11,-18.4375,965.5125,10.333333333333334,214.78987125547758
2000-04-12,-22.1625,971.7625,13.8,178.0048807114913
2000-04-13,-24.7375,978.7625,3.0,227.57185610559145
2000-04-14,-23.25,981.7,7.0,292.5622094301919
2000-04-15,-22.6375,974.5,3.0,184.1393868339737
2000-04-16,-25.975,975.5,3.0,180.0
2000-04-17,-23.4,983.5875,4.0,178.40433568118294
2000-04-18,-23.6625,981.75,4.0,179.15335900661802
2000-04-19,-21.5125,976.6875,3.5,273.58048020794723
2000-04-20,-18.325,979.7625,14.0,187.62835033485212
2000-04-21,-17.4375,978.425,16.5,190.62968082027274
2000-04-22,-18.5375,975.35,17.0,213.799552844993
2000-04-23,-17.95,974.65,12.0,221.05855375063263
2000-04-24,-16.925,975.9375,,223.72359882733272
2000-04-25,-16.3625,979.7125,15.333333333333334,186.0091852597337
2000-04-26,-13.4625,977.1125,,193.7365414834129
2000-04-27,-15.8125,975.375,,182.4952312784634
2000-04-28,-17.8125,973.35,26.0,178.74940931257473
2000-04-29,-15.2875,963.025,17.0,185.0
2000-04-30,-14.1875,958.7125,3.5,191.11827876909314
2000-05-01,-14.9625,964.4125,5.0,216.7525666939996
2000-05-02,-12.9,961.975,3.0,204.34338125872426
2000-05-03,-17.125,961.0,,289.81012609103436
2000-05-04,-18.616666666666667,958.45,6.0,296.8388170155702
2000-05-05,-17.4125,964.8375,,188.5278056115256
2000-05-06,-15.5,969.9875,13.666666666666666,177.46647435312426
2000-05-07,-19.25,968.4625,6.75,236.67798308145427
2000-05-08,-20.75,963.95,,200.4732704260004
2000-05-09,-22.071428571428573,963.0625,1.5,201.55059225975688
2000-05-10,-17.185714285714287,947.9375,7.0,247.97149296135035
2000-05-11,-13.1625,946.95,,174.426825796352
2000-05-12,-12.8375,956.1625,,193.78615618276328
2000-05-13,-14.05,957.2875,,217.12550002006418
2000-05-14,-18.0875,964.0625,26.0,243.4773409395613
2000-05-15,-19.75,963.3,,213.92671998983604
2000-05-16,-21.15,963.4,7.333333333333333,275.55853605741214
2000-05-17,-20.7625,964.5125,5.0,204.06197093204506
2000-05-18,-25.3,964.475,4.333333333333333,167.76893858218594
2000-05-19,-25.0375,974.85,8.75,170.0
2000-05-20,-21.925,981.4,21.0,177.61040062658822
2000-05-21,-23.1625,981.775,,191.90519518131444
2000-05-22,-25.8,977.3625,6.5,221.8061589123598
2000-05-23,-26.475,974.2625,12.5,170.0
2000-05-24,-27.875,980.6125,8.0,180.11568442019436
2000-05-25,-29.85,976.7,14.0,185.90334260151482
2000-05-26,-27.3875,975.575,,184.4764758342517
2000-05-27,-24.225,988.675,9.0,216.92818857094827
2000-05-28,-26.4,1003.4125,,223.02245909870686
2000-05-29,-27.5875,1006.3125,2.2857142857142856,266.26210693106214
2000-05-30,-31.771428571428572,996.65,4.0,287.5801674731328
2000-05-31,-29.099999999999998,982.3625,4.0,221.64687397620952
2000-06-01,-21.4375,966.6625,34.333333333333336,247.4377905698081
2000-06-02,-18.6,959.6,26.0,184.43226474198556
2000-06-03,-18.78,971.925,,204.23710645223778
2000-06-04,-8.1375,972.25,,176.00244393710275
2000-06-05,-6.775,967.6375,21.0,170.6271272241193
2000-06-06,-11.4875,969.6625,19.0,190.0
2000-06-07,-17.7875,975.5500000000001,21.0,180.0
2000-06-08,-22.05,976.5375,13.666666666666666,178.32100024779825
2000-06-09,-23.4625,982.3875,17.5,259.061970932045
2000-06-10,-24.1875,985.225,4.0,192.27028308879952
2000-06-11,-23.9375,983.925,5.2,306.72220549539577
2000-06-12,-21.759999999999998,976.35,3.0,282.1200217782336
2000-06-13,-25.55,969.375,,164.8688893659138
2000-06-14,-27.8875,971.4375,3.0,277.7274148273263
2000-06-15,-29.1375,973.375,5.5,312.5047687215366
2000-06-16,-29.925,976.9625,2.3333333333333335,270.0
2000-06-17,-30.4625,976.075,5.0,163.28169230121327
2000-06-18,-29.571428571428573,964.4,7.0,303.73221567389237
2000-06-19,-26.37142857142857,954.8375,3.0,182.73794283873434
2000-06-20,-28.7625,980.2875,1.0,205.0
2000-06-21,-28.0375,986.1875,2.25,181.9830533459686
2000-06-22,-31.666666666666668,977.4124999999999,,283.10520480365386
2000-06-23,-22.775,974.4625,4.0,227.4069786733328
2000-06-24,-18.657142857142855,977.65,,182.31816956060456
2000-06-25,-22.35,974.0375,,231.5699257738544
2000-06-26,-25.25,967.625,3.0,194.4333770815016
2000-06-27,-24.599999999999998,969.8,,205.9743033113935
2000-06-28,-28.4,975.95,,169.28780452564803
2000-06-29,-30.375,976.0,3.5,187.03969511099297
2000-06-30,-31.4125,964.4375,2.5,257.21130186331084
2000-07-01,-24.05,956.4,20.5,244.9807419079239
2000-07-02,-23.1875,953.9625,,225.68952614790422
2000-07-03,-19.6375,949.55,5.5,214.66097653878367
2000-07-04,-20.1125,955.7125,6.0,205.15016806817482
2000-07-05,-20.4375,963.2375,,212.83636847357477
2000-07-06,-20.55,970.8625,,241.09767302373925
2000-07-07,-20.725,974.45,,193.73789306893792
2000-07-08,-16.766666666666666,960.0625,,210.0
2000-07-09,-22.0625,966.0375,,178.74940931257473
2000-07-10,-23.775,969.575,,189.1617276381008
2000-07-11,-22.714285714285715,957.0375,,291.05324821679767
2000-07-12,-25.04,968.0125,,208.46096916329608
2000-07-13,-28.275,965.9375,,217.89775679643668
2000-07-14,-27.3125,967.725,21.0,237.5391493360869
2000-07-15,-17.757142857142856,973.1375,34.0,226.05324821679764
2000-07-16,-11.4875,976.3375,,234.08714803062617
2000-07-17,-14.4375,968.9375,,255.13675655094525
2000-07-18,-17.9,961.1125,,210.4317459210596
2000-07-19,-15.1375,971.6,19.0,218.34284285322997
2000-07-20,-13.9125,976.75,,222.774887380899
2000-07-21,-13.1125,981.25,,194.1506010283019
2000-07-22,-15.775,980.4625,,253.04757070199975
2000-07-23,-21.225,980.8625,4.0,193.2948793679488
2000-07-24,-21.375,992.275,12.0,287.87798714433313
2000-07-25,-24.3,983.6125,2.6,207.77149031640138
2000-07-26,-26.425,975.2625,4.5,156.70495327058325
2000-07-27,-28.375,971.95,6.5,186.75015492348155
2000-07-28,-29.1,966.5875,5.0,260.8941588579568
2000-07-29,-33.1125,978.7375,,180.16937391496168
2000-07-30,-31.3375,982.125,6.0,187.06153939118622
2000-07-31,-28.974999999999998,977.925,,218.7134331649812
2000-08-01,-20.9375,971.975,14.5,224.78772623278357
2000-08-02,-12.2375,973.3875,26.0,167.4952312784634
2000-08-03,-11.1125,978.425,26.0,177.50476872153658
2000-08-04,-12.8,974.7625,28.333333333333332,180.0
2000-08-05,-12.02,981.4125,,223.0946401822227
2000-08-06,-23.925,984.8875,2.5,187.39615952344548
2000-08-07,-29.3125,983.25,15.0,177.51437930669928
2000-08-08,-29.5625,978.2,21.0,277.07704478747553
2000-08-09,-20.4625,975.525,3.0,270.2509761923005
2000-08-10,-25.3375,963.4375,6.0,187.7013983777275
2000-08-11,-26.1375,956.35,10.0,195.73097854759644
2000-08-12,-27.2625,965.35,9.5,307.99265502050247
2000-08-13,-25.75,971.075,4.0,249.81809124610277
2000-08-14,-23.650000000000002,960.5875,6.0,238.56637424356683
2000-08-15,-28.5375,964.3125,4.0,191.32884666276684
2000-08-16,-28.4125,971.0125,,221.5625198608497
2000-08-17,-28.95,969.825,2.0,260.0
2000-08-18,-29.971428571428568,971.125,16.0,233.89005594024576
2000-08-19,-24.8625,969.825,33.0,223.7378930689379
2000-08-20,-26.900000000000002,967.3375,3.0,201.43390628590467
2000-08-21,-27.939999999999998,973.6,,211.66169679134396
2000-08-22,-27.1375,980.7375,16.0,216.81633166739408
2000-08-23,-27.085714285714285,972.15,,233.24300009478446
2000-08-24,-28.839999999999996,957.0375,,191.02987212957026
2000-08-25,-25.24285714285714,980.0625,17.0,198.75634048618093
2000-08-26,-20.275000000000002,976.5375,,236.45450211908178
2000-08-27,-17.3,965.9625,,236.68751867881826
2000-08-28,-24.385714285714283,964.2375,,239.92267058862495
2000-08-29,-22.6625,967.2,33.5,240.0
2000-08-30,-23.6375,973.3625,25.0,264.41538701853284
2000-08-31,-22.724999999999998,982.8125,3.3333333333333335,238.43410507569646
2000-09-01,-16.266666666666666,990.55,2.0,245.63446492812818
2000-09-02,-20.72,997.075,,215.2103218234
2000-09-03,-18.016666666666666,1002.1,,188.45948381858827
2000-09-04,-21.9,992.7625,,204.15192788812084
2000-09-05,-20.75,987.1,,178.83777522224975
2000-09-06,-22.425,979.7125,,200.06948848781653
2000-09-07,-23.275,964.1,7.5,195.62629957526138
2000-09-08,-21.95,988.3000000000001,4.666666666666667,178.81768429379125
2000-09-09,-25.125,989.7375,,207.225112619101
2000-09-10,-27.575,995.775,23.0,194.5375116319786
2000-09-11,-31.15,993.925,2.5,226.0767527481527
2000-09-12,-31.225,991.3,5.0,317.3220592595957
2000-09-13,-21.5,982.8,,203.65200604747298
2000-09-14,-18.085714285714285,980.9625,,215.96952299037127
2000-09-15,-14.219999999999999,976.95,,212.82208527878709
2000-09-16,-33.1125,979.8875,26.0,189.81140781977945
2000-09-17,-33.1375,969.375,3.6666666666666665,322.2727964113153
2000-09-18,-31.225,960.3,4.0,162.83664787020402
2000-09-19,-31.05,959.3125,3.5,325.0
2000-09-20,-28.6875,974.4125,19.0,261.7243266193809
2000-09-21,-32.6375,969.05,1.0,190.20768095310902
2000-09-22,-31.4125,963.5,,247.717862063628
2000-09-23,-28.983333333333334,969.6875,2.3333333333333335,162.87072864945316
2000-09-24,-21.525,965.825,44.0,165.0
2000-09-25,-12.95,960.5625,27.0,161.29841739955026
2000-09-26,-12.4125,965.6125,27.75,180.0
2000-09-27,-16.45,959.075,44.0,256.80735591443556
2000-09-28,-20.883333333333333,953.3,,241.11306531877366
2000-09-29,-17.0875,958.1375,37.0,238.5133247298334
2000-09-30,-20.975,959.7875,,195.423464871638
2000-10-01,-15.825,961.9875,,239.88743677992085
2000-10-02,-15.7375,959.55,27.0,186.80579426841058
2000-10-03,-18.4,954.025,18.5,178.32956305530232
2000-10-04,-22.375,948.9875,24.0,192.85149471447252
2000-10-05,-22.325,948.2625,8.0,253.1183552006787
2000-10-06,-18.9875,950.8875,10.0,253.8731025594151
2000-10-07,-16.2,959.7,15.0,227.01843387360404
2000-10-08,-16.9,960.3625,4.5,295.37548789245335
2000-10-09,-19.12857142857143,962.4875,3.25,273.10520480365386
2000-10-10,-22.014285714285712,979.3875,3.75,166.79079312293896
2000-10-11,-21.8375,988.4375,3.6,301.05297876301586
2000-10-12,-21.0,979.375,1.0,173.38580616288053
2000-10-13,-20.35,968.1125,2.5,179.70353572314076
2000-10-14,-20.65,966.3375,2.0,320.5321918617255
2000-10-15,-24.3375,968.7875,3.75,321.68485332589404
2000-10-16,-22.1125,970.3875,5.75,253.35025628614534
2000-10-17,-24.3875,974.85,5.0,177.49523127846342
2000-10-18,-22.585714285714285,973.1125,4.5,185.46129375676418
2000-10-19,-27.65,964.0375,12.0,177.55296561872152
2000-10-20,-27.2375,967.6875,17.0,188.25828849189708
2000-10-21,-25.9375,964.325,3.5,281.22929498669737
2000-10-22,-26.425,967.175,15.0,178.75918267933278
2000-10-23,-26.7125,963.4125,3.5,221.73479331228845
2000-10-24,-24.825,955.3625,4.75,306.829896205038
2000-10-25,-19.133333333333333,943.525,6.0,317.72971691120046
2000-10-26,-10.975,955.25,5.0,235.0
2000-10-27,-11.6375,963.55,5.0,201.26210693106208
2000-10-28,-15.12857142857143,965.4875,7.666666666666667,191.3455844259302
2000-10-29,-15.95,972.5875,12.0,174.02206722471684
2000-10-30,-19.9,964.85,3.2,155.0
2000-10-31,-19.9375,957.7875,6.0,173.22861333065765
2000-11-01,-21.025,950.175,4.5,326.0447118378323
2000-11-02,-18.5,962.15,4.5,250.34246033045946
2000-11-03,-14.775,968.7875,13.0,235.6328165637743
2000-11-04,-9.9625,963.2,,236.37643054688454
2000-11-05,-7.242857142857143,961.65,,184.4533924239765
2000-11-06,-4.3375,965.2125,,177.82361038608352
2000-11-07,-9.5125,972.525,6.6,300.2816524872353
2000-11-08,-10.9375,970.925,11.0,186.13337308867986
2000-11-09,-9.4875,972.925,5.0,224.20789869879056
2000-11-10,-6.275,965.6125,,251.0728910015422
2000-11-11,-6.85,960.6875,,225.0
2000-11-12,-6.1000000000000005,962.1,,178.29504672941675
2000-11-13,-6.95,962.1625,11.0,222.1002819727567
2000-11-14,-7.8125,953.6625,,202.43938127746333
2000-11-15,-9.275,965.3125,11.0,198.95437729509155
2000-11-16,-7.642857142857143,966.375,5.0,205.5878522669449
2000-11-17,-8.7875,973.075,11.0,168.1912702075512
2000-11-18,-6.7,980.1375,3.5,185.7855111585916
2000-11-19,-9.3875,975.2375,16.6,178.0048807114913
2000-11-20,-9.925,970.275,18.0,170.0
2000-11-21,-9.3,975.2125,24.0,180.0
2000-11-22,-6.5125,972.8125,6.0,228.50595043769954
2000-11-23,-4.075,965.7625,6.0,152.3736591270387
2000-11-24,-3.1,969.925,,208.19264408556444
2000-11-25,-4.4125000000000005,978.45,10.0,177.48562069330072
2000-11-26,-5.3625,976.6625,9.8,174.90296874338827
2000-11-27,-5.1625,979.425,26.666666666666668,170.0
2000-11-28,-3.8375,989.0375,25.0,191.55033723476802
2000-11-29,-4.525,983.7,7.333333333333333,251.67043694469766
2000-11-30,-5.0125,977.9625,,173.74701698623116
2000-12-01,-5.3125,978.4875,5.4,180.0
2000-12-02,-4.1571428571428575,978.1375,6.5,198.68166644093063
2000-12-03,-5.0625,978.9125,14.5,195.32808044752227
2000-12-04,-5.9625,977.1125,9.5,175.15833165225197
2000-12-05,-5.475,976.7,23.0,188.19773183822775
2000-12-06,-5.3875,980.1625,15.5,165.29060812762754
2000-12-07,-4.385714285714285,981.2375,3.5,331.4989404482917
2000-12-08,-3.825,980.0375,7.0,192.56832877748062
2000-12-09,-5.512499999999999,979.525,4.0,331.64640735398945
2000-12-10,-7.0875,981.9375,3.1666666666666665,155.4962690061952
2000-12-11,-4.6625,983.7625,3.2,330.07501496077265
2000-12-12,-4.171428571428572,985.2625,2.6,334.01481697457973
2000-12-13,-5.225,990.4125,4.75,308.8360198649492
2000-12-14,-5.6125,986.9125,4.5,332.5047687215366
2000-12-15,-4.885714285714286,984.8,3.5,325.28563633523237
2000-12-16,-4.257142857142857,983.35,3.142857142857143,180.92787651902913
2000-12-17,-4.3,981.7875,3.2857142857142856,323.75690985743944
2000-12-18,-3.825,982.225,5.571428571428571,319.52856365666673
2000-12-19,-4.075,980.45,4.0,319.8449663280205
2000-12-20,-5.0,980.25,6.0,297.4686423797022
2000-12-21,-5.325,977.9375,4.0,102.70502334221598
2000-12-22,-4.928571428571429,977.1,4.75,174.69443060972424
2000-12-23,-7.199999999999999,979.0625,19.6,171.67043694469768
2000-12-24,-7.8125,984.9,22.5,176.00244393710275
2000-12-25,-5.3375,990.8,13.333333333333334,210.45675271974062
2000-12-26,-4.4625,989.0875,6.0,240.6691526965211
2000-12-27,-6.8625,994.2875,8.5,176.7044262302555
2000-12-28,-5.614285714285714,998.4125,4.8,321.9550707630696
2000-12-29,-5.6375,991.35,6.4,324.89609063898286
2000-12-30,-5.875,984.925,8.666666666666666,286.4532178030882
2000-12-31,-5.9875,983.5625,5.166666666666667,192.8779871443331
2001-01-01,-5.9125,981.025,8.25,255.7186867079941
2001-01-02,-8.6375,983.4125,14.2,176.3488498802227
2001-01-03,-8.45,981.2375,11.666666666666666,170.0
2001-01-04,-7.2375,977.75,5.666666666666667,330.43565996815977
2001-01-05,-5.1875,978.275,5.333333333333333,188.20033597361152
2001-01-06,-4.685714285714285,976.15,4.5,135.11751086971648
2001-01-07,-8.2,976.4125,15.0,171.67043694469768
2001-01-08,-9.65,977.6125,14.0,174.02206722471684
2001-01-09,-8.0875,975.4,11.2,180.0
2001-01-10,-6.0,976.1375,3.8,233.91574757492165
2001-01-11,-8.450000000000001,980.55,9.5,158.76256042547868
2001-01-12,-6.7,983.2625,2.4285714285714284,323.5980418839594
2001-01-13,-7.0875,982.1625,4.285714285714286,317.4856206933007
2001-01-14,-6.9,978.1625,4.0,314.3737004247386
2001-01-15,-6.985714285714286,974.5749999999999,2.6,169.17991943084388
2001-01-16,-6.525,980.0,5.75,316.70495327058325
2001-01-17,-6.45,982.9,6.5,327.4664743531242
2001-01-18,-5.025,979.8625,7.333333333333333,299.061970932045
2001-01-19,-4.257142857142857,981.975,6.0,162.2276505860659
2001-01-20,-5.6000000000000005,981.3375,2.5714285714285716,130.0
2001-01-21,-8.7125,982.2625,9.75,189.5335366815627
2001-01-22,-8.528571428571428,985.45,2.5,312.47578613787584
2001-01-23,-5.533333333333334,980.075,3.2,306.0021471057157
2001-01-24,-2.75,969.475,,188.26255101159583
2001-01-25,-5.875,974.1875,9.25,212.88272482716494
2001-01-26,-5.371428571428572,974.175,2.8,329.7574377837257
2001-01-27,-6.171428571428572,970.575,3.0,175.00000000000003
2001-01-28,-6.4624999999999995,975.0125,6.0,180.0
2001-01-29,-4.7125,981.6375,3.0,216.12248748494673
2001-01-30,-6.1625,979.6375,6.0,186.26576670881673
2001-01-31,-6.1875,976.1625,2.0,212.0416899538426
2001-02-01,-6.75,981.3125,12.666666666666666,214.60250637695808
2001-02-02,-6.8625,982.15,9.5,193.67207952297582
2001-02-03,-5.3428571428571425,977.4625,,218.98060526993982
2001-02-04,-7.2,975.05,,321.1293224355219
2001-02-05,-5.75,984.325,6.333333333333333,292.44149561416634
2001-02-06,-2.1875,984.2875,5.0,283.5839638603394
2001-02-07,-6.9,976.75,9.0,209.36609861550937
2001-02-08,-10.1,980.2875,23.0,195.55904497431365
2001-02-09,-8.5,977.275,7.0,236.38267664846217
2001-02-10,-6.9375,976.4875,4.0,210.0
2001-02-11,-6.35,978.7625,8.0,201.9704990853177
2001-02-12,-7.2375,976.5625,10.0,217.41890185588915
2001-02-13,-6.0875,976.575,,191.60386369573976
2001-02-14,-6.8875,983.3875,,242.14669253962114
2001-02-15,-5.3,974.3375,3.0,198.150002875453
2001-02-16,-5.08,967.4,3.75,230.49784956345547
2001-02-17,-8.642857142857142,973.9142857142857,3.0,193.07215975381058
2001-02-18,-6.557142857142857,976.5142857142857,6.333333333333333,205.70522061596782
2001-02-19,-8.08,973.4,3.0,303.09431317947633
2001-02-20,-7.957142857142857,966.2428571428571,6.0,249.87227347034008
2001-02-21,-8.757142857142856,973.1999999999999,4.0,196.2471490488442
2001-02-22,-8.725,976.275,9.5,194.19480509959757
2001-02-23,-9.242857142857144,971.9571428571428,7.0,299.0544580515799
2001-02-24,-9.87142857142857,971.7571428571429,3.5,224.77538670047028
2001-02-25,-9.799999999999999,973.657142857143,2.0,214.3737004247386
2001-02-26,-11.342857142857143,974.1428571428571,13.5,210.71830046155125
2001-02-27,-12.385714285714286,976.8142857142857,22.0,246.95778424592703
2001-02-28,-12.616666666666667,980.1999999999999,2.5,299.54056617759903
2001-03-01,-12.314285714285715,978.1714285714286,5.0,189.92267058862495
2001-03-02,-15.299999999999999,971.9142857142857,9.0,176.01477477206282
2001-03-03,-19.085714285714285,974.6428571428571,15.0,181.43034733322025
2001-03-04,-19.442857142857143,978.5714285714286,,182.0073449794975
2001-03-05,-18.483333333333334,973.9666666666667,10.5,201.8031897802311
2001-03-06,-19.657142857142855,970.3714285714286,10.75,180.0
2001-03-07,-19.885714285714283,968.0428571428572,,198.697284799378
2001-03-08,-19.085714285714285,971.3571428571429,12.5,296.4062203785322
2001-03-09,-20.416666666666668,962.5500000000001,6.0,202.5568571893027
2001-03-10,-19.571428571428573,968.2625,8.75,189.95605349953877
2001-03-11,-17.64,969.68,3.0,307.99265502050247
2001-03-12,-15.333333333333334,966.1428571428571,6.0,252.80779736036783
2001-03-13,-14.342857142857143,976.4857142857143,,268.8302253479383
2001-03-14,-17.95,978.8666666666667,13.0,198.03123110974167
2001-03-15,-17.66,973.9,3.0,240.0
2001-03-16,-21.285714285714285,966.2571428571429,15.333333333333334,207.44442263727086
2001-03-17,-23.457142857142856,968.4142857142857,,198.7197732736922
2001-03-18,-23.349999999999998,971.0666666666666,3.0,223.02725051891133
2001-03-19,-18.316666666666666,970.65,,287.96287204140555
2001-03-20,-21.283333333333335,964.3285714285714,17.0,187.58625569984574
2001-03-21,-21.957142857142856,970.3000000000001,3.5,265.46663179637466
2001-03-22,-23.4,973.8399999999999,2.0,270.0
2001-03-23,-22.614285714285717,971.45,2.6,191.49227733667914
2001-03-24,-20.9,966.3799999999999,3.0,178.73789306893792
2001-03-25,-17.220000000000002,970.6333333333333,8.0,231.31920950121156
2001-03-26,-7.183333333333334,978.9166666666666,7.75,205.379702812422
2001-03-27,-7.82,980.6200000000001,9.0,230.64834699968006
2001-03-28,-12.833333333333334,972.1,,238.12052135502006
2001-03-29,-17.47142857142857,969.0714285714286,24.666666666666668,180.0
2001-03-30,-22.98,977.3199999999999,12.0,180.0
2001-03-31,-24.385714285714283,975.7714285714285,8.666666666666666,193.40825226370617
2001-04-01,-23.985714285714288,968.9499999999999,4.333333333333333,186.6875186788183
2001-04-02,-23.400000000000002,975.6,,204.2057644887629
2001-04-03,-20.214285714285715,966.5285714285714,20.0,290.4173652172432
2001-04-04,-20.833333333333332,976.157142857143,4.0,183.38134254886572
2001-04-05,-20.8,980.1142857142858,2.875,292.7212758563611
2001-04-06,-19.616666666666667,975.3166666666666,12.0,177.5047687215366
2001-04-07,-20.771428571428572,971.4857142857143,16.0,180.0
2001-04-08,-22.457142857142856,968.0,5.0,171.5085601658777
2001-04-09,-22.47142857142857,973.0714285714286,20.0,197.2741441956901
2001-04-10,-22.5,973.5285714285714,14.0,187.7723494139341
2001-04-11,-20.1125,962.2,5.5,289.9198825573795
2001-04-12,-13.6,950.8666666666667,4.0,266.91751116596504
2001-04-13,-10.299999999999999,944.5142857142857,9.5,190.14705717075967
2001-04-14,-14.25,951.6375,36.0,214.05069729193065
2001-04-15,-11.62857142857143,955.5,4.5,208.51027057497515
2001-04-16,-12.0,960.9666666666667,4.5,226.79486997175792
2001-04-17,-17.783333333333335,968.4857142857143,8.0,141.21040960730772
2001-04-18,-20.166666666666668,976.65,4.666666666666667,183.28584449250738
2001-04-19,-23.099999999999998,975.6999999999999,18.75,176.65344185939722
2001-04-20,-26.2,967.2142857142857,34.0,180.0
2001-04-21,-28.916666666666668,960.4666666666667,17.666666666666668,174.22457513456266
2001-04-22,-27.46666666666667,969.9,9.0,264.6409719359251
2001-04-23,-23.5,974.25,10.0,181.03766892883755
2001-04-24,-25.849999999999998,974.5714285714286,28.5,225.05024428989765
2001-04-25,-21.17142857142857,978.342857142857,32.5,235.69733859458466
2001-04-26,-19.78,978.1875,14.5,201.35967268497674
2001-04-27,-24.666666666666668,966.5142857142857,7.0,266.739197323441
2001-04-28,-28.45,954.4625,,170.0
2001-04-29,-24.5,955.76,,223.53568293848136
2001-04-30,-18.8125,959.0625,29.0,242.1279476852813
2001-05-01,-16.28,963.9,,184.56612390808553
2001-05-02,-24.2,964.0333333333333,,233.44489898150286
2001-05-03,-24.714285714285715,965.4571428571428,1.5,176.73132882018757
2001-05-04,-27.150000000000002,972.0500000000001,10.0,165.3527719228345
2001-05-05,-24.657142857142855,968.5,7.333333333333333,224.88705260037756
2001-05-06,-19.880000000000003,971.0200000000001,22.0,191.55240311119883
2001-05-07,-19.97142857142857,980.1,21.666666666666668,185.7807976613115
2001-05-08,-22.314285714285713,977.9125,10.5,171.0114138100595
2001-05-09,-18.7,980.0571428571428,25.0,228.7478593478046
2001-05-10,-10.7375,970.6,38.5,234.3537364363043
2001-05-11,-12.157142857142857,975.4,42.0,244.28393283033796
2001-05-12,-10.242857142857144,974.6,,238.36372741162302
2001-05-13,-12.74,966.6166666666667,,246.61249658662342
2001-05-14,-18.116666666666667,968.3833333333333,,246.58423326510967
2001-05-15,-19.4625,967.15,12.666666666666666,276.21448056766144
2001-05-16,-13.950000000000001,957.7166666666667,23.666666666666668,239.9109519248566
2001-05-17,-15.585714285714285,962.4571428571428,24.0,198.4300742261456
2001-05-18,-19.675,971.0375,14.5,203.08565818551781
2001-05-19,-19.814285714285713,978.6999999999999,1.5,271.22611883789057
2001-05-20,-21.075,982.9399999999999,5.0,300.0
2001-05-21,-24.425,990.425,3.0,179.59387309075836
2001-05-22,-26.516666666666666,992.5,4.75,317.02838599240647
2001-05-23,-25.125,984.7285714285715,,233.4374801391503
2001-05-24,-21.299999999999997,980.0,6.0,186.7399457109196
2001-05-25,-27.285714285714285,974.8714285714286,14.0,221.5794644926472
2001-05-26,-26.53333333333333,962.575,19.0,202.67144318458648
2001-05-27,-26.349999999999998,966.65,,256.5635429372007
2001-05-28,-29.95,972.9166666666666,13.666666666666666,182.13111908728786
2001-05-29,-30.45,970.6666666666666,3.25,165.0
2001-05-30,-30.5,966.35,3.6,279.51534147709526
2001-05-31,-30.52857142857143,967.0571428571428,11.0,217.52821218177965
2001-06-01,-27.339999999999996,980.4399999999999,11.5,197.17409594427812
2001-06-02,-27.942857142857143,977.9,4.0,216.8673689257743
2001-06-03,-28.419999999999998,966.5571428571428,5.0,203.26468221477762
2001-06-04,-26.414285714285715,965.9,17.0,219.45183094683495
2001-06-05,-23.642857142857142,956.6428571428571,,254.04323387160878
2001-06-06,-19.34,963.8666666666667,,236.05324821679764
2001-06-07,-11.442857142857141,967.5857142857143,11.5,189.57906629793393
2001-06-08,-13.157142857142858,976.6714285714286,26.0,177.54335846165483
2001-06-09,-15.028571428571428,974.2285714285715,13.0,218.02233871836034
2001-06-10,-14.885714285714286,969.625,2.0,202.81921945809484
2001-06-11,-14.583333333333334,973.2666666666668,3.5,200.63857576087062
2001-06-12,-13.700000000000001,971.7,13.5,182.58912389950328
2001-06-13,-17.133333333333333,979.6999999999999,10.333333333333334,213.85481360403202
2001-06-14,-16.0625,982.225,,185.9975550490991
2001-06-15,-19.25714285714286,978.6857142857143,24.0,177.16609424741992
2001-06-16,-17.216666666666665,963.8666666666667,5.0,266.83899897193214
2001-06-17,-16.9,963.9166666666666,8.0,191.39470980251667
2001-06-18,-16.0,962.4799999999999,24.0,201.43476785895615
2001-06-19,-15.7,957.075,,233.37700540282393
2001-06-20,-21.349999999999998,965.1857142857143,19.0,194.1584530204515
2001-06-21,-23.083333333333332,975.6428571428571,8.0,185.46578387438916
2001-06-22,-28.414285714285715,965.2285714285715,19.0,175.69733859458466
2001-06-23,-24.52857142857143,967.6285714285714,15.5,175.6464559078958
2001-06-24,-20.433333333333334,970.7333333333332,,156.636272588377
2001-06-25,-20.866666666666667,974.0666666666666,20.0,177.48562069330072
2001-06-26,-19.2875,973.95,,285.0
2001-06-27,-23.733333333333334,968.0333333333333,,
2001-06-28,-24.833333333333332,962.8000000000001,22.0,201.629537165161
2001-06-29,-24.03333333333333,966.6333333333333,,229.4050313795791
2001-06-30,-24.8,973.5166666666668,31.0,242.45664153834514
2001-07-01,-24.625,968.0,33.75,243.7276940089356
2001-07-02,-20.666666666666668,959.3166666666666,,257.1249003262208
2001-07-03,-21.357142857142858,964.3714285714286,38.0,240.0
2001-07-04,-24.080000000000002,972.9833333333332,27.0,250.42616581670458
2001-07-05,-32.233333333333334,965.9571428571428,,185.84154697954847
2001-07-06,-27.400000000000002,966.025,,202.70502334221595
2001-07-07,-29.983333333333334,969.6166666666667,21.333333333333332,236.4512401009585
2001-07-08,-31.025,968.8875,2.0,270.9357737207713
2001-07-09,-29.02,973.3666666666667,9.0,167.4355763119649
2001-07-10,-22.9,974.6,,180.2489448342365
2001-07-11,-17.6,975.5125,21.5,249.39155142545368
2001-07-12,-19.575,968.8,29.0,200.0
2001-07-13,-13.450000000000001,972.1,22.333333333333332,219.31282577647488
2001-07-14,-13.914285714285715,976.5571428571428,31.0,197.76740372429026
2001-07-15,-15.8,979.28,22.0,275.89390294034297
2001-07-16,-16.485714285714288,990.5285714285714,13.5,219.99999999999997
2001-07-17,-17.883333333333336,997.1333333333333,9.333333333333334,170.92362348297348
2001-07-18,-20.22,993.4399999999999,2.0,183.73789306893792
2001-07-19,-23.271428571428572,986.4428571428572,20.0,238.1912702075512
2001-07-20,-23.333333333333332,979.1833333333334,6.0,308.51332472983347
2001-07-21,-21.24285714285714,980.5714285714286,1.0,283.7789706534234
2001-07-22,-15.84,975.8,14.666666666666666,203.10520480365383
2001-07-23,-18.599999999999998,966.5666666666666,21.5,217.28446818277132
2001-07-24,-19.633333333333333,965.3666666666667,6.0,204.22775115038039
2001-07-25,-21.214285714285715,967.3142857142857,21.5,189.8441485361878
2001-07-26,-20.7,965.8833333333333,5.0,236.11431661895858
2001-07-27,-19.02857142857143,968.0,5.5,235.32753164229115
2001-07-28,-18.68,973.7,2.0,190.0
2001-07-29,-21.175,984.7875,4.333333333333333,231.07272139958675
2001-07-30,-27.3375,989.225,2.0,267.9352558998528
2001-07-31,-28.939999999999998,979.9875,,300.0440161380874
2001-08-01,-28.457142857142856,967.4714285714286,3.5,181.97036605084048
2001-08-02,-26.933333333333334,957.1166666666667,5.0,163.2419412177531
2001-08-03,-29.65,956.375,4.666666666666667,174.01481697457976
2001-08-04,-30.97142857142857,961.2714285714285,4.5,178.06753729197504
2001-08-05,-32.8125,963.6,8.0,180.58444611477987
2001-08-06,-32.01666666666667,969.4,6.25,233.10520480365383
2001-08-07,-33.766666666666666,966.85,2.0,181.8622187215942
2001-08-08,-34.11666666666667,968.1,6.0,187.3426671097415
2001-08-09,-37.92,966.0600000000001,4.5,176.77728432662968
2001-08-10,-36.357142857142854,963.9714285714286,,269.08526700270306
2001-08-11,-34.73333333333333,959.7333333333332,3.3333333333333335,210.0
2001-08-12,-34.55714285714286,956.7285714285715,,171.43034733322028
2001-08-13,-35.416666666666664,969.5833333333334,2.3333333333333335,154.28143876881535
2001-08-14,-32.78333333333333,968.4714285714286,5.5,277.11582849872883
2001-08-15,-28.599999999999998,966.8000000000001,,269.3214056627709
2001-08-16,-29.560000000000002,970.1666666666666,6.0,238.60609359393794
2001-08-17,-27.439999999999998,982.8666666666667,3.6666666666666665,249.51114259662688
2001-08-18,-25.349999999999998,988.7857142857143,4.0,170.0
2001-08-19,-20.416666666666668,991.2875,24.0,194.99999999999997
2001-08-20,-23.099999999999998,984.842857142857,2.3333333333333335,184.2583782450397
2001-08-21,-25.514285714285712,974.6142857142858,,230.11799487257653
2001-08-22,-30.45,955.075,,229.24044123098895
2001-08-23,-29.339999999999996,958.25,,275.0
2001-08-24,-33.8,967.75,4.0,219.2583782450397
2001-08-25,-32.325,971.875,,187.6943526164752
2001-08-26,-34.4,968.5500000000001,,182.54953317624927
2001-08-27,-31.333333333333332,975.375,,348.2227156733703
2001-08-28,-24.814285714285713,983.6,3.5,260.64435413974076
2001-08-29,-25.8,984.5799999999999,2.3333333333333335,168.95505405179478
2001-08-30,-20.616666666666667,979.3000000000001,3.75,241.54081519321215
2001-08-31,-25.642857142857142,976.1,,218.13813438983613
2001-09-01,-29.114285714285717,979.842857142857,4.0,285.2879008509724
2001-09-02,-33.425,985.525,3.25,165.49915489440122
2001-09-03,-25.8,980.6666666666666,5.5,253.4620932602976
2001-09-04,-19.0,964.65,,206.8031897802311
2001-09-05,-25.9875,961.325,2.8,296.1498588041079
2001-09-06,-28.114285714285717,972.1999999999999,2.6666666666666665,326.30594716686085
2001-09-07,-27.416666666666668,980.3166666666666,2.0,282.4393812774633
2001-09-08,-21.7,983.5,,183.65708869335216
2001-09-09,-25.175,983.125,6.5,215.11751086971645
2001-09-10,-24.314285714285713,976.9714285714286,5.0,302.8926218135653
2001-09-11,-24.071428571428573,973.6857142857143,,267.1593260062158
2001-09-12,-26.5,964.5,3.0,231.5713854597776
2001-09-13,-15.366666666666665,959.525,22.0,275.17600822736165
2001-09-14,-13.6,972.1857142857143,19.0,178.63065788720002
2001-09-15,-16.95,975.9,1.0,259.01326260682976
2001-09-16,-14.919999999999998,969.4875,3.0,224.68940858056217
2001-09-17,-19.32857142857143,970.7875,19.5,196.26210693106205
2001-09-18,-25.880000000000003,960.86,3.75,303.4694395336094
2001-09-19,-27.175,959.25,1.1666666666666667,263.08248883403496
2001-09-20,-22.2,962.3333333333334,4.0,226.86736892577426
2001-09-21,-20.057142857142857,963.4714285714286,8.0,194.2440257113338
2001-09-22,-20.85,967.175,,200.80450123820523
2001-09-23,-20.02,962.24,,235.47244196895903
2001-09-24,-22.599999999999998,960.4625000000001,,190.19223606031386
2001-09-25,-21.771428571428572,960.1142857142858,,174.35925407636148
2001-09-26,-23.94,962.9833333333332,7.0,189.27596389016796
2001-09-27,-29.083333333333332,955.2333333333332,,285.3217025401825
2001-09-28,-18.866666666666667,942.6142857142858,12.0,256.4183791700801
2001-09-29,-19.233333333333334,947.55,,199.31301436798262
2001-09-30,-18.0875,954.2,11.0,197.04883242798533
2001-10-01,-24.383333333333336,955.4333333333334,19.0,178.33803899064077
2001-10-02,-25.314285714285713,947.1285714285714,1.0,204.45247302346246
2001-10-03,-24.619999999999997,941.14,3.0,244.83678694724122
2001-10-04,-14.266666666666666,938.2285714285715,,198.16617642524017
2001-10-05,-11.059999999999999,955.0799999999999,,196.67646869440284
2001-10-06,-13.233333333333334,965.0833333333334,27.666666666666668,180.0
2001-10-07,-12.866666666666667,965.1833333333334,20.0,202.6319558245941
2001-10-08,-14.319999999999999,964.0600000000001,22.0,218.33449043574424
2001-10-09,-13.799999999999999,960.3666666666667,,209.49397755862552
2001-10-10,-11.65,964.35,,245.32707185297122
2001-10-11,-12.485714285714286,959.9142857142857,,230.74591094646556
2001-10-12,-17.05,956.6,6.0,243.41619052875544
2001-10-13,-18.37142857142857,958.6999999999999,3.3333333333333335,302.54259199600654
2001-10-14,-19.97142857142857,965.85,8.4,212.0394616386695
2001-10-15,-23.366666666666664,967.8571428571429,13.5,203.32956305530232
2001-10-16,-24.3,968.2857142857143,5.666666666666667,245.0661126958077
2001-10-17,-23.650000000000002,972.8166666666666,3.5,176.68331675320755
2001-10-18,-22.857142857142858,976.4285714285714,2.75,328.06874037241676
2001-10-19,-24.240000000000002,971.0666666666666,3.0,196.9830533459686
2001-10-20,-20.557142857142857,952.8875,8.0,202.925543016737
2001-10-21,-23.016666666666666,952.6428571428571,12.0,175.7475556698451
2001-10-22,-19.733333333333334,965.4666666666667,8.666666666666666,203.45954919059997
2001-10-23,-15.737499999999999,963.3625000000001,15.5,257.2164977365286
2001-10-24,-14.657142857142857,959.3000000000001,22.0,179.1108483667223
2001-10-25,-16.3375,960.425,9.0,216.54480799420196
2001-10-26,-14.6,961.6428571428571,8.5,253.91207528186965
2001-10-27,-14.528571428571428,964.0,4.0,181.25396879938688
2001-10-28,-15.614285714285714,960.65,5.333333333333333,204.9163252055268
2001-10-29,-17.514285714285712,964.0571428571428,2.5,159.9483321358918
2001-10-30,-17.966666666666665,962.6333333333333,8.5,319.8971646378478
2001-10-31,-17.016666666666666,960.7166666666667,8.5,181.97036605084048
2001-11-01,-16.2,975.5833333333334,13.333333333333334,200.81276460417746
2001-11-02,-15.38,966.5600000000001,7.5,211.39652561469293
2001-11-03,-15.200000000000001,965.0,12.5,182.84640269282878
2001-11-04,-12.1,965.2666666666668,11.0,294.37370042473856
2001-11-05,-9.128571428571428,958.1142857142858,,239.32434809439377
2001-11-06,-10.116666666666667,944.3833333333333,,231.77728432662965
2001-11-07,-10.3625,943.5428571428571,,237.42698705807163
2001-11-08,-9.959999999999999,959.8166666666666,5.0,250.5321918617255
2001-11-09,-7.728571428571429,958.7571428571429,6.0,232.4856206933007
2001-11-10,-9.0,961.2714285714285,22.0,168.55085862325373
2001-11-11,-10.0,959.6750000000001,6.2,321.0732800101639
2001-11-12,-6.942857142857143,956.9142857142857,3.0,237.9649779643185
2001-11-13,-11.725,962.76,16.5,173.32956305530232
2001-11-14,-11.657142857142857,968.6428571428571,29.0,178.56337855308252
2001-11-15,-10.3,968.24,12.0,180.05115735938375
2001-11-16,-10.957142857142857,969.0142857142857,16.75,173.32956305530232
2001-11-17,-11.933333333333332,969.3333333333334,13.75,175.97793277528316
2001-11-18,-11.633333333333333,969.2,10.5,241.62953716516097
2001-11-19,-11.414285714285715,972.342857142857,4.166666666666667,327.36358304869356
2001-11-20,-8.4,972.4,9.0,180.07732941137505
2001-11-21,-9.766666666666666,968.0333333333333,11.5,179.94857824023575
2001-11-22,-9.6,965.3285714285714,4.75,263.05821321218707
2001-11-23,-4.585714285714286,963.5285714285714,,263.46943953360943
2001-11-24,-4.540000000000001,963.4200000000001,4.8,209.5878472113184
2001-11-25,-5.783333333333334,966.3000000000001,10.25,200.15723501729786
2001-11-26,-5.414285714285714,971.0857142857143,2.5,227.20429491126936
2001-11-27,-3.242857142857143,966.0285714285714,7.5,205.45675271974062
2001-11-28,-4.883333333333333,960.8166666666666,9.0,180.2475040664242
2001-11-29,-5.928571428571429,966.6857142857143,15.666666666666666,178.56965266677975
2001-11-30,-6.0,968.375,4.75,319.94857824023575
2001-12-01,-7.7,958.9166666666666,4.6,199.7521264699872
2001-12-02,-5.833333333333333,961.6285714285714,4.0,278.5916135050979
2001-12-03,-5.557142857142857,962.5,3.375,292.51437930669925
2001-12-04,-4.966666666666666,962.625,8.0,156.70495327058325
2001-12-05,-5.0600000000000005,960.9666666666667,14.0,181.9951192885087
2001-12-06,-3.95,956.5125,7.2,195.67303488115246
2001-12-07,-2.557142857142857,955.4857142857143,8.333333333333334,184.49950437477415
2001-12-08,-3.275,959.475,5.5,168.77305243946424
2001-12-09,-2.675,957.325,5.666666666666667,320.14892388341605
2001-12-10,-3.9714285714285715,957.8285714285714,14.2,195.9851830254202
2001-12-11,-4.214285714285714,954.7285714285715,7.5,176.70495327058325
2001-12-12,-8.4,953.775,12.0,184.51114259662685
2001-12-13,-5.0,949.2166666666667,17.666666666666668,165.62872311594833
2001-12-14,-1.542857142857143,946.45,,165.1311106340862
2001-12-15,-1.842857142857143,948.3142857142857,27.0,161.3990315586369
2001-12-16,-3.1375,956.1,20.5,171.26983939365417
2001-12-17,-1.5857142857142856,963.8142857142857,18.0,185.7416217549603
2001-12-18,-2.1,963.6714285714286,4.5,339.15192788812084
2001-12-19,-3.266666666666667,963.2833333333333,2.75,242.70502334221595
2001-12-20,-0.475,974.8799999999999,2.25,309.99999999999983
2001-12-21,-1.8,974.8875,3.6,339.7064809029218
2001-12-22,-2.575,972.5125,5.166666666666667,343.70807323978494
2001-12-23,-2.7800000000000002,972.0799999999999,4.8,330.1044632765221
2001-12-24,-2.2249999999999996,966.5,5.0,306.62953716516097
2001-12-25,-1.54,968.6166666666667,5.5,300.0
2001-12-26,3.225,980.025,8.0,214.7004356932443
2001-12-27,3.2399999999999998,983.4200000000001,3.6,197.925543016737
2001-12-28,-0.22499999999999998,983.25,3.5,224.99999999999997
2001-12-29,2.175,985.45,,199.99999999999997
2001-12-30,4.26,977.78,,190.0
2001-12-31,1.06,979.18,6.0,172.28213793637204
2002-01-01,-1.1666666666666667,975.8666666666667,8.5,163.36372741162302
2002-01-02,-0.74,971.0500000000001,14.0,160.08233267866015
2002-01-03,-0.5666666666666668,971.9333333333334,9.5,179.10660535086907
2002-01-04,0.8800000000000001,970.18,8.0,293.434948822922
2002-01-05,0.85,968.675,10.0,191.93887906721883
2002-01-06,-3.34,971.8799999999999,2.75,325.87394172511483
2002-01-07,-3.3000000000000003,973.725,5.0,292.5606187225367
2002-01-08,-3.7600000000000002,979.24,7.0,15.985183025420202
2002-01-09,-2.9499999999999997,982.2333333333332,5.5,353.8176842937912
2002-01-10,2.1999999999999997,979.9,4.666666666666667,255.0
2002-01-11,6.55,973.95,3.0,214.05959560912044
2002-01-12,2.625,968.26,5.0,265.0
2002-01-13,-2.4,972.74,1.3333333333333333,226.26210693106208
2002-01-14,-0.5666666666666668,980.1,2.5,175.0
2002-01-15,-3.875,979.5600000000001,5.0,170.98518302542024
2002-01-16,-4.449999999999999,972.2,,59.99999999999999
2002-01-17,-3.15,969.25,5.0,160.0
2002-01-18,-2.75,970.0,2.3333333333333335,119.99999999999999
2002-01-19,-3.8,966.0333333333333,5.0,337.2241376641325
2002-01-20,-6.519999999999999,964.0600000000001,11.0,151.95821825595326
2002-01-21,-6.7,967.54,5.333333333333333,144.58784721131838
2002-01-22,-4.92,968.76,5.6,317.4371622780545
2002-01-23,-4.1,967.6333333333333,4.0,11.053248216797641
2002-01-24,-2.92,966.64,4.0,349.55396897305235
2002-01-25,-3.9333333333333336,963.45,3.0,150.43610504935313
2002-01-26,-5.475,960.5,,167.5047687215366
2002-01-27,-5.459999999999999,959.7,7.333333333333333,157.72971691120048
2002-01-28,-4.1,964.24,5.5,280.1861781666889
2002-01-29,-4.525,965.125,6.0,312.47578613787584
2002-01-30,-3.1,967.675,3.0,181.99752524903266
2002-01-31,-3.575,970.1600000000001,4.333333333333333,295.32170254018246
2002-02-01,-4.85,971.825,6.666666666666667,194.37370042473862
2002-02-02,-4.0,967.78,3.5,305.67565190560623
2002-02-03,-5.416666666666667,962.3166666666666,2.0,172.4269870580716
2002-02-04,-5.1,965.0,1.6666666666666667,306.8947951963462
2002-02-05,-5.5200000000000005,963.22,6.666666666666667,291.3279204770242
2002-02-06,-3.575,956.425,7.0,280.4121527886816
2002-02-07,-1.9166666666666667,955.3833333333333,,170.45872849579595
2002-02-08,-2.9,960.95,3.0,65.0
2002-02-09,-3.16,963.0,3.3333333333333335,164.26679429690097
2002-02-10,-6.220000000000001,955.82,15.0,176.00244393710275
2002-02-11,-7.340000000000001,954.1200000000001,7.0,172.0445497016862
2002-02-12,-7.75,962.5,11.0,180.0
2002-02-13,-7.725,970.375,8.0,167.03293979835468
2002-02-14,-11.0,965.8,,239.99999999999994
2002-02-15,-10.133333333333333,962.2666666666668,,230.0
2002-02-16,-10.05,970.65,12.5,260.0
2002-02-17,-3.275,975.5600000000001,14.0,217.17666940254304
2002-02-18,-4.733333333333333,970.9499999999999,28.5,236.67043694469766
2002-02-19,-6.7,966.9333333333334,11.8,182.37705084413398
2002-02-20,-8.4,964.6,13.666666666666666,190.0
2002-02-21,-10.714285714285714,966.3857142857142,17.333333333333332,198.49810000943415
2002-02-22,-10.559999999999999,963.82,16.5,214.02569668860647
2002-02-23,-11.5,958.0833333333334,11.6,203.3642682829153
2002-02-24,-10.325,956.4875,10.0,247.65799769089375
2002-02-25,-12.55,961.4,,180.0
2002-02-26,-10.1,973.5333333333333,7.0,251.2060231130031
2002-02-27,-10.7,975.5,14.5,185.0
2002-02-28,-10.350000000000001,971.95,8.0,250.0
2002-03-01,-10.25,970.3,15.5,185.0
2002-03-02,-9.4,973.9,9.0,233.370462834839
2002-03-03,-11.1,975.9333333333334,14.0,170.0
2002-03-04,-12.65,982.1,12.0,175.0
2002-03-05,-10.466666666666667,979.9333333333334,9.0,320.0
2002-03-06,-11.85,970.575,,192.08866308098692
2002-03-07,-14.580000000000002,970.8,18.5,203.98522522793718
2002-03-08,-16.0,970.15,,160.00000000000003
2002-03-09,-15.919999999999998,970.96,12.5,180.0
2002-03-10,-15.76,965.6200000000001,16.333333333333332,218.04178174404674
2002-03-11,-10.433333333333334,968.2666666666668,,296.86736892577426
2002-03-12,-11.65,967.35,,250.0
2002-03-13,-13.766666666666666,968.5,,210.0
2002-03-14,-13.580000000000002,987.9,2.0,239.03434123926024
2002-03-15,-15.366666666666667,981.65,,213.1349415266079
2002-03-16,-19.66,978.8,17.333333333333332,231.99511928850868
2002-03-17,-19.325000000000003,981.4,8.0,244.52268775040704
2002-03-18,-21.119999999999997,985.3799999999999,13.0,177.89164409622308
2002-03-19,-18.7,984.1333333333333,15.0,170.1039093610171
2002-03-20,-17.4,975.14,19.333333333333332,235.86061316602627
2002-03-21,-13.45,975.25,9.0,215.0
2002-03-22,-9.366666666666667,975.4666666666667,,286.636272588377
2002-03-23,-7.0,974.7,,350.0
2002-03-24,-10.275,978.775,13.333333333333334,175.11751086971648
2002-03-25,-13.575,984.05,,202.74382934087706
2002-03-26,-11.733333333333334,985.8000000000001,,175.0
2002-03-27,-13.200000000000001,986.1999999999999,7.0,225.0
2002-03-28,-14.775,984.0,2.5,240.52263756437446
2002-03-29,-17.06,976.9799999999999,,198.98083698728087
2002-03-30,-22.15,981.95,17.5,224.99999999999997
2002-03-31,-15.775,979.4799999999999,26.0,245.96510762054743
2002-04-01,-12.125,979.275,,237.50476872153658
2002-04-02,-19.25,969.0500000000001,7.0,166.8074245821535
2002-04-03,-19.16,964.86,7.0,249.6782974598175
2002-04-04,-18.1,961.28,1.5,112.39615952344548
2002-04-05,-19.28,963.3399999999999,3.5,227.91058897825957
2002-04-06,-21.233333333333334,956.6666666666666,,194.67829745981751
2002-04-07,-20.25,970.5,9.5,180.0
2002-04-08,-21.919999999999998,977.3399999999999,11.0,192.96706020164532
2002-04-09,-23.7,975.0333333333333,1.6666666666666667,204.89200508125978
2002-04-10,-25.325,961.45,3.5,332.6748605880844
2002-04-11,-24.066666666666666,964.5500000000001,8.0,180.75157746998144
2002-04-12,-22.8,959.6,,260.1039093610171
2002-04-13,-21.125,952.9,8.5,165.00000000000003
2002-04-14,-17.516666666666666,963.1666666666666,5.0,250.48885740337312
2002-04-15,-21.28,963.86,2.0,259.44146394258786
2002-04-16,-22.619999999999997,964.18,5.0,173.29504672941678
2002-04-17,-25.0,978.5999999999999,,187.39615952344548
2002-04-18,-19.833333333333332,982.8333333333334,2.6666666666666665,241.53056046639057
2002-04-19,-15.457142857142857,976.8142857142857,29.0,241.45558178644717
2002-04-20,-18.15,974.875,4.0,163.36372741162302
2002-04-21,-20.48,977.3799999999999,,189.81140781977945
2002-04-22,-21.25,975.95,10.0,182.4952312784634
2002-04-23,-24.666666666666668,969.2166666666667,3.25,275.12848860997104
2002-04-24,-24.919999999999998,969.9799999999999,4.0,260.0104235027696
2002-04-25,-24.05,967.1999999999999,,259.8580133576109
2002-04-26,-21.299999999999997,961.6,,210.0
2002-04-27,-14.4,962.0,15.0,207.84067399378418
2002-04-28,-13.65,969.7,30.0,239.99999999999994
2002-04-29,-11.950000000000001,966.3333333333334,19.0,215.0
2002-04-30,-12.033333333333333,961.5666666666666,,220.67565190560623
2002-05-01,-11.3,966.1,15.0,170.0
2002-05-02,-18.72,976.68,18.666666666666668,178.0048807114913
2002-05-03,-19.875,974.55,,221.4969061698209
2002-05-04,-13.950000000000001,962.3333333333334,1.0,191.47857050446362
2002-05-05,-14.566666666666668,965.9666666666667,,183.32956305530232
2002-05-06,-12.799999999999999,960.1999999999999,,151.67043694469768
2002-05-07,-8.2,958.64,,165.0383687732975
2002-05-08,-10.25,973.95,23.0,175.0
2002-05-09,-11.833333333333334,994.9666666666667,17.0,176.67043694469768
2002-05-10,-12.34,994.1,18.0,218.50557128266396
2002-05-11,-16.066666666666666,980.75,,150.33818930595925
2002-05-12,-18.575,974.9,2.0,143.10520480365386
2002-05-13,-23.566666666666666,982.2666666666668,10.5,200.0
2002-05-14,-21.733333333333334,972.9333333333334,,250.0
2002-05-15,-21.025,961.3,11.0,295.1558514638122
2002-05-16,-21.674999999999997,966.625,2.6666666666666665,150.9851830254202
2002-05-17,-19.419999999999998,978.26,2.0,191.71568637327476
2002-05-18,-18.46666666666667,973.8666666666667,1.0,342.6038404765545
2002-05-19,-19.116666666666664,969.1166666666667,6.0,181.4681197533536
2002-05-20,-19.599999999999998,974.6999999999999,,244.01481697457976
2002-05-21,-19.64,965.3,,242.56061872253667
2002-05-22,-20.36,961.6600000000001,28.0,200.23683351722966
2002-05-23,-20.1,972.68,,185.99003668372225
2002-05-24,-24.740000000000002,987.3399999999999,20.5,239.8077639396861
2002-05-25,-25.65,997.475,3.5,271.2060231130031
2002-05-26,-27.18,1002.4799999999999,3.0,160.0
2002-05-27,-27.075,1007.325,,195.57018608055435
2002-05-28,-20.599999999999998,1001.0333333333333,15.0,199.10660535086907
2002-05-29,-16.75,999.7,,160.00000000000003
2002-05-30,-19.225,994.725,3.0,193.81768429379122
2002-05-31,-20.433333333333334,992.0,8.25,171.99511928850873
2002-06-01,-25.383333333333336,991.6666666666666,6.0,178.32956305530232
2002-06-02,-28.3,988.4,8.0,208.29504672941675
2002-06-03,-29.025,978.925,3.5,165.00000000000003
2002-06-04,-30.225,987.0,2.0,330.0
2002-06-05,-28.875,994.025,4.75,275.7416217549603
2002-06-06,-24.65,990.0,6.0,153.73789306893792
2002-06-07,-30.275,991.2,2.0,255.87394172511483
2002-06-08,-29.049999999999997,970.72,,235.1039093610171
2002-06-09,-28.060000000000002,972.9799999999999,3.0,190.0
2002-06-10,-28.575000000000003,974.725,,243.5278056115256
2002-06-11,-28.866666666666664,984.6666666666666,8.0,208.13778127840575
2002-06-12,-30.619999999999997,992.4799999999999,23.0,221.09344432282347
2002-06-13,-33.225,1002.55,3.5,180.14198664238907
2002-06-14,-33.0,1000.7,,163.46943953360943
2002-06-15,-30.9,994.7,,174.92267058862495
2002-06-16,-24.4,988.1,28.0,165.0
2002-06-17,-20.099999999999998,972.7833333333333,15.0,181.4989404482917
2002-06-18,-16.375,962.0,,226.102113751986
2002-06-19,-13.180000000000001,970.4799999999999,17.666666666666668,202.10835590377692
2002-06-20,-15.533333333333333,969.75,3.0,209.04190707324204
2002-06-21,-23.15,962.85,,185.0
2002-06-22,-23.175,967.35,1.0,343.83511987299045
2002-06-23,-20.080000000000002,973.82,3.0,215.0
2002-06-24,-19.875,968.925,4.0,241.5149561576153
2002-06-25,-24.224999999999998,969.55,9.0,175.0
2002-06-26,-29.366666666666664,974.4666666666667,12.666666666666666,173.32956305530232
2002-06-27,-30.725,983.1,6.0,197.87798714433313
2002-06-28,-27.650000000000002,980.9833333333332,9.0,175.0
2002-06-29,-28.325,978.9,,306.70495327058325
2002-06-30,-31.919999999999998,971.24,15.333333333333334,176.00244393710275
2002-07-01,-32.65,964.875,7.0,181.93887906721883
2002-07-02,-26.125,959.875,1.0,237.70981195788397
2002-07-03,-22.275,964.5,3.5,288.1052048036538
2002-07-04,-22.4,965.96,17.5,188.02963394915952
2002-07-05,-20.066666666666666,966.9,14.0,227.8779871443331
2002-07-06,-20.2,955.4200000000001,22.0,230.66168096688492
2002-07-07,-19.25,959.875,,187.70981195788397
2002-07-08,-22.4,980.5,6.0,178.7939768869969
2002-07-09,-29.6,981.2,17.0,135.23683351722968
2002-07-10,-27.48,987.8399999999999,2.6666666666666665,191.26210693106205
2002-07-11,-28.25,995.8499999999999,2.5,298.2227156733703
2002-07-12,-30.450000000000003,991.0,2.0,214.0595956091204
2002-07-13,-28.875,998.725,7.0,218.73789306893792
2002-07-14,-25.816666666666666,999.0333333333333,4.25,312.78022392759874
2002-07-15,-20.633333333333333,986.0,,188.96433742833062
2002-07-16,-20.15,978.675,5.0,139.35165300031997
2002-07-17,-28.96666666666667,980.9666666666667,2.0,193.10520480365383
2002-07-18,-25.825,987.325,,250.0
2002-07-19,-26.95,981.875,3.0,301.0532482167976
2002-07-20,-29.4,971.1600000000001,4.333333333333333,212.89471548211085
2002-07-21,-29.266666666666666,965.125,3.0,283.01694665403136
2002-07-22,-32.1,974.3799999999999,15.75,172.49523127846342
2002-07-23,-30.875,980.675,4.0,283.7378930689379
2002-07-24,-28.639999999999997,980.6200000000001,2.0,177.12927135054687
2002-07-25,-30.119999999999997,983.04,3.5,240.0
2002-07-26,-29.333333333333332,979.025,7.0,200.36743023409892
2002-07-27,-24.4,978.95,13.0,253.73789306893792
2002-07-28,-22.133333333333336,967.3666666666667,,219.99999999999997
2002-07-29,-17.9,950.5,,220.1039093610171
2002-07-30,-22.7,951.5333333333333,22.0,240.0
2002-07-31,-26.066666666666666,967.5166666666668,21.666666666666668,173.32956305530232
2002-08-01,-23.766666666666666,971.5666666666666,26.0,212.60384047655452
2002-08-02,-30.55,962.55,23.0,246.70495327058325
2002-08-03,-24.4,958.5799999999999,14.0,276.0252734138324
2002-08-04,-25.933333333333334,962.9666666666667,6.5,253.39970376297867
2002-08-05,-29.95,957.325,12.0,186.34291130664784
2002-08-06,-28.8,965.875,11.5,240.75955876901105
2002-08-07,-31.675,981.15,2.0,165.1558514638122
2002-08-08,-33.483333333333334,979.3166666666666,19.0,216.99752524903263
2002-08-09,-33.8,967.3,22.666666666666668,207.01096342052782
2002-08-10,-34.225,964.5,16.5,210.8933946491309
2002-08-11,-32.775,955.82,4.0,242.2798422705457
2002-08-12,-35.8,952.4799999999999,8.75,295.6371082078852
2002-08-13,-29.2,965.675,,282.5606187225367
2002-08-14,-24.15,973.375,,236.22797709193964
2002-08-15,-31.940000000000005,963.0833333333334,3.0,157.78869813668916
2002-08-16,-24.1,953.9,9.5,270.1039093610171
2002-08-17,-26.1,954.9799999999999,3.75,179.300221936643
2002-08-18,-30.839999999999996,965.18,15.0,173.99755606289725
2002-08-19,-29.9,966.64,21.0,170.06157783453062
2002-08-20,-33.18,971.0600000000001,15.0,176.03920998899437
2002-08-21,-25.450000000000003,971.04,,153.0763747376707
2002-08-22,-17.3,960.975,12.0,277.21130186331084
2002-08-23,-15.15,965.8499999999999,10.0,185.0
2002-08-24,-21.125,964.075,,165.0
2002-08-25,-23.68,963.1200000000001,19.0,180.0
2002-08-26,-29.46,965.64,15.333333333333334,180.0
2002-08-27,-30.0,966.15,36.0,237.5433584616548
2002-08-28,-30.633333333333336,964.4666666666667,17.0,221.77728432662965
2002-08-29,-28.74,965.18,6.5,208.13778127840578
2002-08-30,-30.399999999999995,971.0666666666666,27.0,186.16488012700955
2002-08-31,-24.599999999999998,969.65,28.0,194.33597152041574
2002-09-01,-19.18,976.86,5.0,296.0247636406172
2002-09-02,-18.4,972.725,5.0,288.2227156733704
2002-09-03,-21.9,976.9399999999999,15.0,235.0
2002-09-04,-21.5,980.4200000000001,2.0,311.2621069310621
2002-09-05,-22.21666666666667,977.5833333333334,3.0,174.89716463784788
2002-09-06,-22.775,982.525,24.0,167.5047687215366
2002-09-07,-24.65,989.075,11.5,167.54335846165483
2002-09-08,-26.900000000000002,987.2666666666668,3.0,165.00000000000003
2002-09-09,-28.933333333333334,977.5333333333333,2.0,0.0
2002-09-10,-28.425,977.0600000000001,4.0,270.0
2002-09-11,-21.96,972.72,4.0,296.6704369446977
2002-09-12,-13.5,965.9,,170.0
2002-09-13,-11.966666666666667,963.175,20.0,230.0
2002-09-14,-14.066666666666668,970.9333333333334,10.5,237.36949752199357
2002-09-15,-14.733333333333334,975.0,10.0,182.45664153834517
2002-09-16,-17.02,955.2,20.0,239.42981391944562
2002-09-17,-14.200000000000001,942.9666666666667,25.0,249.10660535086907
2002-09-18,-11.35,961.2166666666667,,177.3961595234455
2002-09-19,-15.975,981.775,,221.50085420181074
2002-09-20,-23.0,982.0200000000001,13.0,165.0
2002-09-21,-24.666666666666668,983.3000000000001,14.0,176.67043694469768
2002-09-22,-25.839999999999996,978.22,,232.57301294192837
2002-09-23,-27.599999999999998,964.7333333333332,4.5,300.0
2002-09-24,-26.0,964.14,4.0,148.78959039269245
2002-09-25,-23.5,966.325,5.333333333333333,287.3961595234455
2002-09-26,-25.24285714285714,979.1857142857143,19.0,254.6782974598175
2002-09-27,-20.575,977.95,10.0,192.45664153834517
2002-09-28,-19.166666666666668,969.9,11.0,183.32956305530232
2002-09-29,-19.866666666666664,966.0,9.0,199.54324728025935
2002-09-30,-18.04,968.8,1.0,194.56118161162343
2002-10-01,-16.16,971.4799999999999,9.333333333333334,181.9830533459686
2002-10-02,-15.585714285714285,971.7857142857143,,187.86664182048068
2002-10-03,-15.680000000000001,973.72,1.6666666666666667,188.61064009110686
2002-10-04,-18.7,976.05,8.5,208.51027057497515
2002-10-05,-23.3,970.8833333333333,13.333333333333334,163.46943953360943
2002-10-06,-20.740000000000002,980.9,23.333333333333332,175.0
2002-10-07,-17.68,981.76,2.5,329.20789869879053
2002-10-08,-21.525,989.3,3.3333333333333335,220.75955876901102
2002-10-09,-15.8,994.2,4.5,260.0
2002-10-10,-16.674999999999997,990.0666666666666,6.0,202.20322711462836
2002-10-11,-19.55,966.45,,180.0
2002-10-12,-19.51666666666667,980.6166666666667,20.0,170.0
2002-10-13,-18.46666666666667,984.2666666666668,,180.0
2002-10-14,-19.716666666666665,981.6166666666667,10.0,175.0
2002-10-15,-20.599999999999998,981.6666666666666,15.666666666666666,
2002-10-16,-19.46,982.32,14.0,176.01477477206282
2002-10-17,-19.14,983.8,4.333333333333333,297.9426096183993
2002-10-18,-17.775,983.475,2.5,190.32170254018249
2002-10-19,-16.7,979.475,1.5,178.73789306893792
2002-10-20,-14.866666666666667,968.1666666666666,2.0,280.67565190560623
2002-10-21,-14.425,962.775,2.0,270.0
2002-10-22,-14.9,956.3000000000001,25.0,250.0
2002-10-23,-14.0,951.1333333333333,,170.0
2002-10-24,-15.5,972.25,8.0,186.61218873834642
2002-10-25,-16.14,985.1,10.0,211.05324821679764
2002-10-26,-16.4,988.1999999999999,3.6,280.42151183479183
2002-10-27,-17.9,977.2249999999999,3.0,287.9002086453405
2002-10-28,-18.333333333333332,970.9833333333332,3.5,268.1780916148985
2002-10-29,-15.314285714285715,972.4375,,195.22274431034685
2002-10-30,-9.333333333333334,967.15,,200.26655440277716
2002-10-31,-12.071428571428571,973.4375,,193.07531883502625
2002-11-01,-12.25,989.5,,165.0
2002-11-02,-6.2875000000000005,989.25,14.0,194.69119334496395
2002-11-03,-8.625,976.15,3.0,198.22271567337032
2002-11-04,-10.525,974.6625,15.0,180.04375324063926
2002-11-05,-9.875,974.6125000000001,2.75,287.83900586296664
2002-11-06,-10.1,973.2,5.75,293.7101794499528
2002-11-07,-13.3125,972.0375,10.0,190.13624810321056
2002-11-08,-11.95,971.7625,8.0,192.6902674474364
2002-11-09,-9.7875,967.125,6.0,181.09496122184845
2002-11-10,-10.175,970.975,4.0,244.02264089911566
2002-11-11,-9.5,981.2875,3.6666666666666665,185.6033208495598
2002-11-12,-11.675,980.0125,21.8,167.5047687215366
2002-11-13,-13.0125,975.8,27.5,170.0
2002-11-14,-13.75,975.2875,13.0,168.74940931257473
2002-11-15,-12.075,974.1875,17.0,182.39615952344548
2002-11-16,-9.3,970.6875,3.6666666666666665,225.72530907074008
2002-11-17,-8.5625,962.55,,233.74701698623113
2002-11-18,-8.185714285714285,962.3375,16.0,199.39190630904403
2002-11-19,-10.2125,963.3,10.666666666666666,195.6188751968158
2002-11-20,-9.75,957.675,4.333333333333333,102.71242095296726
2002-11-21,-11.35,958.4125,10.0,171.29841739955026
2002-11-22,-10.7625,965.025,2.0,206.03304166810398
2002-11-23,-11.75,968.95,5.8,162.6779407404043
2002-11-24,-11.975,971.4625,11.5,171.3665193090466
2002-11-25,-12.1375,965.2125,3.3333333333333335,82.48425650818919
2002-11-26,-13.2125,956.1,4.333333333333333,345.14417957626074
2002-11-27,-11.7625,957.025,2.857142857142857,258.93466357306136
2002-11-28,-11.700000000000001,966.2714285714285,5.0,226.56442671845915
2002-11-29,-10.8875,969.9,11.5,176.48164096368274
2002-11-30,-11.1625,963.9375,5.666666666666667,200.4733987964364
2002-12-01,-10.9,955.95,3.7142857142857144,319.96148268754257
2002-12-02,-11.1375,953.3125,7.5,157.1405928708426
2002-12-03,-9.4375,955.325,8.5,217.25617065912294
2002-12-04,-4.442857142857143,962.9,5.0,247.53087246952623
2002-12-05,-4.525,970.225,,287.1636315264252
2002-12-06,-4.475,970.9875,7.666666666666667,272.1507553212941
2002-12-07,-4.7125,969.5375,7.333333333333333,148.58781903235106
2002-12-08,-5.6571428571428575,964.9375,2.7142857142857144,321.6931599277881
2002-12-09,-7.925,960.1875,7.5,330.7049181667366
2002-12-10,-6.4,957.1125,8.0,159.09882271609686
2002-12-11,-6.0875,963.0625,4.333333333333333,293.7378930689379
2002-12-12,-5.5625,965.7125,3.75,308.8020656582735
2002-12-13,-7.825,964.575,3.75,320.8841275368659
2002-12-14,-7.075,964.45,6.0,150.10390936101712
2002-12-15,-6.3125,965.5875,7.0,129.93964154317516
2002-12-16,-9.4875,966.425,4.0,136.4563346312799
2002-12-17,-7.74,965.95,1.875,226.80735591443553
2002-12-18,-6.3375,963.9625,13.5,173.66532473543023
2002-12-19,-4.3,963.85,18.0,182.50343441118707
2002-12-20,-4.4125,965.825,21.0,161.16854532454923
2002-12-21,-4.7625,967.575,,182.8195496458263
2002-12-22,-3.9125,968.2,2.0,177.63074021243006
2002-12-23,-4.475,971.8,6.6,155.0
2002-12-24,-3.55,973.3000000000001,3.5,188.53115775534502
2002-12-25,-3.05,967.9625,10.75,173.70807323978494
2002-12-26,-3.3875,967.15,6.5,154.57131571472837
2002-12-27,-2.6625,973.3,3.75,262.93225236578303
2002-12-28,-1.9000000000000001,975.1875,2.5,306.32582680514315
2002-12-29,-3.8285714285714283,971.6999999999999,3.4,314.040176135388
2002-12-30,-3.8833333333333333,971.5,2.2,39.50736178830751
2002-12-31,-3.5125,971.4125,3.0,162.16524989060306
2003-01-01,-0.42500000000000004,968.8625,7.0,286.53334167847584
2003-01-02,-0.05714285714285713,974.375,9.333333333333334,200.88380964791054
2003-01-03,-2.6125,975.9375,2.8333333333333335,295.66561143400503
2003-01-04,-2.75,976.875,3.6666666666666665,142.54953317624927
2003-01-05,-3.075,978.2125,4.0,169.7524959335758
2003-01-06,-2.8375,975.975,3.0,279.4972345201681
2003-01-07,-0.33749999999999997,976.0875,4.5,232.26278328021777
2003-01-08,1.3125,978.75,,192.38232957012823
2003-01-09,-0.08571428571428573,983.3875,7.25,176.20474828777245
2003-01-10,-3.3125,980.8625,7.0,325.6262995752614
2003-01-11,-3.55,979.1625,5.0,146.0437892557004
2003-01-12,-2.4857142857142853,980.875,3.0,68.97162169185721
2003-01-13,-2.4125,982.7875,4.25,342.85894168006365
2003-01-14,-4.9,983.825,5.0,177.6846448521403
2003-01-15,-4.4,978.55,1.6666666666666667,270.0
2003-01-16,-2.9,980.5,5.0,241.57755025534507
2003-01-17,-3.7624999999999997,982.825,,251.01477477206276
2003-01-18,-5.625,983.55,15.333333333333334,176.95534599954595
2003-01-19,-3.042857142857143,976.6875,5.0,161.40656323386352
2003-01-20,-0.7375,978.725,,157.49523127846342
2003-01-21,-0.875,985.2,14.5,157.48562069330072
2003-01-22,-0.45,985.675,8.666666666666666,164.43773320973543
2003-01-23,-1.9124999999999999,980.125,4.0,157.55419391834155
2003-01-24,-0.9375,981.45,3.0,172.4469746175376
2003-01-25,-2.325,981.8249999999999,15.5,170.0
2003-01-26,-4.0875,980.2625,8.333333333333334,192.92919657629216
2003-01-27,-4.6375,974.975,14.0,235.69200076559042
2003-01-28,-5.014285714285714,970.125,4.0,170.34631936294412
2003-01-29,-6.028571428571429,965.3375,2.5,300.44284633952117
2003-01-30,-6.725,963.6125,3.0,252.4829562123894
2003-01-31,-6.75,967.2875,10.666666666666666,214.39278281014998
2003-02-01,-9.175,968.55,15.0,168.87919654903308
2003-02-02,-9.975,968.8625,12.2,172.48562069330075
2003-02-03,-9.5375,971.2875,7.0,199.72282676788666
2003-02-04,-5.875,971.8625,,186.12280421106308
2003-02-05,-4.95,971.4250000000001,3.5,200.01642644301785
2003-02-06,-5.25,974.45,9.5,192.73676672967952
2003-02-07,-5.4,976.0,,198.4539147028968
2003-02-08,-4.3875,974.575,3.3333333333333335,217.14669253962114
2003-02-09,-7.0875,976.9875,14.5,171.67043694469768
2003-02-10,-7.485714285714286,981.2875,3.4,311.70495327058325
2003-02-11,-7.971428571428571,979.75,4.0,284.69093994403
2003-02-12,-8.7125,978.65,14.2,171.99511928850873
2003-02-13,-8.716666666666667,981.5125,2.1666666666666665,269.26679429690097
2003-02-14,-11.071428571428571,981.65,8.5,158.53488594202787
2003-02-15,-10.200000000000001,985.4375,1.6666666666666667,164.68837353816266
2003-02-16,-10.3625,989.425,18.0,214.2583782450397
2003-02-17,-9.8875,987.5375,,245.14417957626074
2003-02-18,-11.2875,981.9875,5.5,196.99948113195725
2003-02-19,-11.7875,978.157142857143,8.5,243.9253611764978
2003-02-20,-11.3375,974.275,,277.9780329783965
2003-02-21,-7.228571428571429,967.375,,260.3829761407184
2003-02-22,-7.362500000000001,970.7875,6.0,169.13099925439803
2003-02-23,-7.7250000000000005,978.4375,3.0,270.4395288690845
2003-02-24,-6.0,972.3625,,191.34706675690398
2003-02-25,-10.299999999999999,976.9125,17.333333333333332,185.1875136212806
2003-02-26,-8.785714285714286,979.075,,283.6325739015935
2003-02-27,-8.25,976.3875,19.0,175.67565190560626
2003-02-28,-11.2375,977.775,17.8,172.0073449794975
2003-03-01,-13.4,984.5625,15.6,189.42981391944565
2003-03-02,-13.675,984.9,4.2,253.57241059661712
2003-03-03,-15.35,980.9499999999999,,279.95103147948055
2003-03-04,-14.414285714285713,987.725,2.0,244.50824511817092
2003-03-05,-15.45,987.725,,174.1450184428826
2003-03-06,-16.2375,975.775,3.0,288.7667967871041
2003-03-07,-18.075,975.325,8.0,171.33413883726288
2003-03-08,-18.225,980.5375,15.0,178.3621037732885
2003-03-09,-18.7875,979.7,2.0,233.10520480365386
2003-03-10,-20.725,977.4625,6.5,184.52755803104094
2003-03-11,-23.275,980.125,,176.65344185939722
2003-03-12,-24.0875,986.175,15.0,171.2505906874253
2003-03-13,-24.4125,984.425,1.3333333333333333,253.22271567337032
2003-03-14,-25.875,986.3625,6.666666666666667,164.60028064970902
2003-03-15,-23.6125,982.9375,16.0,177.9926550205025
2003-03-16,-18.6625,969.6875,,210.8759241425138
2003-03-17,-14.5375,960.825,3.0,281.4313876335771
2003-03-18,-16.2625,966.475,,231.47504917952958
2003-03-19,-20.657142857142855,961.8,,173.640670310639
2003-03-20,-21.5625,961.6625,1.6666666666666667,185.96333151562294
2003-03-21,-22.025,956.425,2.0,264.4704561949442
2003-03-22,-16.614285714285714,948.225,21.0,241.62788529982174
2003-03-23,-11.95,951.6875,18.75,178.83601986494926
2003-03-24,-11.6875,960.3625,,213.40721891182062
2003-03-25,-10.5125,972.85,,192.93464093853322
2003-03-26,-13.775,971.05,30.666666666666668,239.75105516576346
2003-03-27,-16.875,964.4125,7.0,236.98665705842643
2003-03-28,-17.6375,957.9375,26.0,223.65455599300813
2003-03-29,-11.783333333333333,955.4,,276.2773064648556
2003-03-30,-11.214285714285714,969.825,,163.78581745806784
2003-03-31,-15.725,976.9875,8.333333333333334,175.23132703455727
2003-04-01,-20.5375,975.4375,21.25,175.0
2003-04-02,-24.8,975.95,14.0,243.10520480365386
2003-04-03,-25.4125,975.1125,5.0,280.5127620976093
2003-04-04,-24.412499999999998,971.875,3.25,306.7686221096377
2003-04-05,-21.6625,971.9375,5.0,282.6038404765545
2003-04-06,-20.875,969.575,2.0,213.370462834839
2003-04-07,-19.875,962.5625,,262.6263408729613
2003-04-08,-18.825,956.675,4.5,279.6452336347593
2003-04-09,-20.160000000000004,959.6625,5.25,201.68094090093004
2003-04-10,-21.1,966.9,13.0,203.9949921148774
2003-04-11,-20.45,976.4125,2.0,193.01240652364805
2003-04-12,-25.2375,969.6875,5.333333333333333,172.0476180896537
2003-04-13,-26.75,954.625,4.75,300.0
2003-04-14,-27.4125,946.775,8.5,199.31443676027558
2003-04-15,-28.075,967.125,5.0,186.9249262261598
2003-04-16,-25.4375,958.4,7.0,317.35765982780975
2003-04-17,-23.35,949.5375,4.0,181.33373448200956
2003-04-18,-23.825,951.4875,14.0,213.0042691792868
2003-04-19,-22.85,953.2875,2.0,220.76926512432078
2003-04-20,-15.9375,939.175,18.0,256.7089704643155
2003-04-21,-11.3,940.5875,,185.32808044752224
2003-04-22,-19.17142857142857,962.225,17.5,176.1268974405849
2003-04-23,-19.95,971.875,30.0,178.33803899064077
2003-04-24,-19.2,974.675,,201.58579366841417
2003-04-25,-20.7,967.95,2.5,282.76628080641984
2003-04-26,-22.6875,968.3625,10.333333333333334,167.48562069330072
2003-04-27,-24.1,978.375,2.5,179.42981391944565
2003-04-28,-23.4375,979.1125,4.0,158.32956305530232
2003-04-29,-25.2875,976.625,17.0,177.1473074482491
2003-04-30,-27.4375,974.2125,12.75,172.51437930669928
2003-05-01,-27.4125,978.9,1.8,254.2315787126596
2003-05-02,-26.5625,984.0875,7.333333333333333,175.0
2003-05-03,-25.071428571428573,988.0,3.5,181.2941714912632
2003-05-04,-25.15,986.15,2.0,168.6009684413631
2003-05-05,-25.412499999999998,982.2,4.0,174.55873374145318
2003-05-06,-23.0125,977.825,10.5,175.0
2003-05-07,-20.0,967.075,,175.0
2003-05-08,-13.275,962.45,30.0,185.0
2003-05-09,-13.959999999999999,965.15,,206.9392439296112
2003-05-10,-17.625,959.0124999999999,,160.87545356183452
2003-05-11,-22.8875,954.7375,2.0,229.6999081433088
2003-05-12,-21.5125,957.9625,22.0,271.5011056850945
2003-05-13,-25.875,949.575,15.25,172.54335846165483
2003-05-14,-22.914285714285715,950.625,,187.98270827445288
2003-05-15,-21.083333333333332,941.0375,,216.2744456398497
2003-05-16,-23.625,952.575,23.0,210.17514497137057
2003-05-17,-19.425,952.375,,184.95635809223646
2003-05-18,-17.375,949.725,27.666666666666668,177.50476872153658
2003-05-19,-24.66,952.1125000000001,,211.35847839363518
2003-05-20,-20.783333333333335,946.9,,247.05014807272784
2003-05-21,-16.32,960.35,,185.30648723082302
2003-05-22,-20.6125,964.9125,21.0,197.12927135054684
2003-05-23,-14.385714285714286,951.85,,209.8546809108617
2003-05-24,-10.0375,959.2,,174.8403786639203
2003-05-25,-13.25,969.45,,181.75092184654775
2003-05-26,-6.775,961.025,,186.16488012700955
2003-05-27,-9.675,970.3125,22.0,190.0
2003-05-28,-16.325,977.15,,229.99999999999997
2003-05-29,-21.1875,976.0875,,283.26867117981243
2003-05-30,-17.6625,979.9125,2.0,231.36087497095065
2003-05-31,-18.25714285714286,984.45,,284.5922864269161
2003-06-01,-17.55,980.6375,,231.76289835906528
2003-06-02,-23.4,982.525,,181.80841716554303
2003-06-03,-23.5875,980.7125,,242.30349119321068
2003-06-04,-18.7625,974.1875,3.0,166.75027940844583
2003-06-05,-14.0625,971.0,3.0,230.37286840209947
2003-06-06,-12.9,968.3625,7.0,195.7641145876445
2003-06-07,-17.075,971.5625,,233.80454050869872
2003-06-08,-17.075,980.4125,16.0,236.68751867881826
2003-06-09,-18.4,983.95,12.5,198.29232776900568
2003-06-10,-22.5375,976.5875,16.5,176.67043694469768
2003-06-11,-24.6,974.7,,201.33373448200956
2003-06-12,-22.97142857142857,976.6375,19.0,171.25538450902275
2003-06-13,-20.975,976.8875,12.5,227.04328490051992
2003-06-14,-18.5375,982.6875,4.0,178.4218971542718
2003-06-15,-21.2625,987.125,3.0,307.2513104017459
2003-06-16,-21.9625,988.5125,1.3333333333333333,192.81681022372646
2003-06-17,-19.025,994.0,2.5,299.01481697457973
2003-06-18,-17.4625,991.4875,4.2,309.9502319333613
2003-06-19,-17.75,983.35,,194.04927182329516
2003-06-20,-25.225,983.425,3.0,261.1469108793101
2003-06-21,-25.675,979.225,2.0,179.34961311395523
2003-06-22,-24.875,977.0625,,304.1534149283148
2003-06-23,-29.1875,978.7375,4.5,173.7975711082784
2003-06-24,-30.4,983.1625,2.8,324.6782974598175
2003-06-25,-28.35,986.4375,2.0,168.02963394915952
2003-06-26,-24.875,980.0125,35.0,170.0
2003-06-27,-23.7625,977.325,37.333333333333336,175.0
2003-06-28,-20.87142857142857,976.6,31.0,177.49523127846342
2003-06-29,-20.849999999999998,966.275,,230.04693152924182
2003-06-30,-28.15,963.55,5.0,286.01128715520923
2003-07-01,-21.4375,970.2625,,287.5047687215366
2003-07-02,-18.05,975.625,,235.76926512432078
2003-07-03,-19.2,968.5625,5.0,210.98286570866122
2003-07-04,-18.95,974.3874999999999,,173.80454050869875
2003-07-05,-17.4625,987.8625,30.0,179.9616312267025
2003-07-06,-16.45,982.325,28.0,207.78638442481747
2003-07-07,-17.257142857142856,978.2375,23.0,186.8217367431246
2003-07-08,-17.8875,976.4375,24.0,212.67144318458648
2003-07-09,-18.575,971.9625,,236.4139020717012
2003-07-10,-17.7,974.5875,,206.30962200723124
2003-07-11,-18.225,975.0125,1.5,243.50138359733813
2003-07-12,-19.6125,974.175,4.0,238.59066374647554
2003-07-13,-23.983333333333334,967.825,13.5,185.63958751723925
2003-07-14,-27.2,966.725,5.0,295.5701860805543
2003-07-15,-22.3625,964.7,3.25,295.3494317826947
2003-07-16,-20.9375,965.55,2.0,221.52413925882644
2003-07-17,-19.7375,963.35,,176.20474828777245
2003-07-18,-21.125,959.1375,9.75,174.78238477273288
2003-07-19,-24.75,956.3875,,177.5730129419284
2003-07-20,-21.7,952.525,,219.63004506888547
2003-07-21,-19.6375,947.975,10.0,219.30397073801979
2003-07-22,-20.5625,952.8875,45.0,232.49493357982112
2003-07-23,-21.75,961.4625,13.0,184.57758057830478
2003-07-24,-25.125,960.525,1.0,205.09907703801517
2003-07-25,-25.6,957.65,2.0,282.2400397063452
2003-07-26,-32.22857142857143,961.25,8.666666666666666,154.01481697457976
2003-07-27,-32.0875,966.125,22.0,177.2343587662623
2003-07-28,-27.825,964.4,41.0,239.99999999999994
2003-07-29,-22.3125,962.5375,,238.3295630553023
2003-07-30,-19.325,959.1999999999999,,202.11150590276017
2003-07-31,-21.65,966.375,23.0,178.74940931257473
2003-08-01,-21.5875,963.1375,18.0,209.40350450294298
2003-08-02,-19.3375,954.1,,246.8709117478311
2003-08-03,-21.016666666666666,951.9125,,182.45389170553375
2003-08-04,-22.724999999999998,960.1125,,214.50590291150323
2003-08-05,-23.75,950.6,23.0,220.4530851552604
2003-08-06,-20.96,959.3375,,201.0651105850776
2003-08-07,-24.4125,967.775,20.0,168.29504672941675
2003-08-08,-23.625,958.0375,1.0,288.44985921647066
2003-08-09,-26.95,955.6,15.0,155.29351909707813
2003-08-10,-27.2125,961.85,2.5,118.27311645011719
2003-08-11,-29.4125,970.7375,3.0,285.9178797026089
2003-08-12,-27.933333333333334,973.7625,,231.06261678819735
2003-08-13,-27.55,961.5125,,178.73016060634586
2003-08-14,-27.05,956.2875,15.0,183.3124813211817
2003-08-15,-33.775,958.1,12.5,160.0
2003-08-16,-32.975,970.4625,3.0,196.8947951963461
2003-08-17,-32.2625,981.5125,3.0,210.3938982363027
2003-08-18,-30.712500000000002,979.8625,2.6666666666666665,242.94260961839927
2003-08-19,-31.157142857142855,959.85,,240.39665734482708
2003-08-20,-23.133333333333336,956.8125,,197.96156875778212
2003-08-21,-28.05,970.9875,,255.40130238575287
2003-08-22,-30.02857142857143,968.2125,8.0,187.0997913546595
2003-08-23,-28.266666666666666,964.9125,,187.08902361641364
2003-08-24,-29.7,964.85,5.0,194.0595956091204
2003-08-25,-22.833333333333332,967.15,2.0,233.4694395336094
2003-08-26,-19.85,960.8125,,232.50100511440235
2003-08-27,-25.728571428571428,967.5,,174.05959560912044
2003-08-28,-26.675,977.725,1.8333333333333333,213.50173757768945
2003-08-29,-28.575,977.8375,4.0,172.25215096414118
2003-08-30,-25.2,967.6,2.3333333333333335,282.94985192727216
2003-08-31,-29.25,960.25,3.0,172.13111908728783
2003-09-01,-27.62857142857143,955.8375,,195.90558275409737
2003-09-02,-30.3875,960.7,18.0,173.72313956783847
2003-09-03,-25.3,956.9125,31.0,152.0073449794975
2003-09-04,-20.55,955.7375,10.0,188.83456442300138
2003-09-05,-19.3875,961.35,,162.3629867671714
2003-09-06,-23.0125,967.85,3.0,170.14892388341607
2003-09-07,-26.05,975.575,11.0,191.0532482167976
2003-09-08,-28.5,971.675,23.0,164.9002270401689
2003-09-09,-24.900000000000002,966.8,,252.34045508275398
2003-09-10,-30.071428571428573,976.1,,152.31535514785972
2003-09-11,-29.525,970.7125,19.0,180.0
2003-09-12,-27.8625,957.55,10.5,230.96745985504066
2003-09-13,-28.842857142857145,964.5375,5.0,200.15488166648993
2003-09-14,-27.5,966.0375,,176.34558442593024
2003-09-15,-25.2,962.575,,234.2060134948821
2003-09-16,-18.428571428571427,952.725,37.0,233.3295630553023
2003-09-17,-17.857142857142858,953.7,45.0,220.29646427685924
2003-09-18,-17.614285714285714,970.3,26.0,175.0
2003-09-19,-18.925,966.6625,17.0,213.24735969328754
2003-09-20,-16.7,961.8125,5.0,230.23683351722966
2003-09-21,-17.7125,966.0875,,196.68774499621009
2003-09-22,-16.95714285714286,966.9125,,185.60131347662383
2003-09-23,-14.475,972.9125,,248.84109890157947
2003-09-24,-14.975,970.3375,,171.43034733322028
2003-09-25,-17.025,971.825,30.8,176.67043694469768
2003-09-26,-17.025,967.425,,163.32956305530232
2003-09-27,-16.2,966.0,34.0,170.0
2003-09-28,-15.6375,972.025,24.333333333333332,179.94884264061625
2003-09-29,-19.0625,974.4,12.0,180.70150057062293
2003-09-30,-21.7125,973.8875,,191.18476141285203
2003-10-01,-20.975,970.1375,8.5,190.66890101345706
2003-10-02,-14.2125,964.3857142857142,12.0,272.6573328902585
2003-10-03,-10.675,966.775,,190.64600459996393
2003-10-04,-12.7875,969.825,12.0,202.9848508908549
2003-10-05,-17.175,971.2625,14.0,201.59097733640294
2003-10-06,-17.725,968.1875,21.0,176.23865635326248
2003-10-07,-16.45,956.8,6.0,251.70181148210634
2003-10-08,-19.028571428571432,952.4625,36.0,199.4600697085883
2003-10-09,-19.025,950.925,30.0,243.76134364673752
2003-10-10,-16.9,954.3625,,222.39209584076616
2003-10-11,-20.975,952.9125,13.0,174.30266140541534
2003-10-12,-22.9,948.0625,,271.4785705044636
2003-10-13,-19.8875,949.7375,11.0,168.95554811288355
2003-10-14,-18.0875,950.0375,,195.09708924065276
2003-10-15,-12.516666666666666,954.1125,10.0,207.24740715679928
2003-10-16,-13.2,954.65,,193.68909398913368
2003-10-17,-16.6125,954.625,17.5,199.68274518916803
2003-10-18,-15.675,957.7375,7.0,186.73183091813675
2003-10-19,-13.524999999999999,958.575,12.0,230.32170254018246
2003-10-20,-13.575,959.0375,14.0,185.90334260151482
2003-10-21,-12.7,956.8,,191.9926284024463
2003-10-22,-14.3375,957.0,19.0,166.3526784940471
2003-10-23,-14.45,956.8125,18.0,263.2227156733703
2003-10-24,-14.1,961.5,,180.9507281767048
2003-10-25,-13.2125,966.7,,185.6287231159483
2003-10-26,-14.4125,967.8625,10.0,273.6106400911069
2003-10-27,-17.9125,969.35,8.0,210.74162175496033
2003-10-28,-18.0,976.575,,226.05974006061342
2003-10-29,-16.0625,975.8125,,253.89154222647375
2003-10-30,-12.1625,975.925,17.0,238.31250156994747
2003-10-31,-10.2,972.65,,211.7541141052541
2003-11-01,-11.2375,968.6375,,168.35359264601055
2003-11-02,-14.025,969.05,6.0,175.2919186865783
2003-11-03,-16.0125,967.6375,5.5,187.8779871443331
2003-11-04,-14.075,973.225,,178.72521781198395
2003-11-05,-15.6375,970.55,29.5,175.0
2003-11-06,-13.25,970.6875,28.0,177.9926550205025
2003-11-07,-9.2375,966.6125,20.0,170.1558514638122
2003-11-08,-9.1625,961.275,14.0,186.25191647536334
2003-11-09,-8.375,961.075,5.0,188.1433733479362
2003-11-10,-7.7375,964.8875,4.333333333333333,183.4694395336094
2003-11-11,-7.775,968.075,14.0,172.88417150127117
2003-11-12,-9.275,974.6625,15.333333333333334,175.0255140871259
2003-11-13,-10.1,975.8875,10.333333333333334,166.43476785895618
2003-11-14,-10.8375,971.6125,5.0,321.0805737961824
2003-11-15,-10.5,971.2624999999999,3.857142857142857,201.8622187215942
2003-11-16,-10.8875,971.1875,6.0,170.13279708511288
2003-11-17,-10.75,963.2625,27.0,177.10288367317352
2003-11-18,-9.5375,958.3375,16.0,173.54396499919042
2003-11-19,-10.4875,959.9875,19.25,167.9926550205025
2003-11-20,-8.6875,963.8,,166.19545949130128
2003-11-21,-8.9875,962.85,5.0,320.41674226242617
2003-11-22,-9.15,964.0,8.0,208.33136668519703
2003-11-23,-9.787500000000001,967.525,2.3333333333333335,138.4374801391503
2003-11-24,-9.5375,976.65,,175.38380511163007
2003-11-25,-10.3375,979.35,13.5,175.07673301656973
2003-11-26,-10.975,977.4,22.0,173.32956305530232
2003-11-27,-10.2625,974.95,24.166666666666668,185.0
2003-11-28,-7.45,973.925,11.25,188.50881257936365
2003-11-29,-5.6875,968.05,12.0,168.74940931257473
2003-11-30,-4.914285714285714,974.1,,172.5047687215366
2003-12-01,-3.025,969.3625,26.0,157.43779056980813
2003-12-02,-3.1375,974.775,,159.9616312267025
2003-12-03,-3.25,983.075,,208.37833421516004
2003-12-04,-2.1142857142857143,978.8875,,178.83145467545077
2003-12-05,-1.3625,977.375,3.5,192.11803394075824
2003-12-06,-2.3,977.075,,173.7765277098914
2003-12-07,-2.075,981.9125,16.0,181.29841739955026
2003-12-08,-1.8875,980.0125,,318.11413519695753
2003-12-09,-2.1625,973.4125,9.0,202.63858844866468
2003-12-10,-2.8875,977.8,19.8,177.9926550205025
2003-12-11,-3.675,980.0125,5.5,272.96128723070285
2003-12-12,-3.314285714285714,984.9499999999999,4.0,158.94675178320236
2003-12-13,-4.1875,988.05,,247.2552673908337
2003-12-14,-6.825,992.725,17.0,177.61040062658822
2003-12-15,-5.233333333333333,992.7,4.166666666666667,183.28914848604265
2003-12-16,-5.7125,990.1875,3.5,310.71527875433105
2003-12-17,-5.3,986.6,2.5714285714285716,358.97523635938273
2003-12-18,-4.2,986.3875,2.7142857142857144,308.70603600645524
2003-12-19,-3.625,985.1,3.2857142857142856,277.79888894098974
2003-12-20,-4.3,980.7125,8.4,174.94237484214685
2003-12-21,-4.75,980.2625,7.0,208.91896046711383
2003-12-22,-5.1,983.9625,8.285714285714286,172.0073449794975
2003-12-23,-5.6,989.475,16.0,172.51437930669928
2003-12-24,-7.5875,984.8625,8.666666666666666,175.5661669980582
2003-12-25,-6.283333333333334,972.475,3.0,121.0399708731953
2003-12-26,0.875,969.9125,10.5,209.9852093724984
2003-12-27,-0.7,969.25,13.5,175.0383687732975
2003-12-28,-0.5375000000000001,974.5625,7.333333333333333,307.85613999955103
2003-12-29,-2.6875,974.375,6.625,320.0
2003-12-30,-1.1428571428571428,975.85,6.666666666666667,238.31956691509032
2003-12-31,1.925,972.5125,7.0,245.55529597847368
2004-01-01,0.8,968.7125,12.0,185.44519419105814
2004-01-02,-1.2125,969.2375,13.0,184.9807419079239
2004-01-03,1.6375,968.4,5.2,174.9684656706554
2004-01-04,-0.8666666666666667,971.025,4.0,173.4374801391503
2004-01-05,-2.425,973.175,11.0,246.40764859834195
2004-01-06,-2.75,973.2875,2.5,168.56523214104382
2004-01-07,-2.6333333333333333,973.2625,2.8,344.9801926054795
2004-01-08,-3.5,973.7875,4.571428571428571,7.2901880421159975
2004-01-09,-5.45,974.4375,4.833333333333333,240.0
2004-01-10,-2.6,976.725,10.2,169.78767421235517
2004-01-11,-2.5285714285714285,974.55,2.6666666666666665,174.26110524344782
2004-01-12,-4.828571428571428,968.6125,2.3333333333333335,152.9065594502548
2004-01-13,-5.9625,969.175,5.666666666666667,254.99999999999997
2004-01-14,-4.6875,968.5875,5.666666666666667,198.4049838886694
2004-01-15,-4.385714285714285,971.95,3.6,332.2816358448855
2004-01-16,-4.1,975.0375,10.0,176.248170783866
2004-01-17,-6.275,973.875,6.333333333333333,184.04465473529274
2004-01-18,-6.928571428571429,963.825,2.5,172.29018804211603
2004-01-19,-4.4625,959.0,6.666666666666667,197.3548225337361
2004-01-20,-5.7375,970.3,16.333333333333332,177.9926550205025
2004-01-21,-6.128571428571428,972.2125,2.8333333333333335,345.03836877329746
2004-01-22,-5.3375,970.1125,7.333333333333333,313.09260780749736
2004-01-23,-4.716666666666667,974.75,1.8333333333333333,50.71789471298134
2004-01-24,-3.966666666666667,977.4875,2.2,276.1823157062088
2004-01-25,-3.925,977.2875,8.0,175.14049843960305
2004-01-26,-7.4375,972.5125,13.0,173.74701698623116
2004-01-27,-8.385714285714286,970.375,4.666666666666667,353.2227156733703
2004-01-28,-6.566666666666666,972.3,2.0,266.8444515600421
2004-01-29,-5.3625,975.75,,157.9845727958447
2004-01-30,-4.614285714285714,974.15,3.0,199.56127888068355
2004-01-31,-5.614285714285714,975.2625,3.0,179.46780813827453
2004-02-01,-5.125,980.05,11.666666666666666,182.41745885201576
2004-02-02,-5.542857142857143,979.0625,2.5,291.6858907148694
2004-02-03,-6.4125,973.425,9.0,211.76677871187616
2004-02-04,-7.075,976.225,6.5,181.05161157929086
2004-02-05,-7.375,983.9375,6.6,161.25267306174007
2004-02-06,-8.0625,985.5375,17.0,171.66196100935926
2004-02-07,-7.975,985.3375,25.0,167.4952312784634
2004-02-08,-7.125,985.6,,212.91264713159057
2004-02-09,-6.6375,976.5125,4.333333333333333,221.91873399738782
2004-02-10,-8.8875,972.55,12.5,175.716067169662
2004-02-11,-10.9625,971.7625,13.25,172.0073449794975
2004-02-12,-10.4125,974.3625,9.5,188.72521781198395
2004-02-13,-10.142857142857142,976.3875,1.5,234.17184373607458
2004-02-14,-9.575,978.7625,3.0,252.3694975219936
2004-02-15,-11.1,980.825,2.5,180.4121527886816
2004-02-16,-10.95,986.8625,3.0,217.27028308879952
2004-02-17,-11.614285714285714,982.325,2.3333333333333335,189.78720219123863
2004-02-18,-12.05,985.6625,4.0,271.9474350696728
2004-02-19,-10.314285714285715,987.9125,2.6666666666666665,172.21649773652865
2004-02-20,-10.15,988.2625,8.5,188.32100024779822
2004-02-21,-10.559999999999999,994.15,2.1666666666666665,328.6306578872
2004-02-22,-7.300000000000001,997.1125,5.75,335.4934207119921
2004-02-23,-5.25,991.7,4.333333333333333,352.3778065319075
2004-02-24,-8.825,983.2,17.0,186.20893878208258
2004-02-25,-14.5,979.9625,16.5,177.52391618993167
2004-02-26,-10.914285714285715,975.875,7.0,279.5681854073772
2004-02-27,-10.3125,971.1375,4.666666666666667,291.6579616791165
2004-02-28,-10.4125,973.1,5.5,241.2072617818166
2004-02-29,-11.7625,977.2,11.0,281.15874400427714
2004-03-01,-11.725,975.9,2.3333333333333335,210.8636666485908
2004-03-02,-14.35,976.475,,186.0365659167217
2004-03-03,-15.2125,969.65,4.166666666666667,278.2493995135625
2004-03-04,-17.4125,964.425,4.5,181.22186457651725
2004-03-05,-18.2875,967.725,4.0,166.01128715520923
2004-03-06,-17.825,972.2875,3.75,165.60081752322762
2004-03-07,-16.8375,970.1625,1.3333333333333333,190.80135087352267
2004-03-08,-18.6875,967.1125,19.0,216.42954078444546
2004-03-09,-20.1625,960.5375,19.666666666666668,245.57700957587912
2004-03-10,-20.4875,956.5375,3.857142857142857,313.4773409395613
2004-03-11,-20.15,954.65,2.8333333333333335,267.0360815868316
2004-03-12,-19.975,958.55,3.0,204.37370042473862
2004-03-13,-20.175,965.7,1.75,259.44146394258786
2004-03-14,-23.9625,968.1999999999999,9.75,175.0
2004-03-15,-23.8375,968.3125,2.8333333333333335,168.31605128749325
2004-03-16,-23.9625,967.875,3.3333333333333335,168.47496539893024
2004-03-17,-24.2375,976.2375,27.0,173.34655814060278
2004-03-18,-20.6,971.1,3.0,251.29585675886696
2004-03-19,-20.65,961.9875,6.5,311.25538450902275
2004-03-20,-15.133333333333333,964.6,,278.3006794456063
2004-03-21,-14.540000000000001,975.5,,242.60384047655452
2004-03-22,-17.5875,980.225,3.0,198.78296512799812
2004-03-23,-19.575,988.625,,187.47578613787584
2004-03-24,-20.9625,984.3375,10.0,173.751829216134
2004-03-25,-23.8375,976.975,12.666666666666666,176.00244393710275
2004-03-26,-26.575,973.7625,20.0,217.45852138741625
2004-03-27,-20.7875,976.3375,,277.2472899564823
2004-03-28,-22.9,986.6750000000001,2.0,190.5844461147799
2004-03-29,-23.3375,980.5875,15.666666666666666,172.49523127846342
2004-03-30,-26.0125,973.3,6.5,168.65813788442722
2004-03-31,-27.75,962.1,8.0,194.52268775040707
2004-04-01,-23.400000000000002,952.8125,,301.3947817876956
2004-04-02,-17.675,963.675,,204.63965059616805
2004-04-03,-17.7,972.3625,,266.8897426658297
2004-04-04,-14.8,966.05,8.0,210.2340054329712
2004-04-05,-17.1,964.3,2.0,244.9029107593472
2004-04-06,-20.333333333333332,972.1,,280.64970273144195
2004-04-07,-20.3625,959.4,,184.9807419079239
2004-04-08,-23.075,959.6625,,171.8774939347873
2004-04-09,-23.25,971.0375,1.5,323.55456865325937
2004-04-10,-23.974999999999998,982.075,4.2,196.43476785895615
2004-04-11,-24.725,973.9,4.0,251.39390640606206
2004-04-12,-28.7875,956.125,10.0,182.8168102237265
2004-04-13,-25.375,960.525,10.0,265.3217025401825
2004-04-14,-24.042857142857144,960.5625,6.0,278.99345972154083
2004-04-15,-23.275,967.9,,277.67951267932483
2004-04-16,-16.7,965.4625,,221.01483569797963
2004-04-17,-17.728571428571428,969.0125,3.5,189.1657521817596
2004-04-18,-15.75,976.675,2.0,282.0117604808304
2004-04-19,-18.883333333333333,982.6125,7.5,178.56337855308252
2004-04-20,-24.5875,976.5125,3.75,319.4825123945409
2004-04-21,-22.68,966.5,4.0,288.1347379295346
2004-04-22,-17.7,966.6,7.0,199.5543077685059
2004-04-23,-17.5125,957.225,,256.88470094314874
2004-04-24,-18.419999999999998,942.9875000000001,30.0,200.13779105622632
2004-04-25,-16.385714285714286,951.4125,5.0,272.23366902996776
2004-04-26,-16.474999999999998,966.5,11.0,187.41280898441806
2004-04-27,-16.7875,971.9375,3.0,241.68501658777822
2004-04-28,-18.85,963.55,22.0,212.92860714871966
2004-04-29,-20.575,970.5875,,214.4179872925443
2004-04-30,-21.0875,982.25,,226.9041737041183
2004-05-01,-25.6,977.8875,,193.47354917204507
2004-05-02,-30.1,970.7125,,182.56220943019187
2004-05-03,-29.342857142857145,966.375,20.0,239.96163122670248
2004-05-04,-29.825,965.2875,11.5,291.5524031111988
2004-05-05,-28.67142857142857,967.7125,3.5,239.18679068950803
2004-05-06,-24.475,966.9625,,264.94429803370775
2004-05-07,-25.916666666666668,969.3,,152.84448373091743
2004-05-08,-31.05,979.3249999999999,20.333333333333332,173.98522522793718
2004-05-09,-30.849999999999998,978.475,4.0,299.6127947172348
2004-05-10,-26.080000000000002,974.4,4.333333333333333,323.43645706279926
2004-05-11,-21.183333333333334,972.35,,226.78782215943747
2004-05-12,-21.525,974.425,24.0,229.3290717008301
2004-05-13,-19.5,973.4125,,237.3322377799173
2004-05-14,-16.771428571428572,960.6875,31.0,248.45741899604423
2004-05-15,-16.833333333333332,950.925,,245.3172149289437
2004-05-16,-19.04,972.7,,205.71365786730127
2004-05-17,-12.028571428571428,954.8125,32.0,244.92326698343027
2004-05-18,-14.85,971.0375,24.5,195.32601952072943
2004-05-19,-19.925,974.0875,5.0,229.7979566530224
2004-05-20,-21.1625,962.5,6.0,264.99245840360913
2004-05-21,-16.625,963.675,,199.05011432358486
2004-05-22,-22.0,969.175,22.0,172.5047687215366
2004-05-23,-25.0875,966.0,3.0,182.45664153834514
2004-05-24,-26.375,965.3875,2.6666666666666665,290.3217025401825
2004-05-25,-24.566666666666666,966.3,,221.74468033373893
2004-05-26,-27.4375,971.325,9.2,234.72698435626415
2004-05-27,-26.6625,980.15,10.0,173.07480913731476
2004-05-28,-26.925,981.1375,,172.5627954852213
2004-05-29,-30.575,967.6,5.25,249.03044446921643
2004-05-30,-32.371428571428574,956.7625,4.0,228.7835387304436
2004-05-31,-33.8375,967.1875,3.0,163.76151004785405
2004-06-01,-30.7625,970.45,,177.50476872153658
2004-06-02,-28.666666666666668,958.725,,170.47731224959296
2004-06-03,-23.54285714285714,949.1125,,186.31378568410753
2004-06-04,-21.7375,948.925,5.0,269.8805440341423
2004-06-05,-24.175,953.1875,,193.10520480365383
2004-06-06,-17.4625,951.9125,33.0,225.7827829008815
2004-06-07,-17.925,946.2,,241.22186457651725
2004-06-08,-20.25,960.9857142857143,,229.37370042473862
2004-06-09,-20.580000000000002,959.2,4.0,249.7004356932443
2004-06-10,-16.15,955.4875,,241.95839052697727
2004-06-11,-20.8,966.1,,218.0272505189113
2004-06-12,-23.05,969.05,,204.89561965061753
2004-06-13,-20.142857142857142,971.3375,18.0,221.32981340331042
2004-06-14,-19.075,975.6375,22.0,191.8323507525368
2004-06-15,-21.2875,971.025,28.0,188.5832496410669
2004-06-16,-19.72,961.5625,27.0,224.32507727496224
2004-06-17,-23.416666666666668,972.825,,175.0
2004-06-18,-12.875,974.45,,202.83041184677933
2004-06-19,-15.75,976.65,4.0,191.69215520697975
2004-06-20,-13.950000000000001,975.7375,2.0,257.2604046880037
2004-06-21,-17.18,977.5875,2.3333333333333335,249.66666423928802
2004-06-22,-18.4,975.45,1.3333333333333333,191.77728432662965
2004-06-23,-22.285714285714285,970.0875,,250.0
2004-06-24,-20.6375,964.6625,,241.9951192885087
2004-06-25,-20.8,960.3375,28.0,212.74978472939534
2004-06-26,-22.025,964.7,,223.14773699342695
2004-06-27,-27.1375,967.3125,12.333333333333334,183.7663402485981
2004-06-28,-28.4125,972.65,4.5,207.41619131681176
2004-06-29,-27.25,976.625,2.0,186.58423326510967
2004-06-30,-28.2125,978.9625,11.5,181.2408173206672
2004-07-01,-30.400000000000002,972.25,4.0,315.86620985044044
2004-07-02,-28.7,974.925,,165.963676579793
2004-07-03,-27.639999999999997,974.7875,,248.8927863012259
2004-07-04,-31.650000000000002,976.3875,,173.38134254886572
2004-07-05,-36.6375,967.5,6.0,184.02206722471684
2004-07-06,-35.7,967.8875,18.0,181.25059068742527
2004-07-07,-35.025,970.9375,,216.91751116596504
2004-07-08,-39.3375,960.7625,5.0,187.5961772880628
2004-07-09,-33.0,974.75,19.0,180.0
2004-07-10,-37.228571428571435,974.2625,17.0,171.43034733322028
2004-07-11,-30.2,974.9125,,200.9851830254202
2004-07-12,-23.8375,966.825,,257.8967838179173
2004-07-13,-21.46666666666667,952.1375,,243.94761126761205
2004-07-14,-27.5,961.7,,206.3397675781981
2004-07-15,-27.2,977.1750000000001,,188.87995462516025
2004-07-16,-29.414285714285715,976.4125,4.0,225.9914206182919
2004-07-17,-34.300000000000004,964.7,4.0,213.83145467545074
2004-07-18,-34.15,956.6125,,260.6374795569378
2004-07-19,-36.175,952.075,,182.25296216776567
2004-07-20,-37.91428571428571,957.225,11.5,184.45864482779822
2004-07-21,-37.325,966.0875,3.6666666666666665,179.32434809439377
2004-07-22,-35.1125,964.775,2.0,242.4548179176091
2004-07-23,-32.95,955.425,,260.0389652742852
2004-07-24,-26.7875,948.475,,230.26525803118514
2004-07-25,-29.6375,952.45,9.0,250.60675258138235
2004-07-26,-31.97142857142857,948.575,,231.38325073040076
2004-07-27,-31.466666666666665,959.975,25.0,190.32380001339527
2004-07-28,-29.7,969.3375,3.0,295.21608503320493
2004-07-29,-29.650000000000002,962.925,2.5,247.8221432002269
2004-07-30,-31.787499999999998,961.125,,178.74940931257473
2004-07-31,-31.342857142857138,958.0125,,205.58234462898005
2004-08-01,-29.083333333333332,950.825,,253.9005349192031
2004-08-02,-27.142857142857142,954.7625,,211.14841454609402
2004-08-03,-27.5,960.1125,,230.4602483213204
2004-08-04,-25.385714285714283,961.8625,42.0,255.0204889816523
2004-08-05,-28.47142857142857,974.025,,246.89479519634614
2004-08-06,-31.6,982.5625,,308.86648429808497
2004-08-07,-25.7,973.65,,229.521552396433
2004-08-08,-28.900000000000002,987.0375,,202.58876291849379
2004-08-09,-22.7,976.1125,6.0,296.7772843266297
2004-08-10,-22.666666666666668,963.15,5.0,252.29497665778402
2004-08-11,-24.857142857142858,971.05,1.0,250.63228619815004
2004-08-12,-25.857142857142858,980.0875,17.0,186.01477477206282
2004-08-13,-21.233333333333334,984.9,7.0,209.32434809439377
2004-08-14,-22.175,969.6,9.0,220.55316891983847
2004-08-15,-27.225,964.0375,3.0,246.76069173180298
2004-08-16,-29.5625,956.0125,6.5,249.20293162541824
2004-08-17,-30.4625,962.425,7.0,240.12310737079548
2004-08-18,-29.1125,956.9625,2.75,178.33830320865607
2004-08-19,-31.8875,958.6,4.0,190.59649549705702
2004-08-20,-25.428571428571427,960.5125,,241.629537165161
2004-08-21,-29.275,963.85,14.0,180.0
2004-08-22,-28.45,975.025,,179.96177862460328
2004-08-23,-27.3,972.775,15.0,216.78091164071895
2004-08-24,-17.54285714285714,964.5875,58.0,243.65491451834583
2004-08-25,-18.0,974.1375,,205.0
2004-08-26,-27.414285714285715,979.4,,186.36881609242454
2004-08-27,-30.2,980.8375,11.0,202.80843400493876
2004-08-28,-30.25714285714286,975.7125,2.0,337.93150217096996
2004-08-29,-27.9,970.65,7.0,195.1179249681635
2004-08-30,-30.8,966.75,1.5,185.4491716645818
2004-08-31,-32.775,962.7875,26.0,173.74701698623116
2004-09-01,-29.75,971.2875,,250.84481701140254
2004-09-02,-27.242857142857144,971.9625,,215.95548713019124
2004-09-03,-27.633333333333336,969.7875,4.0,257.41280898441806
2004-09-04,-26.639999999999997,962.85,,191.05255950502507
2004-09-05,-21.725,954.075,2.0,267.81080272560644
2004-09-06,-22.02857142857143,958.1375,,201.1051335749663
2004-09-07,-25.1,971.0375,7.0,219.7552970695749
2004-09-08,-27.4625,970.2125,3.3333333333333335,301.3893599088931
2004-09-09,-24.15,959.5,3.0,297.6808227956202
2004-09-10,-20.25714285714286,938.7375,,267.5606187225367
2004-09-11,-22.0,955.675,,207.43188158312375
2004-09-12,-26.2,961.4625,2.0,209.77256913253578
2004-09-13,-25.25,953.6625,11.0,240.0
2004-09-14,-21.383333333333336,953.6625,4.0,238.95505405179478
2004-09-15,-24.05,963.6875,,238.43310825728014
2004-09-16,-20.685714285714287,970.7375,31.0,175.0
2004-09-17,-26.1,972.4,,244.01481697457973
2004-09-18,-23.375,977.625,5.0,209.8522528385313
2004-09-19,-18.06,984.625,2.0,316.65263460982806
2004-09-20,-24.914285714285715,984.825,,176.33467526456977
2004-09-21,-24.4625,981.3625,8.0,194.67393086051007
2004-09-22,-23.380000000000003,972.1625,3.0,224.5812884943777
2004-09-23,-28.985714285714288,982.5375,3.0,172.51437930669928
2004-09-24,-30.075,986.6,2.2,327.4481891617599
2004-09-25,-29.914285714285715,980.7,3.5,344.2172170991185
2004-09-26,-31.099999999999998,980.2,,173.3124813211817
2004-09-27,-28.7,974.5125,1.0,160.0
2004-09-28,-28.0,973.5,,189.32434809439374
2004-09-29,-23.7875,977.3875,2.0,263.10008397728285
2004-09-30,-26.4125,977.7125,4.0,276.55635587164943
2004-10-01,-32.4125,980.7,11.0,195.2114265610181
2004-10-02,-33.6125,978.8,3.4285714285714284,304.60658578237826
2004-10-03,-28.366666666666664,973.875,,299.1471946851147
2004-10-04,-28.0875,970.75,3.5,245.4465510919277
2004-10-05,-11.699999999999998,972.075,7.0,210.1637052709305
2004-10-06,-14.137500000000001,971.175,27.0,239.69958707021237
2004-10-07,-21.6,962.4625,17.333333333333332,189.42981391944565
2004-10-08,-19.1125,967.5625,22.0,216.33647731224528
2004-10-09,-12.925,966.55,15.0,224.76008553699094
2004-10-10,-11.55,962.0875,,208.00608513697398
2004-10-11,-11.5875,962.1375,,185.0
2004-10-12,-12.925,970.5375,20.0,196.917511165965
2004-10-13,-15.25,967.8375,5.0,191.77345819156494
2004-10-14,-17.525,971.3125,,181.80872979244876
2004-10-15,-18.4125,970.7125,3.0,261.0532482167976
2004-10-16,-18.425,968.2625,2.25,179.51534147709523
2004-10-17,-14.585714285714285,970.5375,,217.34877394825546
2004-10-18,-15.3375,965.825,,219.7004356932443
2004-10-19,-14.5125,957.4,13.0,238.34088137776735
2004-10-20,-12.375,958.8625,,196.49221100377886
2004-10-21,-13.471428571428572,962.5125,18.0,191.09178382977512
2004-10-22,-15.575,959.7625,10.0,201.99003261420384
2004-10-23,-16.7375,961.1875,2.857142857142857,315.0
2004-10-24,-18.95,956.6,7.0,260.7855111585916
2004-10-25,-17.962500000000002,959.525,10.0,171.40025153307062
2004-10-26,-17.5,970.15,15.0,196.32318953902032
2004-10-27,-18.775,962.05,1.5,262.16531405884996
2004-10-28,-18.55,963.0875,4.142857142857143,246.00733837984222
2004-10-29,-17.85,972.4625,,189.43141030610713
2004-10-30,-18.2375,972.1,6.0,187.64864434898234
2004-10-31,-16.375,967.15,16.0,181.25059068742527
2004-11-01,-13.1125,955.2375,,256.9474350696728
2004-11-02,-12.0125,947.0375,3.0,234.8960906389829
2004-11-03,-14.6,946.25,3.0,188.1365478557722
2004-11-04,-10.8625,945.1625,3.6,276.58805146155134
2004-11-05,-11.925,948.75,7.333333333333333,191.7184085485463
2004-11-06,-13.525,954.1875,16.0,193.62884258261195
2004-11-07,-12.5125,957.6125,,193.64347847857482
2004-11-08,-13.0125,960.3875,,159.40845826016283
2004-11-09,-12.25,958.65,,212.5806627618958
2004-11-10,-10.7125,956.15,,222.26085299600706
2004-11-11,-7.6375,960.875,,236.82841561111718
2004-11-12,-6.4875,961.25,18.0,246.0271668741049
2004-11-13,-6.142857142857143,969.1125,,190.46896138459002
2004-11-14,-3.225,967.325,5.0,226.59072389837215
2004-11-15,-1.2875,972.4875,6.0,196.1340525923834
2004-11-16,-4.6875,975.9125,9.333333333333334,170.0
2004-11-17,-5.45,978.0625,4.5,324.300221936643
2004-11-18,-3.0375,973.625,2.375,315.80337843526615
2004-11-19,-2.8000000000000003,966.0375,2.857142857142857,210.0
2004-11-20,-2.9125,954.275,4.0,235.44126625854682
2004-11-21,-5.3375,959.6125,12.0,161.27478218801605
2004-11-22,-5.5125,965.825,10.0,156.1860808384311
2004-11-23,-6.0,967.45,6.666666666666667,231.5305604663906
2004-11-24,-5.675,969.9375,3.5714285714285716,145.35989317261337
2004-11-25,-4.3625,977.675,5.0,212.65214117637493
2004-11-26,-4.575,982.875,3.5,336.4347678589562
2004-11-27,-5.625,984.325,9.666666666666666,171.61327323931292
2004-11-28,-4.35,982.35,3.2,137.77706308867738
2004-11-29,-5.9625,975.1,7.333333333333333,162.58315505575374
2004-11-30,-4.0125,966.6375,,176.95854779660183
2004-12-01,-1.925,965.075,17.0,173.22760944088998
2004-12-02,-3.675,970.0875,,220.7416217549603
2004-12-03,-2.7375,969.625,3.6666666666666665,244.24930661977913
2004-12-04,0.425,967.0375,6.25,261.928947108215
2004-12-05,-0.675,972.05,7.666666666666667,160.71377886133493
2004-12-06,-1.6714285714285713,974.675,3.3333333333333335,36.298299699289124
2004-12-07,0.5375,973.0,5.0,286.86736892577426
2004-12-08,0.11250000000000002,972.0625,8.25,177.48562069330072
2004-12-09,1.525,972.5375,10.0,171.99511928850873
2004-12-10,-0.05,976.1375,10.0,166.23865635326248
2004-12-11,-0.28750000000000003,982.0,14.0,171.29841739955026
2004-12-12,-1.125,984.625,11.8,156.734367007247
2004-12-13,-2.1125,982.0,6.375,333.751829216134
2004-12-14,-2.742857142857143,978.9125,9.0,345.746391831148
2004-12-15,-1.775,980.75,2.25,307.5452410918799
2004-12-16,-0.9857142857142858,985.1125,2.4285714285714284,99.16810057717491
2004-12-17,-1.4625,987.6625,2.4,355.5208445555621
2004-12-18,-1.0375,989.8,4.0,90.46578387438916
2004-12-19,-1.7,993.025,4.5,36.15805364651318
2004-12-20,-1.7571428571428573,986.4,8.5,255.40758149350083
2004-12-21,-1.6625,981.1875,7.666666666666667,153.65491451834586
2004-12-22,-3.5375,979.475,8.875,161.636272588377
2004-12-23,-2.375,980.7,4.5,116.94485118019811
2004-12-24,-2.1999999999999997,982.9625,3.4,115.66402847958427
2004-12-25,-4.1,984.025,,144.9728440744637
2004-12-26,-1.9375,977.65,,201.78908991693712
2004-12-27,-2.5875,975.175,14.333333333333334,163.32956305530232
2004-12-28,-2.5,972.6125,12.5,171.55240311119886
2004-12-29,-2.4875,969.525,6.0,253.98522522793718
2004-12-30,-1.5166666666666666,972.575,1.75,52.2855812278825
2004-12-31,-1.5625,973.225,7.25,251.6704369446977
2005-01-01,-0.85,973.275,11.0,174.92267058862495
2005-01-02,-1.3125,973.8875,8.5,188.7084322973056
2005-01-03,0.44999999999999996,973.675,6.2,231.34929229610196
2005-01-04,0.5,971.125,16.0,172.52330494677577
2005-01-05,0.4750000000000001,969.25,7.0,159.38709912870115
2005-01-06,-0.0625,970.3,7.666666666666667,159.7996170374649
2005-01-07,-0.08750000000000002,965.15,,155.97793277528316
2005-01-08,-1.575,973.3,,165.0192580920761
2005-01-09,-2.3125,968.4125,9.25,158.8480877503375
2005-01-10,-1.7,969.9625,14.25,172.40929691553401
2005-01-11,-2.8625,974.2,5.0,323.5877048742637
2005-01-12,-1.9000000000000001,985.4625,3.0,291.3893599088931
2005-01-13,-3.2625,985.525,3.8,332.1400629132201
2005-01-14,-1.9600000000000002,982.15,1.875,116.76713388692315
2005-01-15,-3.2857142857142856,976.525,2.7142857142857144,273.1871930141914
2005-01-16,-4.0,976.0375,1.0,115.6371082078852
2005-01-17,-3.3375,974.0375,6.75,290.0
2005-01-18,-3.216666666666667,972.7125,3.5,123.16261654233392
2005-01-19,-5.45,974.4625,3.25,69.8432960307279
2005-01-20,-6.3500000000000005,975.9125,3.0,332.74198915826537
2005-01-21,-6.7,975.2875,3.8333333333333335,138.9065556771766
2005-01-22,-7.475,973.55,5.833333333333333,182.39615952344548
2005-01-23,-4.1375,976.575,16.0,172.32825790370677
2005-01-24,-3.3499999999999996,979.775,8.5,180.9507281767048
2005-01-25,-4.9125,973.25,12.0,159.80286731921146
2005-01-26,-5.15,973.2375,12.75,190.87941971263623
2005-01-27,-4.883333333333334,969.1625,3.0,313.7269617524683
2005-01-28,-5.057142857142857,973.95,3.4285714285714284,281.5885726792661
2005-01-29,-6.0625,973.35,7.666666666666667,201.57543569711643
2005-01-30,-5.557142857142857,970.3,4.8,145.7148041678641
2005-01-31,-6.316666666666666,967.9375,2.2,187.2483023432898
2005-02-01,-4.95,961.6375,2.3333333333333335,288.06874037241676
2005-02-02,-6.925,958.2625,8.5,172.47578613787587
2005-02-03,-5.7,963.5875,11.8,174.02206722471684
2005-02-04,-6.15,961.7625,4.25,300.5538120365211
2005-02-05,-4.05,963.0125,4.0,222.0117604808304
2005-02-06,-4.925,969.3,5.0,225.63367046015756
2005-02-07,-6.475,973.625,16.0,162.48562069330072
2005-02-08,-5.75,977.6875,,283.7528509511558
2005-02-09,-6.8428571428571425,974.775,6.0,260.5930304571144
2005-02-10,-8.6625,969.1125,12.0,222.9200233633249
2005-02-11,-10.225,959.4,26.0,236.60823648093037
2005-02-12,-6.9875,958.5625,5.4,271.70495327058325
2005-02-13,-4.275,958.3875,8.666666666666666,236.07664911343065
2005-02-14,-0.5714285714285714,954.0125,8.0,256.4491119186852
2005-02-15,-7.4375,953.5,18.0,170.0
2005-02-16,-6.775,959.1,9.0,301.0934443228235
2005-02-17,-8.2125,956.9,4.666666666666667,160.98518302542027
2005-02-18,-11.225,963.3125,22.0,155.0
2005-02-19,-11.757142857142856,967.625,11.5,183.43475601461122
2005-02-20,-12.15,974.1625,11.333333333333334,159.97628293112848
2005-02-21,-12.175,974.9375,27.666666666666668,175.0
2005-02-22,-12.171428571428573,968.8875,4.333333333333333,164.94101877451132
2005-02-23,-15.75,964.1375,18.0,175.0
2005-02-24,-16.05,973.7,1.5,186.33314062810874
2005-02-25,-10.6375,977.8375,6.0,246.23848995214593
2005-02-26,-9.0875,976.2625,4.0,212.70981195788397
2005-02-27,-11.485714285714286,970.8,2.3333333333333335,210.0
2005-02-28,-11.9875,982.175,5.333333333333333,179.95350048850952
2005-03-01,-10.475,978.125,4.5,231.23373862675223
2005-03-02,-11.6375,973.6125,15.0,181.9335882410926
2005-03-03,-13.3,978.225,3.5,247.1005642156851
2005-03-04,-15.375,979.3,13.0,170.0
2005-03-05,-17.0875,974.925,12.5,212.27028308879952
2005-03-06,-18.9375,974.95,8.0,171.09344432282347
2005-03-07,-18.3875,979.325,3.5,179.14687817631958
2005-03-08,-19.8,976.675,12.6,162.01729172554715
2005-03-09,-16.2125,976.875,18.0,215.26379027001082
2005-03-10,-16.4875,974.6625,2.8333333333333335,300.7592471363066
2005-03-11,-15.3375,971.675,6.333333333333333,233.1761313570532
2005-03-12,-16.985714285714288,958.9,5.0,157.94804341314378
2005-03-13,-18.4,959.3875,20.0,177.97194287680986
2005-03-14,-16.8375,965.3625,4.0,170.0
2005-03-15,-16.675,960.85,11.0,218.55803541523065
2005-03-16,-18.542857142857144,960.9250000000001,8.333333333333334,210.2467238602391
2005-03-17,-16.4875,970.8625,3.25,265.8688575601953
2005-03-18,-19.8625,970.9875,,185.702843186225
2005-03-19,-19.525,970.475,,253.370462834839
2005-03-20,-17.7,964.0375,,252.9898875452106
2005-03-21,-12.757142857142856,958.25,,222.46386442283128
2005-03-22,-13.45,962.05,13.5,206.64314314180228
2005-03-23,-15.025,961.075,24.0,182.66128146795387
2005-03-24,-14.5125,971.425,,207.51766456084567
2005-03-25,-17.85,977.9,13.0,168.77813542348275
2005-03-26,-20.025,977.6625,4.0,223.94675178320236
2005-03-27,-18.525,977.925,3.0,258.76216412212045
2005-03-28,-17.9375,977.35,3.5,180.23489166720333
2005-03-29,-17.7375,975.25,4.75,239.71390309400664
2005-03-30,-15.542857142857143,967.075,3.5,244.09985833039568
2005-03-31,-16.8,965.5875,3.0,193.19491616926783
2005-04-01,-19.45,967.3125,,302.45664153834514
2005-04-02,-18.8,963.35,4.0,197.43337113565434
2005-04-03,-20.25,960.825,3.5,216.10097287621494
2005-04-04,-20.1,962.3625,,216.98312346870932
2005-04-05,-15.425,949.6375,6.0,217.42698705807163
2005-04-06,-15.025,954.125,,170.70979725743598
2005-04-07,-19.2,963.025,13.5,173.82837906877438
2005-04-08,-21.725,960.4875,,249.4439838690526
2005-04-09,-22.928571428571427,955.05,10.0,259.3061704237165
2005-04-10,-21.32857142857143,955.9,,216.62073465800813
2005-04-11,-21.675,959.2625,3.0,192.0023473411696
2005-04-12,-19.383333333333336,959.4625,3.0,194.55258932658205
2005-04-13,-23.271428571428572,957.3125,7.0,238.74925495531747
2005-04-14,-18.016666666666666,960.65,,175.37251163242436
2005-04-15,-18.714285714285715,964.375,,210.75600746509951
2005-04-16,-24.425,961.4125,11.5,172.47608381006833
2005-04-17,-25.925,970.5125,,204.66512965838436
2005-04-18,-27.616666666666664,975.1750000000001,2.6666666666666665,255.63958751723925
2005-04-19,-32.125,974.4,2.0,182.65773705345043
2005-04-20,-30.2,984.575,5.5,202.66052937594344
2005-04-21,-29.5375,983.9,2.5714285714285716,314.38709912870115
2005-04-22,-27.9375,977.6875,2.3333333333333335,156.8033656693224
2005-04-23,-25.8,974.5,,179.15055905862675
2005-04-24,-27.3375,968.3625,,193.41142732073382
2005-04-25,-20.25714285714286,964.625,27.0,248.5832496410669
2005-04-26,-19.4875,972.0,,182.925805121274
2005-04-27,-23.4875,979.275,,215.87471191617166
2005-04-28,-24.425,981.1125,,235.56176171188469
2005-04-29,-23.7125,982.05,4.0,210.90886863657855
2005-04-30,-25.733333333333334,969.6375,6.0,277.97626243855467
2005-05-01,-21.375,961.1375,3.3333333333333335,173.15635890790165
2005-05-02,-17.414285714285715,948.5625,29.0,236.26734451052704
2005-05-03,-19.542857142857144,956.8875,,197.2107312917393
2005-05-04,-23.5625,964.4625,10.0,189.44887182721774
2005-05-05,-20.1375,959.85,9.0,260.816414699568
2005-05-06,-16.357142857142858,955.025,,204.92133044923932
2005-05-07,-16.1875,960.025,10.0,209.9202087751467
2005-05-08,-15.757142857142856,959.375,20.0,198.911675101533
2005-05-09,-14.5875,964.5625,17.0,194.47035513331727
2005-05-10,-14.325,966.725,,202.78350226347135
2005-05-11,-15.55,965.2,,199.49072835594794
2005-05-12,-16.025,969.55,24.0,226.84053203261578
2005-05-13,-17.54285714285714,973.2125,3.0,163.4176982738034
2005-05-14,-21.95,982.1,21.0,207.5954146885974
2005-05-15,-23.75,983.1625,11.0,236.95031536801696
2005-05-16,-20.3625,970.1125,,204.89450757782788
2005-05-17,-17.0375,960.45,33.0,236.18068936473196
2005-05-18,-12.6625,964.3625,,172.09235741343892
2005-05-19,-15.6,968.0124999999999,,210.79810229005398
2005-05-20,-19.849999999999998,962.3875,,218.493217761066
2005-05-21,-22.571428571428573,954.075,,255.34646596011297
2005-05-22,-23.65,969.0125,,213.82228605912303
2005-05-23,-27.075,980.05,,173.7374294132844
2005-05-24,-29.95,983.125,6.0,174.9744859128741
2005-05-25,-27.65,976.425,32.0,175.0
2005-05-26,-23.9125,973.8125,33.333333333333336,180.0
2005-05-27,-19.8,982.625,5.0,194.85582042373926
2005-05-28,-22.275,984.075,15.0,178.77813542348275
2005-05-29,-19.825,975.525,,229.48723790239066
2005-05-30,-20.8,969.1875,,192.1022432035633
2005-05-31,-27.725,971.0875,2.0,292.9130625808708
2005-06-01,-26.5,984.225,6.666666666666667,170.0
2005-06-02,-23.6,995.6375,28.0,185.1875136212806
2005-06-03,-27.4625,992.3625,1.0,177.06706963747712
2005-06-04,-26.52,984.8125,,170.0
2005-06-05,-28.625,974.0125,1.0,145.92540152325424
2005-06-06,-27.3875,971.8125,4.0,171.5751747214016
2005-06-07,-30.8,974.7375,2.6666666666666665,295.5204851761018
2005-06-08,-32.6,974.85,24.0,212.30927810639798
2005-06-09,-34.28333333333334,963.2625,4.0,244.2583782450397
2005-06-10,-30.0875,982.1125,,184.8001329636087
2005-06-11,-26.575000000000003,970.2875,,248.86309467595567
2005-06-12,-22.925,969.0625,,233.71810999234475
2005-06-13,-20.0875,968.4125,,230.7185612311846
2005-06-14,-19.075000000000003,969.9625,,239.48792350008745
2005-06-15,-23.566666666666666,976.25,,226.29307762128457
2005-06-16,-24.25714285714286,997.8,28.0,228.5814603985773
2005-06-17,-26.814285714285713,998.9125,3.5,276.4429164111539
2005-06-18,-31.575000000000003,989.2625,2.0,226.142551954034
2005-06-19,-30.1375,975.5125,4.0,318.06543933719024
2005-06-20,-25.95,966.5375,7.0,308.37211470017826
2005-06-21,-24.85,965.8625,5.0,288.1958508226221
2005-06-22,-21.0875,964.225,,230.32170254018249
2005-06-23,-17.075,963.075,4.0,215.56655736660713
2005-06-24,-20.975,975.175,26.0,177.18688864564695
2005-06-25,-22.5625,969.5625,29.0,247.34162937336458
2005-06-26,-22.357142857142858,977.7125,10.5,176.28219267193728
2005-06-27,-24.2125,976.975,18.0,216.68751867881826
2005-06-28,-27.4,980.9375,4.0,178.02963394915952
2005-06-29,-17.36,965.45,,167.57301294192837
2005-06-30,-10.3375,962.25,,158.80730445011804
2005-07-01,-10.525,972.75,31.0,205.60783571559057
2005-07-02,-14.183333333333332,970.4625,,199.30728575089893
2005-07-03,-21.1125,972.2875,2.5,281.05324821679767
2005-07-04,-23.475,973.575,12.5,180.0
2005-07-05,-26.225,976.7375,20.0,175.0
2005-07-06,-29.55,976.8875,4.0,168.363727411623
2005-07-07,-35.3875,971.2875,13.5,174.9807419079239
2005-07-08,-33.98333333333333,963.1625,6.0,297.4587528994376
2005-07-09,-31.271428571428572,963.7875,1.5,204.60990013554533
2005-07-10,-27.983333333333334,960.6875,3.0,249.26027737759108
2005-07-11,-29.599999999999998,975.5125,,183.27779450460423
2005-07-12,-23.975,971.5625,4.0,199.34048769262267
2005-07-13,-27.8125,975.1875,1.0,173.8048811634682
2005-07-14,-27.475,983.925,,173.71028742094623
2005-07-15,-27.45,976.5125,2.5,328.81282565995144
2005-07-16,-24.25,966.5625,1.0,275.562107107728
2005-07-17,-21.400000000000002,958.325,4.333333333333333,223.99794632326902
2005-07-18,-17.5,958.65,1.0,323.24235770187056
2005-07-19,-20.966666666666665,954.8125,8.666666666666666,160.32170254018249
2005-07-20,-17.9125,963.1875,,191.33811725201733
2005-07-21,-19.175,966.0125,,229.3971315638689
2005-07-22,-18.9375,964.425,22.666666666666668,172.0073449794975
2005-07-23,-18.5875,963.9,19.0,196.14067976178785
2005-07-24,-18.35,964.7625,,202.0812850772718
2005-07-25,-23.6125,969.125,21.0,206.81280698580866
2005-07-26,-27.3625,973.45,17.0,181.12080345096692
2005-07-27,-27.8625,983.2624999999999,,175.2088587142644
2005-07-28,-29.075,974.0375,21.0,177.50476872153658
2005-07-29,-27.475,962.4875,,231.61777079595151
2005-07-30,-20.5,962.3,,198.32417729114985
2005-07-31,-15.5,968.65,,240.25324522113874
2005-08-01,-26.75714285714286,968.175,2.0,178.46266804883615
2005-08-02,-30.0125,972.9875,9.2,170.0
2005-08-03,-30.525,976.6875,12.5,180.0
2005-08-04,-31.8375,973.2125,4.6,193.77202290806034
2005-08-05,-32.75,969.65,2.0,195.52978884105482
2005-08-06,-32.4625,969.65,3.3333333333333335,184.22567587591524
2005-08-07,-31.6875,975.4625,3.0,279.83284513680934
2005-08-08,-32.65,982.975,15.333333333333334,177.48562069330072
2005-08-09,-37.199999999999996,973.9875,,177.68934899545036
2005-08-10,-39.199999999999996,954.4875,7.0,271.0984955340401
2005-08-11,-30.833333333333332,945.0125,,201.1340525923834
2005-08-12,-23.2,966.5875,34.0,240.0
2005-08-13,-21.925,982.275,7.0,250.7299741366782
2005-08-14,-26.21666666666667,976.675,,186.19545949130125
2005-08-15,-24.74285714285714,971.05,3.3333333333333335,186.57891494619244
2005-08-16,-23.9125,963.7,24.0,175.0192580920761
2005-08-17,-18.3875,960.0375,24.0,240.57018608055432
2005-08-18,-14.6375,955.0375,,238.16377659079922
2005-08-19,-15.3375,955.025,,207.09043003159104
2005-08-20,-18.014285714285712,965.875,,178.5997484669294
2005-08-21,-20.6875,965.375,,194.53027601292533
2005-08-22,-27.025,958.2625,,165.32170254018249
2005-08-23,-27.125,967.0375,25.0,175.0
2005-08-24,-26.7375,963.7875,42.0,156.67043694469768
2005-08-25,-23.6625,956.8125,36.0,184.76867296544273
2005-08-26,-22.085714285714285,939.875,,239.75105516576346
2005-08-27,-25.97142857142857,942.0,,206.98585540595013
2005-08-28,-23.75714285714286,965.5124999999999,,200.22213605786678
2005-08-29,-27.099999999999998,960.45,,194.67829745981751
2005-08-30,-30.925,948.6625,10.25,174.2712817390677
2005-08-31,-31.0,960.6875,17.0,189.0180525360717
2005-09-01,-22.385714285714283,963.925,4.0,245.4234100423568
2005-09-02,-24.650000000000002,955.775,2.0,167.6212374856868
2005-09-03,-27.4375,952.75,,278.5353431088766
2005-09-04,-22.542857142857144,960.4125,5.0,199.46459639886152
2005-09-05,-24.0,964.25,,217.2596875924945
2005-09-06,-24.7375,973.575,,266.0059492015009
2005-09-07,-19.6375,973.225,,238.5633785530825
2005-09-08,-18.240000000000002,979.275,,216.11835917324711
2005-09-09,-18.5375,973.6625,,279.0849191827638
2005-09-10,-19.44,961.4125,6.333333333333333,284.7854578736718
2005-09-11,-23.0125,966.3375,1.0,224.99999999999997
2005-09-12,-22.142857142857142,956.7875,,244.37981385866766
2005-09-13,-23.766666666666666,969.65,,241.48094211061624
2005-09-14,-8.2,970.8,,205.659777134116
2005-09-15,-10.671428571428573,964.325,23.0,197.08270681177632
2005-09-16,-15.375,968.9375,12.0,184.92267058862492
2005-09-17,-16.45,975.6125,,224.33234243769485
2005-09-18,-12.875,960.3,,269.73927892726357
2005-09-19,-17.428571428571427,954.2875,,173.7663402485981
2005-09-20,-21.583333333333332,952.5125,5.0,237.57301294192837
2005-09-21,-21.825,962.4625,,179.56605183726887
2005-09-22,-24.2125,966.7125,,186.97867936868218
2005-09-23,-26.95,967.1375,4.0,235.93125612671665
2005-09-24,-31.025,959.5625,14.0,176.29192676021506
2005-09-25,-31.2,964.2875,14.666666666666666,186.9073921925026
2005-09-26,-27.2,964.9,5.0,295.3285984756404
2005-09-27,-26.67142857142857,961.925,2.0,235.24040248040808
2005-09-28,-21.525,967.9,2.0,207.2798422705457
2005-09-29,-18.240000000000002,971.7375,33.0,244.63204531882778
2005-09-30,-13.933333333333332,968.1875,,215.7634236123295
2005-10-01,-20.0875,961.35,3.0,203.13695701160643
2005-10-02,-21.6375,950.8625,,174.76867296544276
2005-10-03,-21.557142857142857,951.0875,,264.7644667206388
2005-10-04,-18.7,946.25,,199.87011943440447
2005-10-05,-24.6125,959.1125,8.0,254.99999999999997
2005-10-06,-20.8625,955.525,1.0,207.96156875778212
2005-10-07,-23.2625,957.5,,191.05324821679764
2005-10-08,-22.02,942.8625,,192.38031373211984
2005-10-09,-23.728571428571428,954.375,,254.92084359145076
2005-10-10,-24.95,957.325,6.0,289.6782974598175
2005-10-11,-16.150000000000002,964.3625,,185.4530851552604
2005-10-12,-13.2375,968.9125,,209.95929039182508
2005-10-13,-13.35,959.4625,,241.33571862505465
2005-10-14,-12.5,954.9125,22.0,197.1340716614041
2005-10-15,-18.3,953.8375,15.0,200.42880963716237
2005-10-16,-20.099999999999998,964.5375,,185.6723511929215
2005-10-17,-20.3375,963.9625,1.5,142.33470562933095
2005-10-18,-20.8125,962.1625,10.0,284.9709326065269
2005-10-19,-19.525,963.3,3.0,249.0852670027031
2005-10-20,-17.214285714285715,965.2625,4.0,201.51883317555806
2005-10-21,-10.057142857142859,966.85,,187.8803694153165
2005-10-22,-11.471428571428572,964.7,,198.5832496410669
2005-10-23,-10.475,964.7625,5.0,184.3277628171537
2005-10-24,-11.1375,963.375,23.333333333333332,180.0
2005-10-25,-13.4,963.5875,18.0,168.7397847821148
2005-10-26,-9.5875,966.275,,207.7477461056426
2005-10-27,-11.5625,964.875,9.5,162.94804341314378
2005-10-28,-12.4,965.9875,8.0,230.0
2005-10-29,-10.5875,963.8,,235.31139960881444
2005-10-30,-9.6375,955.45,28.5,210.02850785332274
2005-10-31,-10.55,947.6,,138.94675178320236
2005-11-01,-10.9625,949.075,3.0,174.5036743779529
2005-11-02,-8.55,954.975,,179.3349765042967
2005-11-03,-7.5875,958.5625,11.0,171.62788529982174
2005-11-04,-10.2875,955.725,6.0,207.73685169467808
2005-11-05,-10.025,956.125,4.666666666666667,256.02118443866635
2005-11-06,-11.3125,949.925,13.5,237.62852130907686
2005-11-07,-10.700000000000001,955.2125,12.0,177.48562069330072
2005-11-08,-10.9125,960.625,9.0,203.34736539017194
2005-11-09,-12.525,950.15,3.25,263.9018743239386
2005-11-10,-9.3,949.6875,3.0,286.63583043768324
2005-11-11,-6.7,958.275,9.0,198.81768429379122
2005-11-12,-8.1,974.875,5.0,204.4202481006167
2005-11-13,-8.025,972.2,2.1666666666666665,346.538752387801
2005-11-14,-7.7375,971.7375,2.0,181.43228416954673
2005-11-15,-9.3125,979.8625,7.75,253.08248883403496
2005-11-16,-7.875,978.6625,4.666666666666667,328.60314109751835
2005-11-17,-9.85,976.625,4.25,169.93842216546938
2005-11-18,-8.1125,980.6375,20.0,155.15585146381218
2005-11-19,-8.0375,979.9375,7.5,167.62143768947573
2005-11-20,-10.137500000000001,978.425,14.2,172.48562069330075
2005-11-21,-10.0375,976.825,10.2,172.5047687215366
2005-11-22,-6.75,973.175,5.0,277.12201285566687
2005-11-23,-6.15,972.7,3.0,237.08256151299662
2005-11-24,-4.65,972.1,3.0,221.09344432282347
2005-11-25,-4.8,974.2875,5.0,195.925325196137
2005-11-26,-3.7375,982.625,,264.77116818703183
2005-11-27,-5.125,980.65,7.5,164.92267058862495
2005-11-28,-5.7375,971.6375,3.0,326.15691383526587
2005-11-29,-6.6875,966.95,5.5,168.768659435473
2005-11-30,-5.225,974.2,8.0,186.67822406160766
2005-12-01,-4.325,978.2875,13.5,174.82817188703547
2005-12-02,-3.15,979.65,18.0,170.0383687732975
2005-12-03,-2.575,985.55,,175.0
2005-12-04,-1.7,986.5125,16.0,180.87394172511486
2005-12-05,-0.5125,977.225,3.8,301.11827876909314
2005-12-06,-2.35,976.5125,13.0,170.1526549535961
2005-12-07,-0.375,980.1625,,263.55456865325937
2005-12-08,-1.1625,978.7625,,232.78869813668916
2005-12-09,-2.25,981.9625,7.333333333333333,322.4760838100683
2005-12-10,-1.9125,988.9625,5.5,161.68415445432865
2005-12-11,-3.7142857142857144,982.4125,5.0,311.56689174271986
2005-12-12,-2.5,976.775,4.333333333333333,288.10149657724844
2005-12-13,-3.5714285714285716,982.8125,3.142857142857143,48.34983776104445
2005-12-14,-4.857142857142857,980.65,3.5,295.51029472040307
2005-12-15,-3.857142857142857,982.1375,5.0,155.41020301234263
2005-12-16,-1.775,978.7875,3.0,227.72127585636105
2005-12-17,-3.1,982.9625,12.833333333333334,172.83390575258008
2005-12-18,-4.1375,986.7,7.333333333333333,188.38519363374616
2005-12-19,-1.1714285714285713,982.4875,3.0,143.0729063753209
2005-12-20,-0.225,982.25,21.0,184.05018849328815
2005-12-21,-1.7125,988.775,9.333333333333334,160.05222328717932
2005-12-22,-0.8250000000000001,987.2625,,168.1393957405743
2005-12-23,1.9749999999999999,985.0875,11.0,172.78869813668916
2005-12-24,0.17500000000000004,988.1125,10.0,317.4655625406315
2005-12-25,0.01249999999999999,984.375,4.0,255.4534104384163
2005-12-26,-0.6875,983.6625,13.0,170.0
2005-12-27,-0.1166666666666667,986.0,4.666666666666667,204.9159193300089
2005-12-28,-1.4142857142857144,985.6875,4.4,153.28063559393811
2005-12-29,-1.7125,984.475,4.333333333333333,10.290990731568881
2005-12-30,-2.3,982.475,3.375,44.563894950646855
2005-12-31,-1.9375,981.05,4.625,328.7494093125747
2006-01-01,-1.1428571428571428,975.0625,4.6,310.79734222604316
2006-01-02,-0.07142857142857142,971.9125,2.75,110.0
2006-01-03,-2.3875,975.35,11.0,163.96343408327826
2006-01-04,-2.375,976.75,7.5,185.1898419257629
2006-01-05,-4.242857142857143,976.6375,8.0,178.26123793132263
2006-01-06,-2.5,977.3125,2.142857142857143,336.4982624223105
2006-01-07,0.7999999999999999,973.55,2.75,167.0708034237078
2006-01-08,0.5571428571428572,972.8625,11.75,180.15503367197945
2006-01-09,-1.5166666666666666,970.8375,2.1666666666666665,120.9533955855079
2006-01-10,-2.4499999999999997,968.8625,4.4,158.60473497701742
2006-01-11,-3.4875,970.075,6.0,298.94675178320233
2006-01-12,-2.7375,972.1,6.333333333333333,305.20450168970183
2006-01-13,1.6,972.15,2.5,270.8954684398154
2006-01-14,-1.15,977.9375,16.5,176.26734451052707
2006-01-15,1.9833333333333334,977.3,7.0,181.3291816687475
2006-01-16,0.32499999999999996,977.8,6.0,271.31970454622126
2006-01-17,-1.05,972.3375,6.2,129.56530860572963
2006-01-18,-1.5125,973.1375,3.4,144.12605827488517
2006-01-19,-2.414285714285714,977.3,1.5,120.9201927525184
2006-01-20,-2.075,972.25,8.6,159.51925763642137
2006-01-21,-2.075,972.8,8.0,137.25617065912292
2006-01-22,-2.066666666666667,972.95,2.6,123.47700252496496
2006-01-23,-1.0875,970.3625,3.0,208.21820336309574
2006-01-24,-1.1,966.925,2.0,241.0532482167976
2006-01-25,-5.057142857142857,971.325,,156.34508548165414
2006-01-26,-3.9250000000000003,972.0875,4.4,143.0081735470421
2006-01-27,-3.0625,971.4,6.25,176.83590008740788
2006-01-28,-3.175,972.95,7.0,146.55888699621696
2006-01-29,-3.775,975.7125,18.5,165.0767330165697
2006-01-30,-3.525,975.3875,,302.63368995289835
2006-01-31,-3.9124999999999996,974.175,4.0,233.83968957148898
2006-02-01,-4.35,978.5375,6.333333333333333,181.73252686856705
2006-02-02,-5.6000000000000005,978.95,4.666666666666667,297.01289698479263
2006-02-03,-5.55,978.7625,2.7142857142857144,326.43476785895615
2006-02-04,-2.9333333333333336,978.0125,2.5,316.91751116596504
2006-02-05,-5.1000000000000005,978.875,2.5,152.7630751411359
2006-02-06,-9.375,977.1125,3.0,158.8480877503375
2006-02-07,-10.4125,973.0875,,193.4521081337654
2006-02-08,-9.2375,971.5375,,192.63206818561216
2006-02-09,-8.8,970.1,2.0,262.7679276609809
2006-02-10,-8.9875,962.975,,208.5935655770988
2006-02-11,-8.6625,958.8875,5.0,243.5182099963077
2006-02-12,-8.642857142857142,962.675,11.666666666666666,214.20789869879056
2006-02-13,-7.9875,963.925,,275.2064402522126
2006-02-14,-6.775,963.1374999999999,10.0,293.10520480365386
2006-02-15,-6.925,969.1875,3.5,195.38551319591974
2006-02-16,-8.5875,974.175,13.0,175.0
2006-02-17,-8.071428571428571,970.125,18.0,175.0
2006-02-18,-5.6375,963.7,2.5,233.75192886944794
2006-02-19,-5.516666666666667,964.225,1.5,168.66113856293288
2006-02-20,-5.55,972.2375,6.0,206.70495327058325
2006-02-21,-5.442857142857143,972.35,2.4,258.4199993626569
2006-02-22,-6.714285714285714,975.0625,2.75,261.1823157062088
2006-02-23,-7.8125,977.475,12.75,184.01859251013312
2006-02-24,-8.3125,972.775,25.571428571428573,176.67043694469768
2006-02-25,-9.7,967.8874999999999,16.0,157.69687479001826
2006-02-26,-9.75,973.725,34.5,165.97793277528316
2006-02-27,-10.9,982.7875,22.0,173.29504672941678
2006-02-28,-14.485714285714286,979.075,30.0,183.81768429379122
2006-03-01,-17.05,984.975,17.0,192.08866308098692
2006-03-02,-13.2375,981.9375,30.0,236.24817078386593
2006-03-03,-12.975,977.5125,46.0,212.31816956060456
2006-03-04,-10.166666666666666,976.7375,3.0,278.35359264601055
2006-03-05,-10.0375,971.35,6.5,239.64381636563618
2006-03-06,-10.842857142857143,969.3875,3.6666666666666665,242.10148912006252
2006-03-07,-16.6625,971.0625,25.6,171.99511928850873
2006-03-08,-16.6875,977.4375,19.5,176.23865635326248
2006-03-09,-14.0125,985.3874999999999,15.5,225.48885740337312
2006-03-10,-14.0625,981.2125,,231.65708341903667
2006-03-11,-11.7875,973.2125,,209.3076853784622
2006-03-12,-10.65,974.175,,196.26533634119994
2006-03-13,-13.212499999999999,974.9,16.5,180.49947513112596
2006-03-14,-12.5,973.4375,,203.39572110000802
2006-03-15,-13.925,975.5875,17.0,197.03215531505415
2006-03-16,-14.7125,976.65,14.5,222.94089691643674
2006-03-17,-17.6375,969.7375,17.75,177.49523127846342
2006-03-18,-18.6125,968.9875,15.714285714285714,179.9616312267025
2006-03-19,-20.1125,967.3125,12.333333333333334,207.74210503588375
2006-03-20,-18.3875,964.875,4.0,194.9778617665732
2006-03-21,-16.9875,967.075,15.0,181.25059068742527
2006-03-22,-15.2125,964.875,9.0,178.69656740222186
2006-03-23,-18.7875,965.025,12.5,167.0465298357414
2006-03-24,-17.6125,970.1375,10.333333333333334,194.3127699671854
2006-03-25,-15.7875,969.6875,,261.469069180114
2006-03-26,-16.462500000000002,966.9125,3.0,243.43039662647936
2006-03-27,-14.971428571428573,964.8875,14.0,218.47778220166936
2006-03-28,-17.7625,969.7,,221.17106577870058
2006-03-29,-17.5875,971.175,4.333333333333333,296.12103368929417
2006-03-30,-16.4375,966.0125,4.75,336.13432660453424
2006-03-31,-20.15,964.825,19.0,176.22421987598705
2006-04-01,-16.4,963.2875,,263.46943953360943
2006-04-02,-16.1,960.8375,,212.95945471343012
2006-04-03,-17.925,967.0,17.0,198.5832496410669
2006-04-04,-22.5625,981.55,17.0,211.6679316110516
2006-04-05,-22.5375,983.8625,4.833333333333333,311.22186457651725
2006-04-06,-21.825,975.0375,5.666666666666667,233.55456865325934
2006-04-07,-25.683333333333334,971.475,,184.930596982814
2006-04-08,-27.5375,975.3875,,228.4694395336094
2006-04-09,-22.6625,981.5625,,240.79175644012673
2006-04-10,-18.475,975.45,35.0,239.88248913028352
2006-04-11,-19.2625,965.45,,269.53463574640745
2006-04-12,-22.042857142857144,973.625,21.0,178.93552753302066
2006-04-13,-22.25,991.35,20.5,235.970580824993
2006-04-14,-23.1,981.9,9.666666666666666,315.0
2006-04-15,-24.1375,971.7875,5.5,174.05959560912044
2006-04-16,-23.775,973.45,7.8,192.29759146719582
2006-04-17,-26.4375,978.225,6.0,166.68751867881826
2006-04-18,-28.0,973.3000000000001,2.0,295.963676579793
2006-04-19,-29.675,974.25,7.0,174.09665739848518
2006-04-20,-29.8875,975.625,1.3333333333333333,163.05598644912806
2006-04-21,-31.175,980.4625,2.5,271.44543134674063
2006-04-22,-30.2375,976.6125,3.2857142857142856,320.93097610294893
2006-04-23,-26.599999999999998,974.15,5.0,226.0203342022039
2006-04-24,-24.400000000000002,969.3875,,274.2305711130112
2006-04-25,-19.82,974.675,4.5,271.394454905216
2006-04-26,-14.025,980.95,6.0,257.29497665778405
2006-04-27,-13.9,972.1875,2.0,228.52297174420292
2006-04-28,-20.0125,975.3,17.333333333333332,203.90936353075105
2006-04-29,-22.225,973.175,,265.7855111585916
2006-04-30,-20.975,962.0375,,259.4403009457014
2006-05-01,-17.15,959.225,,204.5024454100339
2006-05-02,-13.875,965.0625,,233.41568084466923
2006-05-03,-10.7625,970.2875,,243.63392814914818
2006-05-04,-16.533333333333335,969.5125,,176.54258100395575
2006-05-05,-24.6625,965.5125,3.0,194.9050314794571
2006-05-06,-26.3625,969.3875,,203.80682767253685
2006-05-07,-26.575,974.1375,5.0,173.59084153518302
2006-05-08,-29.25,969.2375,2.0,216.45558178644717
2006-05-09,-29.8625,967.5,3.4,296.554360475173
2006-05-10,-31.075,971.2875,,184.83678694724122
2006-05-11,-32.3625,969.6,2.0,210.0
2006-05-12,-35.1,963.0374999999999,4.0,173.04221575407297
2006-05-13,-32.925,975.35,9.0,180.0399094475468
2006-05-14,-32.6125,980.7875,4.333333333333333,205.0
2006-05-15,-29.1875,970.6375,,165.02577648437048
2006-05-16,-32.41428571428572,956.8125,7.0,173.41576673489033
2006-05-17,-33.475,952.4625,,190.51029472040304
2006-05-18,-29.75,958.175,1.0,310.9635570408405
2006-05-19,-26.857142857142858,957.3625,4.0,179.84353109364244
2006-05-20,-28.8875,961.4375,4.5,241.03440137994602
2006-05-21,-30.575,964.2625,26.0,193.13778127840578
2006-05-22,-31.7375,953.3,10.5,263.13664784445416
2006-05-23,-26.78333333333333,943.7125,8.0,283.88851572865065
2006-05-24,-21.1375,951.175,15.0,196.3109060108663
2006-05-25,-16.225,956.0125,,235.3735526476272
2006-05-26,-18.95,958.0,23.0,228.57557350881515
2006-05-27,-23.6375,970.5125,,229.38037553789022
2006-05-28,-27.05,968.375,3.0,235.73972262240895
2006-05-29,-28.55,968.15,,214.20789869879056
2006-05-30,-19.759999999999998,959.8125,,244.04756741542917
2006-05-31,-16.025,963.4375,19.0,167.47669505322423
2006-06-01,-16.1125,973.0375,30.0,164.02592988325222
2006-06-02,-15.35,974.8125,17.0,219.99999999999997
2006-06-03,-9.9375,963.6375,,181.10756216228364
2006-06-04,-12.157142857142857,956.875,,207.50476872153658
2006-06-05,-10.914285714285715,954.4,,213.07336691150812
2006-06-06,-12.8125,962.9125,,277.54953317624927
2006-06-07,-18.383333333333333,966.85,21.0,196.14070472674342
2006-06-08,-21.5625,971.0749999999999,4.75,179.35659491963503
2006-06-09,-24.1,974.9375,4.333333333333333,173.27911233901156
2006-06-10,-25.975,976.7624999999999,14.0,192.3895993734118
2006-06-11,-18.575,960.1375,20.0,170.0
2006-06-12,-9.8625,966.3875,,167.48562069330075
2006-06-13,-14.0625,982.625,31.333333333333332,129.74680055899216
2006-06-14,-15.1,993.5625,29.333333333333332,168.32956305530232
2006-06-15,-11.55,990.5,23.5,171.2505906874253
2006-06-16,-14.616666666666667,980.7375,,211.6997865895025
2006-06-17,-22.525,977.725,,193.05183025664647
2006-06-18,-23.4875,974.3625,1.75,284.9111286166147
2006-06-19,-23.5375,975.925,2.6666666666666665,231.12837519733787
2006-06-20,-26.2625,975.8875,3.6666666666666665,276.7141555074926
2006-06-21,-29.7375,968.825,7.0,216.3594919094124
2006-06-22,-31.45,964.1125,2.0,254.83090181133622
2006-06-23,-29.1875,959.9375,20.5,251.26478169284718
2006-06-24,-22.8125,963.8875,4.5,219.8265712308728
2006-06-25,-21.2625,957.3625,35.0,243.39970376297867
2006-06-26,-28.0375,952.0125,28.0,233.17894242432698
2006-06-27,-24.4625,958.5125,12.0,206.5312306648876
2006-06-28,-30.45,958.5,17.0,177.51437930669928
2006-06-29,-31.2625,955.2375,5.666666666666667,315.41133067832385
2006-06-30,-25.35,956.825,,251.98218924441156
2006-07-01,-27.7,959.1625,18.0,166.67043694469768
2006-07-02,-29.962500000000002,963.8375,3.0,174.2743644688563
2006-07-03,-30.9375,965.4625,4.0,212.82333059745693
2006-07-04,-31.225,969.775,1.0,247.13983188556404
2006-07-05,-33.8375,971.175,,199.86680800678425
2006-07-06,-30.733333333333334,967.1625,6.0,291.40196887202364
2006-07-07,-22.87142857142857,964.275,3.0,172.97161400759356
2006-07-08,-25.225,971.175,4.0,185.36543763104498
2006-07-09,-25.475,968.95,23.0,173.7374294132844
2006-07-10,-23.675,962.35,,260.6188751968158
2006-07-11,-27.766666666666666,965.125,,193.2827547269492
2006-07-12,-24.65,964.65,2.0,258.7633809643513
2006-07-13,-22.8,964.675,,216.86104225999253
2006-07-14,-25.6125,968.825,,233.4021214785712
2006-07-15,-24.675,953.05,,240.6584145058868
2006-07-16,-18.183333333333334,946.0375,,222.9961316495179
2006-07-17,-28.314285714285713,954.3625,,231.8399023684484
2006-07-18,-27.9625,964.3125,,181.13872641858237
2006-07-19,-29.316666666666666,967.075,20.0,211.04650585528108
2006-07-20,-29.6625,969.8875,,300.0
2006-07-21,-29.52857142857143,966.0625,3.142857142857143,300.9851830254202
2006-07-22,-28.860000000000003,962.3375,7.0,194.8299510457212
2006-07-23,-27.4,946.6,,279.9305115121835
2006-07-24,-27.614285714285717,934.0625,4.0,256.5867706499847
2006-07-25,-25.375,977.6375,17.0,175.1007836302342
2006-07-26,-30.914285714285715,983.3125,18.0,208.67300356165094
2006-07-27,-33.225,976.975,,177.31922778921515
2006-07-28,-31.475,978.9625,2.0,70.31162646183735
2006-07-29,-33.142857142857146,968.925,3.0,198.12405164050546
2006-07-30,-24.733333333333334,963.1625,,257.4535699825611
2006-07-31,-17.7,964.8625,22.0,202.5951384847859
2006-08-01,-12.8875,968.725,18.75,181.22658427188307
2006-08-02,-11.4125,959.9125,,214.26992276069734
2006-08-03,-14.466666666666667,963.425,,226.63212383636738
2006-08-04,-13.966666666666667,968.5625,,180.69753066521594
2006-08-05,-15.15,974.675,,206.03342910599326
2006-08-06,-19.666666666666668,981.7875,,221.15260538646828
2006-08-07,-17.7375,979.7375,20.0,195.03646443123705
2006-08-08,-21.35,983.5875,5.4,229.58682402975475
2006-08-09,-22.525,989.325,3.0,231.70495327058322
2006-08-10,-20.7,987.0,3.4,285.198595169387
2006-08-11,-14.971428571428572,986.8875,3.0,198.5931369874259
2006-08-12,-14.225,990.325,4.0,221.41890721032465
2006-08-13,-13.2625,987.8,,237.82689512310247
2006-08-14,-17.833333333333332,986.825,17.0,222.88248720718136
2006-08-15,-13.0375,981.425,,221.2089487175861
2006-08-16,-16.2375,976.8,22.75,170.03822137539672
2006-08-17,-20.2125,987.2875,,175.0191112475166
2006-08-18,-18.175,990.575,,200.22438675730362
2006-08-19,-17.175,991.8625,,178.48686391722595
2006-08-20,-18.7375,990.25,5.0,290.0
2006-08-21,-22.125,979.5625,15.0,199.6834933330353
2006-08-22,-23.025,973.0749999999999,8.75,264.5839403346908
2006-08-23,-22.0875,969.2875,,245.32170254018246
2006-08-24,-22.0,975.1,24.5,180.0
2006-08-25,-14.325,973.775,17.0,196.5149561576153
2006-08-26,-15.049999999999999,964.9625,19.0,203.26437112468915
2006-08-27,-23.0375,962.9375,,84.99999999999999
2006-08-28,-23.4375,971.5,11.0,184.9807419079239
2006-08-29,-19.475,975.0,16.0,177.49523127846342
2006-08-30,-21.975,970.2625,2.75,260.15585146381216
2006-08-31,-25.05,965.8000000000001,10.5,185.30648723082302
2006-09-01,-28.224999999999998,964.35,9.5,179.15606915594964
2006-09-02,-29.8875,956.2125,11.0,214.5578109853019
2006-09-03,-25.9875,953.925,4.0,294.58101397419387
2006-09-04,-23.725,952.575,28.0,232.38398081338573
2006-09-05,-23.25,956.55,4.25,236.77728432662968
2006-09-06,-24.914285714285715,957.0375,5.0,158.98704608387726
2006-09-07,-27.15,953.2375,12.4,180.98929470242877
2006-09-08,-24.166666666666668,954.9375,,202.45852138741623
2006-09-09,-17.575,965.2125,,208.02553165391882
2006-09-10,-17.725,964.075,13.0,206.64314314180228
2006-09-11,-25.633333333333336,963.0125,11.0,190.86639440784143
2006-09-12,-24.071428571428573,962.625,,243.6869049885813
2006-09-13,-26.325,964.4375,3.0,243.73789306893792
2006-09-14,-25.425,969.4125,6.5,236.03257346118693
2006-09-15,-26.4375,977.5875,,183.5704592155545
2006-09-16,-22.7125,973.725,29.666666666666668,175.0
2006-09-17,-18.2875,968.9125,23.0,193.41836536777572
2006-09-18,-10.42,966.8625,19.5,173.73265548947293
2006-09-19,-10.8125,972.4125,20.0,190.0
2006-09-20,-8.4375,976.775,13.0,167.51437930669928
2006-09-21,-11.137500000000001,991.4625,19.333333333333332,174.1835083973335
2006-09-22,-13.025,991.775,18.0,175.716067169662
2006-09-23,-20.0125,993.3375,18.0,177.49523127846342
2006-09-24,-21.0625,991.575,11.0,176.6019358637103
2006-09-25,-23.125,990.075,4.0,166.4562727424559
2006-09-26,-25.7375,989.6125,,172.51437930669928
2006-09-27,-24.325,978.7875,,196.40009678399852
2006-09-28,-19.2,968.125,,295.0383687732975
2006-09-29,-16.275,969.25,,235.54437838433932
2006-09-30,-17.6125,969.325,,166.440331814823
2006-10-01,-23.575,967.6375,2.0,201.56251986084968
2006-10-02,-23.05,970.2125,9.5,215.26072107273643
2006-10-03,-14.4,969.8,,213.61794148411133
2006-10-04,-11.35,979.0,,177.05105425491746
2006-10-05,-11.8875,976.625,17.0,178.69656740222186
2006-10-06,-13.85,977.0875,,170.27218218242194
2006-10-07,-15.4375,977.075,2.5,295.6371082078852
2006-10-08,-20.525,973.425,17.0,182.51437930669928
2006-10-09,-20.4,961.3249999999999,17.0,177.45664153834517
2006-10-10,-21.425,958.3375,26.0,170.0
2006-10-11,-21.5375,959.25,3.0,188.32257684249896
2006-10-12,-22.0625,954.6125,3.2,289.81877456931244
2006-10-13,-20.9,954.0,5.0,293.08177458457794
2006-10-14,-19.5875,959.8,5.0,170.74348792020777
2006-10-15,-19.7625,963.3625,15.666666666666666,172.51437930669928
2006-10-16,-21.475,968.4,13.0,175.0
2006-10-17,-22.6625,961.4125,,177.51437930669928
2006-10-18,-21.225,956.4625,8.0,194.94192521246936
2006-10-19,-21.55,961.225,1.75,185.90802828368675
2006-10-20,-21.75,960.55,3.0,173.751829216134
2006-10-21,-19.05,957.4250000000001,23.0,173.32956305530232
2006-10-22,-14.8125,954.5875,29.0,181.97036605084048
2006-10-23,-13.4875,957.9125,15.0,191.53503771369287
2006-10-24,-14.862499999999999,957.525,4.5,249.53353668156274
2006-10-25,-15.55,955.7375,5.0,214.44146394258783
2006-10-26,-17.5125,960.2875,4.5,209.8693240593917
2006-10-27,-19.3,956.375,8.0,186.22683435333718
2006-10-28,-19.1625,954.6,7.75,183.92085878807956
2006-10-29,-18.1625,962.775,5.5,307.61040062658816
2006-10-30,-12.175,964.675,4.666666666666667,214.15192788812084
2006-10-31,-14.057142857142859,959.1875,7.0,190.20506746865112
2006-11-01,-16.8,967.75,5.166666666666667,191.18574991613775
2006-11-02,-16.7625,968.5125,5.666666666666667,310.0
2006-11-03,-15.575,970.6125,9.666666666666666,180.0399094475468
2006-11-04,-13.325,973.5,11.0,191.05324821679764
2006-11-05,-11.8,969.1375,8.5,244.9410187745113
2006-11-06,-9.5125,970.0625,,242.60585374007144
2006-11-07,-10.8,968.1875,12.0,172.57979772287433
2006-11-08,-10.257142857142856,969.8625,7.2,232.10606600051136
2006-11-09,-11.6875,972.9625,7.2,155.0405707333284
2006-11-10,-12.275,974.0625,18.0,172.5047687215366
2006-11-11,-13.125,974.175,19.0,183.54853748272842
2006-11-12,-12.9375,970.6625,7.5,163.20920687706104
2006-11-13,-12.385714285714286,967.6375,10.333333333333334,211.03395039371236
2006-11-14,-11.4125,959.775,4.0,279.64304642522154
2006-11-15,-8.1625,955.1875,8.5,301.8680123274257
2006-11-16,-6.237500000000001,959.6375,9.5,178.43748013915032
2006-11-17,-6.575,959.25,,249.37741505697994
2006-11-18,-5.6125,957.2625,,202.1285330258525
2006-11-19,-6.125,954.2125,10.0,185.1598109099521
2006-11-20,-8.25,957.8,23.0,171.67043694469768
2006-11-21,-4.7375,960.3625,21.666666666666668,176.67043694469768
2006-11-22,-3.8625,961.875,19.0,171.86497536719315
2006-11-23,-3.35,968.0,6.0,167.80382809960435
2006-11-24,-2.9875,970.0125,8.0,173.06824636739597
2006-11-25,-2.4625,972.125,13.0,183.65491451834586
2006-11-26,-2.5875,970.35,7.25,241.60077519333518
2006-11-27,-3.9,966.8,2.0,286.8289521907378
2006-11-28,-5.675,965.4375,3.75,301.84106670357954
2006-11-29,-4.575,970.425,2.2857142857142856,3.599047329269419
2006-11-30,-4.6875,969.6375,2.75,202.18625241102313
2006-12-01,-2.8000000000000003,969.6375,3.8,205.38551319591974
2006-12-02,-2.275,969.8,4.5,148.40235215921496
2006-12-03,-4.275,972.25,15.333333333333334,167.9926550205025
2006-12-04,-2.0375,976.4,5.0,186.1291177623398
2006-12-05,-2.183333333333333,974.5125,1.75,293.81164010731135
2006-12-06,1.2142857142857142,970.525,1.5,246.21856664494976
2006-12-07,1.9,968.2875,4.0,176.94279533785607
2006-12-08,-1.5,968.3875,10.0,159.9616312267025
2006-12-09,-2.5125,972.2375000000001,4.0,155.5390414870117
2006-12-10,-4.4125,972.0375,6.25,327.6601323115475
2006-12-11,-3.9857142857142853,969.5875,7.4,295.4034598371169
2006-12-12,-3.7875,971.425,6.428571428571429,153.7046827708794
2006-12-13,-6.4875,971.3875,9.333333333333334,154.2965283525996
2006-12-14,-6.5625,970.325,8.333333333333334,142.27028308879952
2006-12-15,-5.8,968.8625,1.75,345.02959174664255
2006-12-16,-3.857142857142857,972.45,6.2,161.83581397085746
2006-12-17,-3.5125,971.6875,4.0,283.00059246501723
2006-12-18,-3.5285714285714285,968.4,2.857142857142857,309.6782974598175
2006-12-19,-5.9875,973.175,8.333333333333334,170.0
2006-12-20,-3.8714285714285714,973.5,3.3333333333333335,330.0
2006-12-21,-4.05,970.375,2.25,171.21040960730772
2006-12-22,-3.8000000000000003,968.525,2.3333333333333335,139.01481697457982
2006-12-23,-6.8,969.9875,15.5,208.94324656618755
2006-12-24,-5.3999999999999995,968.9375,5.5,330.4361050493531
2006-12-25,-8.45,970.9,13.75,180.0
2006-12-26,-7.8125,971.375,10.833333333333334,170.11568442019436
2006-12-27,-7.2,973.9375,5.333333333333333,182.17424828385697
2006-12-28,-6.6000000000000005,975.6875,2.3333333333333335,340.82114362267265
2006-12-29,-4.9125,969.975,5.333333333333333,288.9370949130485
2006-12-30,-1.657142857142857,961.8125,,209.63146128561422
2006-12-31,-0.32499999999999996,957.75,,225.0
2007-01-01,-1.625,968.8875,17.0,179.555325462988
2007-01-02,1.4375,964.925,15.0,201.30740144036238
2007-01-03,1.925,961.9625,8.0,180.0
2007-01-04,0.42500000000000004,965.575,10.0,163.76332467436967
2007-01-05,-0.2,970.1625,9.333333333333334,175.7084254077651
2007-01-06,-1.425,972.525,16.25,199.37370042473862
2007-01-07,-1.1875,967.0142857142857,5.571428571428571,162.9291965762922
2007-01-08,-1.3125,968.25,8.25,156.04336496867413
2007-01-09,-0.05714285714285716,972.975,3.75,320.27692390564187
2007-01-10,2.5,972.4,5.666666666666667,311.6447467276537
2007-01-11,3.3833333333333333,976.2875,2.5,139.49863567290066
2007-01-12,2.0625,978.8,5.0,148.7352183071528
2007-01-13,0.1875,972.7,8.0,254.26914644409862
2007-01-14,-1.4625,968.0,,201.27490815561032
2007-01-15,-1.6,974.875,8.25,195.522901657652
2007-01-16,-1.3375,978.2875,7.75,171.98716473586285
2007-01-17,-0.4875,982.8375,,193.1224382137308
2007-01-18,1.4142857142857144,983.7375,18.5,185.1875136212806
2007-01-19,1.3875,981.5749999999999,15.5,170.88823929856042
2007-01-20,1.1125,973.0375,19.75,182.50476872153658
2007-01-21,0.9375,970.075,5.0,168.53393005016872
2007-01-22,-0.4125,971.5875,3.2,109.8273390721059
2007-01-23,-0.2833333333333334,971.775,4.125,309.49597075491874
2007-01-24,0.1142857142857143,966.1375,3.857142857142857,200.88380964791054
2007-01-25,-2.0875,972.2125,9.0,157.52421386212416
2007-01-26,-0.7333333333333334,979.25,3.0,311.74910088352533
2007-01-27,-0.5833333333333334,978.175,2.142857142857143,98.18719301419132
2007-01-28,-1.2857142857142858,981.475,2.142857142857143,13.97842104680921
2007-01-29,-0.7714285714285715,987.525,2.8,313.1049011559089
2007-01-30,-1.7666666666666666,983.6375,3.0,314.3698194250069
2007-01-31,-3.4625,977.9125,7.0,314.98029222474094
2007-02-01,-3.5375,973.375,6.0,218.5167564900794
2007-02-02,-5.975,975.475,8.5,166.2773064648556
2007-02-03,-5.7625,972.65,17.0,193.4521081337654
2007-02-04,-6.125,969.525,10.5,182.54467261704104
2007-02-05,-4.0625,968.625,2.75,169.14451493695088
2007-02-06,-5.7125,972.3375,14.5,175.0
2007-02-07,-5.1125,975.5875,,181.67043694469768
2007-02-08,-4.0875,973.95,10.0,264.67413630343424
2007-02-09,-7.2,973.875,27.0,172.49523127846342
2007-02-10,-9.1,973.25,12.0,195.9859743852734
2007-02-11,-8.275,965.5,9.0,196.20474828777242
2007-02-12,-8.2125,966.6375,15.0,182.57301294192837
2007-02-13,-5.525,973.175,4.0,265.80386870700295
2007-02-14,-3.4,973.9125,3.0,245.45480976992934
2007-02-15,-4.4625,966.9625,17.5,186.87573187720827
2007-02-16,-4.4625,966.0125,9.0,199.86884755942964
2007-02-17,-5.1875,968.675,9.666666666666666,192.45664153834517
2007-02-18,-5.7,972.1625,5.6,243.40374450446936
2007-02-19,-7.3125,975.775,15.666666666666666,170.0
2007-02-20,-9.3125,974.6625,15.166666666666666,186.5679510833703
2007-02-21,-10.5875,965.2625,16.25,178.19127020755124
2007-02-22,-12.7875,967.15,18.333333333333332,181.43034733322025
2007-02-23,-13.4,968.2625,19.6,177.50476872153658
2007-02-24,-14.2625,962.8875,16.333333333333332,170.0
2007-02-25,-13.925,961.325,32.6,172.49523127846342
2007-02-26,-13.85,966.1125,25.0,179.96118673321118
2007-02-27,-14.7125,966.6375,17.75,211.58874315990968
2007-02-28,-11.0625,963.4124999999999,5.0,210.17995499609822
2007-03-01,-12.75,972.75,20.0,170.0
2007-03-02,-13.6875,975.05,,196.26210693106208
2007-03-03,-12.9375,973.9875,,245.9033426015148
2007-03-04,-7.6875,979.7375,22.0,246.2723059910644
2007-03-05,-7.05,972.5375,5.0,278.3351270111691
2007-03-06,-10.4,963.9875,10.0,245.0
2007-03-07,-15.125,974.95,14.5,171.22186457651728
2007-03-08,-16.3375,980.9375,14.0,173.32956305530232
2007-03-09,-16.85,977.375,11.0,193.22271567337032
2007-03-10,-13.975,975.825,,271.39862400779754
2007-03-11,-14.737499999999999,980.0,,206.23736267086483
2007-03-12,-17.4375,979.475,10.0,165.27692390564184
2007-03-13,-15.125,980.0749999999999,,280.59993386289034
2007-03-14,-15.5,988.95,9.0,167.4372045147787
2007-03-15,-16.975,995.75,,180.0
2007-03-16,-15.0375,991.1875,10.333333333333334,308.73016060634586
2007-03-17,-12.5875,987.4,4.333333333333333,193.40825226370617
2007-03-18,-15.3375,984.9625,8.0,204.32434809439374
2007-03-19,-13.4,974.7125,,251.8414672653132
2007-03-20,-8.0875,966.75,,224.5198803117165
2007-03-21,-12.7375,965.825,22.5,240.67092829916984
2007-03-22,-10.3,970.8125,3.0,147.64384005380057
2007-03-23,-11.7875,974.1625,1.5,310.73234616093094
2007-03-24,-15.2125,969.5,,167.42698705807163
2007-03-25,-16.1,978.15,16.0,212.4399327724888
2007-03-26,-21.1875,974.6625,27.5,236.2529830137688
2007-03-27,-21.1,969.5,23.0,252.39967848036648
2007-03-28,-20.8375,962.9125,,285.60244630636316
2007-03-29,-21.4625,969.6875,,173.80454050869875
2007-03-30,-19.475,978.25,,239.62938791864468
2007-03-31,-18.95,981.875,16.0,182.3248113031672
2007-04-01,-19.4375,985.075,10.5,232.35765982780975
2007-04-02,-19.400000000000002,985.0875,8.0,213.35359264601055
2007-04-03,-22.275,983.5875,4.0,186.5542544157916
2007-04-04,-22.35,980.6,6.666666666666667,181.4681197533536
2007-04-05,-22.4,979.3125,,225.02514501590608
2007-04-06,-18.45,969.25,5.0,255.23704201666087
2007-04-07,-16.2375,964.325,,210.0
2007-04-08,-18.65,972.8857142857142,10.5,223.94091585305492
2007-04-09,-17.8125,971.8125,3.6666666666666665,301.16521697266046
2007-04-10,-17.1375,973.425,4.0,170.0383687732975
2007-04-11,-15.7625,971.4625,4.666666666666667,259.59749308423176
2007-04-12,-15.350000000000001,980.4875,1.8333333333333333,236.89479519634614
2007-04-13,-19.9875,984.45,2.875,255.82406684314157
2007-04-14,-24.766666666666666,978.8125,7.0,155.10283536215218
2007-04-15,-27.4125,979.775,3.0,178.90138786810564
2007-04-16,-28.5125,973.3375,3.6,179.56141893714243
2007-04-17,-29.15,960.4125,3.0,272.0542082322715
2007-04-18,-25.975,950.1,3.5,269.946015619791
2007-04-19,-26.2125,959.2125,18.5,191.38642642174955
2007-04-20,-22.2625,966.85,28.0,257.78614444814053
2007-04-21,-19.3625,953.7,,233.74701698623113
2007-04-22,-12.5,949.675,,211.39256008468996
2007-04-23,-15.25,951.65,,227.86248730065114
2007-04-24,-15.742857142857142,960.7625,,194.92267058862492
2007-04-25,-13.8,971.3125,23.0,171.24996619228165
2007-04-26,-11.799999999999999,981.075,,206.68129141798804
2007-04-27,-18.6,984.7625,19.0,187.44673215304456
2007-04-28,-21.75,981.975,7.25,185.57710199436184
2007-04-29,-21.7375,970.475,3.75,205.48528751115975
2007-04-30,-16.275,979.3375,,271.79831923805114
2007-05-01,-13.4125,981.2375,,230.04062471451212
2007-05-02,-16.6875,974.0125,,251.1268974405849
2007-05-03,-13.1,971.5125,,283.1600976315516
2007-05-04,-11.428571428571429,975.3571428571429,4.0,256.9975252490326
2007-05-05,-11.1625,977.1875,11.333333333333334,195.0
2007-05-06,-12.083333333333334,972.3625,11.0,190.7471282376327
2007-05-07,-12.533333333333333,976.525,,228.67591965172286
2007-05-08,-13.85,971.875,,219.69244422819287
2007-05-09,-13.0875,973.375,7.666666666666667,224.36142423912938
2007-05-10,-15.0375,967.35,3.0,211.32408034827714
2007-05-11,-9.9,965.0875,,186.9830533459686
2007-05-12,-15.7375,969.7125,,188.62807963750564
2007-05-13,-20.0625,973.725,16.0,201.02654957318973
2007-05-14,-22.175,975.3249999999999,3.0,218.751829216134
2007-05-15,-25.5,976.1125,9.4,174.30266140541534
2007-05-16,-25.125,981.5375,11.5,259.275963890168
2007-05-17,-27.275,974.75,8.666666666666666,232.7734041877173
2007-05-18,-28.0875,980.7125,5.75,182.93051151355073
2007-05-19,-27.95,977.3875,3.8333333333333335,306.0365659167217
2007-05-20,-25.65,969.725,3.125,293.3980641362897
2007-05-21,-18.375,967.7875,16.0,185.05762515785315
2007-05-22,-16.175,974.4375,,252.12201285566687
2007-05-23,-12.5625,975.125,43.0,234.99999999999994
2007-05-24,-12.75,972.2875,52.0,233.27911233901153
2007-05-25,-20.9,977.0375,,129.2051752928518
2007-05-26,-22.2,976.2,,216.4858296581239
2007-05-27,-13.385714285714286,971.3875,9.5,285.8051949004024
2007-05-28,-18.433333333333334,971.2125,19.0,191.8757318772083
2007-05-29,-12.200000000000001,971.5625,,300.2191745498338
2007-05-30,-11.775,972.775,2.0,189.54691484473958
2007-05-31,-13.328571428571427,972.5,,202.62400478921404
2007-06-01,-13.3625,969.9,,176.67043694469768
2007-06-02,-14.475,968.2875,4.0,216.26884822123014
2007-06-03,-17.8625,966.9,8.666666666666666,172.31699430603643
2007-06-04,-17.650000000000002,965.425,3.3333333333333335,284.39597526237185
2007-06-05,-15.9,963.825,,247.50486013067876
2007-06-06,-13.042857142857143,962.8875,,198.65243112516384
2007-06-07,-9.5875,971.325,21.333333333333332,175.0
2007-06-08,-12.825,972.1125,22.0,187.88272482716494
2007-06-09,-15.3625,969.1625,24.0,235.0
2007-06-10,-15.15,980.9125,,224.0852670027031
2007-06-11,-14.3625,965.3375,15.5,204.13470326521406
2007-06-12,-17.1625,961.5,,274.06159389145165
2007-06-13,-15.1625,969.225,4.0,203.3946560440127
2007-06-14,-17.485714285714288,973.3125,,189.31301436798265
2007-06-15,-18.7,974.675,3.0,277.89282333358705
2007-06-16,-19.9375,978.75,2.0,265.6301805749931
2007-06-17,-17.114285714285714,982.8,,212.75509938700165
2007-06-18,-15.475,983.0,17.0,187.4952312784634
2007-06-19,-18.400000000000002,983.1375,17.5,188.59974846692936
2007-06-20,-16.7625,974.425,,189.41078929543917
2007-06-21,-16.175,949.9375,,227.9670602016453
2007-06-22,-13.9375,963.0625,,186.39795759493597
2007-06-23,-21.457142857142856,989.7875,20.0,180.0
2007-06-24,-24.175,985.2875,29.0,213.29504672941675
2007-06-25,-24.75,978.4375,,301.80735591443556
2007-06-26,-25.7625,977.1375,5.0,262.7945771579267
2007-06-27,-26.7625,971.7125,4.0,202.88318396009836
2007-06-28,-29.4125,974.7,15.0,176.68751867881826
2007-06-29,-30.525,982.8625,3.5,286.94858054861703
2007-06-30,-27.4875,984.5,11.0,219.36522827018493
2007-07-01,-22.3875,968.6125,,259.60136572558713
2007-07-02,-22.442857142857143,970.175,5.0,195.87394172511483
2007-07-03,-16.9,978.0875,31.0,215.41004668443193
2007-07-04,-19.425,970.45,20.0,219.72605168721734
2007-07-05,-17.1625,968.45,,245.85661080559382
2007-07-06,-19.55,976.0625,,247.96176058154538
2007-07-07,-23.3125,967.075,18.0,228.8140533739907
2007-07-08,-23.2125,977.4,3.0,308.51917693461803
2007-07-09,-25.175,961.4125,,221.53056046639057
2007-07-10,-24.3625,973.925,4.5,182.10666933339976
2007-07-11,-26.275,987.1375,2.0,168.92241071121512
2007-07-12,-30.0,987.175,14.75,178.33803899064077
2007-07-13,-29.2625,988.8,,220.74591094646556
2007-07-14,-20.962500000000002,975.325,28.0,155.0
2007-07-15,-13.685714285714285,965.2625,,219.10111279402872
2007-07-16,-12.3375,986.975,,190.02381493108507
2007-07-17,-11.55,990.675,,249.29773487711114
2007-07-18,-8.375,982.25,,263.753019465056
2007-07-19,-20.84,974.95,26.0,180.0
2007-07-20,-22.1,977.8625,,235.8415469795485
2007-07-21,-26.4375,984.1375,17.0,188.07166216246762
2007-07-22,-23.0625,992.025,,197.36358304869353
2007-07-23,-21.4875,997.95,29.5,173.32956305530232
2007-07-24,-20.15,1007.3,22.0,178.04178174404677
2007-07-25,-18.4625,1006.9375,5.0,260.0
2007-07-26,-20.642857142857142,999.025,,189.3894792987131
2007-07-27,-22.75,997.0125,13.0,180.6245942551093
2007-07-28,-22.025,998.275,,184.47226668841984
2007-07-29,-19.74285714285714,1001.2125,14.0,186.20474828777245
2007-07-30,-20.057142857142857,994.1125,,192.26556761546445
2007-07-31,-16.779999999999998,986.625,,213.84965177232854
2007-08-01,-11.95,991.3875,,232.09367995093066
2007-08-02,-15.075,997.875,10.5,280.59071013150515
2007-08-03,-1.9,963.3875,,253.14640829500354
2007-08-04,-19.425,962.1625,,200.64834699968003
2007-08-05,-20.75,966.2125,19.5,211.26588988815092
2007-08-06,-22.0375,967.3875,27.333333333333332,240.0
2007-08-07,-19.3125,970.5,,257.6748605880844
2007-08-08,-23.185714285714287,968.25,,199.88108462763645
2007-08-09,-27.2875,966.1,,266.96653318812696
2007-08-10,-27.5875,972.5875,1.0,281.89479519634614
2007-08-11,-28.525,969.375,27.0,204.32434809439374
2007-08-12,-29.9125,960.3125,3.3333333333333335,190.78412430376036
2007-08-13,-28.6125,956.0,18.0,209.14188341329896
2007-08-14,-18.257142857142856,935.725,,217.89873471475724
2007-08-15,-19.95,950.8,15.5,202.23249970829104
2007-08-16,-24.6,951.55,20.0,207.00160476120982
2007-08-17,-24.075,953.3375,1.0,186.27546705098192
2007-08-18,-19.616666666666664,945.8375,,232.0416899538426
2007-08-19,-21.514285714285712,962.9625,15.0,183.21358766238959
2007-08-20,-20.162499999999998,959.8875,,255.0387405848611
2007-08-21,-22.375,970.0,,209.112663856168
2007-08-22,-17.825,960.85,10.0,248.531699481776
2007-08-23,-15.175,964.625,7.5,195.76196404448592
2007-08-24,-16.825,967.825,21.0,186.22421987598705
2007-08-25,-20.599999999999998,972.7375,24.0,210.0
2007-08-26,-19.914285714285715,974.9499999999999,4.0,214.93738304749476
2007-08-27,-23.4125,980.3875,5.5,175.0
2007-08-28,-21.5,980.3625,2.3333333333333335,261.3337344820095
2007-08-29,-22.9,974.4875,3.3333333333333335,220.58744531435332
2007-08-30,-20.9125,971.9,21.0,225.95243258457077
2007-08-31,-20.6375,973.4625,18.0,181.56689174271986
2007-09-01,-22.7,979.8625,27.5,173.99755606289725
2007-09-02,-22.3375,976.8375,14.0,186.67043694469768
2007-09-03,-19.9,973.4125,23.0,173.32956305530232
2007-09-04,-17.6875,968.35,25.0,191.2201867061968
2007-09-05,-17.325,966.1125,10.0,202.7912387996372
2007-09-06,-18.0875,961.075,14.0,175.86620985044047
2007-09-07,-22.424999999999997,961.575,14.0,180.67318249712105
2007-09-08,-24.2875,959.95,,196.9975252490326
2007-09-09,-19.7875,960.825,,224.5472428752346
2007-09-10,-20.25714285714286,959.7625,16.0,190.03851731245743
2007-09-11,-22.5875,967.9,16.0,255.34870989924295
2007-09-12,-24.5875,970.1125,2.6666666666666665,179.02289322491458
2007-09-13,-23.1125,972.375,,203.3821287092957
2007-09-14,-22.9625,964.5375,1.5,255.6843855890384
2007-09-15,-16.9875,946.025,,238.16480312565446
2007-09-16,-17.9375,961.35,,202.61201228127794
2007-09-17,-20.400000000000002,965.35,14.0,198.2203458644876
2007-09-18,-19.025,963.35,,288.94675178320233
2007-09-19,-16.775,968.9,4.0,208.81090111932843
2007-09-20,-13.25,971.0625,,265.10826129740326
2007-09-21,-12.275,971.225,24.0,224.09202109112653
2007-09-22,-16.4625,967.975,18.0,216.22993589410572
2007-09-23,-16.05,969.1125000000001,,205.02563619749827
2007-09-24,-19.357142857142858,967.7875,,253.24259806927563
2007-09-25,-10.471428571428572,963.45,5.0,236.61500177040654
2007-09-26,-20.099999999999998,956.725,25.5,176.67043694469768
2007-09-27,-20.3875,962.275,8.333333333333334,252.28757904703272
2007-09-28,-16.4,958.075,6.0,239.87412356535404
2007-09-29,-19.05,962.925,15.666666666666666,189.3673117347159
2007-09-30,-16.3125,963.775,4.5,175.12725297783106
2007-10-01,-16.825,964.8375,,188.5494497460158
2007-10-02,-17.925,965.8125,,173.99755606289725
2007-10-03,-19.1875,966.9625,,217.54960298701965
2007-10-04,-13.3125,963.725,,258.94144624936735
2007-10-05,-16.866666666666667,953.325,5.0,184.81809124610277
2007-10-06,-22.1125,957.325,3.3333333333333335,1.2944414295180688
2007-10-07,-23.4125,961.0625,7.25,170.0
2007-10-08,-27.725,966.5625,15.166666666666666,175.0
2007-10-09,-27.7625,963.3125,6.0,272.0660462120619
2007-10-10,-24.0,958.9625,7.75,302.07404758755405
2007-10-11,-20.05,965.7,10.0,210.74237446961476
2007-10-12,-16.1125,972.575,,242.4400971087166
2007-10-13,-12.442857142857141,975.65,,214.12605827488514
2007-10-14,-15.9375,978.2624999999999,19.0,187.9398641888819
2007-10-15,-14.3,971.325,2.5,231.0399708731953
2007-10-16,-14.45,964.7375,,206.28518563390742
2007-10-17,-14.899999999999999,967.475,5.5,220.62065448496074
2007-10-18,-16.9375,972.5875,21.0,202.72760849246245
2007-10-19,-16.014285714285712,962.35,7.0,244.36484099860274
2007-10-20,-15.37142857142857,960.15,4.0,259.1913035073543
2007-10-21,-14.3125,960.6375,6.0,260.22826863035544
2007-10-22,-14.1625,963.8125,21.0,171.22186457651728
2007-10-23,-15.2375,968.8125,5.333333333333333,152.94593499440577
2007-10-24,-16.0625,977.575,13.5,176.00244393710275
2007-10-25,-15.6125,982.6875,8.666666666666666,276.8446866564852
2007-10-26,-16.385714285714286,978.5625,2.5,263.83865182008583
2007-10-27,-17.75,975.45,4.0,172.47608381006833
2007-10-28,-20.35,976.025,10.333333333333334,168.87919654903308
2007-10-29,-21.65,981.8,15.0,173.5159237153197
2007-10-30,-20.625,982.95,5.0,329.7660545081285
2007-10-31,-18.2625,974.325,3.4,315.7416217549603
2007-11-01,-19.5375,964.2625,21.0,171.29841739955026
2007-11-02,-19.6125,968.675,17.0,172.85894168006365
2007-11-03,-20.5,973.6,11.0,178.5919639136209
2007-11-04,-15.528571428571428,971.8375,2.3333333333333335,232.0519565868562
2007-11-05,-11.4625,972.3625,,190.6049705662954
2007-11-06,-12.6125,969.125,14.0,237.90247384509797
2007-11-07,-11.3125,966.6,24.0,177.5047687215366
2007-11-08,-7.5875,964.2,29.0,156.70495327058325
2007-11-09,-6.075,972.0,16.0,177.49523127846342
2007-11-10,-4.2,979.6375,12.25,179.96177862460328
2007-11-11,-6.362500000000001,978.6875,10.5,189.54626203630133
2007-11-12,-8.9125,973.2625,2.5,166.3115004522405
2007-11-13,-10.025,971.0375,2.6666666666666665,323.8771957889369
2007-11-14,-9.1625,977.15,2.4285714285714284,314.70282734336666
2007-11-15,-9.9875,974.875,3.75,289.0783000124292
2007-11-16,-8.7875,971.325,4.0,181.26210693106208
2007-11-17,-8.6125,974.825,11.0,196.2773064648556
2007-11-18,-8.95,972.9625,3.3333333333333335,326.2964588455484
2007-11-19,-6.0125,970.342857142857,6.666666666666667,256.72302924482716
2007-11-20,-7.75,969.6375,8.0,180.0
2007-11-21,-7.55,966.825,,187.29497665778405
2007-11-22,-6.4625,965.425,,205.39075569669873
2007-11-23,-4.225,962.7625,,293.13919526560454
2007-11-24,-4.225,959.525,16.0,169.46006970858832
2007-11-25,-4.225,961.7,4.2,297.55025328324587
2007-11-26,-5.05,965.375,5.0,170.19435698990426
2007-11-27,-4.95,965.7875,12.0,183.59084153518302
2007-11-28,-6.25,963.7375,6.8,197.80759983031606
2007-11-29,-5.5875,965.025,10.0,212.55628460415062
2007-11-30,-5.6625000000000005,969.275,4.333333333333333,198.79397688699692
2007-12-01,-6.2625,969.9375,3.1666666666666665,328.8386518200858
2007-12-02,-7.025,961.0125,6.6,322.52421386212416
2007-12-03,-6.875,960.625,6.666666666666667,165.86061316602627
2007-12-04,-7.4875,964.0125,8.5,323.1749606444312
2007-12-05,-6.8999999999999995,963.2125,2.5,298.6544155740698
2007-12-06,-6.8375,960.475,11.0,169.06197093204506
2007-12-07,-3.5374999999999996,960.1125,2.3333333333333335,280.7929339056657
2007-12-08,-3.2125,956.0375,8.0,216.02307639072063
2007-12-09,-4.3625,952.975,12.333333333333334,160.15118688372218
2007-12-10,-3.7142857142857144,959.95,3.2,145.11751086971645
2007-12-11,-2.05,963.325,4.0,244.92529172470347
2007-12-12,-0.19999999999999998,957.2625,6.75,275.32628227196886
2007-12-13,0.9125,956.725,2.5,280.2890256770453
2007-12-14,2.075,960.3375,10.0,186.00172048071397
2007-12-15,3.5875,965.95,10.333333333333334,190.4764481020729
2007-12-16,1.725,968.175,13.666666666666666,176.29739281874905
2007-12-17,2.1875,966.9875000000001,13.25,171.197338245377
2007-12-18,-0.6124999999999999,969.125,11.666666666666666,160.5202434298235
2007-12-19,0.07142857142857142,961.0125,2.5,115.62629957526138
2007-12-20,1.0,955.5125,5.333333333333333,302.1357674330045
2007-12-21,0.03750000000000003,965.35,9.75,151.26983939365414
2007-12-22,-1.1375,967.8375,13.0,194.81514233986533
2007-12-23,0.9285714285714286,960.4375,7.0,255.45943382240094
2007-12-24,-1.05,959.5125,2.5,83.6348684620519
2007-12-25,-1.325,963.1,3.5,324.365186219587
2007-12-26,-2.375,968.375,5.571428571428571,0.3381893059592181
2007-12-27,-3.775,972.9,6.5,167.46556254063148
2007-12-28,-2.5625,977.775,7.0,336.2234722901086
2007-12-29,-2.225,974.9,6.0,153.31956691509032
2007-12-30,-2.1,971.8375,17.2,166.2625705867156
2007-12-31,-4.025,969.825,14.6,168.02963394915952
2008-01-01,-4.8375,973.25,14.333333333333334,170.0
2008-01-02,-3.7,972.525,6.333333333333333,300.6571054729385
2008-01-03,-3.3875,966.85,4.333333333333333,234.7269843562642
2008-01-04,-2.442857142857143,970.925,16.0,183.70108280491775
2008-01-05,-2.8375,975.275,12.0,158.04178174404677
2008-01-06,-1.0625,974.875,12.75,166.33467526456977
2008-01-07,-1.925,967.9125,3.0,228.1087717191417
2008-01-08,0.12500000000000003,966.55,3.0,186.71470610372094
2008-01-09,-1.7125,970.45,33.666666666666664,157.50476872153658
2008-01-10,-0.5125,980.1,,160.0
2008-01-11,0.2285714285714286,977.875,,170.0619613227811
2008-01-12,-0.11250000000000002,974.5875,19.0,173.751829216134
2008-01-13,-1.125,971.5625,14.0,211.917511165965
2008-01-14,-1.325,963.375,6.0,203.0876884738246
2008-01-15,-0.6875,957.3375,4.0,180.66215257581382
2008-01-16,1.3,960.3125,12.0,193.68909398913368
2008-01-17,3.216666666666667,962.4375,3.0,229.58784721131838
2008-01-18,2.1142857142857143,962.05,2.8333333333333335,187.8594071291574
2008-01-19,0.8,963.775,1.25,115.42297128315208
2008-01-20,-0.5285714285714286,964.3625,3.4285714285714284,319.01481697457973
2008-01-21,-0.5125,964.65,5.4,214.47915544443794
2008-01-22,-1.5250000000000001,964.275,5.5,259.16938016739584
2008-01-23,-1.675,966.0875,4.5,176.34519537725873
2008-01-24,-2.0,969.725,2.0,100.33198638899373
2008-01-25,-1.8,968.0,4.0,216.19592049438648
2008-01-26,-2.4125,966.25,8.0,176.2972196875591
2008-01-27,-3.8875,966.75,3.6666666666666665,239.29635260167328
2008-01-28,-5.1,967.55,15.0,216.47566763849287
2008-01-29,-4.0,965.6875,2.0,293.29504672941675
2008-01-30,-4.25,961.3375,4.333333333333333,305.2935190970781
2008-01-31,-5.7125,960.3,8.5,183.06824636739597
2008-02-01,-6.4,966.1375,,196.75015492348155
2008-02-02,-6.875,966.0375,20.0,180.0
2008-02-03,-6.85,966.05,14.0,175.66471389746542
2008-02-04,-6.1125,967.025,10.833333333333334,208.96549663754215
2008-02-05,-6.4875,966.25,7.666666666666667,193.4910464414198
2008-02-06,-7.65,961.525,4.75,199.73110216152395
2008-02-07,-9.7875,964.5125,21.666666666666668,176.636272588377
2008-02-08,-9.9375,964.2625,23.0,160.0
2008-02-09,-11.525,964.175,31.666666666666668,171.99511928850873
2008-02-10,-12.7375,963.325,17.666666666666668,183.94675178320233
2008-02-11,-12.4125,964.1375,17.2,198.92294689923014
2008-02-12,-12.125,958.6,18.0,219.3770067689395
2008-02-13,-12.5125,963.25,17.0,177.45664153834517
2008-02-14,-11.825,968.6625,19.0,198.86594740761657
2008-02-15,-11.525,970.675,13.5,189.93842216546938
2008-02-16,-12.8375,968.625,7.0,204.97998220390687
2008-02-17,-12.0375,967.375,6.0,231.66869658969722
2008-02-18,-9.85,972.375,5.5,187.58109814411085
2008-02-19,-12.0875,968.95,27.666666666666668,215.83061983260416
2008-02-20,-11.875,962.075,9.333333333333334,208.57799022853507
2008-02-21,-9.65,957.275,3.0,270.4733987964364
2008-02-22,-8.125,966.6375,12.5,182.44371539584938
2008-02-23,-5.65,963.9625,,228.45097473412267
2008-02-24,-3.275,964.95,6.5,204.38581992773703
2008-02-25,-4.3999999999999995,969.075,3.0,182.43993277248882
2008-02-26,-6.2375,973.2,,190.02742627057185
2008-02-27,-8.975,979.8125,15.0,174.3786472167552
2008-02-28,-9.7,976.1375,10.333333333333334,198.97669189957685
2008-02-29,-9.875,971.2875,18.714285714285715,173.71810999234478
2008-03-01,-10.299999999999999,977.675,12.0,226.55059225975688
2008-03-02,-10.8875,974.7,,238.52703057254652
2008-03-03,-7.6875,966.575,,270.5504060661101
2008-03-04,-6.3625,962.65,7.0,272.29497665778405
2008-03-05,-8.7625,969.8875,8.0,192.06145436169476
2008-03-06,-8.7375,968.95,,284.8971646378478
2008-03-07,-10.0375,970.4875,8.0,247.96156875778212
2008-03-08,-10.75,971.1625,12.0,218.82207011654944
2008-03-09,-12.2,969.95,5.5,171.93949346014136
2008-03-10,-12.7125,969.8125,6.25,176.00244393710275
2008-03-11,-13.05,969.2625,15.0,176.67043694469768
2008-03-12,-13.612499999999999,965.225,13.0,187.41807246825178
2008-03-13,-15.55,972.6125,25.0,171.03477851459556
2008-03-14,-17.375,975.5375,15.0,236.87454091339208
2008-03-15,-19.4375,973.9875,18.5,174.66395963742033
2008-03-16,-20.9,977.375,7.5,173.751829216134
2008-03-17,-22.675,974.3375,11.0,175.0
2008-03-18,-23.9625,969.25,6.0,258.2365167027051
2008-03-19,-20.5,967.7875,11.0,205.58350617565546
2008-03-20,-19.375,969.3875,3.25,287.5157434918108
2008-03-21,-18.6625,961.6,8.0,310.19571331067635
2008-03-22,-19.95,970.85,,239.87007679680994
2008-03-23,-11.885714285714286,957.3,,180.66402847958426
2008-03-24,-7.3875,961.4125,,163.99755606289725
2008-03-25,-8.875,973.775,30.0,194.52268775040704
2008-03-26,-8.549999999999999,974.3625,,233.0728100580875
2008-03-27,-14.7125,972.575,,237.80048276251904
2008-03-28,-17.65,969.3,33.0,234.99999999999994
2008-03-29,-20.15,976.925,,226.03440137994605
2008-03-30,-20.15,982.925,12.0,257.0532326861218
2008-03-31,-22.8625,987.075,6.0,162.18291655026854
2008-04-01,-19.175,979.275,7.0,267.8654904740088
2008-04-02,-19.185714285714287,965.7,,242.06224845908255
2008-04-03,-20.325,959.0875,17.0,168.02963394915952
2008-04-04,-17.1125,961.9625,8.0,252.6413591252093
2008-04-05,-15.542857142857143,962.8625,4.0,253.13263107422574
2008-04-06,-11.85,971.725,10.0,195.45943382240094
2008-04-07,-16.7625,980.1625,,180.0
2008-04-08,-17.5,978.8375,4.5,209.79615973018315
2008-04-09,-16.4125,975.4125,12.0,201.57309265616365
2008-04-10,-18.5125,977.9,,179.98290177158924
2008-04-11,-16.25,980.875,17.0,216.52076502409517
2008-04-12,-22.071428571428573,965.15,,198.434948822922
2008-04-13,-17.6375,957.0,2.0,292.8649581704718
2008-04-14,-10.1125,949.7375,2.0,260.4648998958623
2008-04-15,-11.071428571428571,962.7875,,194.52851166174486
2008-04-16,-11.2625,966.2,,195.3934142176217
2008-04-17,-13.7625,975.1,17.0,183.47734093956132
2008-04-18,-16.575,976.5,4.0,218.79789880540298
2008-04-19,-22.1625,971.125,24.5,330.55853605741214
2008-04-20,-20.7625,966.2875,1.6666666666666667,258.4106767687384
2008-04-21,-18.9375,964.4875,,248.18719301419134
2008-04-22,-21.787499999999998,966.5125,13.333333333333334,198.67346598830107
2008-04-23,-19.0375,972.5125,,199.55961954315046
2008-04-24,-16.75,982.8875,,212.71786206362796
2008-04-25,-11.0375,982.0125,,189.15750657398144
2008-04-26,-9.3625,983.6125,20.5,179.9616312267025
2008-04-27,-8.328571428571427,984.0625,10.0,216.47472489997082
2008-04-28,-15.2875,988.3375,,143.42690734383635
2008-04-29,-18.925,988.8875,,
2008-04-30,-21.35,979.1125,16.0,212.70502334221595
2008-05-01,-18.0875,972.15,16.5,223.65571454388441
2008-05-02,-15.899999999999999,971.3,,243.5479226491994
2008-05-03,-15.428571428571429,970.3125,7.0,180.00000000000003
2008-05-04,-9.05,973.8375,,220.724036109832
2008-05-05,-9.7625,976.5625,,212.10528451788912
2008-05-06,-11.4875,987.925,12.0,187.43391139295542
2008-05-07,-14.9625,985.2875,18.0,227.08479465317885
2008-05-08,-19.7,983.5,6.0,177.43843592382294
2008-05-09,-21.05,986.025,4.0,256.8491882579543
2008-05-10,-22.0,980.375,,267.4739803478095
2008-05-11,-21.2875,971.125,,176.67378759174252
2008-05-12,-25.214285714285715,963.65,2.75,308.9020976130056
2008-05-13,-23.1125,967.8,6.0,188.0030715269173
2008-05-14,-23.1625,977.8,,215.32170254018249
2008-05-15,-21.0625,963.7875,31.333333333333332,242.5047687215366
2008-05-16,-20.325,966.5125,,228.6106400911069
2008-05-17,-19.1,968.325,3.0,287.01774026456116
2008-05-18,-18.928571428571427,973.8125,2.0,267.5146659333923
2008-05-19,-23.47142857142857,965.925,,215.45446338152314
2008-05-20,-25.4375,968.8,17.0,135.0
2008-05-21,-27.2,973.5,4.25,237.36700695932484
2008-05-22,-26.314285714285713,971.825,,227.71061265744987
2008-05-23,-25.575,958.575,24.0,214.61491567825828
2008-05-24,-27.2875,961.7125,8.0,205.10438034938244
2008-05-25,-23.1375,972.9875,37.0,246.39948797846313
2008-05-26,-22.375,971.225,21.0,221.95360532611437
2008-05-27,-25.1,954.3,,220.44253296175506
2008-05-28,-26.4,955.8875,3.0,262.65631194928847
2008-05-29,-18.314285714285713,965.55,,183.39583946910037
2008-05-30,-23.9625,966.9125,21.333333333333332,190.0
2008-05-31,-24.8,958.5625,16.0,173.7374294132844
2008-06-01,-18.275,950.4,25.2,176.00244393710275
2008-06-02,-15.075,959.2375,23.333333333333332,175.0
2008-06-03,-17.225,973.0625,,171.79966402638848
2008-06-04,-13.7625,966.8875,,170.0
2008-06-05,-12.075,964.9625,31.666666666666668,180.0
2008-06-06,-10.4125,967.0714285714286,,181.27478218801605
2008-06-07,-8.7625,966.55,6.0,188.95684898593237
2008-06-08,-7.525,965.025,19.5,194.0277700840515
2008-06-09,-9.775,970.6875,19.666666666666668,204.00876862275467
2008-06-10,-13.587499999999999,971.8,24.0,226.33467526456974
2008-06-11,-14.5375,971.325,9.0,195.23257261329616
2008-06-12,-15.5875,970.9,9.666666666666666,173.34655814060278
2008-06-13,-19.0625,969.75,15.0,183.71623913529015
2008-06-14,-18.25,962.8,,195.64697613068088
2008-06-15,-18.7125,964.925,15.25,178.56337855308252
2008-06-16,-16.95,961.2,14.0,229.84580080516926
2008-06-17,-19.6625,953.3375,3.3333333333333335,183.65708869335216
2008-06-18,-17.5625,949.95,,267.743829340877
2008-06-19,-16.4125,953.725,,213.5141703418761
2008-06-20,-16.54285714285714,955.675,4.666666666666667,223.04009998885553
2008-06-21,-16.3125,960.25,7.0,192.1328678875588
2008-06-22,-19.15,964.1625,7.0,176.44195785011541
2008-06-23,-22.4875,962.6375,8.666666666666666,195.07010045759904
2008-06-24,-24.625,975.7,19.0,190.27018541162704
2008-06-25,-23.1375,980.5,,163.99755606289725
2008-06-26,-23.1625,968.9875,39.666666666666664,196.16488012700955
2008-06-27,-17.0125,953.2125,45.0,243.94059491422104
2008-06-28,-17.725,956.675,,231.16398013505074
2008-06-29,-23.0125,963.5625,18.0,192.97877711558797
2008-06-30,-25.9875,967.05,7.4,208.22271567337032
2008-07-01,-26.4125,967.7,2.5,293.95843446111775
2008-07-02,-28.0875,980.6125,3.3333333333333335,195.33355738775498
2008-07-03,-28.8,989.325,3.0,292.927865734508
2008-07-04,-30.825,987.875,9.666666666666666,170.0
2008-07-05,-28.525,988.7625,19.0,173.34655814060278
2008-07-06,-29.849999999999998,976.175,3.0,246.97036605084048
2008-07-07,-27.183333333333334,952.2,4.5,269.28457696352416
2008-07-08,-29.099999999999998,952.2375,5.0,201.41435189871618
2008-07-09,-25.1625,954.3625,24.0,205.42193757903362
2008-07-10,-29.2875,961.1125,7.0,188.19748138993987
2008-07-11,-27.475,952.5625,3.0,281.75015492348155
2008-07-12,-27.816666666666666,951.9125,4.25,282.58749388512393
2008-07-13,-25.1125,963.225,12.0,192.54734565492484
2008-07-14,-25.8,952.175,2.5,220.2142411031427
2008-07-15,-19.642857142857142,966.0625,10.0,199.84496632802055
2008-07-16,-23.400000000000002,967.75,,214.20130957337315
2008-07-17,-20.5,956.7625,41.0,249.4797565701765
2008-07-18,-18.825,945.8125,35.666666666666664,248.69656740222183
2008-07-19,-18.7625,970.2625,,188.3802802634044
2008-07-20,-23.025,982.1375,16.5,231.5008542018107
2008-07-21,-27.5375,975.2375,15.0,182.30475588615113
2008-07-22,-28.8,970.3625,4.666666666666667,215.0
2008-07-23,-30.175,963.7625,4.0,241.06730145141782
2008-07-24,-31.4375,956.475,5.0,281.0791412119204
2008-07-25,-27.016666666666666,963.6375,,210.5448150474716
2008-07-26,-25.916666666666668,968.2875,,236.77200805071323
2008-07-27,-22.4625,971.7875,8.5,303.20064662192067
2008-07-28,-12.957142857142857,966.0,,182.5200578271053
2008-07-29,-17.400000000000002,969.675,20.0,183.71257375481278
2008-07-30,-15.7625,975.65,11.5,222.39615952344548
2008-07-31,-21.014285714285712,970.4375,4.0,186.0906205642933
2008-08-01,-19.3,966.5125,2.6666666666666665,302.0622484590825
2008-08-02,-18.900000000000002,956.275,,203.40825226370617
2008-08-03,-21.425,963.775,,180.11568442019436
2008-08-04,-22.7,971.125,7.333333333333333,182.30475588615113
2008-08-05,-27.5375,974.5875,10.0,177.48562069330072
2008-08-06,-28.05,984.5375,9.0,322.55557736272914
2008-08-07,-30.9375,978.4,3.5,195.291445182041
2008-08-08,-25.9125,974.8,3.0,239.38184574761272
2008-08-09,-24.933333333333334,963.7875,,220.0506077366493
2008-08-10,-29.650000000000002,965.475,4.0,262.28621596405594
2008-08-11,-30.225,969.65,5.0,298.79397688699686
2008-08-12,-30.1375,973.7625,9.0,170.14892388341607
2008-08-13,-28.1375,986.9375,,191.62953716516097
2008-08-14,-28.28,985.1,7.0,239.19742353598997
2008-08-15,-31.939999999999998,970.9125,,177.54028404391738
2008-08-16,-31.3,970.9,,290.1001326228778
2008-08-17,-28.425,950.6,,173.34655814060278
2008-08-18,-28.75,963.825,,207.63641695130644
2008-08-19,-25.557142857142857,974.0875,4.0,281.1728896023153
2008-08-20,-30.133333333333336,969.7375,4.5,197.66874715415537
2008-08-21,-33.6,965.675,22.0,175.0
2008-08-22,-35.625,971.425,3.6,224.42112438043023
2008-08-23,-33.0625,969.5625,1.25,295.05358719330866
2008-08-24,-34.975,965.325,5.666666666666667,172.04573786195817
2008-08-25,-31.271428571428572,962.575,1.6666666666666667,265.70226512288883
2008-08-26,-26.68,958.8375,,264.01481697457973
2008-08-27,-25.957142857142856,967.5625,,225.61257278744026
2008-08-28,-29.0,974.1125,25.0,217.4612110808053
2008-08-29,-36.425,966.9625,11.0,219.7873240660959
2008-08-30,-36.875,950.5375,10.0,281.2966662003916
2008-08-31,-28.950000000000003,952.7625,,228.662281080547
2008-09-01,-28.6625,983.9375,6.0,270.35249476013615
2008-09-02,-30.357142857142858,974.5375,4.0,238.3685965730919
2008-09-03,-31.4,965.65,9.0,245.93274563917856
2008-09-04,-16.728571428571428,945.4625,,226.72220549539574
2008-09-05,-14.825,949.5625,,192.94089691643674
2008-09-06,-20.45,961.0,14.0,209.902296524804
2008-09-07,-20.225,965.6625,24.0,244.01481697457973
2008-09-08,-16.4625,966.9125,30.0,236.33467526456974
2008-09-09,-21.283333333333335,968.375,,224.19059825891503
2008-09-10,-18.175,960.9875,31.333333333333332,242.51437930669925
2008-09-11,-14.575,958.1375,26.5,243.98522522793718
2008-09-12,-10.575,958.1125,,202.01521898929533
2008-09-13,-12.95,964.9428571428572,5.5,180.7747690130253
2008-09-14,-15.65,963.9,14.0,181.25538450902272
2008-09-15,-19.150000000000002,965.4875,,204.50043863393887
2008-09-16,-20.9375,961.875,24.75,250.0
2008-09-17,-22.1875,957.1625,6.0,184.2625639467895
2008-09-18,-16.2,955.7,8.0,233.84877079354823
2008-09-19,-16.3,963.2625,,235.0
2008-09-20,-14.9625,959.3125,,235.0192580920761
2008-09-21,-15.625,954.2125,,198.38152577982441
2008-09-22,-14.7625,953.5375,,196.75264030671244
2008-09-23,-15.45,950.3625,,199.44996160038735
2008-09-24,-15.2875,950.9125,,187.4372045147787
2008-09-25,-16.15,950.1125,13.666666666666666,213.81523858714797
2008-09-26,-15.225,949.4125,17.0,212.18401393335643
2008-09-27,-18.4375,962.725,,201.58097780705023
2008-09-28,-16.7875,965.6,,231.2996594111312
2008-09-29,-17.55,961.4875000000001,3.5,239.73927892726357
2008-09-30,-19.32857142857143,958.6625,,259.2977348771111
2008-10-01,-16.8,955.3875,,241.88840650632346
2008-10-02,-19.025,956.5375,,196.0759287643732
2008-10-03,-20.514285714285712,961.45,2.5,234.16507828514568
2008-10-04,-23.099999999999998,971.825,28.25,176.67043694469768
2008-10-05,-18.8,972.95,22.4,175.0
2008-10-06,-14.5125,964.375,22.833333333333332,175.0
2008-10-07,-14.671428571428573,953.0375,6.0,264.01481697457973
2008-10-08,-20.4875,955.7375,9.0,171.43662144691748
2008-10-09,-21.775,955.725,13.5,172.0073449794975
2008-10-10,-21.175,955.8625,5.666666666666667,266.8477649163902
2008-10-11,-14.914285714285715,956.0,10.0,270.68717422352506
2008-10-12,-13.3625,963.6125,1.0,244.275963890168
2008-10-13,-14.700000000000001,966.5375,,209.82847767214534
2008-10-14,-19.6875,961.3875,1.8333333333333333,333.00247475096734
2008-10-15,-19.825,953.2,,176.25298301376884
2008-10-16,-18.85,955.775,,179.66051986835603
2008-10-17,-18.8875,961.3000000000001,3.5,264.0045728063969
2008-10-18,-13.9125,961.075,9.5,260.51029472040307
2008-10-19,-14.275,963.9125,3.0,170.8480721118792
2008-10-20,-15.2375,968.6625,10.0,179.4260843651878
2008-10-21,-17.0,967.5875,2.5,238.86835391191988
2008-10-22,-16.7125,964.95,4.25,316.18068936473196
2008-10-23,-14.625,961.5125,3.142857142857143,306.6041605308996
2008-10-24,-11.35,957.025,,184.47538873511036
2008-10-25,-11.475,960.8875,12.0,176.36387640152307
2008-10-26,-12.5625,962.4125,2.5,164.8360187449993
2008-10-27,-14.825,961.5875,3.6666666666666665,239.87647974197864
2008-10-28,-14.5625,960.3249999999999,4.0,278.3175251548451
2008-10-29,-11.175,958.125,3.0,305.6949146723943
2008-10-30,-15.1125,959.1999999999999,11.0,176.6670896452301
2008-10-31,-16.1,963.175,19.0,204.76112986118133
2008-11-01,-15.7,971.825,7.2,163.78051780312228
2008-11-02,-14.9125,975.45,17.5,177.9926550205025
2008-11-03,-14.975,976.9125,5.0,166.05167218708493
2008-11-04,-16.6625,981.6125,4.0,194.58352028882598
2008-11-05,-16.8,974.725,4.0,319.9616312267025
2008-11-06,-14.762500000000001,976.1125,8.0,237.1535973071712
2008-11-07,-8.1,974.4125,4.0,237.84640269282875
2008-11-08,-11.8375,969.7,4.0,178.29504672941675
2008-11-09,-11.45,969.6,9.0,185.32170254018246
2008-11-10,-8.4,961.225,4.5,286.4532178030882
2008-11-11,-12.5375,958.675,,188.01694665403136
2008-11-12,-13.525,963.8375,15.5,162.93259997649386
2008-11-13,-13.7375,963.85,4.5,312.58424549355067
2008-11-14,-11.74,965.7875,21.0,210.35098309390878
2008-11-15,-10.2625,971.9875,4.5,202.90783189551487
2008-11-16,-10.0125,967.85,6.0,232.29116007989668
2008-11-17,-11.6875,962.9125,10.333333333333334,165.0767330165697
2008-11-18,-11.2125,965.5625,7.333333333333333,193.41671821293335
2008-11-19,-10.85,963.1875,5.0,274.7065692983634
2008-11-20,-6.825,959.8875,,226.1411710309689
2008-11-21,-9.2875,959.075,12.0,168.09733247695218
2008-11-22,-11.05,960.975,3.25,202.53443745936855
2008-11-23,-9.7125,965.025,2.5714285714285716,339.9080117594005
2008-11-24,-7.7625,965.3625,3.6,306.2621069310621
2008-11-25,-6.175,960.3625,8.0,221.37323884924353
2008-11-26,-7.1375,957.625,8.5,167.47063494968353
2008-11-27,-8.6,956.4625,,211.70495327058322
2008-11-28,-4.7875,953.1625,,170.72094641490656
2008-11-29,-4.6625,953.6,,233.61208954888247
2008-11-30,-3.675,961.05,5.333333333333333,244.96163122670248
2008-12-01,-5.375,959.775,,239.61478743521235
2008-12-02,-3.825,955.075,,275.24672386023906
2008-12-03,-4.742857142857143,951.925,12.0,161.16222477775025
2008-12-04,-5.2,956.2875,11.75,180.0
2008-12-05,-4.9875,962.5,7.8,183.68434710157473
2008-12-06,-4.525,961.0125,6.0,211.41704309868254
2008-12-07,-4.2875,960.4625,6.666666666666667,290.71333118680496
2008-12-08,-4.1,954.35,7.0,201.82025568587235
2008-12-09,-3.3625,957.3874999999999,5.5,324.6005148614508
2008-12-10,-3.65,959.4625,13.0,160.0
2008-12-11,-3.8375000000000004,959.125,6.666666666666667,259.2917408802216
2008-12-12,-3.257142857142857,963.425,3.25,153.78235882136215
2008-12-13,-2.033333333333333,968.9375,2.0,100.93417187132317
2008-12-14,-3.8833333333333333,965.575,3.0,192.6768236736118
2008-12-15,-7.45,968.625,7.0,155.07793514955645
2008-12-16,-6.6625,968.175,8.0,294.6679638989366
2008-12-17,-4.45,968.925,5.666666666666667,344.5802629442129
2008-12-18,-2.8428571428571425,972.2375,4.5,306.3364773122453
2008-12-19,-2.35,975.5625,6.8,146.826855566878
2008-12-20,-3.2125000000000004,972.4625,5.5,238.98522522793718
2008-12-21,-2.2625,970.8125,4.0,141.5887431599097
2008-12-22,-1.2875,973.3625,8.5,216.42705252664402
2008-12-23,-0.8999999999999999,975.875,,204.98881948052278
2008-12-24,-0.15,978.625,,170.36247546903533
2008-12-25,1.3375,978.4125,,217.2235887256297
2008-12-26,0.7,979.35,8.666666666666666,173.5151844496895
2008-12-27,1.1199999999999999,976.65,3.0,144.42596670493955
2008-12-28,-2.8375,978.65,5.166666666666667,326.4281494845742
2008-12-29,-2.975,975.0875,5.4,177.8448437795636
2008-12-30,-2.9125,970.1625,,173.94675178320242
2008-12-31,-1.3285714285714287,973.8375,13.0,168.76850979318897
2009-01-01,-1.1125,976.0125,5.0,310.259592240297
2009-01-02,-1.75,969.0875,9.0,165.3863471997956
2009-01-03,-3.175,973.8375,5.857142857142857,347.68694924572384
2009-01-04,-2.6625,970.9,4.4,306.6579616791164
2009-01-05,-1.1125,964.0125,3.6666666666666665,6.496906169820909
2009-01-06,-0.55,967.3,7.5,209.84984272346105
2009-01-07,-2.157142857142857,975.325,5.0,170.753568116833
2009-01-08,-1.8666666666666665,972.925,3.8,132.76063027378902
2009-01-09,-2.725,965.5875,7.75,146.70495327058325
2009-01-10,-2.2125,967.0,12.0,151.3882139993099
2009-01-11,-2.625,968.2625,4.6,221.0147747720628
2009-01-12,-2.05,966.5625,3.142857142857143,149.15192788812084
2009-01-13,-2.125,968.9875,6.5,138.21032145397862
2009-01-14,-2.6,967.3375,3.2,21.854150464690704
2009-01-15,-4.0625,964.4625,10.6,163.80454050869872
2009-01-16,-4.6875,966.625,4.857142857142857,137.31154809732072
2009-01-17,-4.8,966.55,3.1666666666666665,305.9680100388713
2009-01-18,-3.3125,964.375,3.6,295.07888617880513
2009-01-19,-4.425,966.675,9.0,230.4361050493531
2009-01-20,-6.4,975.4,14.0,165.0255140871259
2009-01-21,-5.6875,973.4875,11.0,202.4357811175385
2009-01-22,-3.2375,958.8875,7.5,236.57842481645665
2009-01-23,-2.325,962.1875,,162.35281307900107
2009-01-24,-3.175,967.75,4.25,225.0
2009-01-25,-1.65,962.6625,,212.56519488370296
2009-01-26,-3.575,964.05,11.75,172.54335846165483
2009-01-27,-4.6375,966.675,13.0,163.66532473543026
2009-01-28,-3.975,964.675,4.0,317.85770073722966
2009-01-29,-4.4375,961.4625,3.6666666666666665,155.00000000000006
2009-01-30,-5.85,966.0875,13.333333333333334,167.4952312784634
2009-01-31,-6.6,972.75,19.0,171.99511928850873
2009-02-01,-5.9624999999999995,973.8125,23.0,172.0073449794975
2009-02-02,-5.1499999999999995,979.0,22.0,170.0
2009-02-03,-5.125,978.925,8.0,283.4572499783077
2009-02-04,-4.7125,973.2375,9.75,202.5157434918108
2009-02-05,-4.3625,969.7625,14.0,161.26983939365414
2009-02-06,-6.025,963.275,14.0,165.0383687732975
2009-02-07,-6.8375,968.4,11.0,191.75092184654775
2009-02-08,-6.5375,970.325,6.0,154.66058442798158
2009-02-09,-7.9875,977.2375,13.4,166.0147747720628
2009-02-10,-7.328571428571428,980.15,2.8333333333333335,120.48957666402482
2009-02-11,-6.1499999999999995,977.9,3.142857142857143,168.51213158599518
2009-02-12,-9.1625,974.4875,16.0,167.99265502050253
2009-02-13,-12.15,971.2875,26.5,164.30266140541536
2009-02-14,-12.525,969.9,17.125,168.32956305530232
2009-02-15,-11.2125,970.8,18.0,168.74461549097725
2009-02-16,-11.5625,973.9875,22.666666666666668,180.0
2009-02-17,-11.828571428571427,975.65,19.0,185.78785028121098
2009-02-18,-13.9625,975.8625,20.0,160.0
2009-02-19,-14.4625,981.7625,13.6,185.66960477200846
2009-02-20,-13.975,981.1125,,197.72971691120046
2009-02-21,-14.0125,971.8125,9.666666666666666,208.8008435551901
2009-02-22,-14.925,968.125,15.0,175.0
2009-02-23,-13.8,974.4625,13.6,195.85794577359414
2009-02-24,-15.4,964.7375,,184.52755803104094
2009-02-25,-15.5125,957.825,12.0,175.36059558732651
2009-02-26,-13.5625,963.2375,5.0,218.41656278328932
2009-02-27,-11.075,963.375,5.0,241.15969209746328
2009-02-28,-11.125,961.9,,242.9693541397799
2009-03-01,-8.6125,964.0,4.0,247.21130186331084
2009-03-02,-9.4375,967.75,11.8,196.09344432282347
2009-03-03,-10.9125,966.5875,11.0,212.91644265300343
2009-03-04,-13.7,954.4375,18.5,219.01481697457973
2009-03-05,-13.3375,964.625,16.5,202.6981232465705
2009-03-06,-12.9,970.8375,,196.9975252490326
2009-03-07,-12.5625,973.7,2.6666666666666665,238.87784854231478
2009-03-08,-13.425,970.9625,4.5,289.356594919635
2009-03-09,-14.4125,970.2875,13.666666666666666,187.48562069330072
2009-03-10,-14.075,967.1875,13.0,195.40308641448226
2009-03-11,-17.0,964.95,18.0,199.85646998123138
2009-03-12,-16.475,960.55,23.0,265.1898419257629
2009-03-13,-14.4,962.2125,,186.94671336666698
2009-03-14,-16.7875,963.6875,8.6,183.8731025594151
2009-03-15,-18.8625,962.9125,8.5,183.47734093956132
2009-03-16,-21.925,959.075,13.0,175.0
2009-03-17,-21.3625,959.7,19.0,172.48562069330075
2009-03-18,-20.0125,971.4125,2.5,222.76090311827025
2009-03-19,-19.0875,983.05,14.666666666666666,170.0
2009-03-20,-18.9375,987.275,4.5,283.94675178320233
2009-03-21,-19.7625,981.175,6.0,283.7378930689379
2009-03-22,-20.485714285714288,967.25,4.5,186.47142271605296
2009-03-23,-21.125,970.425,16.0,186.95778424592703
2009-03-24,-24.1625,971.6125,7.0,246.09849553404013
2009-03-25,-22.2375,973.5875,3.0,171.1072136987741
2009-03-26,-20.0875,971.1875,11.0,180.67150369256663
2009-03-27,-15.95,968.1875,21.0,183.75182921613404
2009-03-28,-14.25,971.075,6.0,208.4023521592149
2009-03-29,-15.0375,972.525,,231.39563282064424
2009-03-30,-16.5,967.6625,23.2,226.6041605308996
2009-03-31,-19.3625,963.875,15.0,217.38857634696777
2009-04-01,-17.125,956.9,,215.69192085050773
2009-04-02,-17.1,953.45,9.0,265.6174315111325
2009-04-03,-17.275,968.9625,8.333333333333334,169.9616312267025
2009-04-04,-17.9875,978.4,,163.86608252074944
2009-04-05,-15.5,982.275,31.0,238.82207011654944
2009-04-06,-18.625,980.9875,23.0,201.2485896922673
2009-04-07,-15.5125,973.2375,,224.3482949462144
2009-04-08,-20.542857142857144,966.7875,21.0,215.49299876216983
2009-04-09,-20.375,962.5875,,240.96565876073976
2009-04-10,-16.5625,957.225,10.5,272.2619428495344
2009-04-11,-18.8125,956.9375,2.0,191.13980476969186
2009-04-12,-12.3875,952.85,,199.63904781261056
2009-04-13,-12.2625,964.8625,,156.23865635326246
2009-04-14,-14.1875,977.4625,3.0,207.73283927235215
2009-04-15,-16.6125,972.85,8.333333333333334,190.0383687732975
2009-04-16,-22.4,978.475,15.25,177.43779056980813
2009-04-17,-20.7625,983.275,2.0,215.11799487257653
2009-04-18,-23.5625,977.675,12.0,175.0192580920761
2009-04-19,-15.3125,970.6625,20.0,146.00244393710275
2009-04-20,-10.15,968.65,,154.76125272925134
2009-04-21,-13.9625,976.85,27.0,171.97036605084048
2009-04-22,-12.4375,969.075,31.0,174.96163122670254
2009-04-23,-12.1375,966.35,26.75,157.48562069330072
2009-04-24,-13.7625,969.6999999999999,,144.90356505629669
2009-04-25,-18.3125,976.0375,13.5,214.14451493695088
2009-04-26,-21.25,971.925,3.0,210.10665156237428
2009-04-27,-19.7,965.35,10.5,203.64706615441148
2009-04-28,-19.6875,970.05,1.5,233.1925754178465
2009-04-29,-13.05,968.4125,,220.37339986393687
2009-04-30,-13.7875,975.6375,26.0,195.99787032054837
2009-05-01,-14.5375,984.3125,3.0,189.44288860539777
2009-05-02,-14.7625,983.65,17.5,238.5444182135528
2009-05-03,-14.3375,977.55,28.0,239.99999999999994
2009-05-04,-16.5125,976.9,,223.65070770389804
2009-05-05,-19.857142857142858,975.825,6.333333333333333,217.75059599916568
2009-05-06,-15.725,983.7125,,213.38781126165358
2009-05-07,-17.7875,987.3,1.0,202.34522505283527
2009-05-08,-21.4125,977.6375,1.75,316.6124965866234
2009-05-09,-24.85,974.325,17.0,171.22658427188307
2009-05-10,-24.7125,984.9375,,237.3148079408827
2009-05-11,-25.5375,980.7875,1.0,321.13262750249845
2009-05-12,-26.5125,973.5375,17.0,180.0
2009-05-13,-26.0375,975.6625,,168.62815497941295
2009-05-14,-30.7,977.3,4.0,261.38740948887033
2009-05-15,-31.225,985.725,2.6666666666666665,200.75342248227258
2009-05-16,-30.675,991.625,2.6,201.00654027845914
2009-05-17,-28.9625,985.7,1.8,284.12605827488517
2009-05-18,-29.1625,981.575,12.0,181.97274948108867
2009-05-19,-28.3,966.7625,,262.69013629600346
2009-05-20,-30.35,957.7,6.0,238.93604686017528
2009-05-21,-29.075,971.5625,3.0,168.30387553225677
2009-05-22,-27.9625,969.7,3.3333333333333335,234.381313785593
2009-05-23,-26.7875,962.6625,4.0,211.50917538386057
2009-05-24,-21.8625,968.7875,,223.05287999779085
2009-05-25,-18.400000000000002,977.325,6.0,203.45608141886922
2009-05-26,-15.914285714285715,969.05,,213.7825198750917
2009-05-27,-14.5125,974.1625,4.5,222.748174346526
2009-05-28,-11.714285714285714,967.9875,5.25,194.76316648277034
2009-05-29,-16.6625,977.0625,19.0,175.29031515283071
2009-05-30,-17.771428571428572,978.55,5.0,197.60384047655452
2009-05-31,-20.0,970.9875,3.0,252.45475890812003
2009-06-01,-11.957142857142857,966.875,7.0,261.9159528538104
2009-06-02,-19.616666666666667,976.5875,15.0,193.42949497455746
2009-06-03,-20.3875,978.5625,12.0,224.99999999999997
2009-06-04,-17.9,974.0,15.0,226.85140926809598
2009-06-05,-18.2375,972.175,,235.0195540202667
2009-06-06,-20.183333333333334,969.3625,,182.21066779720192
2009-06-07,-24.5625,975.2,3.0,224.03399487757764
2009-06-08,-28.5625,982.4125,,199.55702784470557
2009-06-09,-32.8625,977.6375,14.0,176.17162093122562
2009-06-10,-32.475,975.6125,16.5,166.7750637106061
2009-06-11,-32.175,972.4875,5.0,185.99177316803807
2009-06-12,-32.6625,971.5875,5.0,170.72997413667827
2009-06-13,-28.185714285714287,975.3875,,246.79878192831882
2009-06-14,-19.571428571428573,967.8375,,250.9158731765905
2009-06-15,-22.316666666666666,971.8,,226.7652708363632
2009-06-16,-19.025,978.25,,242.1934676175571
2009-06-17,-19.271428571428572,960.7875,,248.35271044169633
2009-06-18,-20.616666666666667,964.0125,8.0,175.0
2009-06-19,-16.9875,978.625,,206.39207916878914
2009-06-20,-19.7,975.1625,11.0,274.5469148447396
2009-06-21,-20.366666666666667,972.6125,,179.94910433591895
2009-06-22,-23.4875,971.6,34.0,173.76134364673752
2009-06-23,-22.3,980.0,30.0,175.0
2009-06-24,-18.1875,990.525,25.666666666666668,175.0
2009-06-25,-15.475,990.4125,23.0,176.67043694469768
2009-06-26,-15.4375,988.2375,12.5,176.05167218708493
2009-06-27,-16.433333333333334,976.925,7.0,235.5160358896016
2009-06-28,-22.025,989.125,,173.79525171222755
2009-06-29,-14.016666666666666,989.5625,,188.922092369728
2009-06-30,-8.775,988.7875,,201.1921196366059
2009-07-01,-11.6375,999.2125,,248.47963612164642
2009-07-02,-13.083333333333334,988.85,2.5,228.2706030596641
2009-07-03,-19.325,979.7875,9.0,185.48411289767688
2009-07-04,-23.45,967.425,4.333333333333333,182.10830225441205
2009-07-05,-24.457142857142856,964.0,,220.46108036069901
2009-07-06,-25.1375,973.25,5.0,277.3961595234455
2009-07-07,-26.7125,995.075,17.666666666666668,170.0
2009-07-08,-24.875,995.5,5.0,195.10880700695532
2009-07-09,-29.2875,993.6,13.0,172.67794074040432
2009-07-10,-30.32857142857143,989.9875,20.0,235.42093370206607
2009-07-11,-28.185714285714287,981.9875,,215.04161867075834
2009-07-12,-25.0,985.55,,184.51201559384478
2009-07-13,-22.7375,980.425,3.0,261.80681608490704
2009-07-14,-22.7125,978.85,3.0,218.15299106753574
2009-07-15,-18.8875,974.2375,22.0,216.6166130695052
2009-07-16,-20.557142857142857,971.075,,187.71322124809086
2009-07-17,-21.842857142857145,968.0875,6.0,203.02963394915952
2009-07-18,-26.025,959.1875,3.0,226.55720610911456
2009-07-19,-24.542857142857144,956.45,,194.49863567290066
2009-07-20,-25.157142857142855,972.775,14.0,169.93842216546938
2009-07-21,-23.25,967.6375,,180.0
2009-07-22,-13.0625,956.0125,24.2,178.74461549097728
2009-07-23,-9.8875,954.525,,173.73265548947293
2009-07-24,-12.125,963.225,,207.91331960583292
2009-07-25,-17.0625,977.6625,17.0,180.0
2009-07-26,-20.55,982.375,,298.7330103937734
2009-07-27,-25.5,983.4375,,188.76952084166658
2009-07-28,-29.275,981.8125,3.3333333333333335,211.09344432282347
2009-07-29,-29.442857142857143,977.4875,3.0,165.0
2009-07-30,-30.4,981.1374999999999,9.5,208.60034313711466
2009-07-31,-29.3875,971.15,5.0,298.5510595234254
2009-08-01,-26.125,976.75,,298.2227156733703
2009-08-02,-13.219999999999999,976.95,,207.84875181002954
2009-08-03,-16.0,972.875,6.5,171.99460005143405
2009-08-04,-20.9875,985.7875,,172.47608381006833
2009-08-05,-19.0125,984.5875,,165.0
2009-08-06,-19.1,988.725,7.0,270.4160596653092
2009-08-07,-21.4125,979.05,2.6,160.0
2009-08-08,-24.2875,970.375,18.5,171.8087297924488
2009-08-09,-28.9875,960.15,34.0,188.90138786810562
2009-08-10,-28.133333333333336,948.3,48.0,210.2454529205813
2009-08-11,-27.2,951.2125,24.0,279.57131571472837
2009-08-12,-20.8625,964.3375,,179.45957795558226
2009-08-13,-17.114285714285714,978.8125,,207.19115605994423
2009-08-14,-16.6625,982.9499999999999,,207.82300638475436
2009-08-15,-18.75714285714286,986.825,6.0,219.60250637695808
2009-08-16,-23.2125,988.775,3.5,188.17520051951917
2009-08-17,-25.3875,986.5,9.0,173.7133318757567
2009-08-18,-27.775,984.225,14.0,169.04548638303572
2009-08-19,-28.725,976.8,2.1666666666666665,305.7855111585916
2009-08-20,-29.6875,968.1875,10.333333333333334,207.01965393928035
2009-08-21,-31.837500000000002,976.35,7.0,184.81809124610277
2009-08-22,-32.25,971.825,,159.93140114240447
2009-08-23,-32.05,971.25,,173.94933845440877
2009-08-24,-29.95,974.95,8.0,272.91758888651646
2009-08-25,-33.4125,972.6375,4.0,196.26210693106208
2009-08-26,-25.1,973.2625,,252.282137936372
2009-08-27,-24.400000000000002,968.8125,,204.23477114694
2009-08-28,-24.316666666666666,961.75,8.0,308.5966066784525
2009-08-29,-17.625,961.9875,4.0,213.97550235532537
2009-08-30,-30.7,973.075,,176.25298301376884
2009-08-31,-31.9,983.3,15.333333333333334,183.57045921555454
2009-09-01,-30.2875,987.8625,,190.08934075455107
2009-09-02,-34.375,984.2,23.0,177.13483726166163
2009-09-03,-33.34285714285714,984.0875,2.5,175.50543528745303
2009-09-04,-26.425,974.1,4.0,248.20859258453822
2009-09-05,-27.299999999999997,953.4875,,199.01680805201303
2009-09-06,-25.8,953.2125,,225.0
2009-09-07,-20.771428571428572,962.5749999999999,,243.02509622043652
2009-09-08,-20.833333333333332,972.325,,239.54674542076862
2009-09-09,-29.475,965.525,,171.72408416907564
2009-09-10,-30.5,963.4375,,216.39360133230147
2009-09-11,-31.0,959.7,,182.94089691643674
2009-09-12,-14.383333333333333,969.925,46.5,237.4377905698081
2009-09-13,-9.700000000000001,971.9,,232.59457325970317
2009-09-14,-22.3,971.8,,186.71920953909904
2009-09-15,-22.675,974.6125,,223.6094201898615
2009-09-16,-20.67142857142857,971.85,21.0,213.0081735470421
2009-09-17,-18.516666666666666,972.6125,,207.6202277161632
2009-09-18,-20.642857142857142,974.075,,171.42814423260418
2009-09-19,-18.52857142857143,977.3,,230.0
2009-09-20,-20.06,974.9375,,178.60729635206866
2009-09-21,-23.4375,976.6875,17.0,173.34655814060278
2009-09-22,-24.1875,983.1,,164.7933438305562
2009-09-23,-25.0,983.975,3.6666666666666665,353.9065556771765
2009-09-24,-22.8625,980.15,2.5,292.0191534220734
2009-09-25,-19.7625,977.075,2.0,258.9716216918572
2009-09-26,-22.3875,968.45,,221.69160329034435
2009-09-27,-20.114285714285717,950.075,,248.7060360064552
2009-09-28,-15.285714285714286,941.425,25.0,235.63958751723925
2009-09-29,-16.2,949.5875,,201.33886143706712
2009-09-30,-23.5625,958.4125,4.0,159.91095192485662
2009-10-01,-23.5625,967.9125,10.5,190.6459726952798
2009-10-02,-24.225,967.9375,5.5,202.87624971325735
2009-10-03,-22.4,962.275,2.6666666666666665,241.96437205395094
2009-10-04,-22.15,956.0875,,173.78051780312228
2009-10-05,-18.375,963.0375,,203.9065556771765
2009-10-06,-20.557142857142857,962.6625,2.5,213.33138479549987
2009-10-07,-20.775,957.5875,,244.5462776747451
2009-10-08,-22.5375,957.6625,12.0,213.1273712966684
2009-10-09,-21.0375,961.975,,198.37046283483897
2009-10-10,-17.842857142857145,957.3125,8.0,214.205996371826
2009-10-11,-13.025,957.2875,33.5,170.0383687732975
2009-10-12,-15.7125,971.2375,29.5,176.22421987598705
2009-10-13,-15.1,963.0625,14.5,257.90684363001657
2009-10-14,-15.528571428571428,951.7625,5.833333333333333,285.34431760709566
2009-10-15,-16.725,954.35,,181.2698393936541
2009-10-16,-18.625,958.675,8.0,176.3526784940471
2009-10-17,-19.0,965.6875,7.5,241.54185631774567
2009-10-18,-18.9875,969.25,5.666666666666667,188.53261262324534
2009-10-19,-20.975,972.225,2.5,261.8614468537605
2009-10-20,-24.075,975.425,18.0,163.32956305530232
2009-10-21,-21.8375,973.0375,,175.0
2009-10-22,-16.9125,964.425,7.0,213.20279610858404
2009-10-23,-16.75,963.4625,9.75,198.61967728998863
2009-10-24,-15.7625,966.95,9.0,273.48807352736037
2009-10-25,-17.5625,973.6374999999999,15.5,188.36372741162302
2009-10-26,-15.6125,965.15,6.0,189.2537400966056
2009-10-27,-18.3875,953.2375,5.5,257.6376037480252
2009-10-28,-18.542857142857144,962.7625,8.0,176.00697809015122
2009-10-29,-18.1875,967.4625,18.0,177.45664153834517
2009-10-30,-16.0125,961.8,2.5,266.0312564908837
2009-10-31,-14.65,956.2375,,227.88094164248838
2009-11-01,-12.228571428571428,954.6625,,195.98258603813557
2009-11-02,-12.625,966.475,7.0,186.12137733542943
2009-11-03,-12.525,970.5250000000001,10.0,187.15359730717122
2009-11-04,-11.8875,956.4125,14.5,222.87594208513642
2009-11-05,-13.125,955.6,7.333333333333333,173.02524613156518
2009-11-06,-13.125,965.8,3.8,316.67043694469766
2009-11-07,-11.8875,972.7625,5.333333333333333,224.58689382252314
2009-11-08,-11.375,984.3,,231.77728432662965
2009-11-09,-10.674999999999999,983.5625,2.4,296.61865745113425
2009-11-10,-8.65,981.3,4.0,218.86407355157218
2009-11-11,-9.5125,978.925,23.5,172.5622094301919
2009-11-12,-7.5375,975.5375,25.333333333333332,173.74701698623116
2009-11-13,-3.1374999999999997,973.65,24.0,157.48562069330072
2009-11-14,-3.3125,979.925,23.0,158.36372741162302
2009-11-15,-1.7125,983.2875,,182.48562069330072
2009-11-16,-2.1,979.1125,,205.0
2009-11-17,-7.3125,975.8125,2.0,142.39615952344548
2009-11-18,-7.4625,979.8875,,168.77813542348275
2009-11-19,-7.5625,974.5,18.0,176.07914121192044
2009-11-20,-5.825,959.6375,6.666666666666667,198.06874037241678
2009-11-21,-4.65,958.7625,1.5,178.55484504935404
2009-11-22,-3.9625,959.5875,6.0,175.6561341892343
2009-11-23,-4.275,955.55,7.0,248.84891549123944
2009-11-24,-4.675,963.8625,19.0,172.51437930669928
2009-11-25,-3.0125,965.575,17.0,213.50458918320075
2009-11-26,-4.9875,965.0125,14.0,176.248170783866
2009-11-27,-4.2375,971.9875,,190.99190281819102
2009-11-28,-4.5375,971.875,9.0,189.9380386772189
2009-11-29,-3.6624999999999996,967.975,12.0,211.11135798395952
2009-11-30,-3.7125,968.2875,18.8,176.67043694469768
2009-12-01,-1.6500000000000001,969.15,7.0,243.9029725164665
2009-12-02,-2.775,966.925,11.0,285.0
2009-12-03,-2.3375,961.125,4.0,232.00153503085627
2009-12-04,-0.9874999999999999,959.7,4.5,189.8667208932992
2009-12-05,-1.5625,963.8625,5.0,196.57814962990304
2009-12-06,-0.55,969.9375,4.0,170.16255569160296
2009-12-07,0.30000000000000004,969.625,15.0,194.1381181198752
2009-12-08,-0.7749999999999999,968.1125,9.0,197.0432849005199
2009-12-09,-4.6875,970.8714285714286,3.5,178.10520480365386
2009-12-10,-4.2625,969.2375,4.375,341.8168524173841
2009-12-11,-3.9,968.4375,5.2,294.11619035208946
2009-12-12,-4.3999999999999995,972.1875,11.666666666666666,176.23865635326248
2009-12-13,-2.95,975.975,4.0,211.43476785895618
2009-12-14,-4.25,972.325,7.666666666666667,323.44574558420834
2009-12-15,-4.7375,970.1375,5.5,9.122546095372558
2009-12-16,-3.35,970.9875,3.75,140.53515763751187
2009-12-17,-3.5625,966.4875,4.0,314.92146838633687
2009-12-18,-2.914285714285714,961.25,6.0,323.2793437669888
2009-12-19,-4.6,966.45,3.0,182.74047913204362
2009-12-20,-5.5125,969.7625,4.25,152.48425650818916
2009-12-21,-5.1875,969.3375,9.5,169.20824355987324
2009-12-22,-6.55,970.725,17.75,177.49523127846342
2009-12-23,-6.4,971.025,15.5,197.0648746533445
2009-12-24,-5.7,971.7125,2.25,233.68864024872425
2009-12-25,-5.775,970.2375,12.8,190.00000000000003
2009-12-26,-4.0,966.0375,2.857142857142857,316.3279204770242
2009-12-27,-3.1375,965.1125,5.25,218.10520480365383
2009-12-28,-2.875,969.6714285714286,7.25,227.97437254130546
2009-12-29,-2.95,974.2375,9.2,189.27469092925992
2009-12-30,-2.85,973.2,9.0,253.9117627179317
2009-12-31,-2.585714285714286,978.25,4.5,224.44146394258786
2010-01-01,-1.6666666666666667,986.75,2.857142857142857,330.08955534425667
2010-01-02,-0.9571428571428572,989.075,5.0,312.4795494495185
2010-01-03,-4.825,985.5,13.0,
2010-01-04,-7.2,987.7,10.0,186.24996619228165
2010-01-05,-4.585714285714286,984.55,10.0,231.7234508267917
2010-01-06,-5.3,984.2625,16.0,170.0
2010-01-07,-3.7125,986.125,23.666666666666668,178.69656740222186
2010-01-08,-2.825,983.9125,6.666666666666667,304.4708780666942
2010-01-09,-3.1375,985.4625,7.8,169.85064070680835
2010-01-10,-2.825,982.9125,6.333333333333333,281.5584399374279
2010-01-11,-3.4875,981.15,3.8333333333333335,324.53027601292536
2010-01-12,-3.3,980.0625,4.0,280.6040118534355
2010-01-13,-4.0125,979.95,6.25,173.74701698623116
2010-01-14,-4.5875,980.875,9.5,172.47608381006833
2010-01-15,-3.142857142857143,977.85,3.5,245.0929810703493
2010-01-16,-2.3000000000000003,971.15,9.5,166.70495327058325
2010-01-17,-1.8625,967.4,7.0,276.8771418843395
2010-01-18,-4.35,976.3125,4.0,178.2445421928844
2010-01-19,-3.1875,980.475,9.5,192.86626746196168
2010-01-20,-2.2714285714285714,978.2375,2.3333333333333335,205.09757582072268
2010-01-21,-1.35,979.8125,,208.27567338061905
2010-01-22,-1.9857142857142855,982.2625,7.0,165.07732941137508
2010-01-23,-3.8375,983.85,18.333333333333332,199.76316648277034
2010-01-24,-3.1999999999999997,981.9,4.0,217.25021527060463
2010-01-25,-3.3125,985.175,11.0,171.40025153307062
2010-01-26,-4.033333333333333,986.7,1.3333333333333333,130.33963418966218
2010-01-27,-3.3625,981.1875,5.5,220.2531994410078
2010-01-28,-6.1,982.9,16.5,178.33803899064074
2010-01-29,-4.257142857142857,983.6625,2.5,87.87072864945316
2010-01-30,-4.685714285714285,981.1875,7.6,201.58283650216208
2010-01-31,-4.6625,977.55,9.0,218.40505682050193
2010-02-01,-6.1375,973.9375,12.285714285714286,196.20474828777242
2010-02-02,-6.8625,974.9,15.333333333333334,178.0048807114913
2010-02-03,-4.7625,973.6625,4.0,246.32046435810457
2010-02-04,-4.325,972.9875,10.0,194.3673117347159
2010-02-05,-4.075,983.825,8.75,182.50476872153658
2010-02-06,-4.5,988.5875,18.333333333333332,176.00244393710275
2010-02-07,-3.8375,982.375,23.0,263.1903660924004
2010-02-08,-5.9625,976.7625,,198.30305780275796
2010-02-09,-7.2625,984.325,3.0,207.81311135435303
2010-02-10,-6.225,987.4125,4.2,196.83416016069071
2010-02-11,-6.9624999999999995,988.075,13.666666666666666,187.51437930669925
2010-02-12,-6.25,988.475,13.0,191.3202623616157
2010-02-13,-4.9625,982.525,11.666666666666666,207.02447737913764
2010-02-14,-7.9375,983.2625,16.0,187.16609424741995
2010-02-15,-9.5625,981.1,15.0,185.0
2010-02-16,-10.7,978.7625,25.75,180.0
2010-02-17,-10.2625,979.9125,26.857142857142858,176.23865635326248
2010-02-18,-10.6625,981.5125,23.833333333333332,170.0
2010-02-19,-12.75,979.6125,16.8,193.32956305530232
2010-02-20,-13.725,973.525,13.0,191.67043694469768
2010-02-21,-11.6,969.6375,19.0,187.16609424741995
2010-02-22,-10.3,970.55,11.0,200.88212019456333
2010-02-23,-9.825,966.175,6.0,198.08576182751372
2010-02-24,-9.342857142857143,970.2875,3.25,267.78066197486396
2010-02-25,-8.125,966.7125,7.5,195.0978121783244
2010-02-26,-10.3125,963.35,17.25,176.65344185939722
2010-02-27,-10.5375,956.9875,26.666666666666668,171.36716221141137
2010-02-28,-8.1875,957.975,24.0,171.30343259777814
2010-03-01,-8.2625,965.4375,20.5,181.25059068742527
2010-03-02,-8.9,972.7875,,203.38134254886572
2010-03-03,-11.8375,977.7875,16.25,170.0
2010-03-04,-11.5125,977.3375,7.0,185.0
2010-03-05,-12.3625,972.225,10.25,199.75448910024784
2010-03-06,-14.6625,961.1375,18.0,183.16118298442981
2010-03-07,-14.9375,954.3375,3.5,236.9312596275832
2010-03-08,-14.6625,952.3125,16.0,191.14376601775302
2010-03-09,-15.612499999999999,952.75,14.428571428571429,180.0
2010-03-10,-12.5,963.95,,201.8622187215942
2010-03-11,-12.4125,967.5125,4.0,276.1385377433728
2010-03-12,-12.225,972.0,14.0,164.8366291120695
2010-03-13,-10.75,980.0625,7.0,300.0997729598311
2010-03-14,-12.375,983.7375000000001,9.75,198.71142739101646
2010-03-15,-14.35,984.525,9.666666666666666,188.48667859374808
2010-03-16,-14.45,981.6125,,201.28065093753418
2010-03-17,-14.325,980.3625,,176.2625705867156
2010-03-18,-9.0625,969.075,35.5,172.0073449794975
2010-03-19,-5.475,970.2625,31.333333333333332,178.0048807114913
2010-03-20,-6.5,973.35,23.0,170.23683351722966
2010-03-21,-9.5,968.55,21.0,189.29773487711117
2010-03-22,-12.8125,968.6375,14.0,176.67043694469768
2010-03-23,-17.55,972.6625,14.5,187.28247604725996
2010-03-24,-20.775,973.7625,12.0,191.28656683501876
2010-03-25,-21.2,978.7375,,231.66550956425573
2010-03-26,-22.125,976.175,17.75,177.45664153834517
2010-03-27,-24.7875,968.9625,21.0,139.10660535086907
2010-03-28,-24.0,970.7875,14.25,196.91278378205996
2010-03-29,-21.9375,971.2,2.6666666666666665,288.9758539300781
2010-03-30,-18.6375,965.6875,,259.85871360951455
2010-03-31,-19.05,972.875,,226.51434165181354
2010-04-01,-21.475,976.875,,222.73960032302466
2010-04-02,-21.6,979.2,5.0,275.33341502612836
2010-04-03,-20.380000000000003,974.875,,207.19821802869572
2010-04-04,-18.05,967.5,2.6666666666666665,281.84552302721227
2010-04-05,-13.9125,956.0625,,247.13958197738557
2010-04-06,-21.849999999999998,966.025,,174.8992163697658
2010-04-07,-23.7875,977.4875,3.0,232.400163654395
2010-04-08,-19.5125,970.325,3.0,258.0255316539188
2010-04-09,-16.475,960.275,,176.2972196875591
2010-04-10,-19.0375,960.1125,,206.8835583727469
2010-04-11,-16.6375,960.0375,,235.1807609593698
2010-04-12,-16.0125,956.825,4.0,206.184496798378
2010-04-13,-18.2125,959.0625,21.0,176.57842481645667
2010-04-14,-20.0875,964.1,4.285714285714286,264.48970527959693
2010-04-15,-20.7375,968.075,1.0,290.1686626082386
2010-04-16,-20.575,964.8125,,188.67566046926177
2010-04-17,-16.675,967.1625,24.0,176.248170783866
2010-04-18,-16.475,971.975,15.0,179.6908504238924
2010-04-19,-18.5,975.4875000000001,6.75,182.41299832837842
2010-04-20,-18.8375,972.4875,3.5,247.5852181685828
2010-04-21,-21.6125,976.325,2.6666666666666665,272.63709561247225
2010-04-22,-21.125,974.5125,2.0,233.97692360927934
2010-04-23,-17.8625,964.625,22.6,220.23778654350613
2010-04-24,-14.0125,961.05,5.0,171.09344432282347
2010-04-25,-12.025,961.6625,7.0,271.19538298052817
2010-04-26,-11.4625,962.05,27.0,244.7046536113574
2010-04-27,-14.985714285714286,968.0625,,169.0429640520301
2010-04-28,-18.275,968.475,12.0,235.76954815709297
2010-04-29,-19.7,971.4625,2.6,234.91748285122006
2010-04-30,-18.714285714285715,970.0875,2.75,241.70495327058325
2010-05-01,-18.1,967.6,15.0,202.2980270848362
2010-05-02,-18.9375,964.425,,187.49814138093944
2010-05-03,-18.2625,962.875,,220.31162646183734
2010-05-04,-19.114285714285717,970.3,12.0,205.44480991097797
2010-05-05,-19.775,977.1625,,215.1971704680122
2010-05-06,-18.3375,982.3125,4.0,218.27319521961942
2010-05-07,-13.75,983.9571428571428,,191.14864891334355
2010-05-08,-12.7625,982.8625000000001,,210.86847832383916
2010-05-09,-15.712499999999999,976.225,16.333333333333332,189.18931717529213
2010-05-10,-19.725,972.8249999999999,,201.09930462027324
2010-05-11,-21.2125,978.0749999999999,12.5,176.70705144271867
2010-05-12,-23.8375,986.4375,9.8,171.27478218801605
2010-05-13,-27.275,985.05,2.0,180.27046019740197
2010-05-14,-30.5375,977.525,8.0,190.68986723442762
2010-05-15,-28.3625,976.1125,2.0,303.4062557272615
2010-05-16,-30.714285714285715,964.6875,,218.18650119961865
2010-05-17,-30.333333333333332,955.775,10.0,189.42981391944565
2010-05-18,-31.837500000000002,965.2875,7.5,221.68094090093
2010-05-19,-31.6875,967.9625,,222.2589054011757
2010-05-20,-30.45,960.125,6.0,275.3978890265252
2010-05-21,-27.2,950.1875,8.0,221.9570216034564
2010-05-22,-24.4,952.8625,,265.3960092650077
2010-05-23,-15.542857142857143,961.8,,221.88959932312832
2010-05-24,-15.5875,961.425,27.6,233.7613436467375
2010-05-25,-16.87142857142857,960.975,,241.88709433197894
2010-05-26,-20.4625,964.1125,21.0,226.00817615773744
2010-05-27,-22.900000000000002,962.6750000000001,3.5,256.720030828644
2010-05-28,-23.271428571428572,966.0625,,287.50809826965576
2010-05-29,-17.133333333333333,967.975,5.0,211.30783462497848
2010-05-30,-14.3625,967.175,,181.23598768961912
2010-05-31,-19.133333333333333,963.5375,,166.54910180677106
2010-06-01,-24.75,968.6999999999999,,168.04178174404677
2010-06-02,-28.05,972.6,5.25,240.0
2010-06-03,-26.15,970.9,3.8,245.2723219467896
2010-06-04,-22.675,962.4,,245.97983443371902
2010-06-05,-18.8125,963.5500000000001,,221.46811975335356
2010-06-06,-19.85,970.3,,212.229059005734
2010-06-07,-22.4875,963.5125,2.0,226.81152488637042
2010-06-08,-25.614285714285717,960.7857142857143,17.0,176.56089035364118
2010-06-09,-23.65,964.5625,,259.29223677205016
2010-06-10,-17.5,965.75,,217.44657502554352
2010-06-11,-22.614285714285717,962.9875,7.0,246.80932935142187
2010-06-12,-24.475,969.875,4.5,244.95905060793143
2010-06-13,-21.2,966.125,,183.9600291268047
2010-06-14,-21.650000000000002,955.775,,193.32642488094402
2010-06-15,-26.8,956.7428571428571,8.0,187.8022864326871
2010-06-16,-25.400000000000002,967.1857142857143,19.4,180.0
2010-06-17,-24.357142857142858,973.7571428571429,13.4,278.5652321410438
2010-06-18,-22.814285714285713,966.4714285714286,2.0,274.61110329155696
2010-06-19,-25.6125,954.15,8.333333333333334,153.85932023821212
2010-06-20,-25.0375,957.5625,,229.87567151323483
2010-06-21,-27.6375,956.8625,36.0,244.99999999999997
2010-06-22,-28.3875,957.55,25.5,270.9731137187367
2010-06-23,-24.571428571428573,956.0571428571428,5.5,238.94675178320236
2010-06-24,-23.02857142857143,955.1428571428571,19.0,234.6782974598175
2010-06-25,-18.1375,965.2875,10.5,235.70763632764468
2010-06-26,-11.825,972.125,3.0,230.66561143400503
2010-06-27,-10.9,968.3125,8.5,181.66343608567493
2010-06-28,-17.54285714285714,963.775,7.0,197.51608313982263
2010-06-29,-21.2125,963.9375,8.0,286.71984031679574
2010-06-30,-25.2875,962.125,4.25,229.97723471294142
2010-07-01,-23.271428571428572,962.3,,216.9137154346035
2010-07-02,-26.975,961.8875,3.0,172.43779056980813
2010-07-03,-26.15,963.5875,3.5,176.00034355565253
2010-07-04,-24.3,958.4375,6.0,272.1466925396211
2010-07-05,-27.1,951.475,5.5,242.23631739971273
2010-07-06,-22.933333333333334,955.975,,183.61201663429196
2010-07-07,-18.625,950.7,,242.761223176973
2010-07-08,-15.525,945.05,,249.51817237911237
2010-07-09,-18.25,956.5428571428572,9.0,221.96912658029058
2010-07-10,-21.614285714285717,957.575,,202.35708881488057
2010-07-11,-20.575,959.6625,,238.09733247695218
2010-07-12,-20.825,961.9125,,243.76134364673752
2010-07-13,-23.099999999999998,961.4625,24.0,237.50415444218567
2010-07-14,-24.1375,967.8875,,241.26036719681053
2010-07-15,-29.075,961.2625,3.0,207.6236405456816
2010-07-16,-31.457142857142856,953.3285714285714,9.0,174.1835083973335
2010-07-17,-35.775,951.85,3.0,188.1912702075512
2010-07-18,-37.4375,957.7375,5.0,283.28529389627903
2010-07-19,-34.266666666666666,952.275,5.0,248.61927440492622
2010-07-20,-21.933333333333334,941.9499999999999,29.0,247.7624673520499
2010-07-21,-20.55,940.9125,,187.97194287680986
2010-07-22,-21.3875,950.5125,5.0,273.87862266457057
2010-07-23,-23.7,943.6999999999999,,185.4512585160761
2010-07-24,-23.6375,943.5875,19.0,198.02725051891133
2010-07-25,-27.0125,954.6375,9.0,188.5159458562412
2010-07-26,-25.771428571428572,959.925,12.0,190.0
2010-07-27,-24.599999999999998,962.6375,,232.71786206362796
2010-07-28,-26.025,965.6375,,180.0
2010-07-29,-28.842857142857145,966.675,1.0,163.86019523030814
2010-07-30,-31.4125,954.9625,,171.99511928850873
2010-07-31,-29.37142857142857,968.6714285714286,6.25,222.87072864945316
2010-08-01,-29.825,969.4,2.5,262.5071166060292
2010-08-02,-27.725,955.7375,29.0,242.4856206933007
2010-08-03,-26.95,946.9625,,270.9082911094406
2010-08-04,-18.075,940.2625,,225.6377486253398
2010-08-05,-22.0,957.425,,226.17044531198837
2010-08-06,-15.325,961.7875,25.0,185.0191112475166
2010-08-07,-17.275,969.175,24.0,186.02741270970267
2010-08-08,-20.65,964.525,4.0,224.1088546635529
2010-08-09,-22.3,956.3125,,234.69755851825613
2010-08-10,-23.1125,957.575,14.0,186.54910180677103
2010-08-11,-20.0,952.6375,,237.7783121298134
2010-08-12,-26.52857142857143,955.3142857142857,,185.72233732934595
2010-08-13,-33.84285714285714,945.7428571428571,7.4,175.67565190560626
2010-08-14,-30.02857142857143,963.4571428571428,15.0,193.8898230644749
2010-08-15,-23.580000000000002,963.9166666666666,,262.15551626908257
2010-08-16,-15.0,963.0625,,212.78869813668916
2010-08-17,-23.816666666666666,942.4625,,188.58216105048308
2010-08-18,-27.7,942.825,,181.197338245377
2010-08-19,-24.5125,947.875,,229.37047300815823
2010-08-20,-22.24285714285714,950.3875,40.5,242.49523127846336
2010-08-21,-24.62857142857143,962.2285714285715,17.0,229.8384417777252
2010-08-22,-26.05,968.6857142857143,9.5,185.63958751723925
2010-08-23,-23.400000000000002,970.4571428571428,21.5,177.54147861258375
2010-08-24,-26.714285714285715,959.2142857142857,14.0,215.9481968422905
2010-08-25,-23.7,971.5428571428572,28.0,188.59477766017622
2010-08-26,-25.2625,974.0375,10.0,195.45770095342357
2010-08-27,-24.55,976.8125,,264.77725568965315
2010-08-28,-26.6625,974.275,3.0,284.93209614290924
2010-08-29,-30.042857142857144,960.0125,11.5,181.13351570191503
2010-08-30,-28.82857142857143,961.4142857142857,7.0,299.30428175754867
2010-08-31,-31.314285714285713,966.1285714285714,2.0,177.31631749142593
2010-09-01,-31.287499999999998,965.6375,5.666666666666667,191.80068748281025
2010-09-02,-26.75714285714286,958.1999999999999,5.5,266.91314394644587
2010-09-03,-20.12857142857143,957.225,,227.87242758183282
2010-09-04,-20.533333333333335,971.2625,,182.0907295887594
2010-09-05,-26.45,963.625,5.0,278.65646117670735
2010-09-06,-30.45714285714286,938.625,8.5,164.04615357608589
2010-09-07,-28.35,957.9,14.0,189.18931717529213
2010-09-08,-26.1625,957.6875,28.0,234.1607447413253
2010-09-09,-25.8625,938.0375,,235.79022027328634
2010-09-10,-28.05,967.8375,,206.26210693106208
2010-09-11,-28.925,979.425,2.8,184.40350450294298
2010-09-12,-29.7,967.1125,16.0,179.19662156473387
2010-09-13,-33.3,957.875,,171.67043694469768
2010-09-14,-30.9875,962.375,13.0,206.2302079898244
2010-09-15,-23.6375,968.075,2.6666666666666665,281.4676099801384
2010-09-16,-18.225,970.725,4.0,221.0031963273876
2010-09-17,-19.65,968.4875000000001,18.5,202.69390446361558
2010-09-18,-22.7,968.75,,168.88310535800662
2010-09-19,-25.425,967.1125,,175.97793277528316
2010-09-20,-22.875,964.35,,175.0
2010-09-21,-17.325,964.2375,27.0,185.0
2010-09-22,-15.657142857142857,972.4571428571428,7.0,226.684853325894
2010-09-23,-16.75,982.05,1.5,280.4888574033731
2010-09-24,-19.085714285714285,978.575,5.0,213.5461637168511
2010-09-25,-23.7,978.8125,,324.3737004247386
2010-09-26,-27.1875,982.1,,
2010-09-27,-30.675,984.4,,325.0
2010-09-28,-28.3875,979.4875,,
2010-09-29,-22.98,968.35,6.333333333333333,196.05396171360164
2010-09-30,-22.385714285714283,956.4875,5.333333333333333,272.61816417919215
2010-10-01,-19.585714285714285,961.3571428571429,,223.29504672941675
2010-10-02,-17.85,963.9875,,185.98319194798694
2010-10-03,-16.3875,962.8375,,250.83459837710114
2010-10-04,-14.9875,961.5625,,214.03851197160677
2010-10-05,-15.65,965.8375,15.0,197.90722390274536
2010-10-06,-14.6375,974.6375,,261.0463260594538
2010-10-07,-11.914285714285715,981.05,11.333333333333334,183.66532473543023
2010-10-08,-12.7,977.1125,3.0,278.94675178320233
2010-10-09,-14.1125,963.1625,,188.291639621073
2010-10-10,-20.642857142857142,956.075,20.0,219.14300592296073
2010-10-11,-22.8625,954.0875,5.666666666666667,199.14648610285076
2010-10-12,-17.6375,949.8125,,248.46412431729436
2010-10-13,-15.075000000000001,957.8375,,188.34736539017192
2010-10-14,-14.85,965.5500000000001,15.0,201.57926225241974
2010-10-15,-16.1,964.35,,250.09373001722508
2010-10-16,-17.8,955.2875,8.25,209.9710962818338
2010-10-17,-17.757142857142856,961.2857142857143,5.0,190.47731224959293
2010-10-18,-18.942857142857143,967.1142857142858,,236.0136145065406
2010-10-19,-18.9625,965.15,2.75,275.1873960198754
2010-10-20,-15.6375,961.8875,3.0,253.9834733697137
2010-10-21,-12.8125,958.45,,217.8122627436962
2010-10-22,-11.950000000000001,959.225,3.0,250.61547299688823
2010-10-23,-14.6875,956.1625,8.0,224.1486327314024
2010-10-24,-16.766666666666666,957.0999999999999,9.5,193.25189609919298
2010-10-25,-18.2625,963.3875,5.0,256.3855235522941
2010-10-26,-19.375,963.1,3.0,171.88800129016713
2010-10-27,-21.625,955.1875,1.875,311.3760182657943
2010-10-28,-19.9,956.8875,3.0,168.11644162725307
2010-10-29,-13.775,963.7125,9.5,303.10520480365386
2010-10-30,-16.075,961.675,7.0,298.06112093278114
2010-10-31,-11.22,950.1375,10.0,257.96706020164527
2010-11-01,-13.366666666666667,947.0428571428572,23.0,198.68505852130207
2010-11-02,-13.35,961.9125,18.333333333333332,181.25059068742527
2010-11-03,-11.35,968.6,13.0,222.15191604249807
2010-11-04,-10.9375,970.625,20.0,172.67794074040432
2010-11-05,-11.825,972.875,24.0,195.83165064559256
2010-11-06,-8.642857142857142,964.3571428571429,15.0,233.4694395336094
2010-11-07,-6.5375,955.3125,21.0,241.58630907549448
2010-11-08,-7.3,968.4142857142857,17.5,192.6493589644533
2010-11-09,-5.683333333333334,974.8142857142857,4.0,258.79397688699686
2010-11-10,-2.0599999999999996,964.76,10.0,244.2813132920059
2010-11-11,-4.0625,957.4625,7.333333333333333,244.02971332617875
2010-11-12,-2.9714285714285715,958.7285714285715,1.5,209.38112480318418
2010-11-13,-7.8,957.3714285714286,5.0,177.7085127490988
2010-11-14,-8.175,958.4125,16.0,172.85360804183316
2010-11-15,-10.15,955.625,23.666666666666668,173.32956305530232
2010-11-16,-9.083333333333334,956.2166666666667,5.4,215.82441007344255
2010-11-17,-8.116666666666667,962.1,6.4,181.63627258837698
2010-11-18,-5.314285714285715,965.157142857143,4.25,276.36513153794806
2010-11-19,-7.8875,961.475,7.0,206.55578842600693
2010-11-20,-10.3125,959.2125,15.666666666666666,172.5047687215366
2010-11-21,-8.7,958.2125,4.0,218.94675178320236
2010-11-22,-7.8875,960.2375,5.0,318.322339243325
2010-11-23,-7.175,962.3125,3.4285714285714284,117.48470874433853
2010-11-24,-7.6125,962.4625,6.25,301.682358901247
2010-11-25,-7.8125,962.2,6.666666666666667,300.52695386326644
2010-11-26,-7.95,961.8625,10.0,175.3868018122502
2010-11-27,-8.625,962.4125,8.333333333333334,161.20934157657726
2010-11-28,-8.0625,954.8375,15.5,220.02678015734352
2010-11-29,-8.6375,952.8125,10.0,162.78350226347138
2010-11-30,-9.4,954.9125,7.5,188.01524072441163
2010-12-01,-8.825,959.025,18.666666666666668,160.38521256478762
2010-12-02,-8.7875,962.125,19.666666666666668,189.42724678571554
2010-12-03,-6.2,965.0125,16.0,166.31216206088484
2010-12-04,-6.0875,968.4625,14.8,160.0
2010-12-05,-5.775,972.6125,15.0,174.92267058862495
2010-12-06,-3.4625,976.15,9.4,173.80454050869875
2010-12-07,-3.1625,985.1125,12.666666666666666,191.19225838841786
2010-12-08,-1.6142857142857143,995.025,3.5,207.48172740930775
2010-12-09,1.542857142857143,993.4625,,271.3068855656027
2010-12-10,2.9714285714285715,973.15,,189.64010682738663
2010-12-11,0.3428571428571429,968.475,3.5,237.14229926277034
2010-12-12,0.17500000000000002,974.9,10.0,172.6939044636156
2010-12-13,-0.8875,977.25,6.666666666666667,233.54441821355277
2010-12-14,-1.4625,975.0375,9.2,162.05124077237323
2010-12-15,-3.125,979.95,4.0,163.45561873219813
2010-12-16,-3.7375,976.35,12.0,321.2408173206672
2010-12-17,-2.2285714285714286,970.5375,2.5714285714285716,99.13541822159817
2010-12-18,-3.4375,974.925,3.625,343.02599769788634
2010-12-19,-3.3285714285714287,972.225,4.285714285714286,337.9726313935302
2010-12-20,-3.4,969.725,6.333333333333333,327.4856206933007
2010-12-21,-2.0625,970.875,4.375,321.84445156004216
2010-12-22,-1.9125,974.25,8.0,331.6447467276537
2010-12-23,-1.7,978.9125,5.0,335.83827236189916
2010-12-24,-2.1625,981.275,5.125,317.6717420962932
2010-12-25,0.16250000000000003,980.9625,5.75,286.1823157062088
2010-12-26,0.9,980.525,13.0,183.7374294132844
2010-12-27,1.5,978.9375,8.0,169.7461050317803
2010-12-28,0.3,980.9875,11.166666666666666,161.05324821679764
2010-12-29,-1.1428571428571428,976.6125,6.8,140.00000000000003
2010-12-30,-3.5375,975.35,7.0,141.41270116041102
2010-12-31,-3.45,975.875,5.75,132.57301294192837
2011-01-01,-1.5625,974.4625,3.5,166.39104929616124
2011-01-02,-1.9875,974.7125,8.8,156.68061005319956
2011-01-03,-3.9875000000000003,973.4625,14.8,173.74701698623116
2011-01-04,-3.25,970.4875,6.0,196.11213944933166
2011-01-05,-2.7625,968.8625,7.2,162.83918962091872
2011-01-06,-2.2875,971.0625,10.4,171.38268417617547
2011-01-07,-3.5625,974.2625,,189.62349441583487
2011-01-08,-4.9875,976.6375,7.75,146.18989925363647
2011-01-09,-3.72,977.2375,2.4,324.9291610063484
2011-01-10,-3.3125,976.325,9.0,201.05324821679767
2011-01-11,-5.7625,980.5375,6.857142857142857,144.20767938548312
2011-01-12,-3.6375,976.3125,6.0,255.58156778406004
2011-01-13,-2.775,972.275,,163.76134364673754
2011-01-14,-3.2624999999999997,977.9125,15.5,166.2625705867156
2011-01-15,-1.1857142857142857,983.4875,7.5,178.2342232020094
2011-01-16,0.8142857142857143,982.4375,2.0,173.94675178320236
2011-01-17,1.825,985.9,5.5,283.12405164050546
2011-01-18,0.3,986.2,4.25,247.20596861190128
2011-01-19,-1.475,985.9,3.0,162.2885516737879
2011-01-20,-1.7375,982.875,4.6,296.17650652787955
2011-01-21,-2.1285714285714286,978.35,2.8,262.9331747674107
2011-01-22,-5.7,972.9875,14.75,180.0
2011-01-23,-6.9625,974.9375,12.0,180.0
2011-01-24,-4.542857142857143,974.575,4.75,326.3713531748105
2011-01-25,-7.975,974.3375,16.5,172.49523127846342
2011-01-26,-9.9125,980.85,19.2,165.0
2011-01-27,-6.371428571428572,981.3125,2.0,149.51832410491636
2011-01-28,-4.2749999999999995,974.4875,4.666666666666667,213.73789306893795
2011-01-29,-5.742857142857143,973.825,2.75,147.89873471475727
2011-01-30,-8.1625,977.7375,20.666666666666668,180.0
2011-01-31,-5.575,979.4625,3.25,222.01411784385934
2011-02-01,-4.7125,977.1,4.25,189.11619035208946
2011-02-02,-6.6125,972.85,5.333333333333333,201.0897212269577
2011-02-03,-8.5625,973.8,18.75,174.2965283525996
2011-02-04,-7.0625,971.8875,5.333333333333333,275.31223005706124
2011-02-05,-4.683333333333334,970.8125,2.5714285714285716,246.4239337450515
2011-02-06,-5.4,977.125,13.0,194.3673117347159
2011-02-07,-6.9,971.4125,4.0,162.65970887142703
2011-02-08,-7.3875,970.625,21.0,163.7374294132844
2011-02-09,-7.4125,972.725,4.0,210.05358719330863
2011-02-10,-7.2375,966.5625,12.666666666666666,180.15585146381218
2011-02-11,-10.475,973.6,22.6,179.93842216546938
2011-02-12,-8.7625,979.1,,224.22429602605976
2011-02-13,-9.6625,976.2125,18.0,186.24817078386596
2011-02-14,-8.7875,970.725,13.5,176.19545949130125
2011-02-15,-9.125,976.475,10.5,197.4348605360011
2011-02-16,-5.9375,974.025,2.0,255.69339568079425
2011-02-17,-6.0375,962.4125,,205.41825106789003
2011-02-18,-4.875,958.5125,8.666666666666666,169.35029726855805
2011-02-19,-6.6875,969.2875,12.5,183.19995414075422
2011-02-20,-6.014285714285714,969.8,1.0,236.18572359338245
2011-02-21,-8.3375,973.2125,16.0,167.5047687215366
2011-02-22,-6.175,969.5375,,140.0
2011-02-23,-8.1375,967.1875,25.0,166.65344185939722
2011-02-24,-7.75,962.2,5.0,218.96502523306526
2011-02-25,-7.716666666666666,964.6375,3.0,193.42690734383635
2011-02-26,-9.45,971.1,10.0,182.47608381006833
2011-02-27,-9.8,971.275,7.333333333333333,170.0
2011-02-28,-11.4625,971.2125,18.8,164.97448591287406
2011-03-01,-12.2,979.4875,30.0,163.98522522793718
2011-03-02,-13.0,979.9375,4.0,208.6213956834647
2011-03-03,-14.35,967.525,15.75,184.52268775040704
2011-03-04,-14.2,958.975,16.833333333333332,227.4952312784634
2011-03-05,-11.5375,959.3125,2.0,238.6106400911069
2011-03-06,-9.65,966.825,2.6666666666666665,193.99320038544764
2011-03-07,-10.1375,970.1375,19.666666666666668,158.32100024779825
2011-03-08,-12.475,979.0625,15.0,207.07575674605988
2011-03-09,-15.025,979.7875,16.333333333333332,168.04178174404677
2011-03-10,-16.4875,973.05,16.75,182.4661767073769
2011-03-11,-15.45,963.5375,18.0,233.5062230148705
2011-03-12,-16.1125,960.0625,25.0,224.7451516743653
2011-03-13,-16.95,968.1,8.5,183.86309467595567
2011-03-14,-17.0,968.0125,2.25,185.0
2011-03-15,-18.6625,970.4875,4.2,244.23073487567916
2011-03-16,-18.5125,978.9,2.5,312.37245771800923
2011-03-17,-17.7875,977.8375,11.0,267.2342255978433
2011-03-18,-19.4875,979.6,7.666666666666667,170.57887561956977
2011-03-19,-19.9625,981.8,16.0,177.42698705807163
2011-03-20,-20.9125,978.7875,,167.48562069330072
2011-03-21,-13.3875,975.3125,28.0,180.0
2011-03-22,-11.1,978.425,23.0,178.69656740222186
2011-03-23,-11.3,979.4375,14.833333333333334,178.0048807114913
2011-03-24,-10.725,987.2375,,192.2798422705457
2011-03-25,-14.125,992.625,5.0,201.34173354549245
2011-03-26,-13.1375,982.4,12.5,282.3153551478597
2011-03-27,-17.45,981.175,,203.42690734383635
2011-03-28,-18.8625,982.3625000000001,,261.0537366913978
2011-03-29,-16.5875,979.9375,2.0,268.5494379518733
2011-03-30,-19.5,984.55,18.0,190.0767330165697
2011-03-31,-18.9,985.6125,,182.48562069330072
2011-04-01,-19.4,976.775,21.0,217.25021527060463
2011-04-02,-22.2375,979.275,2.0,197.35052669754967
2011-04-03,-21.25,986.6625,5.5,293.29504672941675
2011-04-04,-22.0375,982.0875,6.0,201.52659120562708
2011-04-05,-24.1125,978.725,,183.64025201788593
2011-04-06,-25.0,978.675,17.0,157.27028308879952
2011-04-07,-22.5,982.0,,188.9580939805745
2011-04-08,-25.4375,977.2625,,194.96581926151586
2011-04-09,-24.82857142857143,961.1,,206.09548557527586
2011-04-10,-16.7625,945.8625,10.0,314.7820467386585
2011-04-11,-19.05,961.55,2.0,192.09979135465952
2011-04-12,-18.7625,978.2375,14.5,184.53027601292533
2011-04-13,-15.1875,967.4,7.5,186.86671485150788
2011-04-14,-5.3428571428571425,968.15,,165.02001779609313
2011-04-15,-5.075,982.9,,171.25538450902275
2011-04-16,-7.199999999999999,977.9375,18.0,203.34267804819603
2011-04-17,-13.533333333333333,968.55,,201.5021838659949
2011-04-18,-21.375,974.425,9.6,183.17387625907315
2011-04-19,-21.775,980.825,2.5,215.72403610983204
2011-04-20,-21.875,978.075,2.5,296.2924283074757
2011-04-21,-22.7125,976.4625,3.8,176.79079312293896
2011-04-22,-27.7625,981.5875,2.8333333333333335,181.70495327058325
2011-04-23,-22.771428571428572,982.75,12.0,260.2223719063817
2011-04-24,-24.414285714285715,976.0,4.0,178.37981657360683
2011-04-25,-19.25,974.2,2.0,241.92795022801602
2011-04-26,-15.7625,974.0875,,237.12225766478844
2011-04-27,-20.125,968.625,13.0,178.7397847821148
2011-04-28,-16.0125,970.85,6.5,184.25198353406762
2011-04-29,-15.575,973.275,14.0,190.81766656322108
2011-04-30,-21.8,976.225,,277.72971691120046
2011-05-01,-26.6125,977.95,2.0,150.58213773498917
2011-05-02,-25.0125,976.7125,3.8333333333333335,179.91112861661472
2011-05-03,-26.8,976.05,6.666666666666667,181.25538450902272
2011-05-04,-28.375,974.7375,8.0,171.93246270802496
2011-05-05,-29.3,972.5,2.3333333333333335,217.439240261604
2011-05-06,-27.55,965.4625,,271.41514686300593
2011-05-07,-29.74285714285714,954.875,2.5,211.77728432662965
2011-05-08,-23.05,961.15,19.5,240.0
2011-05-09,-17.5375,958.9375,,200.42100732712942
2011-05-10,-16.728571428571428,969.2,,241.900057337526
2011-05-11,-12.549999999999999,975.1375,,226.68648543829872
2011-05-12,-15.725,972.6,23.0,221.81832931796288
2011-05-13,-17.6125,973.0,,220.2778233513603
2011-05-14,-21.4875,973.425,8.5,197.05323268612182
2011-05-15,-23.85,969.075,1.5,303.1377812784058
2011-05-16,-24.337500000000002,969.5375,3.5,319.9000241190694
2011-05-17,-20.771428571428572,968.5875,12.333333333333334,177.50476872153658
2011-05-18,-20.05,961.3375,28.75,176.25298301376884
2011-05-19,-13.825,946.9125,22.5,186.49221100377886
2011-05-20,-10.5375,943.3625,18.333333333333332,175.29235813326505
2011-05-21,-11.075000000000001,947.2625,,171.3665193090466
2011-05-22,-15.9625,949.65,,210.0
2011-05-23,-21.175,953.825,27.0,240.7092962650874
2011-05-24,-20.2875,958.725,5.0,254.8823109817535
2011-05-25,-22.1,963.65,22.0,195.9669648757849
2011-05-26,-19.9375,957.5875,5.0,226.82880543054986
2011-05-27,-22.2875,956.35,23.0,188.59974846692936
2011-05-28,-25.5625,972.35,20.5,201.4707835535649
2011-05-29,-19.857142857142858,971.625,2.8333333333333335,277.46628280080256
2011-05-30,-21.5,966.5625,4.333333333333333,169.7303023265552
2011-05-31,-16.9,969.1125000000001,,194.38849105224023
2011-06-01,-16.9875,968.3625,,193.168117619502
2011-06-02,-19.075,968.425,14.0,183.7226935351444
2011-06-03,-19.475,965.075,,197.2720107317857
2011-06-04,-19.775,969.3625,24.0,221.10750725644834
2011-06-05,-17.4625,968.9625,5.0,209.41829128270035
2011-06-06,-20.025,962.1375,,195.80337843526613
2011-06-07,-21.014285714285712,965.9375,,200.3047617533342
2011-06-08,-15.428571428571429,958.125,,220.7409382826727
2011-06-09,-12.0625,957.6875,,177.51437930669928
2011-06-10,-15.262500000000001,968.2,,187.29497665778402
2011-06-11,-15.675,970.225,14.0,185.57026966458892
2011-06-12,-15.0125,965.9375,17.0,178.02963394915952
2011-06-13,-14.3875,963.9375,21.0,183.65491451834586
2011-06-14,-15.1375,969.2125,,186.38361912184487
2011-06-15,-11.5375,972.1625,,180.02742627057185
2011-06-16,-9.5,985.95,16.0,198.01015165299663
2011-06-17,-10.425,987.05,,246.16031042851097
2011-06-18,-19.733333333333334,985.3375,18.333333333333332,172.53352564687577
2011-06-19,-19.8875,991.05,12.166666666666666,176.1268974405849
2011-06-20,-21.5375,991.625,6.333333333333333,216.49690616982093
2011-06-21,-24.4625,976.2875,4.0,223.39335214696214
2011-06-22,-28.4125,974.575,,174.92326698343027
2011-06-23,-29.6375,983.6375,12.75,222.92248363999948
2011-06-24,-30.6875,987.8375,1.5,273.4547305126622
2011-06-25,-31.575,974.6625,2.875,271.8456980986092
2011-06-26,-28.625,971.8375,3.3333333333333335,294.61668521798447
2011-06-27,-24.583333333333332,967.7125,4.0,235.0
2011-06-28,-24.599999999999998,973.2875,5.0,218.64444990849736
2011-06-29,-27.7125,976.4250000000001,3.8333333333333335,171.8757318772083
2011-06-30,-31.35,971.5,2.857142857142857,154.7954355427295
2011-07-01,-33.475,966.875,,169.94857824023575
2011-07-02,-28.03333333333333,960.05,1.5,279.7849906110426
2011-07-03,-19.616666666666667,951.7125,,208.43955627200896
2011-07-04,-18.6125,965.425,,185.53303705284668
2011-07-05,-25.5375,959.125,4.0,231.64991286440093
2011-07-06,-27.8,959.3125,14.0,171.26983939365417
2011-07-07,-24.625,972.4,4.0,231.12961817586643
2011-07-08,-20.785714285714285,971.8875,3.0,234.62170271684846
2011-07-09,-22.1375,973.175,5.0,228.86019523030814
2011-07-10,-19.4125,981.1,4.0,201.05324821679764
2011-07-11,-18.9,973.8,2.0,221.66743317572465
2011-07-12,-20.9,959.575,18.0,203.97304304537693
2011-07-13,-22.6625,971.425,9.0,257.3874990977082
2011-07-14,-14.950000000000001,971.9375,1.0,190.25306884734832
2011-07-15,-15.533333333333333,966.6375,13.0,179.2125602491611
2011-07-16,-15.5125,964.9625,,167.99265502050253
2011-07-17,-13.2625,958.625,15.0,211.6226205919231
2011-07-18,-10.242857142857144,960.8875,31.0,211.62953716516097
2011-07-19,-13.15,969.425,,184.3628917921148
2011-07-20,-11.8,973.175,24.0,189.9380386772189
2011-07-21,-16.7,978.6625,,237.53382329262308
2011-07-22,-15.4875,982.3625,,231.28490514836787
2011-07-23,-19.766666666666666,971.5125,18.0,183.11660257416384
2011-07-24,-21.4875,981.4375,6.0,194.01481697457973
2011-07-25,-22.075,983.975,,197.93878610534745
2011-07-26,-18.925,974.25,,178.73506522493253
2011-07-27,-13.5,958.0375,,220.48078067716497
2011-07-28,-12.428571428571429,971.5,19.0,181.12929679146967
2011-07-29,-16.8625,984.0375,18.0,239.13857596235675
2011-07-30,-17.3875,989.6,2.0,186.25191647536334
2011-07-31,-12.2,984.7875,,176.66485044982167
2011-08-01,-9.575,991.95,23.0,167.1348372616616
2011-08-02,-7.7375,1004.4625,23.0,175.0
2011-08-03,-10.683333333333332,1004.9875,4.0,166.91235977121718
2011-08-04,-14.316666666666668,998.2875,,278.61273172846734
2011-08-05,-17.0,983.65,,258.70069412619426
2011-08-06,-22.8125,968.7375,2.6666666666666665,230.0
2011-08-07,-24.7,967.1,4.25,172.30475588615113
2011-08-08,-25.2,972.0,4.25,283.05299772466003
2011-08-09,-27.6125,976.675,3.75,256.684853325894
2011-08-10,-22.516666666666666,988.65,4.666666666666667,278.6456268480716
2011-08-11,-15.75,972.2,1.0,237.32513941191556
2011-08-12,-22.816666666666666,968.0625,3.0,193.22271567337032
2011-08-13,-17.3375,981.6875,2.0,172.9547315440704
2011-08-14,-16.475,987.9625,19.0,224.4018063851428
2011-08-15,-24.525,980.8125,17.25,168.77981329380316
2011-08-16,-24.05,977.2375,21.0,230.45013386762415
2011-08-17,-25.74,975.1875,7.0,208.72471939630248
2011-08-18,-27.3,974.5875,10.0,171.40025153307062
2011-08-19,-30.1125,974.3625,10.0,224.99999999999997
2011-08-20,-30.7375,962.425,2.3333333333333335,309.57906629793393
2011-08-21,-29.042857142857144,963.275,,215.80502136727256
2011-08-22,-23.042857142857144,963.4125,9.0,303.65491451834583
2011-08-23,-14.162500000000001,941.4625,,198.65826645450755
2011-08-24,-16.714285714285715,955.0875,32.0,181.9951192885087
2011-08-25,-15.537500000000001,963.525,13.0,176.8168769650273
2011-08-26,-16.45,957.85,,248.77323321587045
2011-08-27,-14.9,952.775,6.5,267.4005261227529
2011-08-28,-17.95714285714286,963.85,7.333333333333333,185.49525829901796
2011-08-29,-14.7125,971.4875,,174.77390944520602
2011-08-30,-13.1,968.4875,,189.66051986835603
2011-08-31,-12.5375,967.425,,185.4199192147778
2011-09-01,-12.075,967.825,21.0,197.3980114384157
2011-09-02,-13.571428571428571,969.875,25.0,189.92267058862495
2011-09-03,-15.742857142857144,975.3625,,217.7470378322343
2011-09-04,-19.228571428571428,977.3125,4.0,228.2077538248917
2011-09-05,-21.9125,985.5625,3.0,257.65970887142703
2011-09-06,-25.0875,979.35,3.0,208.1871930141913
2011-09-07,-25.95,974.6,18.0,182.47578613787584
2011-09-08,-23.0,971.8375,26.0,180.0
2011-09-09,-14.8125,968.75,14.0,179.9496120230865
2011-09-10,-11.1125,976.0875,23.5,165.0191112475166
2011-09-11,-11.55,981.1625,19.5,171.67043694469768
2011-09-12,-13.2,978.825,18.6,176.00244393710275
2011-09-13,-18.3875,977.325,,185.4512585160761
2011-09-14,-17.0,976.5375,,241.3095686840398
2011-09-15,-27.15,979.4375,,176.0183344512081
2011-09-16,-25.8125,986.3375,4.4,188.4775300535391
2011-09-17,-26.0375,988.425,1.8,324.2977348771111
2011-09-18,-28.1375,976.5125,3.3333333333333335,216.72778840210503
2011-09-19,-29.1375,978.9375,2.6,288.43665151409175
2011-09-20,-30.6625,974.7875,2.5,171.46207968536362
2011-09-21,-33.1625,979.575,1.8333333333333333,180.0399094475468
2011-09-22,-20.424999999999997,969.6125,,213.0485666721302
2011-09-23,-28.400000000000002,970.475,,171.22186457651728
2011-09-24,-32.275,977.5125,,216.03093727844774
2011-09-25,-29.5375,964.15,5.25,316.67043694469766
2011-09-26,-30.22,961.525,7.0,311.67043694469766
2011-09-27,-14.699999999999998,960.175,10.0,208.764243237957
2011-09-28,-18.9,967.3125,13.0,182.06229446529565
2011-09-29,-20.5,974.1375,,197.2720107317857
2011-09-30,-25.4875,974.7,,209.74680055899216
2011-10-01,-23.1625,973.9375,8.0,289.3728727758807
2011-10-02,-16.533333333333335,959.3375,,308.1692901192997
2011-10-03,-19.157142857142855,968.0125,,278.1377812784058
2011-10-04,-16.3625,959.05,1.5,9.095499316711699
2011-10-05,-20.775,973.0,14.0,172.47608381006833
2011-10-06,-11.6625,981.8875,16.0,173.7374294132844
2011-10-07,-9.228571428571428,984.6125,23.4,201.86090136653684
2011-10-08,-11.071428571428571,975.0375,40.0,221.4969061698209
2011-10-09,-18.685714285714287,975.3375,2.5,275.596495497057
2011-10-10,-19.325,967.6375,14.333333333333334,171.67043694469768
2011-10-11,-19.525,967.025,22.0,184.48970527959693
2011-10-12,-20.1375,962.25,3.5,191.03887607029384
2011-10-13,-17.1875,956.1625,26.0,214.44095502568632
2011-10-14,-22.880000000000003,952.3375,10.0,217.35917334031578
2011-10-15,-20.8625,959.95,33.0,229.20598986635392
2011-10-16,-15.485714285714286,964.625,,243.22616307112324
2011-10-17,-21.685714285714287,966.825,7.0,192.95035949696168
2011-10-18,-23.05,959.5,4.5,315.44284633952117
2011-10-19,-23.9875,957.625,2.4,178.99089074948975
2011-10-20,-19.514285714285712,956.925,9.0,297.43892912844956
2011-10-21,-18.8625,958.4375,18.0,184.6914094499049
2011-10-22,-18.7,960.0875,6.5,275.8492098733969
2011-10-23,-20.0125,958.2875,4.0,170.93802906795497
2011-10-24,-16.9625,953.1125,3.0,298.7270431616644
2011-10-25,-16.614285714285714,959.2624999999999,11.5,205.06035845682484
2011-10-26,-12.15,960.425,,168.74461549097725
2011-10-27,-10.5375,963.4,,188.21744469399127
2011-10-28,-14.3375,966.875,19.0,179.70396941850436
2011-10-29,-16.2,966.5625,8.0,185.58849789112105
2011-10-30,-15.55,968.8125,16.0,230.64340508036497
2011-10-31,-17.9875,968.0,20.0,176.2625705867156
2011-11-01,-10.700000000000001,968.975,21.666666666666668,178.32956305530232
2011-11-02,-9.925,980.1625,,176.65344185939722
2011-11-03,-11.3125,994.2,25.0,182.27984227054569
2011-11-04,-10.475,992.9125,3.0,219.12060021818343
2011-11-05,-7.3625,987.5,14.0,173.751829216134
2011-11-06,-7.3375,981.7714285714285,,184.65129010075702
2011-11-07,-6.575,982.725,23.0,173.32956305530232
2011-11-08,-5.214285714285714,976.4,,181.63627258837698
2011-11-09,-6.825,971.6375,12.333333333333334,185.74657732420877
2011-11-10,-6.5375,971.6375,,184.1949786327274
2011-11-11,-9.025,969.825,25.0,186.60823648093043
2011-11-12,-7.3625,968.1875,3.0,235.8764885558857
2011-11-13,-6.6125,975.1,15.0,191.15899807323984
2011-11-14,-3.5,977.75,,258.7895903926923
2011-11-15,-2.5625,978.1999999999999,1.75,258.19585082262216
2011-11-16,-5.2625,978.45,2.0,162.45664153834517
2011-11-17,-6.8875,980.0125,7.0,195.38551319591974
2011-11-18,-8.4875,976.1375,2.5,297.33641147614185
2011-11-19,-9.3375,971.7125,,236.85003619499338
2011-11-20,-8.9375,970.675,,304.1959257411878
2011-11-21,-7.3,964.9625,3.0,194.4921192931286
2011-11-22,-7.5625,965.675,12.0,275.81865136594894
2011-11-23,-5.925,961.5375,5.0,257.6945281002638
2011-11-24,-6.7,960.825,17.0,160.0
2011-11-25,-8.4625,969.5,19.2,167.90625130863214
2011-11-26,-5.2,969.225,,193.5704592155545
2011-11-27,-4.4375,967.7875,14.5,171.27478218801605
2011-11-28,-3.4749999999999996,961.9875,9.5,184.2117415006236
2011-11-29,-4.15,955.2,4.333333333333333,182.2544571761735
2011-11-30,-5.1125,956.7875,10.6,188.5910550468186
2011-12-01,-5.983333333333333,955.225,3.8,343.29504672941675
2011-12-02,-3.9,953.05,3.4285714285714284,289.6031954523828
2011-12-03,-3.625,956.125,11.0,179.96118673321118
2011-12-04,-3.2375,963.4625,9.5,181.4989404482917
2011-12-05,-3.1875,962.325,5.0,200.61540454505177
2011-12-06,-2.9,955.475,3.5,304.634562368955
2011-12-07,-2.35,955.0875,,179.5178008558421
2011-12-08,-3.1875,959.3625,4.666666666666667,157.99627131397762
2011-12-09,-4.7375,957.675,6.0,308.9697193456977
2011-12-10,-4.525,955.3375,9.333333333333334,171.51394083038608
2011-12-11,-5.5625,960.1,14.166666666666666,166.5226590604387
2011-12-12,-4.425,965.625,3.6,168.45964322787665
2011-12-13,-5.0625,963.625,9.25,165.07915640854924
2011-12-14,-4.614285714285714,962.8125,4.428571428571429,325.34297033014224
2011-12-15,-5.324999999999999,963.5375,4.0,190.0595020332497
2011-12-16,-6.6375,969.0875,11.666666666666666,160.2851080645611
2011-12-17,-5.1875,971.825,5.0,319.4604987574746
2011-12-18,-5.8875,977.1875,3.0,187.6153768927016
2011-12-19,-5.8375,971.3,6.333333333333333,230.91473299729688
2011-12-20,-4.542857142857143,961.0625,,269.36035773697756
2011-12-21,-2.725,959.9,5.0,275.0601642485235
2011-12-22,-3.8375,970.5625,,176.55335490282374
2011-12-23,-2.5124999999999997,963.6125,13.0,285.2356547466878
2011-12-24,-1.65,966.725,4.0,131.05324821679767
2011-12-25,-3.0571428571428574,968.2375,4.2,333.5618135757226
2011-12-26,0.11249999999999999,964.525,3.75,320.22754688153896
2011-12-27,-0.225,966.1125,5.5,156.51509842055984
2011-12-28,-2.8,969.1625,9.4,205.29621643542905
2011-12-29,-1.557142857142857,964.7125,14.0,299.4461879634789
2011-12-30,0.6625,963.8875,3.0,171.689521933909
2011-12-31,-1.975,961.725,4.0,4.489705279596937
2012-01-01,-4.175,963.825,4.0,143.86019523030816
2012-01-02,-2.3,969.325,5.4,238.5444182135528
2012-01-03,-1.9,967.875,7.0,158.26747313143295
2012-01-04,-3.0375,966.975,4.666666666666667,165.0792796215998
2012-01-05,-2.65,961.9375,2.2857142857142856,156.93775883666825
2012-01-06,-1.1714285714285713,957.225,4.333333333333333,291.5079809950581
2012-01-07,-0.3333333333333333,956.0125,2.857142857142857,313.9808369872809
2012-01-08,-0.9125,961.7625,5.0,116.86736892577429
2012-01-09,-0.5,969.25,,168.62111036851405
2012-01-10,0.1875,971.6428571428571,3.0,261.7772843266297
2012-01-11,-2.0,971.375,4.142857142857143,148.65708869335216
2012-01-12,-3.15,968.7,3.8333333333333335,137.97334418923427
2012-01-13,-3.5625,967.4875,5.333333333333333,284.9606433679285
2012-01-14,-2.7,967.8,6.0,228.4694395336094
2012-01-15,-2.125,966.7375,4.8,232.02665581076573
2012-01-16,-4.0375,969.5375,10.6,170.0383687732975
2012-01-17,-3.142857142857143,967.4125,4.166666666666667,337.6811396351255
2012-01-18,-4.3,964.125,2.6666666666666665,144.8028295319878
2012-01-19,-6.428571428571429,966.075,7.25,137.06948848644925
2012-01-20,-4.5875,964.55,6.2,313.9852252279372
2012-01-21,-5.1375,962.6875,7.4,254.76416416290397
2012-01-22,-4.5,961.75,9.0,173.76134364673752
2012-01-23,-4.1625,960.0375,15.0,168.77813542348275
2012-01-24,-7.8,962.55,18.5,166.02741270970267
2012-01-25,-8.737499999999999,965.475,16.5,172.0445497016862
2012-01-26,-6.2125,964.825,10.25,203.52869176435016
2012-01-27,-4.525,962.725,8.166666666666666,193.99684148833515
2012-01-28,-4.4125,962.3375,5.5,159.77538670047028
2012-01-29,-4.666666666666667,957.7,3.6,314.99855646002777
2012-01-30,-5.4,956.2,3.25,177.52936334402582
2012-01-31,-5.2375,956.8125,12.25,201.3803911007066
2012-02-01,-4.916666666666667,955.075,3.25,162.87377339907556
2012-02-02,-5.5125,959.75,12.0,166.57630831938087
2012-02-03,-4.575,956.975,5.2,246.31899752707403
2012-02-04,-6.4125,957.2375,17.0,186.9366873756322
2012-02-05,-6.525,963.975,9.0,180.0
2012-02-06,-5.175,972.825,4.0,244.24044123098895
2012-02-07,-3.2714285714285714,977.375,,212.81355152935745
2012-02-08,-4.2375,972.475,4.5,237.47468874298744
2012-02-09,-6.1375,972.7875,14.0,180.0
2012-02-10,-6.228571428571429,971.125,1.0,274.4536841602878
2012-02-11,-5.9875,962.7375000000001,5.0,260.70465726466875
2012-02-12,-8.95,971.6125,22.0,173.99755606289725
2012-02-13,-9.0125,988.6625,17.75,176.23865635326248
2012-02-14,-9.6,987.85,19.666666666666668,215.09425876311187
2012-02-15,-10.025,984.175,3.0,214.50927583344748
2012-02-16,-13.1125,981.4625,22.0,171.66196100935926
2012-02-17,-11.6625,977.35,10.666666666666666,186.06113643875045
2012-02-18,-5.5375000000000005,970.5125,4.0,179.65659921630433
2012-02-19,-2.2625,979.725,18.0,166.68751867881826
2012-02-20,-0.19999999999999998,971.675,9.0,172.57301294192837
2012-02-21,-4.714285714285714,968.7,23.0,206.28267120298477
2012-02-22,-8.6125,969.1625,17.0,228.8480877503375
2012-02-23,-8.8,964.4125,27.0,249.88431557980562
2012-02-24,-10.95,963.4875,14.0,207.67683218396587
2012-02-25,-11.7375,972.4125,12.0,171.30343259777814
2012-02-26,-11.12857142857143,976.175,,193.56149764325997
2012-02-27,-11.175,970.625,16.333333333333332,229.92783751281053
2012-02-28,-12.7875,971.3875,10.0,190.86461330802015
2012-02-29,-13.8,970.6875,,253.8588045003445
2012-03-01,-14.8,975.0625,18.25,193.6921653750215
2012-03-02,-14.2625,978.525,14.5,215.0
2012-03-03,-16.1375,976.8874999999999,18.0,180.41220972115642
2012-03-04,-14.1,976.5875,,209.99999999999997
2012-03-05,-14.85,973.875,,244.0241088491195
2012-03-06,-15.2,965.3125,14.0,249.55961954315046
2012-03-07,-15.4,963.8875,19.0,185.8315877681255
2012-03-08,-15.025,966.175,16.0,213.04398439018723
2012-03-09,-14.475,970.3125,15.5,235.0
2012-03-10,-12.5875,968.025,3.25,299.40691105785066
2012-03-11,-9.275,962.8375,4.0,237.5483277762135
2012-03-12,-8.2,960.1625,,215.51517739556758
2012-03-13,-9.8125,966.275,,197.2810886877922
2012-03-14,-10.2625,964.6125,19.0,237.4952312784634
2012-03-15,-11.3375,965.1,16.5,243.53239001986157
2012-03-16,-13.85,967.25,16.75,215.0383687732975
2012-03-17,-17.5125,972.85,19.0,221.8858648030424
2012-03-18,-18.1375,974.725,25.0,250.0
2012-03-19,-19.45,972.0125,,234.00654482651822
2012-03-20,-22.4125,967.0375,8.0,163.32956305530234
2012-03-21,-20.0875,977.3375,9.666666666666666,194.52268775040707
2012-03-22,-19.25,975.7875,,232.73469674155027
2012-03-23,-15.5625,973.7125,,233.46943953360943
2012-03-24,-17.0875,977.8125,7.0,178.71343316498124
2012-03-25,-19.5375,978.7875,12.833333333333334,166.25783248769307
2012-03-26,-19.6125,971.1375,12.5,173.78051780312228
2012-03-27,-16.1875,960.4125,,197.8444837309174
2012-03-28,-12.8375,955.575,11.333333333333334,196.96171032804565
2012-03-29,-12.075,957.825,3.0,205.89512280871378
2012-03-30,-10.7375,964.45,9.5,193.73265548947293
2012-03-31,-12.7125,974.55,14.0,197.55501251072758
2012-04-01,-13.4,979.9,,246.21096777164794
2012-04-02,-15.825,980.775,10.0,220.64237182401925
2012-04-03,-19.912499999999998,984.0125,24.0,253.29504672941675
2012-04-04,-20.875,984.0375,10.0,211.7853573053145
2012-04-05,-22.7625,979.1375,4.666666666666667,188.83511987299045
2012-04-06,-23.725,976.0875,3.8,219.99999999999997
2012-04-07,-25.5,978.1,21.0,258.10520480365386
2012-04-08,-24.6125,980.0,17.0,259.0801574293483
2012-04-09,-23.925,982.3,,256.3868750244601
2012-04-10,-25.0125,970.6,2.0,203.97823222022524
2012-04-11,-22.657142857142855,965.075,,201.6346411025793
2012-04-12,-15.0875,961.575,25.0,232.29094467416428
2012-04-13,-22.575,958.3375,,213.64844530965976
2012-04-14,-25.125,961.0,17.25,221.43476785895615
2012-04-15,-22.0375,967.1125,5.0,310.8697733260463
2012-04-16,-20.97142857142857,970.875,,209.24215087799305
2012-04-17,-19.3625,967.825,6.0,285.99689278522607
2012-04-18,-16.825,963.6625,,243.08839631773344
2012-04-19,-17.625,963.7875,13.0,200.22895035715953
2012-04-20,-21.3125,962.65,1.0,297.0708034237078
2012-04-21,-18.466666666666665,951.95,,251.63801546938015
2012-04-22,-14.125,948.775,,217.23163651953413
2012-04-23,-16.514285714285712,959.0375,,226.38466816396945
2012-04-24,-13.257142857142856,942.725,6.0,236.02924557202
2012-04-25,-13.7125,951.0124999999999,,179.42981391944565
2012-04-26,-14.4,957.75,2.5,240.39539284576983
2012-04-27,-14.1375,968.0625,6.333333333333333,207.47379916297908
2012-04-28,-19.3,974.0124999999999,12.0,183.75182921613404
2012-04-29,-21.1,972.2875,9.666666666666666,189.86720291488712
2012-04-30,-22.575,979.7,9.333333333333334,219.11619035208946
2012-05-01,-23.575,977.4,2.0,226.43476785895615
2012-05-02,-26.8625,962.6625,3.5,186.41710617047903
2012-05-03,-26.025,955.375,,283.1891770813647
2012-05-04,-18.9375,945.5,,246.62642395084083
2012-05-05,-18.285714285714285,951.6375,,211.35453953114268
2012-05-06,-14.957142857142857,955.0875,,245.11600485485832
2012-05-07,-10.428571428571429,951.8375,30.0,209.52135164251953
2012-05-08,-8.5625,972.2625,,190.4390291198815
2012-05-09,-9.362499999999999,976.3125,,225.07793514955645
2012-05-10,-12.299999999999999,974.5,,233.71810999234475
2012-05-11,-8.1625,971.675,,201.59335503865483
2012-05-12,-8.8625,968.425,,223.79525171222755
2012-05-13,-16.175,970.1625,27.0,236.23865635326246
2012-05-14,-17.9375,974.725,,227.6475245005232
2012-05-15,-14.175,972.9125,24.0,181.28907752059197
2012-05-16,-13.2625,970.0125,17.0,186.6875186788183
2012-05-17,-17.2375,978.225,17.0,169.8927648182621
2012-05-18,-17.975,972.425,22.0,181.25538450902272
2012-05-19,-17.8,964.6625,2.0,188.38687298024618
2012-05-20,-18.1125,968.5,3.0,204.66455330342168
2012-05-21,-15.4375,968.3875,28.0,152.52421386212416
2012-05-22,-15.975,969.975,,222.52821218177965
2012-05-23,-18.525,954.375,,241.25059068742527
2012-05-24,-21.96666666666667,943.2375,,236.28189000765522
2012-05-25,-21.775,965.775,,191.8478256719919
2012-05-26,-17.0125,978.275,,180.9659347024581
2012-05-27,-18.925,971.025,,184.11619035208943
2012-05-28,-22.5625,969.675,20.5,167.36925978756997
2012-05-29,-19.975,957.875,25.666666666666668,180.0406247145121
2012-05-30,-18.175,954.9625,,210.86426294916737
2012-05-31,-19.025,959.7875,3.0,303.0893056274414
2012-06-01,-23.2125,962.525,8.0,235.32529732196315
2012-06-02,-25.675,961.9125,14.666666666666666,180.07577963443956
2012-06-03,-24.5,973.8375,,270.8464385458302
2012-06-04,-25.3,970.5,2.75,252.774887380899
2012-06-05,-28.825,961.7375,8.5,220.0816104351314
2012-06-06,-28.7,970.675,23.0,202.16363152642523
2012-06-07,-27.875,979.975,5.2,184.81140781977945
2012-06-08,-28.175,991.775,17.0,170.0
2012-06-09,-26.8375,995.1875,,176.67043694469768
2012-06-10,-26.74285714285714,987.15,28.0,174.02206722471684
2012-06-11,-21.8,990.5625,4.0,232.80498357350083
2012-06-12,-23.233333333333334,994.0375,3.25,306.613846684142
2012-06-13,-18.650000000000002,986.5625,5.5,239.35005762826523
2012-06-14,-13.52,964.5,,233.3295630553023
2012-06-15,-22.085714285714285,961.1875,,207.06153939118622
2012-06-16,-19.016666666666666,968.675,17.0,203.34134297161967
2012-06-17,-13.2,979.6,20.0,182.50476872153658
2012-06-18,-14.440000000000001,973.0625,3.0,212.42698705807163
2012-06-19,-20.066666666666666,962.75,4.0,201.73591596385901
2012-06-20,-24.9375,959.0625,2.0,212.71139802952464
2012-06-21,-26.3125,966.0,3.25,250.49233457379432
2012-06-22,-26.0625,964.3125,19.0,172.5047687215366
2012-06-23,-25.6625,974.7,,206.51434165181354
2012-06-24,-24.4,976.1374999999999,,245.20768095310902
2012-06-25,-22.314285714285713,979.075,,252.0109634205278
2012-06-26,-15.542857142857143,985.9625,1.0,234.98678441312296
2012-06-27,-16.17142857142857,985.3375,2.0,294.47687256469914
2012-06-28,-21.542857142857144,991.0500000000001,,177.31922778921515
2012-06-29,-20.525,998.7875,15.0,161.47203844889168
2012-06-30,-18.6875,996.2,3.0,11.954634416791269
2012-07-01,-22.116666666666664,991.5125,5.0,252.80178197130425
2012-07-02,-22.057142857142857,982.9375,3.5,197.39615952344548
2012-07-03,-24.3,987.55,7.5,180.8415469795485
2012-07-04,-24.5125,990.3125,3.8333333333333335,295.38946605803176
2012-07-05,-28.975,981.7875,6.0,184.67069510677953
2012-07-06,-32.2625,973.525,5.2,170.0
2012-07-07,-31.0875,976.225,4.0,185.67565190560623
2012-07-08,-28.6875,977.0375,1.8,243.30445063288613
2012-07-09,-23.7625,965.875,6.0,309.6078954004354
2012-07-10,-18.37142857142857,959.6875,11.0,164.24367305745804
2012-07-11,-22.175,965.0875,14.25,212.9164024224016
2012-07-12,-23.142857142857142,957.4625,,215.87394172511483
2012-07-13,-25.05,957.775,3.3333333333333335,345.0904502484991
2012-07-14,-28.8375,960.225,,180.0
2012-07-15,-29.3375,962.3375,5.0,259.8138218333111
2012-07-16,-26.0875,954.2125,3.5,236.23112772612836
2012-07-17,-26.225,955.1125,10.666666666666666,223.94675178320236
2012-07-18,-26.225,956.0,5.0,292.9331370107937
2012-07-19,-27.03333333333333,957.3875,22.0,185.52290165765197
2012-07-20,-25.45,959.2375,24.0,184.5205229279034
2012-07-21,-23.425,954.4125,,254.03624346792645
2012-07-22,-25.683333333333334,954.2375,,180.20776859411254
2012-07-23,-25.485714285714288,956.6,,256.03997087319533
2012-07-24,-21.3625,965.5125,12.0,189.7938254875655
2012-07-25,-18.657142857142855,963.025,,202.1466925396211
2012-07-26,-20.0625,963.1125,,199.58394033469077
2012-07-27,-18.485714285714288,963.8625,3.0,218.055238341366
2012-07-28,-17.95,963.075,10.0,217.76333867484138
2012-07-29,-24.857142857142858,959.2125,16.5,187.1551562204364
2012-07-30,-27.0875,957.1375,1.0,192.55685718930266
2012-07-31,-25.1875,965.4,2.0,209.01680805201303
2012-08-01,-25.3875,967.6,21.5,232.86516273833837
2012-08-02,-17.75,965.8625,,216.79079312293896
2012-08-03,-18.5,966.5375,32.0,244.76684751106478
2012-08-04,-20.7,959.7875,,234.00654482651822
2012-08-05,-22.9875,963.6125,,224.53642481880232
2012-08-06,-20.583333333333332,968.3125,,196.61218873834642
2012-08-07,-24.714285714285715,979.8625,29.0,248.02963394915952
2012-08-08,-17.02857142857143,970.325,,245.39827154920516
2012-08-09,-28.349999999999998,977.65,,204.32507727496224
2012-08-10,-29.6,985.0375,1.0,204.61702385928157
2012-08-11,-28.325,978.875,,175.0
2012-08-12,-31.05,968.325,,192.16809314481287
2012-08-13,-32.1625,966.3375,13.0,165.28819019406444
2012-08-14,-30.9375,962.825,12.2,191.0902408016557
2012-08-15,-29.82,958.1375,,298.40682149179065
2012-08-16,-29.52,970.2125,,170.86559905705502
2012-08-17,-29.660000000000004,974.35,4.0,193.662639861804
2012-08-18,-32.0125,966.8875,13.0,171.25538450902275
2012-08-19,-28.6875,959.7125,21.0,177.50476872153658
2012-08-20,-26.3125,962.425,13.5,228.10520480365386
2012-08-21,-20.9,947.175,3.0,206.53056046639057
2012-08-22,-15.0,954.8125,31.0,178.72521781198395
2012-08-23,-15.299999999999999,963.65,,175.05762515785318
2012-08-24,-18.4125,958.85,33.0,163.76134364673754
2012-08-25,-15.142857142857142,977.6875,23.0,173.98522522793718
2012-08-26,-23.2625,978.0125,11.5,194.40439269494075
2012-08-27,-29.0,978.05,10.0,228.79650170240666
2012-08-28,-24.833333333333332,975.825,5.333333333333333,283.94716394673645
2012-08-29,-21.5375,974.7375,14.333333333333334,197.27028308879952
2012-08-30,-20.025,967.9625,3.5,268.6818092508789
2012-08-31,-17.2875,966.9875,,233.1686088130319
2012-09-01,-15.2875,971.575,,255.15414632807693
2012-09-02,-17.724999999999998,967.55,,211.62829307773896
2012-09-03,-19.9375,963.05,,274.035293314676
2012-09-04,-19.15,966.7375,16.5,183.6511501197773
2012-09-05,-21.9,968.55,2.3333333333333335,217.8564255385501
2012-09-06,-25.65,970.1375,6.0,176.23865635326248
2012-09-07,-26.125,971.625,,176.67043694469768
2012-09-08,-26.1875,969.8125,5.0,316.70495327058325
2012-09-09,-28.0625,968.95,5.25,171.0573496122303
2012-09-10,-25.95,969.975,25.0,173.99755606289725
2012-09-11,-20.45,963.9625,29.4,171.2505906874253
2012-09-12,-16.1125,957.5375,20.0,176.65344185939722
2012-09-13,-16.6125,954.1625,,210.75487493854126
2012-09-14,-16.5625,957.1,3.0,231.58380947124456
2012-09-15,-18.3375,963.7,2.5,182.73973789143233
2012-09-16,-20.8,962.775,8.0,216.57011121337604
2012-09-17,-23.9125,959.325,23.0,178.0048807114913
2012-09-18,-25.85,956.0,4.0,196.9518913235391
2012-09-19,-23.375,956.075,7.0,233.55966818517703
2012-09-20,-22.6375,960.75,,209.32939109950578
2012-09-21,-19.2875,972.4625,35.5,238.8360198649492
2012-09-22,-15.016666666666666,985.325,,213.1350897960593
2012-09-23,-17.0875,976.4625,,198.19759899870655
2012-09-24,-14.24,967.9375,,208.32956305530232
2012-09-25,-20.571428571428573,971.0875,26.0,224.23073487567916
2012-09-26,-22.6625,972.0875,,183.9932003854476
2012-09-27,-24.8,975.025,2.6666666666666665,200.38634719979555
2012-09-28,-26.6125,964.85,3.0,201.1914006227249
2012-09-29,-25.8375,953.225,3.0,236.9122733687517
2012-09-30,-23.5125,954.4375,2.2,247.19821802869572
2012-10-01,-23.2125,961.375,2.6666666666666665,256.47572667432024
2012-10-02,-20.225,960.55,2.75,243.57557350881515
2012-10-03,-16.842857142857145,959.2125,21.0,185.76789775576125
2012-10-04,-17.55,953.625,21.8,202.16569207822857
2012-10-05,-12.957142857142857,950.35,1.0,220.68731741358184
2012-10-06,-10.9625,955.55,3.0,186.4930978755518
2012-10-07,-14.375,958.475,,175.0
2012-10-08,-14.65,955.9,16.5,193.38134254886572
2012-10-09,-15.125,949.725,1.5,321.7638013214111
2012-10-10,-18.037499999999998,949.1625,15.0,206.2094556794679
2012-10-11,-17.7875,955.7625,,246.70928981753275
2012-10-12,-19.65,954.675,10.0,195.6385033862318
2012-10-13,-17.5875,958.4625,11.0,183.74701698623116
2012-10-14,-17.35,963.575,,201.01788852101828
2012-10-15,-16.1375,964.1625,,210.94886834608718
2012-10-16,-17.5625,966.65,,257.57954884302563
2012-10-17,-18.1125,976.8125,,230.09312987230103
2012-10-18,-18.3125,980.25,,218.95554811288352
2012-10-19,-16.825,969.125,3.0,220.2944989593248
2012-10-20,-18.1125,960.875,7.0,159.5839403346908
2012-10-21,-14.6625,967.3125,2.5,270.11314869672395
2012-10-22,-13.925,971.475,2.6,268.8444250618697
2012-10-23,-15.4,971.1375,6.0,165.90334260151482
2012-10-24,-16.125,973.5375,12.0,167.53382329262314
2012-10-25,-17.6,972.2875,4.8,299.10652532128086
2012-10-26,-18.25,969.8,1.6666666666666667,150.1596213360797
2012-10-27,-16.825,978.425,12.0,181.29841739955026
2012-10-28,-17.0875,973.1125,5.333333333333333,304.7144141136891
2012-10-29,-17.9875,967.9,3.8333333333333335,176.248170783866
2012-10-30,-15.25,975.0125,8.666666666666666,255.60238700868908
2012-10-31,-16.1125,977.2,9.0,178.74461549097728
2012-11-01,-16.975,982.3875,10.666666666666666,174.96163122670254
2012-11-02,-13.6125,982.8875,,184.76867296544273
2012-11-03,-13.4,981.8125,21.666666666666668,172.47608381006833
2012-11-04,-13.875,981.2375,13.5,168.95409805651417
2012-11-05,-14.225,977.9,5.0,184.7668475110648
2012-11-06,-11.3125,974.65,6.666666666666667,308.0417817440468
2012-11-07,-13.6875,970.725,5.5,215.0
2012-11-08,-11.9625,982.2375,10.8,203.10520480365383
2012-11-09,-10.5,979.7625,4.0,199.7932092329835
2012-11-10,-12.925,977.6375,6.0,178.77813542348275
2012-11-11,-11.2375,980.1,3.0,163.32353130559716
2012-11-12,-11.2125,981.9625,2.0,229.72150160470875
2012-11-13,-9.4625,972.8875,6.5,245.52312743530086
2012-11-14,-8.325000000000001,968.3,5.333333333333333,175.5617617118847
2012-11-15,-3.7375,969.3625,8.0,185.962448463821
2012-11-16,-8.4,976.4375,,248.65070770389804
2012-11-17,-8.4625,970.7625,9.0,192.07080342370782
2012-11-18,-7.75,969.8375,13.0,190.1419866423891
2012-11-19,-8.0875,968.175,7.0,186.2625705867156
2012-11-20,-6.75,968.2125,5.0,243.67681046097965
2012-11-21,-4.95,973.0875,4.0,219.30768537846222
2012-11-22,-3.9125,977.975,2.0,173.56193340331245
2012-11-23,-6.175,975.825,3.5,292.86428374446444
2012-11-24,-6.825,970.5875,3.5,295.64340508036497
2012-11-25,-7.8125,969.175,10.0,180.0
2012-11-26,-8.025,970.9285714285714,18.0,186.82166950413801
2012-11-27,-6.5,974.4375,1.75,1.7961311634812593
2012-11-28,-6.2875,972.2625,10.0,197.61634740028072
2012-11-29,-6.3875,969.75,10.333333333333334,172.82498212592674
2012-11-30,-6.8875,968.9875,2.75,165.5521960094726
2012-12-01,-6.3125,972.1375,4.2,308.23619867858883
2012-12-02,-5.6499999999999995,974.15,1.8333333333333333,84.51534147709522
2012-12-03,-3.3857142857142857,970.4875,3.75,281.3429113066478
2012-12-04,-3.6374999999999997,967.35,,190.96565876073976
2012-12-05,-0.375,968.0375,6.333333333333333,206.48118924257088
2012-12-06,0.12000000000000002,968.0375,3.1666666666666665,289.0973205680853
2012-12-07,-0.2714285714285714,968.9125,1.5,174.65867646386732
2012-12-08,-1.4375,970.7,4.5,170.0
2012-12-09,-1.7428571428571427,972.9375,4.0,130.5234298502229
2012-12-10,-2.95,973.125,4.666666666666667,344.89054772210767
2012-12-11,-2.7857142857142856,972.55,3.0,295.84807211187916
2012-12-12,-3.6666666666666665,969.3125,3.25,321.739810327415
2012-12-13,-2.65,975.1125,3.75,310.84108550151365
2012-12-14,-3.2375,977.075,4.5,330.1170453495363
2012-12-15,-3.4,978.4625,4.875,323.9560516017011
2012-12-16,-3.5285714285714285,979.2875,2.75,359.36234016205793
2012-12-17,-5.7125,979.725,5.0,319.93486723307984
2012-12-18,-4.8875,980.225,4.142857142857143,250.0
2012-12-19,-3.857142857142857,981.2625,7.333333333333333,156.30426585049344
2012-12-20,-3.9375,981.5749999999999,7.166666666666667,327.45046682375073
2012-12-21,-4.3375,974.0125,8.25,173.8583505825929
2012-12-22,-5.275,970.9125,12.75,171.22658427188307
2012-12-23,-6.3375,983.8125,25.0,174.17623264528171
2012-12-24,-4.0,982.8625,6.0,171.40025153307062
2012-12-25,-1.5375,980.95,2.0,187.60812638315107
2012-12-26,-0.15,980.8,16.0,172.47608381006833
2012-12-27,1.5125,980.075,11.333333333333334,197.9635598352154
2012-12-28,0.8285714285714285,976.1125,3.4,163.63418386136422
2012-12-29,0.3625,973.8875,5.5,278.74603120061306
2012-12-30,-0.38749999999999996,973.1125,6.0,194.91078267125323
2012-12-31,-1.6875,972.675,5.333333333333333,20.444632023005816
2013-01-01,-0.8625,975.0375,10.0,307.8363684735747
2013-01-02,-1.075,979.025,2.6,151.50866784565952
2013-01-03,-2.2375000000000003,984.725,3.6666666666666665,356.6056204556108
2013-01-04,-1.0166666666666666,984.9625,4.5,139.48158495211038
2013-01-05,-0.575,976.275,3.4,87.78869813668915
2013-01-06,-2.5125,967.0375,,157.62622017631332
2013-01-07,-2.6,972.225,3.5,298.64118239292657
2013-01-08,-2.5875,977.3125,3.857142857142857,324.6714015243596
2013-01-09,-2.216666666666667,974.225,2.7142857142857144,328.50772266332086
2013-01-10,-2.2714285714285714,973.6875,5.0,94.13756854903157
2013-01-11,-3.425,968.075,5.333333333333333,139.293405820353
2013-01-12,-4.6375,966.075,7.5,185.25649328413795
2013-01-13,-2.7285714285714286,966.3,2.8,285.9147329972969
2013-01-14,-2.2285714285714286,972.4375,3.0,16.536934375381822
2013-01-15,-1.1375,976.45,3.5,302.12201285566687
2013-01-16,-1.775,969.125,4.25,227.56925811513256
2013-01-17,-2.525,971.5625,8.166666666666666,206.97604376721557
2013-01-18,-2.7625,983.05,16.333333333333332,162.51437930669928
2013-01-19,-4.0625,982.45,21.4,170.0
2013-01-20,-3.925,977.1625,,176.01477477206282
2013-01-21,-6.0125,974.175,19.0,172.5622094301919
2013-01-22,-5.1125,971.2625,9.0,214.22644206108336
2013-01-23,-3.525,963.825,5.333333333333333,249.27596389016796
2013-01-24,-3.45,964.65,7.0,281.19299099411404
2013-01-25,-2.55,975.9125,6.0,255.8009886602701
2013-01-26,-4.4125,973.625,29.5,157.48562069330072
2013-01-27,-4.8,972.3875,31.0,175.70226512288886
2013-01-28,-3.675,968.0125,4.25,224.34732325787098
2013-01-29,-4.1625,966.4250000000001,13.0,188.54792264919942
2013-01-30,-3.4375,967.525,8.333333333333334,185.81502198415217
2013-01-31,-5.6875,971.9,8.0,178.41369092450552
2013-02-01,-5.542857142857143,970.025,3.8,228.29504672941675
2013-02-02,-5.175,969.875,3.0,168.5803000547938
2013-02-03,-6.125,968.625,11.0,177.51437930669928
2013-02-04,-9.175,964.9,24.0,170.0
2013-02-05,-10.625,964.6,17.0,180.0
2013-02-06,-10.375,962.775,17.0,178.74940931257473
2013-02-07,-12.125,960.6875,22.6,174.9808887524834
2013-02-08,-10.175,960.0,16.666666666666668,182.53352564687572
2013-02-09,-10.6,960.7375,21.0,178.77813542348275
2013-02-10,-9.8125,964.5,25.0,177.49523127846342
2013-02-11,-9.25,972.5,9.5,220.2483759432123
2013-02-12,-9.714285714285714,973.0125,7.333333333333333,204.48060084896892
2013-02-13,-12.15,973.6875,15.333333333333334,180.0
2013-02-14,-14.2125,974.0625,,184.92267058862495
2013-02-15,-12.875,968.7,12.666666666666666,211.93358824109262
2013-02-16,-10.9125,959.575,15.0,249.09157023277604
2013-02-17,-8.4375,957.9625,12.0,227.4159738735416
2013-02-18,-6.3,965.2,9.666666666666666,192.22216828913312
2013-02-19,-7.3500000000000005,967.5875,13.0,182.36943189002267
2013-02-20,-9.1375,957.4625,,236.72220549539574
2013-02-21,-5.714285714285714,952.875,10.0,241.73586269085388
2013-02-22,-5.9375,954.15,11.8,171.2505906874253
2013-02-23,-6.575,964.6125,8.0,205.2684535353285
2013-02-24,-5.9125,969.35,5.0,269.6227410311251
2013-02-25,-8.0375,969.0875,21.666666666666668,172.41745885201578
2013-02-26,-8.475,964.575,16.0,198.30021341049746
2013-02-27,-12.15,960.3,24.857142857142858,166.23865635326248
2013-02-28,-11.8125,965.6125,16.0,209.34048769262267
2013-03-01,-12.2625,961.425,18.75,199.62660013606313
2013-03-02,-11.9,962.175,14.0,182.39890893842121
2013-03-03,-12.2375,967.1,11.0,197.05097750993951
2013-03-04,-13.875,972.125,13.5,174.0021296794516
2013-03-05,-15.125,962.075,,212.2045824127665
2013-03-06,-14.9375,955.125,1.0,179.8240541594803
2013-03-07,-14.5125,959.7,11.333333333333334,185.53303705284668
2013-03-08,-11.675,960.925,3.0,299.81140781977945
2013-03-09,-10.35,959.875,2.0,269.41072086244725
2013-03-10,-10.914285714285715,960.275,17.0,201.05231697346542
2013-03-11,-12.1375,965.9499999999999,6.0,259.17558992655745
2013-03-12,-10.55,967.8375,4.0,186.6764686944028
2013-03-13,-9.2375,957.6375,,261.5584399374279
2013-03-14,-9.9375,959.3875,,264.9319348086226
2013-03-15,-8.4125,966.825,3.0,187.3548120373591
2013-03-16,-8.45,960.5,8.5,190.0836333707289
2013-03-17,-8.9,948.775,4.0,246.54473259191604
2013-03-18,-7.8,947.1875,,172.11582849872883
2013-03-19,-10.45,961.7375,7.5,177.4958455578143
2013-03-20,-13.975,959.375,23.0,235.0
2013-03-21,-17.25,958.6125,22.333333333333332,228.33830320865604
2013-03-22,-18.7625,967.3125,11.5,215.2426085420693
2013-03-23,-17.2625,975.75,11.0,305.0192580920761
2013-03-24,-16.7125,971.925,,259.9799682066337
2013-03-25,-20.225,962.5875,11.5,162.4470343812785
2013-03-26,-26.85,968.0,15.6,168.80730445011807
2013-03-27,-25.049999999999997,968.2375,7.25,196.62299459717605
2013-03-28,-24.4,960.95,2.5,241.14666302267955
2013-03-29,-24.614285714285717,954.75,7.0,272.4636431014792
2013-03-30,-19.114285714285717,964.525,,171.70495327058325
2013-03-31,-21.775,974.8625,11.666666666666666,72.2702830887995
2013-04-01,-23.95,965.8125,13.333333333333334,199.97539115172412
2013-04-02,-27.075,956.85,6.333333333333333,230.8866190386087
2013-04-03,-26.925,949.15,3.25,278.6969502773228
2013-04-04,-25.3,955.5875,,181.4167503589331
2013-04-05,-20.4,959.0375,3.3333333333333335,249.97162073289812
2013-04-06,-18.3875,958.1,3.0,271.69612446774323
2013-04-07,-18.525,968.9125,3.0,171.05066154559125
2013-04-08,-16.7625,976.125,,275.3217025401825
2013-04-09,-16.2375,963.7625,,222.27984227054569
2013-04-10,-20.057142857142857,963.0625,,252.60384047655452
2013-04-11,-14.316666666666668,961.85,2.0,245.49764457218134
2013-04-12,-20.075,964.2,18.0,204.57003616241425
2013-04-13,-19.987499999999997,967.0375,14.0,204.91766732133985
2013-04-14,-23.6125,974.6875,17.333333333333332,170.0
2013-04-15,-24.7125,979.2375,32.5,171.2505906874253
2013-04-16,-27.7375,979.0375,8.0,174.92326698343027
2013-04-17,-29.7375,972.9625,21.0,175.0
2013-04-18,-28.3,983.0125,10.0,235.0
2013-04-19,-27.95,976.3125,3.0,235.73285908681385
2013-04-20,-28.1125,972.0625,1.0,223.764243237957
2013-04-21,-26.7125,978.25,5.5,170.71333118680496
2013-04-22,-25.75714285714286,981.8125,,283.0251750321438
2013-04-23,-19.075000000000003,970.25,10.0,274.21113028271276
2013-04-24,-19.25,968.35,,193.76494900315396
2013-04-25,-25.75,971.3875,5.0,289.84276498270214
2013-04-26,-26.8875,970.3875,1.0,154.19219663096936
2013-04-27,-25.975,971.225,2.8333333333333335,298.65102703343865
2013-04-28,-24.225,973.275,1.0,111.81280698580868
2013-04-29,-20.15,969.8625,38.0,167.5047687215366
2013-04-30,-16.825,968.5,,163.7470169862312
2013-05-01,-16.55,973.3125,27.5,180.0
2013-05-02,-16.9875,973.3000000000001,,166.00244393710275
2013-05-03,-18.475,971.0625,19.333333333333332,182.4952312784634
2013-05-04,-20.375,973.875,,157.46556254063145
2013-05-05,-22.075,972.3875,2.0,200.2704653159161
2013-05-06,-27.17142857142857,970.625,7.0,174.9807419079239
2013-05-07,-28.375,965.4124999999999,,236.36699021924048
2013-05-08,-26.725,964.925,5.0,277.0256763923133
2013-05-09,-18.45,967.1,13.5,184.605665270695
2013-05-10,-21.883333333333336,967.1375,14.0,194.58279813966928
2013-05-11,-27.6875,973.8875,4.666666666666667,221.06491884371837
2013-05-12,-26.9375,977.9,1.4,210.3429371664535
2013-05-13,-26.725,983.3375,14.0,190.98518302542024
2013-05-14,-24.4,971.875,3.6666666666666665,317.3426671097415
2013-05-15,-21.4125,955.1,2.6666666666666665,224.24044123098898
2013-05-16,-13.625,951.7375,3.5,251.92093386181443
2013-05-17,-10.2625,959.35,10.0,191.21224319255168
2013-05-18,-12.2625,966.7875,19.0,174.9744859128741
2013-05-19,-12.325,968.2571428571429,13.0,195.54507360478985
2013-05-20,-13.45,968.3625,11.5,193.70807323978494
2013-05-21,-16.8,964.675,,242.46617670737686
2013-05-22,-20.5125,964.7625,34.0,227.34955050985184
2013-05-23,-18.05,966.9875,,190.69891279448913
2013-05-24,-14.2125,956.5625,,190.7034281804747
2013-05-25,-14.4375,961.775,12.0,201.47584902466937
2013-05-26,-18.6625,959.3625000000001,4.4,184.83569211278288
2013-05-27,-20.1875,978.9375,13.0,198.59298419442948
2013-05-28,-21.637500000000003,984.2625,9.5,211.51944043610098
2013-05-29,-22.8625,982.55,20.0,168.74940931257473
2013-05-30,-20.85,985.475,,180.0
2013-05-31,-20.5125,978.7125,1.0,241.70495327058322
2013-06-01,-25.075,978.1375,10.75,213.41999936265688
2013-06-02,-23.0,970.0875,3.0,301.834845945979
2013-06-03,-23.95,972.1,17.0,170.19710088591594
2013-06-04,-23.775,977.7375,,190.02755722098038
2013-06-05,-26.5875,981.6,15.0,181.22658427188307
2013-06-06,-28.675,979.3875,13.0,202.58380868318824
2013-06-07,-33.425,978.65,5.0,219.71834751276467
2013-06-08,-34.0375,976.1375,3.0,175.78551115859162
2013-06-09,-32.21666666666667,973.7,,235.89154168010822
2013-06-10,-28.5625,972.3125,22.0,180.0
2013-06-11,-22.25714285714286,968.8,6.0,251.95123970534348
2013-06-12,-17.475,966.575,,192.66763336741303
2013-06-13,-21.442857142857143,972.4,22.0,192.32513941191556
2013-06-14,-20.6,978.7125,17.0,199.13517137666665
2013-06-15,-17.475,977.4875,,212.0808196834584
2013-06-16,-17.6625,974.2,,196.38181800809136
2013-06-17,-16.475,977.825,,186.65344185939722
2013-06-18,-18.1625,987.3125,,181.97036605084048
2013-06-19,-18.15,983.3625,,248.73789306893792
2013-06-20,-13.6375,984.9,4.0,204.08910323304227
2013-06-21,-13.328571428571427,986.4,,229.42302307222724
2013-06-22,-11.2125,981.2,13.0,199.58784721131838
2013-06-23,-17.842857142857145,982.9375,,179.93842216546938
2013-06-24,-18.375,997.775,31.0,170.0
2013-06-25,-13.875,999.575,32.0,180.71912034658422
2013-06-26,-15.8875,992.275,2.5,282.1064964335953
2013-06-27,-22.275,987.375,8.75,171.29841739955026
2013-06-28,-20.9,987.6875,5.666666666666667,196.95937194815568
2013-06-29,-20.928571428571427,984.325,,208.80807637542517
2013-06-30,-17.52857142857143,977.8,,207.54302083138052
2013-07-01,-22.3875,980.2875,14.5,171.22186457651728
2013-07-02,-24.45,983.4375,2.0,348.0098449566485
2013-07-03,-25.9,975.2625,2.3333333333333335,259.4747750032732
2013-07-04,-29.1125,967.3125,4.0,266.29048619816393
2013-07-05,-28.416666666666668,970.7125,2.0,270.29597294137676
2013-07-06,-26.0375,972.3625,4.0,199.67321597294386
2013-07-07,-26.5125,976.8,,184.52755803104094
2013-07-08,-29.6,973.475,6.0,192.51437930669925
2013-07-09,-31.6875,972.325,4.0,171.12080345096692
2013-07-10,-25.4125,985.1375,,177.5047687215366
2013-07-11,-24.825,974.125,19.0,179.9616312267025
2013-07-12,-26.2625,970.375,17.0,201.18543256342292
2013-07-13,-23.6,970.4125,2.0,235.96801003887128
2013-07-14,-21.1375,969.3625,,254.86766170104428
2013-07-15,-22.3625,968.4125,4.0,192.46278643562343
2013-07-16,-26.075,964.2625,5.333333333333333,145.88380964791054
2013-07-17,-30.55,961.825,7.75,242.57301294192837
2013-07-18,-27.65,963.6875,2.3333333333333335,187.60384047655452
2013-07-19,-27.55,967.0125,5.0,244.32434809439377
2013-07-20,-27.042857142857144,945.65,5.5,234.5360309207551
2013-07-21,-30.4375,939.5,,202.40069087382662
2013-07-22,-25.625,954.7625,1.0,213.03558317272126
2013-07-23,-21.82857142857143,959.4125,4.0,245.09462142191234
2013-07-24,-18.675,959.75,,195.9669648757849
2013-07-25,-23.728571428571428,955.775,20.5,178.74461549097728
2013-07-26,-23.842857142857145,955.0375,25.0,187.05105425491746
2013-07-27,-21.725,963.0124999999999,,225.4843296446451
2013-07-28,-21.0625,965.8,,243.65115011977727
2013-07-29,-25.400000000000002,961.1875,28.0,218.83511987299045
2013-07-30,-29.1125,959.7625,,179.61478743521238
2013-07-31,-27.525,957.8625,4.0,260.5594417141324
2013-08-01,-22.74285714285714,949.55,,236.27230599106437
2013-08-02,-19.8375,948.225,,228.56523214104382
2013-08-03,-20.3125,958.45,3.0,272.3524754994768
2013-08-04,-22.52857142857143,962.2875,,250.37967603629306
2013-08-05,-27.2,969.775,,208.49544576971797
2013-08-06,-26.45,968.275,7.0,267.90684363001657
2013-08-07,-22.714285714285715,984.4375,,235.38637511613544
2013-08-08,-21.3,989.75,5.833333333333333,306.1316460880801
2013-08-09,-17.2,977.5375,,201.27730646485557
2013-08-10,-18.825,983.5375,,173.7374294132844
2013-08-11,-18.4,989.65,,207.44232217288368
2013-08-12,-18.6375,989.9875000000001,23.0,180.3049520990664
2013-08-13,-14.6,994.825,3.0,178.19127020755124
2013-08-14,-12.525,1002.5625,,190.67405385004963
2013-08-15,-19.740000000000002,1002.125,,178.50309383017907
2013-08-16,-21.6,1001.275,8.666666666666666,175.44771288893705
2013-08-17,-21.3875,999.5375,,263.41832147752274
2013-08-18,-14.733333333333334,988.2,55.0,262.74978472939534
2013-08-19,-21.080000000000002,983.7375,,297.5495331762492
2013-08-20,-24.425,986.625,,250.6275702198867
2013-08-21,-24.4625,988.55,2.5,219.31211237725586
2013-08-22,-28.914285714285715,973.275,,208.14840894854512
2013-08-23,-29.25,974.7875,2.0,179.48786171368306
2013-08-24,-29.5,975.2875,4.8,308.4394912966952
2013-08-25,-28.4125,972.325,,175.0
2013-08-26,-30.7875,965.2,9.5,242.57301294192837
2013-08-27,-28.7375,951.8875,4.0,294.4549263952101
2013-08-28,-31.0125,946.8125,4.0,336.3596726849768
2013-08-29,-30.85,957.5,,176.3488498802227
2013-08-30,-27.625,962.525,14.666666666666666,209.30397073801976
2013-08-31,-19.125,970.85,,219.60099238626185
2013-09-01,-17.566666666666666,977.2875,,183.79397688699686
2013-09-02,-23.7125,979.975,1.5,234.93344504978174
2013-09-03,-24.439999999999998,976.6875,1.0,210.00000000000003
2013-09-04,-10.4,964.525,3.0,244.5205229279034
2013-09-05,-25.0,970.4875,,192.96488125603895
2013-09-06,-24.2875,977.8875,,170.0
2013-09-07,-22.7,980.375,19.0,182.72707684151155
2013-09-08,-24.537499999999998,977.0875,10.5,178.01408053064057
2013-09-09,-26.383333333333336,966.9875,3.5,215.9057414192575
2013-09-10,-25.06,962.875,,179.65129010075702
2013-09-11,-23.1875,971.4625,6.5,242.82361038608354
2013-09-12,-20.966666666666665,969.5,9.0,215.0
2013-09-13,-14.766666666666666,966.7125,,223.0960522473345
2013-09-14,-11.9625,966.3375,,201.9498357715811
2013-09-15,-12.5625,974.35,13.0,192.32825790370674
2013-09-16,-12.4,973.3125,9.5,232.3756867418211
2013-09-17,-14.1,969.5,33.0,189.2074728559388
2013-09-18,-16.1875,974.175,21.0,187.0674000235061
2013-09-19,-15.65,979.45,8.0,210.0
2013-09-20,-14.075,981.2,18.0,232.4952312784634
2013-09-21,-12.55,979.8375,20.0,193.5323900198616
2013-09-22,-16.875,973.6875,,191.14137271407355
2013-09-23,-17.425,980.6,,260.6454499495772
2013-09-24,-14.375,986.6625,16.5,189.04660441449207
2013-09-25,-16.257142857142856,989.6,,213.1904182880738
2013-09-26,-14.55,994.4125,2.0,251.5149561576153
2013-09-27,-11.7125,995.8125,,202.2305145141206
2013-09-28,-14.433333333333335,982.6875,,203.4634153095262
2013-09-29,-21.1625,973.3625,,248.78455690831896
2013-09-30,-20.475,971.2625,4.5,309.651290100757
2013-10-01,-20.625,978.5125,6.333333333333333,313.2930745278198
2013-10-02,-17.085714285714285,978.3,3.5,301.8031897802311
2013-10-03,-17.65,967.45,4.75,238.65826645450755
2013-10-04,-17.325,968.45,,207.41619131681176
2013-10-05,-11.2,970.075,,237.05739038160073
2013-10-06,-12.35,972.45,3.0,203.75755668947355
2013-10-07,-15.5625,974.775,2.0,250.22461329952972
2013-10-08,-12.175,972.6125,13.0,178.72521781198395
2013-10-09,-13.4,972.1,14.0,191.93887906721883
2013-10-10,-18.0375,970.575,4.0,166.2625705867156
2013-10-11,-20.05,970.2,3.6666666666666665,256.0979023869944
2013-10-12,-21.67142857142857,967.65,4.75,240.9729374787971
2013-10-13,-19.95,967.25,,259.72282676788666
2013-10-14,-19.8875,970.0375,12.0,201.17030604023194
2013-10-15,-18.5625,964.1,,174.17663272116374
2013-10-16,-16.9125,953.7875,,227.21837055831932
2013-10-17,-11.45,943.35,,246.44543134674063
2013-10-18,-10.4625,951.1714285714286,,189.8126039801246
2013-10-19,-9.35,953.7125,,166.3192095012116
2013-10-20,-11.95,955.9125,15.0,185.0255140871259
2013-10-21,-14.6875,960.4125,13.0,177.52391618993167
2013-10-22,-17.2875,969.0125,20.0,172.49523127846342
2013-10-23,-18.25,966.8,17.0,181.67899975220178
2013-10-24,-18.8125,969.5,16.2,175.0
2013-10-25,-21.7625,977.1,10.333333333333334,162.94894574508254
2013-10-26,-21.175,976.8125,2.5,283.60562065732097
2013-10-27,-16.575,975.55,4.5,301.2865668350188
2013-10-28,-16.357142857142858,971.525,5.0,183.26853403762013
2013-10-29,-16.4875,976.6125,3.0,173.81456743657705
2013-10-30,-16.25,983.5375,10.666666666666666,199.55277854104776
2013-10-31,-17.425,975.675,18.0,164.2437024652428
2013-11-01,-14.575,969.1,2.0,292.71245437343043
2013-11-02,-12.657142857142857,963.525,3.0,245.0
2013-11-03,-13.65,962.05,3.5,179.3901827731612
2013-11-04,-15.462499999999999,963.3625,2.6,162.69667978480172
2013-11-05,-17.15,959.7142857142857,4.142857142857143,173.40682149179068
2013-11-06,-18.525,959.4625,16.5,175.0
2013-11-07,-19.0375,958.9375,8.5,182.9670602016453
2013-11-08,-11.657142857142857,952.3375,9.0,257.55342497445645
2013-11-09,-11.05,956.0,6.0,210.44440190980148
2013-11-10,-12.125,967.675,12.0,176.9271899419125
2013-11-11,-13.5375,968.9125,10.666666666666666,166.64163794583067
2013-11-12,-13.3875,961.0375,7.0,270.8367520588481
2013-11-13,-8.714285714285714,965.125,17.0,184.11208458979928
2013-11-14,-7.5875,966.9125,12.5,221.97274948108867
2013-11-15,-7.6,966.45,8.0,193.93098593280124
2013-11-16,-7.949999999999999,967.125,15.333333333333334,177.48562069330072
2013-11-17,-8.2125,970.7,12.0,181.11645838085357
2013-11-18,-7.6875,973.5875,2.5,239.01481697457973
2013-11-19,-8.5,966.85,7.333333333333333,251.67899975220175
2013-11-20,-8.05,965.6,1.75,166.65263460982806
2013-11-21,-9.25,974.7,7.333333333333333,155.31716448063494
2013-11-22,-9.2625,979.2,,177.51437930669928
2013-11-23,-6.6875,974.3375,8.0,221.23783587787958
2013-11-24,-4.325,968.65,,130.40612690924164
2013-11-25,-3.9125,970.575,19.0,174.35925407636148
2013-11-26,-3.5,971.8125,12.5,184.00996331627772
2013-11-27,-1.65,968.0,7.5,234.4573426374703
2013-11-28,-4.8375,971.9125,18.0,170.0
2013-11-29,-5.425,970.875,8.5,330.0
2013-11-30,-3.0,964.6,4.333333333333333,188.02948094369205
2013-12-01,-2.425,962.3875,20.666666666666668,190.0
2013-12-02,-4.35,959.7875,,192.34187731554334
2013-12-03,-3.9375,963.95,13.0,181.4175774047087
2013-12-04,-2.7,967.6375,9.0,222.25041184976948
2013-12-05,-2.8625,963.825,2.0,303.31514667410596
2013-12-06,-3.775,966.85,13.285714285714286,158.5832496410669
2013-12-07,-4.8,968.225,12.0,171.27478218801605
2013-12-08,-4.0,977.525,7.2,180.0
2013-12-09,-3.3625,982.9125,5.333333333333333,280.072131475372
2013-12-10,-2.142857142857143,978.0875,,259.0425668774349
2013-12-11,-2.4,971.1,3.6,243.64562684807157
2013-12-12,-3.125,968.6625,5.8,163.5580421498846
2013-12-13,-2.575,968.3375,4.0,163.31878474330924
2013-12-14,-2.8625,961.7125,6.0,237.57301294192837
2013-12-15,-2.15,963.7125,11.333333333333334,158.75353999970565
2013-12-16,0.15000000000000002,970.4125,,180.59649549705702
2013-12-17,-0.01666666666666669,970.45,1.3333333333333333,195.64340508036497
2013-12-18,0.5333333333333333,969.8,2.125,237.8464026928288
2013-12-19,-1.7375,973.075,5.25,154.22584796879406
2013-12-20,-5.6625,976.1875,12.666666666666666,133.69029478939217
2013-12-21,-6.175,974.5,,64.99999999999999
2013-12-22,-5.6571428571428575,968.9625,7.2,161.45419825204308
2013-12-23,-2.685714285714286,964.8000000000001,3.75,135.29790066152083
2013-12-24,-2.1625,968.325,2.0,232.71932208108467
2013-12-25,-2.625,978.2375,13.25,165.07732941137508
2013-12-26,-2.45,979.075,6.0,196.56505117707798
2013-12-27,-1.342857142857143,972.1375,1.0,277.63928538813167
2013-12-28,-2.275,976.55,4.0,161.32792047702418
2013-12-29,-3.725,978.625,5.0,282.4075009449322
2013-12-30,-0.07499999999999998,976.475,6.0,228.22271567337032
2013-12-31,1.1125,978.625,,192.61003966497344
2014-01-01,1.3375,981.3375,,205.05169732375435
2014-01-02,1.4,978.15,2.0,249.1260582748851
2014-01-03,0.7375,973.9625,4.0,244.2813132920059
2014-01-04,1.4,974.3375,6.0,213.5836189479031
2014-01-05,1.475,981.9,10.0,220.74955986725374
2014-01-06,0.4125,976.025,4.5,177.07257317069406
2014-01-07,0.08750000000000001,977.3625,,222.13197288269302
2014-01-08,0.6571428571428571,976.7875,4.0,153.94675178320236
2014-01-09,-2.442857142857143,976.0,8.2,157.87131624109733
2014-01-10,-4.7375,980.1625,6.833333333333333,159.92267058862495
2014-01-11,-2.4125,979.8375,4.8,163.99182384226256
2014-01-12,-2.375,975.7,4.857142857142857,247.41575450644933
2014-01-13,-1.9,978.525,8.25,176.26734451052707
2014-01-14,-0.625,981.45,2.0,95.76250955456685
2014-01-15,0.4166666666666667,978.9875,2.6666666666666665,324.40350450294295
2014-01-16,-1.2142857142857142,976.0625,7.0,166.160751905434
2014-01-17,-1.3625,979.2125,16.0,164.69351276917698
2014-01-18,-0.975,976.95,21.5,175.0
2014-01-19,0.8,968.675,5.5,213.5634014181051
2014-01-20,-0.975,969.3875,13.0,173.7133318757567
2014-01-21,-0.5875,976.9375,,166.43626671253244
2014-01-22,-1.1375,973.575,7.0,213.1981540811452
2014-01-23,-1.05,965.675,12.0,175.09045024849914
2014-01-24,-2.925,970.5375,12.375,170.0
2014-01-25,-3.9,977.25,17.0,173.99755606289725
2014-01-26,-3.0625,976.2125,12.5,170.70801640192798
2014-01-27,-2.325,971.325,4.0,251.32408034827714
2014-01-28,-4.575,964.1625,22.0,174.94237484214685
2014-01-29,-5.3,967.1,12.25,175.0
2014-01-30,-5.1625000000000005,970.025,14.6,171.26983939365417
2014-01-31,-5.8125,972.65,19.0,170.0
2014-02-01,-5.2875,971.4875,2.5,225.92678515747482
2014-02-02,-6.5375,968.9125,17.666666666666668,171.26983939365417
2014-02-03,-7.975,971.0375,14.285714285714286,158.35525327234632
2014-02-04,-8.95,974.55,21.4,173.99755606289725
2014-02-05,-7.0125,974.275,6.75,225.51153687962534
2014-02-06,-5.625,969.9375,5.0,213.650707703898
2014-02-07,-3.625,959.6625,18.0,171.27992033551428
2014-02-08,-3.3625,963.1625,16.0,163.70807323978497
2014-02-09,-3.3125,973.575,10.2,197.4874729530414
2014-02-10,-5.2375,978.8625,,216.05324821679764
2014-02-11,-5.4125,983.3875,26.0,236.65346570146733
2014-02-12,-3.2125,989.15,,250.47872975254143
2014-02-13,-3.6,978.9125,,202.45475890812003
2014-02-14,-6.35,976.4125,8.6,158.7247254915467
2014-02-15,-7.1375,981.6875,7.5,169.80428668932365
2014-02-16,-8.675,974.4375,17.0,177.95545029831382
2014-02-17,-10.1375,964.4875,16.0,187.51437930669925
2014-02-18,-11.1625,962.0125,18.5,187.41684494424624
2014-02-19,-8.9625,966.2125,,238.54528792141315
2014-02-20,-8.6,965.6,8.333333333333334,198.82151653889497
2014-02-21,-8.575,960.2625,18.5,181.2602152178852
2014-02-22,-10.45,967.1625,14.75,183.7374294132844
2014-02-23,-10.95,968.4625,10.0,197.45664153834514
2014-02-24,-11.9,962.4125,15.5,177.48562069330072
2014-02-25,-12.7375,958.0375,13.666666666666666,185.0
2014-02-26,-10.8,964.8375,9.75,178.6814432278811
2014-02-27,-9.875,966.2,4.0,230.9689149689477
2014-02-28,-11.1,963.175,18.0,168.6009684413631
2014-03-01,-12.2125,965.2875,15.0,212.9646159888286
2014-03-02,-13.9125,969.4125,22.0,173.265632992753
2014-03-03,-12.5875,975.7125,7.666666666666667,238.69595552951512
2014-03-04,-12.6125,973.575,,203.78959039269228
2014-03-05,-11.1125,972.3125,4.0,193.4353493416196
2014-03-06,-11.725,974.5375,,178.7058285087368
2014-03-07,-11.3375,974.2625,16.25,196.20474828777242
2014-03-08,-13.9375,969.7125,20.0,174.9808887524834
2014-03-09,-16.875,970.125,16.0,201.3237290373843
2014-03-10,-16.650000000000002,974.6375,12.4,181.16854532454923
2014-03-11,-15.375,980.8125,10.666666666666666,184.06197093204503
2014-03-12,-13.4125,981.65,17.2,184.9807419079239
2014-03-13,-15.45,977.7,19.0,226.70928981753275
2014-03-14,-16.7875,966.8,,243.98522522793718
2014-03-15,-16.4375,972.325,13.25,195.15585146381218
2014-03-16,-16.075,972.9875,16.857142857142858,165.00000000000003
2014-03-17,-13.8125,968.6625,7.0,210.20768095310902
2014-03-18,-13.275,968.9625,10.0,175.81946849078645
2014-03-19,-15.0875,963.35,19.5,249.34893995418207
2014-03-20,-16.625,961.4125,25.0,233.73742941328436
2014-03-21,-13.1125,958.025,23.0,232.92091902775323
2014-03-22,-13.342857142857143,960.9375,30.0,236.88586480304244
2014-03-23,-15.5625,963.45,9.0,183.3564136926462
2014-03-24,-18.3875,965.625,11.666666666666666,174.84414853618782
2014-03-25,-20.275,963.35,24.0,168.77813542348275
2014-03-26,-23.2375,965.3625,14.125,196.2625705867156
2014-03-27,-23.7625,965.475,2.0,206.18231570620875
2014-03-28,-23.0125,958.0875,5.0,297.12410354147596
2014-03-29,-22.7125,963.85,6.0,181.18793365580666
2014-03-30,-20.4375,969.5875,,228.8378143996151
2014-03-31,-20.1625,948.925,26.0,233.98522522793718
2014-04-01,-20.125,955.0375,28.0,227.20939296838088
2014-04-02,-18.3,967.525,,242.42869213354294
2014-04-03,-22.1875,970.025,21.0,184.94237484214682
2014-04-04,-22.6625,960.3125,5.0,300.19223606031386
2014-04-05,-22.5375,954.7,,261.5602002729228
2014-04-06,-20.775000000000002,963.975,,176.20474828777245
2014-04-07,-21.8,966.45,13.5,188.32100024779822
2014-04-08,-23.625,965.875,1.0,266.57926225241977
2014-04-09,-22.442857142857143,966.4875,,263.2341823619966
2014-04-10,-20.1,962.375,,207.37563699476073
2014-04-11,-21.75,958.3125,18.0,195.21309030522534
2014-04-12,-23.15,960.025,20.0,197.96156875778212
2014-04-13,-17.4375,959.35,,225.97455940874164
2014-04-14,-15.2,965.4125,,176.19843044725874
2014-04-15,-15.05,970.1,9.0,226.43476785895615
2014-04-16,-14.55,966.4375,,238.69656740222183
2014-04-17,-9.0375,975.45,32.5,226.0147747720628
2014-04-18,-9.2125,973.1125,,226.84966475184336
2014-04-19,-15.2,963.875,6.0,225.1316145466183
2014-04-20,-18.45,965.125,6.0,257.49725584636235
2014-04-21,-21.6125,979.3,29.75,236.00244393710273
2014-04-22,-21.175,985.0125,26.5,260.1379206425071
2014-04-23,-18.5,971.15,58.0,236.64959686175354
2014-04-24,-19.8,970.3875,,128.84379435932215
2014-04-25,-24.6125,972.8625,3.3333333333333335,193.09269787992767
2014-04-26,-26.05,971.4625,7.0,171.67043694469768
2014-04-27,-27.685714285714287,968.1875,,193.09460436814868
2014-04-28,-30.8875,961.3,14.0,176.95534599954595
2014-04-29,-30.587500000000002,960.55,,212.72971691120046
2014-04-30,-29.700000000000003,960.5625,6.5,294.5342161256108
2014-05-01,-28.95,958.9,,200.0
2014-05-02,-29.7625,967.7375,,222.7225084774934
2014-05-03,-24.099999999999998,973.625,,187.74544642234432
2014-05-04,-12.366666666666667,977.2875,24.0,227.2817792486808
2014-05-05,-12.025,977.1625,,216.64921150500447
2014-05-06,-14.9125,972.0,4.0,272.8202364289384
2014-05-07,-13.442857142857141,961.575,3.0,213.75285095115578
2014-05-08,-15.6625,971.8125,5.0,205.2688363300791
2014-05-09,-11.6125,963.4625,,236.47667812114773
2014-05-10,-9.075,963.6375,,172.03907015763895
2014-05-11,-14.583333333333334,975.875,22.5,177.54335846165483
2014-05-12,-11.6125,973.7125,,196.88783981447938
2014-05-13,-8.9625,976.9875,19.333333333333332,190.957159090777
2014-05-14,-7.1375,971.1875,6.0,189.2409820733474
2014-05-15,-10.45,968.925,,174.9742235156295
2014-05-16,-14.4125,969.5375,3.3333333333333335,181.31152984664047
2014-05-17,-18.1625,963.5625,7.25,195.20562688779535
2014-05-18,-22.8875,965.9375,18.333333333333332,201.03766892883755
2014-05-19,-23.85,969.4,2.1666666666666665,308.9269201954858
2014-05-20,-20.1875,972.6375,,277.20036222333965
2014-05-21,-21.525,980.75,3.0,247.70981195788397
2014-05-22,-22.25714285714286,971.8,3.8,227.37292003333062
2014-05-23,-24.975,965.7375,7.0,272.8537127275019
2014-05-24,-24.875,965.275,2.2,252.16809314481284
2014-05-25,-24.2125,980.2875,2.0,248.15045846749285
2014-05-26,-23.0,973.525,2.75,213.19067064857813
2014-05-27,-25.571428571428573,968.825,,185.68532813861074
2014-05-28,-20.5125,972.525,3.0,127.67838160884988
2014-05-29,-19.06,966.225,,185.85877189490327
2014-05-30,-13.3125,958.35,,188.4620932602976
2014-05-31,-11.2125,960.3125,,206.4683012824646
2014-06-01,-16.25,968.9625,,192.8267064083626
2014-06-02,-20.4125,954.9625,,215.91339703181907
2014-06-03,-20.45,970.6625,,190.87529043563714
2014-06-04,-23.2125,975.35,,192.0455800559954
2014-06-05,-27.35,972.375,2.0,214.5839403346908
2014-06-06,-26.3125,969.8,7.5,270.11982172177085
2014-06-07,-19.1375,961.075,10.0,289.8101580742371
2014-06-08,-15.057142857142859,957.05,,182.10835590377692
2014-06-09,-21.400000000000002,964.2875,,198.81768429379122
2014-06-10,-25.95,958.25,18.5,182.65044949014813
2014-06-11,-25.9,960.3875,,248.1381887166923
2014-06-12,-24.325,962.025,17.0,185.38644930466776
2014-06-13,-26.025,964.575,14.333333333333334,194.3603577369776
2014-06-14,-24.075,963.975,6.0,287.6484013866949
2014-06-15,-20.51666666666667,955.1375,,176.7140274670231
2014-06-16,-22.8,969.85,18.5,189.06787545100013
2014-06-17,-19.599999999999998,975.45,,204.95173688617464
2014-06-18,-18.5125,972.775,2.0,310.3660728395329
2014-06-19,-20.48,964.0125,2.0,196.4826424076645
2014-06-20,-23.916666666666668,964.3,3.5,191.83498544920297
2014-06-21,-22.325,971.275,,225.80770255510862
2014-06-22,-25.7375,971.975,,228.76083060380594
2014-06-23,-22.2375,967.2625,3.3333333333333335,243.8013205977456
2014-06-24,-23.2,967.5625,,196.75372862355132
2014-06-25,-25.233333333333334,975.2625,,194.34318107698556
2014-06-26,-20.55,976.1125,,174.48458181622175
2014-06-27,-23.0125,976.95,2.8,318.7967805533287
2014-06-28,-26.175,973.8375,8.5,170.0
2014-06-29,-27.225,974.7375,19.0,156.08490562910882
2014-06-30,-29.2125,975.525,2.8,175.48885740337315
2014-07-01,-25.071428571428573,978.075,4.0,244.86966873504696
2014-07-02,-25.3,978.075,16.0,200.62629957526138
2014-07-03,-25.65,972.1375,4.0,295.53589884676154
2014-07-04,-27.8875,967.525,2.6,247.67486058808444
2014-07-05,-31.0,968.525,3.0,159.03397563620732
2014-07-06,-32.15,966.6375,6.0,295.70904528020833
2014-07-07,-33.9875,955.4625,4.0,206.0532482167976
2014-07-08,-29.933333333333334,947.2375,27.5,251.59447705965232
2014-07-09,-29.35,956.0125,,178.74940931257473
2014-07-10,-30.525,959.7625,,289.95023193336135
2014-07-11,-31.775,959.8,15.0,172.5047687215366
2014-07-12,-29.8,966.8,,271.27620568120744
2014-07-13,-34.525,967.0,2.5,201.7506004864375
2014-07-14,-34.3125,969.3,1.6666666666666667,203.9510419588135
2014-07-15,-33.775,968.6875,4.5,311.5012843614382
2014-07-16,-34.7,965.0875,3.3333333333333335,244.99999999999997
2014-07-17,-30.262500000000003,970.0875,,269.00264555421126
2014-07-18,-25.2125,969.0125,,200.5552611249447
2014-07-19,-19.3875,961.2125,,225.81900833918655
2014-07-20,-15.5,962.5625,,177.15847104042075
2014-07-21,-14.0875,968.35,,168.74461549097725
2014-07-22,-13.85,976.4,,197.58109814411085
2014-07-23,-20.8,977.2,4.0,199.2583782450397
2014-07-24,-27.214285714285715,966.7125,10.0,206.77345819156497
2014-07-25,-29.75,965.5625,11.5,170.0
2014-07-26,-31.55,981.8,10.0,181.0388760702938
2014-07-27,-31.225,972.9125,10.0,211.40025153307062
2014-07-28,-29.575,978.9875,6.0,185.46380861840913
2014-07-29,-32.3375,987.525,5.0,165.05898122548868
2014-07-30,-34.775,987.15,10.8,180.0
2014-07-31,-32.7625,988.475,11.8,170.0
2014-08-01,-27.875,981.4375,21.0,179.9616312267025
2014-08-02,-31.614285714285717,961.2875,4.0,206.32204609583505
2014-08-03,-29.725,949.9375,3.0,253.22271567337032
2014-08-04,-26.157142857142855,951.425,10.0,236.70495327058325
2014-08-05,-22.8,960.1,27.0,172.09374869136786
2014-08-06,-16.675,956.9375,14.0,182.39803955286538
2014-08-07,-14.9875,956.5875,20.0,183.98522522793718
2014-08-08,-15.0,956.05,19.0,192.1022432035633
2014-08-09,-14.424999999999999,957.875,,245.23279363486307
2014-08-10,-15.3625,958.725,,217.67486058808444
2014-08-11,-15.6375,959.275,6.0,256.734367007247
2014-08-12,-16.5375,961.1,1.25,36.22797709193965
2014-08-13,-22.375,967.55,26.0,177.50476872153658
2014-08-14,-21.9375,970.7375,,165.0
2014-08-15,-23.0375,957.5625,19.0,208.27567338061903
2014-08-16,-16.45714285714286,939.1375,,226.10911162085378
2014-08-17,-17.525,941.1875,15.0,247.03064586022003
2014-08-18,-16.4125,938.4625,,222.3106510045496
2014-08-19,-21.8375,952.8375,19.0,178.32956305530232
2014-08-20,-20.1,954.8,20.0,200.6150704014898
2014-08-21,-19.5875,958.9875,,179.5788749761121
2014-08-22,-19.0625,961.6125,,224.7692051692731
2014-08-23,-24.0,955.7375,,222.84119603121178
2014-08-24,-22.575,959.675,3.0,216.68877031500477
2014-08-25,-21.085714285714285,968.35,28.0,190.07541610542222
2014-08-26,-20.875,970.3125,,187.96369111630784
2014-08-27,-19.433333333333334,967.0875,,207.66020764203478
2014-08-28,-15.98,971.0125,,181.623434297352
2014-08-29,-15.6,977.4625,10.0,201.78396574871857
2014-08-30,-10.7125,965.6125,,184.59658324934094
2014-08-31,-10.5875,970.8875,,184.9807419079239
2014-09-01,-11.5,973.375,,230.57018608055432
2014-09-02,-19.2,969.1125,35.0,234.99999999999994
2014-09-03,-15.612499999999999,962.9625,,250.43952886908446
2014-09-04,-14.1625,958.425,,186.19545949130125
2014-09-05,-14.35,957.3125,,209.5815270881735
2014-09-06,-17.52857142857143,968.975,,188.67566046926177
2014-09-07,-20.3875,968.3874999999999,,182.5658209998108
2014-09-08,-19.725,971.9375,2.5,229.6956957045768
2014-09-09,-13.657142857142857,968.6125,,206.58782991650813
2014-09-10,-12.4,962.3625,,221.55347387625213
2014-09-11,-15.528571428571428,959.625,33.0,237.48562069330072
2014-09-12,-9.3875,966.1,14.75,175.23683351722966
2014-09-13,-9.5,978.1875,15.666666666666666,182.50476872153658
2014-09-14,-13.442857142857141,977.375,4.5,198.18067764817718
2014-09-15,-17.7625,972.6125,1.0,206.0532482167976
2014-09-16,-24.357142857142858,975.3625,21.0,205.1018613344444
2014-09-17,-24.525,980.325,,250.28898285703252
2014-09-18,-23.571428571428573,987.4625,,188.71138410181553
2014-09-19,-20.3,977.8625,5.0,197.58250175870867
2014-09-20,-19.6125,973.1875,,238.08248883403496
2014-09-21,-17.2375,965.4875,,214.2583782450397
2014-09-22,-13.575,962.5,,216.0919440603369
2014-09-23,-11.5,962.625,,182.4269870580716
2014-09-24,-16.7375,970.4375,,209.73990648728432
2014-09-25,-19.0,976.45,,200.23542800888404
2014-09-26,-20.725,969.8125,1.0,311.72778840210503
2014-09-27,-20.0375,969.7375,2.5,325.11751086971645
2014-09-28,-15.8375,968.9499999999999,3.2,280.18485766013464
2014-09-29,-16.775,971.625,2.5,324.24370246524273
2014-09-30,-14.883333333333333,970.7625,5.0,289.6782974598175
2014-10-01,-10.9125,964.6875,9.0,169.60949365674796
2014-10-02,-13.8875,968.225,13.0,165.1750884820705
2014-10-03,-17.5125,965.9875,3.2,191.9359602591052
2014-10-04,-18.4,967.6375,5.0,167.99265502050253
2014-10-05,-17.2375,960.1125,29.4,
2014-10-06,-15.0875,946.65,31.0,170.0
2014-10-07,-13.475,947.2375,,226.03566257166938
2014-10-08,-16.4125,952.55,,181.62290494499797
2014-10-09,-15.275,947.575,1.5,102.15515622043645
2014-10-10,-16.6,946.9,5.0,210.8156539844257
2014-10-11,-14.7,953.2375,10.0,191.67548618292915
2014-10-12,-17.8,952.9625,12.25,172.7019729151638
2014-10-13,-22.342857142857145,948.675,16.0,169.96148268754257
2014-10-14,-20.4625,953.475,34.0,165.0191112475166
2014-10-15,-21.849999999999998,954.3875,,197.42130909172135
2014-10-16,-18.8125,948.5875,13.333333333333334,229.186877534407
2014-10-17,-16.225,948.0625,7.0,184.86938943451065
2014-10-18,-16.1125,947.275,4.5,191.99047629656974
2014-10-19,-10.9625,933.1625,5.5,242.24290285104644
2014-10-20,-17.483333333333334,951.7625,35.0,182.66358852385812
2014-10-21,-14.675,958.0125,7.0,193.93146415828062
2014-10-22,-14.6375,959.575,,210.41750897664753
2014-10-23,-11.185714285714285,955.9625,10.0,178.24795302224828
2014-10-24,-12.2875,959.7875,19.0,186.20474828777245
2014-10-25,-8.637500000000001,965.575,10.0,190.15833165225197
2014-10-26,-9.5125,973.65,,176.23865635326248
2014-10-27,-8.4375,974.8125,,187.9063200490693
2014-10-28,-9.875,974.475,17.666666666666668,193.56631660162282
2014-10-29,-10.8875,977.1875,1.6666666666666667,167.8867726998108
2014-10-30,-12.6375,973.3625,9.5,227.33109636315075
2014-10-31,-14.2625,970.825,3.0,271.59501611133055
2014-11-01,-14.5875,961.9875000000001,13.0,229.4925977212143
2014-11-02,-14.5375,966.125,16.0,170.1161391567475
2014-11-03,-12.375,971.95,4.333333333333333,236.71015960896577
2014-11-04,-12.7625,970.9625,1.0,256.2621069310621
2014-11-05,-11.925,969.6,4.0,322.51078566131804
2014-11-06,-11.025,974.3,3.0,195.17439280419265
2014-11-07,-9.3375,977.95,5.0,296.26257058671564
2014-11-08,-8.95,973.125,4.75,275.2889828570325
2014-11-09,-8.4,971.425,4.25,181.53735037025902
2014-11-10,-8.6375,974.325,4.25,125.95120586672645
2014-11-11,-10.275,974.45,3.875,201.5305604663906
2014-11-12,-10.8875,974.9875,6.75,309.841668347748
2014-11-13,-11.2375,973.325,3.4285714285714284,299.07157518754366
2014-11-14,-11.0,968.45,4.25,305.9750296787908
2014-11-15,-11.1625,957.4125,7.0,347.56310720381845
2014-11-16,-9.925,968.675,3.0,86.79486997175796
2014-11-17,-9.4875,974.5625,2.8333333333333335,326.049144699708
2014-11-18,-11.5875,967.4,7.0,339.8441485361878
2014-11-19,-11.8125,969.475,4.0,153.10520480365386
2014-11-20,-14.5125,977.85,,192.68077221078488
2014-11-21,-9.885714285714286,970.3875,2.6666666666666665,175.4222835412495
2014-11-22,-7.4125,966.3875,14.5,182.53352564687572
2014-11-23,-6.55,966.0,8.666666666666666,227.29094467416428
2014-11-24,-7.0125,966.45,9.5,161.16854532454923
2014-11-25,-6.7375,967.9375,11.75,176.65344185939722
2014-11-26,-5.9125,969.0875,8.5,168.6009684413631
2014-11-27,-6.925,971.6125,15.666666666666666,178.87919654903308
2014-11-28,-5.55,975.8125,2.6,130.1039093610171
2014-11-29,-5.65,977.3125,4.333333333333333,171.89802879851052
2014-11-30,-5.8625,975.0125,4.6,194.6719195524777
2014-12-01,-6.15,969.1875,4.8,150.54258705905556
2014-12-02,-6.025,963.5625,2.375,149.73927892726357
2014-12-03,-9.457142857142857,960.975,1.0,158.43748013915032
2014-12-04,-8.414285714285715,966.7375000000001,3.5,189.59166998636437
2014-12-05,-7.5875,963.175,5.25,322.0179025671416
2014-12-06,-7.4625,960.5375,5.333333333333333,264.59387309075834
2014-12-07,-6.025,959.325,5.75,152.93051151355078
2014-12-08,-2.7625,959.05,3.2,230.53941055186672
2014-12-09,-3.0875,958.85,3.5,293.3132677889981
2014-12-10,-3.6125,963.2875,6.5,313.41576673489027
2014-12-11,-3.65,965.7875,2.1666666666666665,129.001836952551
2014-12-12,-4.637499999999999,971.95,4.8,346.0079326055934
2014-12-13,-4.9624999999999995,977.15,9.5,308.7748095756623
2014-12-14,-4.5,979.3,4.333333333333333,321.5467648662259
2014-12-15,-4.2375,972.925,5.0,319.9616312267025
2014-12-16,-5.1499999999999995,968.5375,6.666666666666667,141.70495327058322
2014-12-17,-4.55,974.275,4.0,228.88495023969762
2014-12-18,-4.485714285714286,977.775,2.0,311.7198865715237
2014-12-19,-4.2875,974.125,,180.3872052827652
2014-12-20,-4.95,971.275,6.5,152.1220128556669
2014-12-21,-7.5125,970.0875,16.0,171.67899975220175
2014-12-22,-6.7,967.5875,6.8,150.88135183669965
2014-12-23,-5.65,971.7125,5.75,281.7772843266297
2014-12-24,-4.2125,970.5375,7.25,185.195465154459
2014-12-25,-3.7625,966.05,4.666666666666667,134.98302586833506
2014-12-26,-4.2,964.9,12.5,181.41514686300596
2014-12-27,-3.9125,969.9,6.5,151.07328001016396
2014-12-28,-3.2875,969.9375,5.0,316.74853375450664
2014-12-29,-3.0125,970.725,5.166666666666667,155.36585015312457
2014-12-30,-2.8428571428571425,974.3375,3.75,109.33510767695792
2014-12-31,-3.1375,974.0125,5.285714285714286,308.35417392698344
2015-01-01,-2.7,971.8375,5.25,319.92360875439476
2015-01-02,-0.5125,966.9,6.8,292.9480434131438
2015-01-03,1.46,969.1125,7.333333333333333,184.8510761165839
2015-01-04,1.0625,973.45,4.333333333333333,153.9471106142646
2015-01-05,-1.05,972.275,3.8,288.139385542138
2015-01-06,0.2571428571428571,970.0375,3.6666666666666665,313.31248132118174
2015-01-07,-2.0375,974.5625,17.0,162.70502334221598
2015-01-08,-1.5625,973.8375,3.7142857142857144,316.734367007247
2015-01-09,-1.7625,969.6,9.0,128.20734629269836
2015-01-10,-2.2875,969.575,11.5,160.0383687732975
2015-01-11,-2.1,969.225,6.6,324.8728038134521
2015-01-12,-2.5571428571428574,969.3375,3.1666666666666665,112.03957395838097
2015-01-13,-5.1875,972.6714285714286,19.25,165.00000000000003
2015-01-14,-4.1,976.475,14.4,156.01477477206282
2015-01-15,-4.675,979.725,13.5,160.0
2015-01-16,-4.5875,979.625,12.0,170.0
2015-01-17,-3.8249999999999997,978.3,13.4,176.23848995214598
2015-01-18,-4.714285714285714,968.3125,2.6,292.48125022180193
2015-01-19,-4.75,971.0375,,160.07732941137508
2015-01-20,-3.5,977.0125,,273.48908581815084
2015-01-21,-3.7625,966.65,9.5,184.5041645663152
2015-01-22,-3.6399999999999997,966.0625,1.5,136.636272588377
2015-01-23,-3.9375,969.1125,4.0,301.3693421128
2015-01-24,-2.675,967.65,6.2,285.9536960417986
2015-01-25,-1.2,968.4875,9.0,188.46209326029756
2015-01-26,-1.825,970.5125,8.8,171.1204073339867
2015-01-27,-2.9375,969.7,4.5,212.34029112857297
2015-01-28,-2.5,969.225,7.0,246.48972942502482
2015-01-29,-1.9874999999999998,967.7125,8.0,249.9367317623037
2015-01-30,-2.7,964.7,9.0,186.96171032804563
2015-01-31,-3.3375,964.4875,13.0,181.192990994114
2015-02-01,-2.475,963.9125,4.75,159.81711976802202
2015-02-02,-2.4375,965.4,3.3333333333333335,195.61524257273217
2015-02-03,-3.4625,968.2125,7.75,169.9617786246033
2015-02-04,-7.0875,975.575,13.6,172.5622094301919
2015-02-05,-5.3375,973.875,,204.2440257113338
2015-02-06,-4.4,962.175,15.0,174.53403706992165
2015-02-07,-4.1,960.225,24.0,183.98871284479074
2015-02-08,-2.9375,958.7625,6.0,185.18617816668885
2015-02-09,-2.9125,963.4875,10.0,171.43662144691748
2015-02-10,-3.25,965.875,12.333333333333334,193.31221507202696
2015-02-11,-4.8875,963.325,,210.06196132278106
2015-02-12,-4.0,962.6375,2.0,273.36372741162296
2015-02-13,-5.85,962.3,6.166666666666667,266.15655546317873
2015-02-14,-6.1125,962.7875,2.6666666666666665,189.48358759598975
2015-02-15,-4.825,963.35,4.0,225.39806498044925
2015-02-16,-5.7,966.6875,,216.36513153794806
2015-02-17,-8.0125,966.2125,25.0,253.5704592155545
2015-02-18,-4.9,966.8125,1.8,318.92750079276084
2015-02-19,-5.6875,961.95,6.0,188.60453477893878
2015-02-20,-5.8,956.9625,,272.57301294192837
2015-02-21,-6.15,953.0875,5.6,202.0648746533445
2015-02-22,-7.362500000000001,959.2375,12.5,183.71343316498124
2015-02-23,-8.3625,964.4625,7.0,243.76151004785402
2015-02-24,-9.425,959.175,23.25,166.64010251380643
2015-02-25,-11.1,959.125,20.0,170.0
2015-02-26,-9.9625,965.6125,17.75,192.27321269479646
2015-02-27,-7.8,970.4,2.0,256.94491877698243
2015-02-28,-8.0625,969.7625,19.0,181.20118125565648
2015-03-01,-10.7,971.9625,13.5,188.72521781198395
2015-03-02,-11.2625,964.8125,9.5,217.9801675252195
2015-03-03,-10.662500000000001,956.8375,7.5,265.1571009002365
2015-03-04,-9.8375,966.0875,10.5,204.9466005312089
2015-03-05,-6.7875000000000005,977.3375,2.0,268.18877876474744
2015-03-06,-9.4,972.7,10.0,249.61584091262023
2015-03-07,-13.125,972.7,,195.6889274921235
2015-03-08,-13.1125,973.3875,18.857142857142858,217.5433584616548
2015-03-09,-14.6875,977.4124999999999,19.666666666666668,173.76134364673752
2015-03-10,-13.9625,981.325,8.5,205.0
2015-03-11,-14.05,973.175,,199.7115146713052
2015-03-12,-18.35,975.4625,15.0,194.52755803104097
2015-03-13,-18.0625,969.725,12.5,287.90436650877893
2015-03-14,-19.0125,971.0,17.0,194.52268775040704
2015-03-15,-22.125,969.85,24.0,239.99999999999994
2015-03-16,-21.8625,965.4875,21.0,195.70226512288883
2015-03-17,-20.087500000000002,975.0125,6.5,254.58008078522218
2015-03-18,-20.35,974.4125,,194.9585546978953
2015-03-19,-17.85,975.625,,238.1130386068446
2015-03-20,-16.825,977.0625,12.5,331.1555749381303
2015-03-21,-15.6875,970.9625,3.0,246.12550888302462
2015-03-22,-16.075,960.25,2.5,181.18231570620878
2015-03-23,-17.45,954.025,8.666666666666666,249.4350982943492
2015-03-24,-17.875,944.9375,10.5,238.74419851954428
2015-03-25,-16.6875,956.475,7.0,207.66653697898712
2015-03-26,-18.3375,966.85,10.0,187.29497665778402
2015-03-27,-18.625,963.6875,9.714285714285714,172.5047687215366
2015-03-28,-19.5,962.6875,10.4,300.0
2015-03-29,-19.2625,963.9125,2.3333333333333335,311.3599191093865
2015-03-30,-17.4,964.35,2.6666666666666665,283.2381554844722
2015-03-31,-19.55,972.3375,2.6,162.89296573051783
2015-04-01,-20.0,976.1,6.0,163.46943953360943
2015-04-02,-20.725,970.875,6.0,159.92267058862495
2015-04-03,-23.1125,967.25,9.0,171.2505906874253
2015-04-04,-25.15,967.25,8.0,178.94188446498535
2015-04-05,-25.0,963.3625,4.333333333333333,156.81889033066008
2015-04-06,-22.387500000000003,967.8,4.0,204.76316648277032
2015-04-07,-19.9375,973.55,27.0,245.2152238455584
2015-04-08,-22.05,976.725,2.75,273.7476312595255
2015-04-09,-24.5125,975.0625,2.4285714285714284,174.1584530204515
2015-04-10,-26.45,974.725,2.4285714285714284,177.20402292896665
2015-04-11,-28.0,974.975,5.75,172.39890893842124
2015-04-12,-30.925,968.575,,206.10625546724987
2015-04-13,-25.9375,961.8,2.0,276.8107595288411
2015-04-14,-20.785714285714285,964.3,,217.2446362903672
2015-04-15,-24.275,964.1625,,256.61865745113425
2015-04-16,-25.9375,954.7,12.5,213.61212743758614
2015-04-17,-24.2375,955.825,2.0,213.78510017777722
2015-04-18,-23.4875,958.2,3.5,200.0
2015-04-19,-26.7,957.3875,21.0,172.45664153834517
2015-04-20,-29.4125,962.6375,,234.48970527959693
2015-04-21,-26.933333333333334,961.975,,297.56249797248205
2015-04-22,-20.428571428571427,964.825,16.0,223.83920134779925
2015-04-23,-19.65,964.9625,7.0,201.55695190199455
2015-04-24,-13.35,964.9625,,203.88130130731633
2015-04-25,-15.05,963.0375,16.0,178.76401231038088
2015-04-26,-19.825,968.05,,197.53443745936855
2015-04-27,-21.425,966.1875,23.0,256.43593029134445
2015-04-28,-20.85,970.7625,,177.52391618993167
2015-04-29,-21.575,972.4,3.3333333333333335,227.37377982368668
2015-04-30,-20.45,960.6125,3.0,289.2746909292599
2015-05-01,-21.425,958.0625,3.0,193.78399150012004
2015-05-02,-23.775,957.9625,,196.40025153307064
2015-05-03,-22.375,972.55,16.666666666666668,166.629537165161
2015-05-04,-23.975,966.6875,,154.80972735644366
2015-05-05,-25.714285714285715,969.2125,3.125,243.24735546404352
2015-05-06,-14.085714285714285,974.8375,4.5,215.05567921656944
2015-05-07,-14.114285714285714,975.3875,,239.95530632338696
2015-05-08,-21.1875,971.3125,4.5,223.12485804173005
2015-05-09,-17.9625,979.9,4.333333333333333,269.0433725811946
2015-05-10,-17.65,984.9375,,209.21380098149314
2015-05-11,-23.3875,967.3375,53.0,230.11568442019436
2015-05-12,-22.3375,968.5625,7.0,258.28431362672524
2015-05-13,-24.975,969.7875,,223.08248883403496
2015-05-14,-26.8125,963.075,12.0,227.9175189947616
2015-05-15,-28.47142857142857,961.325,,278.3473653901719
2015-05-16,-27.975,967.85,2.25,178.0435853935565
2015-05-17,-26.6,969.95,,228.9523604273825
2015-05-18,-24.525000000000002,956.8375,27.0,246.1631980616201
2015-05-19,-27.2875,957.825,,203.30929475177885
2015-05-20,-23.650000000000002,965.3125,,211.37211821780795
2015-05-21,-23.5375,957.5375,,238.716541045891
2015-05-22,-22.775,976.425,25.5,172.47608381006833
2015-05-23,-26.4125,976.4125,24.0,175.0
2015-05-24,-23.12857142857143,968.825,,214.8768926292045
2015-05-25,-25.3625,973.4375,2.0,205.9032661692135
2015-05-26,-26.2625,964.6875,4.0,151.67319945032267
2015-05-27,-25.3625,970.0,4.0,176.42954078444546
2015-05-28,-24.6,987.9,1.0,205.57018608055435
2015-05-29,-25.849999999999998,990.925,4.75,319.1117607014396
2015-05-30,-26.3625,985.5625,5.0,171.24244331052645
2015-05-31,-29.424999999999997,983.5875,12.6,180.0
2015-06-01,-28.6625,979.825,4.0,173.72769400893563
2015-06-02,-21.5375,973.4625,26.333333333333332,173.32956305530232
2015-06-03,-19.21666666666667,964.875,,211.26946992900704
2015-06-04,-19.042857142857144,961.775,,231.39903155863686
2015-06-05,-16.3,963.475,,235.46972398707464
2015-06-06,-16.3625,959.725,,233.36372741162296
2015-06-07,-20.425,951.125,,228.4331082572801
2015-06-08,-17.2125,961.1125,,214.02838773748195
2015-06-09,-20.95,967.725,25.25,
2015-06-10,-22.3875,968.0,16.666666666666668,185.20002120813794
2015-06-11,-23.55,958.6375,,228.9065556771765
2015-06-12,-21.525,958.875,12.0,210.39995568897905
2015-06-13,-21.6125,977.8375,22.0,232.47578613787584
2015-06-14,-23.2125,983.6375,,224.3737004247386
2015-06-15,-24.8375,988.425,,195.6725736959604
2015-06-16,-21.7625,986.1,3.5,255.4013023857529
2015-06-17,-20.3375,983.8,4.0,211.8333557644772
2015-06-18,-22.9625,977.45,,201.37728380657285
2015-06-19,-25.6875,979.2125,3.0,178.26123793132263
2015-06-20,-26.728571428571428,982.5875,16.5,175.0191112475166
2015-06-21,-23.462500000000002,974.9125,,234.31110109858696
2015-06-22,-21.9125,967.5125,1.8,185.3960092650077
2015-06-23,-17.466666666666665,966.15,10.0,225.4657838743892
2015-06-24,-20.7375,961.9375,34.0,230.84685973879678
2015-06-25,-24.675,962.7625,,248.77619706673326
2015-06-26,-25.4125,964.7125,2.0,256.45900388459216
2015-06-27,-22.75714285714286,963.3375,9.0,254.01246275023607
2015-06-28,-23.728571428571428,967.375,,208.44156006257205
2015-06-29,-27.0625,975.4875,10.5,203.5766869131849
2015-06-30,-27.5375,989.0625,17.5,170.0
2015-07-01,-25.875,989.8625,8.0,189.27469092925992
2015-07-02,-30.3875,984.5125,17.0,180.98763944970105
2015-07-03,-31.5625,985.0,3.0,170.0
2015-07-04,-33.3125,981.525,10.25,173.34655814060278
2015-07-05,-34.285714285714285,978.0375,,202.3820059781965
2015-07-06,-31.366666666666664,965.825,9.0,198.10520480365383
2015-07-07,-30.414285714285715,959.45,,184.89282272341035
2015-07-08,-27.625,949.925,,184.1519278881208
2015-07-09,-26.1375,946.0875,,199.99999999999997
2015-07-10,-24.35,951.05,4.0,258.68266065827777
2015-07-11,-22.75,957.175,4.0,176.5890919553926
2015-07-12,-26.025,960.4,,246.54298352067644
2015-07-13,-25.6625,957.775,4.0,289.7938254875655
2015-07-14,-22.05,955.4125,3.0,263.86114571261385
2015-07-15,-18.325,957.6,,212.4798112860401
2015-07-16,-17.9625,958.1625,,177.43779056980813
2015-07-17,-19.0,962.9,,204.00980038842513
2015-07-18,-17.64,957.0625,,218.048363151411
2015-07-19,-27.425,964.7,,233.55966818517703
2015-07-20,-30.537499999999998,968.2875,9.0,173.751829216134
2015-07-21,-30.125,970.1625,,282.2047752444116
2015-07-22,-29.4,958.1375,,187.81311135435303
2015-07-23,-25.62857142857143,953.6375,,196.05324821679764
2015-07-24,-22.5375,953.1125000000001,,204.70525426427065
2015-07-25,-20.05,948.9875,,211.51278044983695
2015-07-26,-18.5875,949.0625,,199.2091077127689
2015-07-27,-16.3625,950.0375,,234.3818607723823
2015-07-28,-22.3,968.475,11.0,172.51437930669928
2015-07-29,-25.475,964.825,4.0,228.4519125884337
2015-07-30,-29.7,950.85,19.666666666666668,209.42451230710427
2015-07-31,-24.3,958.5375,,237.3648351377224
2015-08-01,-25.7875,977.825,5.0,182.5746240009872
2015-08-02,-24.21666666666667,982.9875,,241.32318953902032
2015-08-03,-23.2125,992.0375,1.0,145.98518302542024
2015-08-04,-26.4875,984.9125,4.5,266.1823157062088
2015-08-05,-34.1125,980.575,17.0,220.54147963816735
2015-08-06,-26.5375,981.2875,,246.17346540963752
2015-08-07,-22.0625,966.2625,,232.6462557379213
2015-08-08,-23.2125,952.9875,,228.7350652249325
2015-08-09,-21.175,949.7875,,239.81877456931244
2015-08-10,-22.825,957.6625,,218.535105457272
2015-08-11,-24.5,959.875,,258.4734087943729
2015-08-12,-27.8,962.275,26.0,160.71500495518347
2015-08-13,-24.125,974.25,,237.14932038967174
2015-08-14,-16.766666666666666,972.15,,240.43174592105962
2015-08-15,-29.47142857142857,965.8875,31.0,173.99755606289725
2015-08-16,-29.6875,953.4875,15.333333333333334,176.25298301376884
2015-08-17,-29.8125,952.35,15.0,200.77664034688215
2015-08-18,-26.65,962.1375,3.5,294.84602469904644
2015-08-19,-29.05,963.1125,21.0,182.19617190039563
2015-08-20,-26.825,954.65,30.666666666666668,176.67043694469768
2015-08-21,-16.55,945.275,26.0,177.50476872153658
2015-08-22,-19.5125,954.575,,179.15055905862675
2015-08-23,-26.1375,952.825,9.5,181.25538450902272
2015-08-24,-32.2875,949.5125,22.5,173.99755606289725
2015-08-25,-30.1,959.1999999999999,22.5,171.29841739955026
2015-08-26,-28.35,955.9875,17.5,213.74379667436511
2015-08-27,-18.17142857142857,937.7,,264.7979566530224
2015-08-28,-15.2375,947.8625,15.0,223.63065788720002
2015-08-29,-16.05,963.6875,,231.25049702773057
2015-08-30,-14.65,967.9,,232.6462557379213
2015-08-31,-19.0,958.75,11.0,288.7473050405863
2015-09-01,-20.82,960.575,,242.1602604673481
2015-09-02,-24.071428571428573,966.7375,,188.96910353452944
2015-09-03,-26.900000000000002,974.5285714285714,4.0,249.86447562650636
2015-09-04,-24.7875,975.5625,,251.30520450740528
2015-09-05,-21.375,983.6125,,229.6782974598175
2015-09-06,-26.6125,980.275,2.0,239.0852670027031
2015-09-07,-28.45,963.1,22.0,168.80266175462302
2015-09-08,-31.65,968.4,8.666666666666666,236.33615577104172
2015-09-09,-32.2375,961.9,2.6666666666666665,337.2741441956901
2015-09-10,-31.3625,957.45,2.5,191.2257391461038
2015-09-11,-33.6875,959.6625,3.0,260.0
2015-09-12,-34.625,953.4125,16.333333333333332,177.50476872153658
2015-09-13,-32.875,953.3875,7.0,282.53000142426924
2015-09-14,-31.2,936.325,,203.6862179566493
2015-09-15,-27.97142857142857,958.15,,194.32078983721388
2015-09-16,-30.3625,953.25,24.0,240.0
2015-09-17,-25.1125,951.3874999999999,,280.3829761407184
2015-09-18,-19.725,944.0125,,270.2467238602391
2015-09-19,-20.1125,946.1125,12.0,195.57018608055435
2015-09-20,-27.0125,949.0625,,205.26382541209725
2015-09-21,-27.9,961.6125,5.0,254.73474196881483
2015-09-22,-26.35,971.275,,183.37684665480307
2015-09-23,-26.475,970.325,21.0,195.8886301419037
2015-09-24,-27.0,968.6,5.0,261.22929498669737
2015-09-25,-20.725,967.7375,,222.69444648803864
2015-09-26,-22.5875,968.7375,,199.5335366815627
2015-09-27,-21.3625,958.1,,199.9251059224927
2015-09-28,-16.0,950.1875,3.0,237.8967838179173
2015-09-29,-16.928571428571427,964.0625,,182.22216828913312
2015-09-30,-18.071428571428573,963.625,,249.00264555421126
2015-10-01,-16.875,963.825,,186.41436727916684
2015-10-02,-17.875,972.85,21.0,176.31426436744206
2015-10-03,-13.625,965.2125,,186.82312750379165
2015-10-04,-13.6625,970.2714285714285,27.4,178.74461549097728
2015-10-05,-16.619999999999997,970.5125,,182.6748605880844
2015-10-06,-14.6875,974.5,21.0,174.8124863787194
2015-10-07,-13.0,967.625,,211.48612089148034
2015-10-08,-13.675,961.2875,,205.9743033113935
2015-10-09,-12.975,958.625,8.333333333333334,193.43165204593367
2015-10-10,-13.525,956.8125,,176.25298301376884
2015-10-11,-15.274999999999999,962.4,23.0,177.66863653749522
2015-10-12,-15.675,969.45,20.0,204.75860536657137
2015-10-13,-20.1,968.4125,20.5,192.4343466010164
2015-10-14,-21.3375,966.4,1.0,187.45532738295896
2015-10-15,-21.8875,959.725,6.666666666666667,274.948096227944
2015-10-16,-15.266666666666666,951.7625,,191.081690781365
2015-10-17,-12.5625,956.6875,11.5,196.83875937538923
2015-10-18,-11.825,958.6875,,220.6070566980516
2015-10-19,-11.942857142857141,968.8,7.0,187.96105805536547
2015-10-20,-15.25,977.8125,,170.0
2015-10-21,-13.4375,978.875,3.0,251.3109060108663
2015-10-22,-12.6,962.15,8.0,284.6297314789408
2015-10-23,-15.9125,955.875,8.5,258.2834374059863
2015-10-24,-16.925,953.9375,7.666666666666667,307.2595208679564
2015-10-25,-17.45,958.3285714285714,5.0,272.1666239786209
2015-10-26,-16.5,962.4,13.666666666666666,183.29834772052166
2015-10-27,-17.025,966.2,12.0,181.2602152178852
2015-10-28,-17.125,966.725,1.3333333333333333,312.05803927788895
2015-10-29,-15.675,965.05,2.5,309.8449663280205
2015-10-30,-15.975,962.7125,6.6,274.2150601917243
2015-10-31,-17.0375,965.6125,5.0,174.09665739848518
2015-11-01,-17.6125,967.8,18.666666666666668,162.4952312784634
2015-11-02,-18.625,973.75,19.5,170.0
2015-11-03,-19.625,969.275,10.0,170.0
2015-11-04,-18.8625,964.8375,9.666666666666666,189.64693220215815
2015-11-05,-14.35,945.6125,7.5,258.54569258431786
2015-11-06,-13.8625,948.2375,8.0,307.2859629826353
2015-11-07,-11.9375,961.5125,4.0,230.5645762658461
2015-11-08,-8.5375,969.0875,2.5,192.50415444218567
2015-11-09,-11.142857142857142,954.1625,9.666666666666666,217.4308417266445
2015-11-10,-12.3875,963.225,3.0,196.8227655315328
2015-11-11,-8.825,968.3625,6.5,263.05937397519
2015-11-12,-7.65,967.8,,194.58995331556804
2015-11-13,-9.25,966.6125,22.0,164.1584530204515
2015-11-14,-10.275,972.6375,12.25,180.62321215991508
2015-11-15,-9.2125,975.5,18.0,182.02635509004128
2015-11-16,-8.8625,971.1999999999999,8.0,191.01897270985867
2015-11-17,-10.15,970.05,,185.20124502652754
2015-11-18,-6.414285714285714,961.525,,176.94238294690072
2015-11-19,-7.1875,952.5625,,186.06853584171935
2015-11-20,-7.55,948.7125,8.0,272.7936824023174
2015-11-21,-6.7,952.625,2.0,324.99999999999994
2015-11-22,-4.6375,962.8375,3.25,148.74636343925124
2015-11-23,-4.75,969.2375,8.2,168.08466942311074
2015-11-24,-5.05,968.9625,1.5,220.0
2015-11-25,-1.9625,965.5375,4.0,260.7971505184074
2015-11-26,-1.6625,959.55,4.5,255.0
2015-11-27,-5.075,957.0,21.0,169.8126039801246
2015-11-28,-4.5375,955.5875,4.0,184.6055781541064
2015-11-29,-2.475,952.2125,5.75,328.363727411623
2015-11-30,-3.575,959.6625,9.0,153.50203160059547
2015-12-01,-3.3375,964.725,5.0,354.4897052795969
2015-12-02,-3.08,963.175,2.0,21.132681127105393
2015-12-03,-2.4499999999999997,966.15,2.1666666666666665,327.4152803724479
2015-12-04,1.4125,964.1,4.75,202.41280898441804
2015-12-05,-0.75,967.1875,20.0,175.0
2015-12-06,-2.3625,967.75,,167.62143768947573
2015-12-07,-0.7125,961.0625,19.0,275.21232578764483
2015-12-08,-2.9,965.9125,12.0,161.3185567721189
2015-12-09,-1.8625,979.35,8.25,214.94273054988247
2015-12-10,-2.5375,984.4125,4.0,109.99999999999999
2015-12-11,-1.1428571428571428,989.7375,2.3333333333333335,326.12269120045255
2015-12-12,-2.3285714285714287,988.8375,2.3333333333333335,161.2525991505228
2015-12-13,-0.6375,987.6875,,290.9024032315328
2015-12-14,3.442857142857143,984.075,,185.65099922423076
2015-12-15,-2.275,975.775,3.2,98.71729417763696
2015-12-16,-2.6571428571428575,965.3625,4.2,174.9872019363965
2015-12-17,-2.575,957.4,6.666666666666667,326.18068936473196
2015-12-18,-2.5125,958.9,6.666666666666667,323.57472329114853
2015-12-19,-2.525,960.6625,9.0,284.4701601196035
2015-12-20,-2.0875,967.0625,6.666666666666667,153.6521109115475
2015-12-21,-2.2875,969.8375,7.0,332.12767711683176
2015-12-22,-2.7125,972.2,5.8,142.23809441959781
2015-12-23,-4.6875,982.625,17.8,160.0
2015-12-24,-5.0625,982.8875,16.0,162.65733289025846
2015-12-25,-3.7125,972.125,11.0,301.64354678368187
2015-12-26,-3.0875,973.075,5.5,156.16837691383697
2015-12-27,-5.5,974.4375,11.0,139.57023828336241
2015-12-28,-4.175,966.2875,6.2,312.51437930669925
2015-12-29,-1.9875,963.175,4.666666666666667,39.53303521735794
2015-12-30,-1.9249999999999998,971.4375,4.0,149.5518654945748
2015-12-31,-4.75,974.65,3.0,161.82151702167099
2016-01-01,-5.05,966.35,7.75,185.85401303145832
2016-01-02,-6.325,964.575,8.0,163.6106400911069
2016-01-03,-2.085714285714286,964.1875,4.25,252.09979135465952
2016-01-04,-3.225,965.95,,150.11751086971648
2016-01-05,-2.9125,967.35,11.6,199.58784721131838
2016-01-06,-2.814285714285714,965.3625,3.0,331.40314146464993
2016-01-07,-3.4142857142857146,967.1125,4.0,44.05959560912041
2016-01-08,-5.4125,969.0375,9.0,159.4166474623632
2016-01-09,-4.6,971.8375,6.0,163.8257541943794
2016-01-10,-2.5,972.2625,27.0,157.49523127846342
2016-01-11,-1.0,977.9625,23.2,160.0
2016-01-12,-0.425,975.775,15.666666666666666,176.01477477206282
2016-01-13,1.4714285714285715,968.825,6.0,183.59120356925104
2016-01-14,0.75,964.4625,5.571428571428571,173.34655814060278
2016-01-15,0.225,965.1875,5.4,179.37780121468126
2016-01-16,1.25,964.0875,,177.1732935916374
2016-01-17,1.175,962.575,6.166666666666667,162.58402612645844
2016-01-18,0.18571428571428572,962.8625000000001,3.142857142857143,179.15192788812084
2016-01-19,0.012499999999999997,960.725,5.333333333333333,142.0550053904164
2016-01-20,-0.05,963.65,9.0,159.603584170638
2016-01-21,-0.25,967.5125,,158.62815497941298
2016-01-22,-1.1125,965.475,9.5,168.5010595517083
2016-01-23,0.5125000000000001,955.125,8.0,266.15557493813026
2016-01-24,-0.575,956.4625,2.6666666666666665,151.49149402997352
2016-01-25,-1.5142857142857142,964.7,6.5,158.55780018678885
2016-01-26,-2.2625,970.475,8.0,259.9684656706554
2016-01-27,-1.85,967.6125,4.333333333333333,285.26072107273643
2016-01-28,-2.3125,967.3,9.25,169.88431557980567
2016-01-29,-3.025,966.3875,17.0,165.0
2016-01-30,-3.0500000000000003,958.8,6.25,180.88506878694196
2016-01-31,-4.125,954.2,8.6,177.46205391374923
2016-02-01,-2.2125,951.0375,5.0,270.73366118177245
2016-02-02,-3.225,952.0375,9.0,192.29326974538688
2016-02-03,-1.425,960.4250000000001,8.0,179.00841979878106
2016-02-04,-1.4125,964.3,13.0,192.19103050012959
2016-02-05,-3.9000000000000004,961.975,17.4,168.74461549097725
2016-02-06,-4.875,964.4,9.0,200.8192605915409
2016-02-07,-4.2,966.6125,10.666666666666666,287.12127999943266
2016-02-08,-4.4375,964.3375,10.0,177.2871700243811
2016-02-09,-4.2749999999999995,964.825,,212.55091274524827
2016-02-10,-4.9,966.375,8.428571428571429,173.35989748619357
2016-02-11,-7.1,964.7,16.4,173.79525171222755
2016-02-12,-7.0375,969.625,23.0,156.25783248769307
2016-02-13,-6.9,978.1875,,235.35828159660284
2016-02-14,-8.375,977.1625,,234.77704253559017
2016-02-15,-8.275,973.15,,191.83463662084512
2016-02-16,-9.225,968.825,6.75,195.78370329964173
2016-02-17,-10.2,962.7625,15.333333333333334,221.26983939365414
2016-02-18,-10.987499999999999,955.9125,10.2,173.43512637653674
2016-02-19,-12.25,957.0,13.285714285714286,180.96593470245807
2016-02-20,-9.1125,966.35,3.5,218.7134331649812
2016-02-21,-10.2375,977.225,12.0,198.4193963156889
2016-02-22,-10.0,973.8,7.0,229.58889009254145
2016-02-23,-6.3125,966.65,14.0,245.4234100423568
2016-02-24,-6.475,969.1714285714286,4.0,183.32443439009205
2016-02-25,-8.45,966.55,,183.87691440784315
2016-02-26,-9.275,966.0125,13.0,228.1326310742257
2016-02-27,-9.825,981.825,,173.79525171222755
2016-02-28,-10.100000000000001,982.8375,6.5,254.32434809439377
2016-02-29,-11.175,978.425,17.166666666666668,166.23865635326248
2016-03-01,-13.1125,974.9,,208.434948822922
2016-03-02,-10.75,968.975,17.0,272.9823446891436
2016-03-03,-9.2875,959.5375,4.0,195.79654248286815
2016-03-04,-11.4875,956.4625,14.0,172.48562069330075
2016-03-05,-11.6625,962.8,15.0,186.51976472513073
2016-03-06,-11.325,962.9499999999999,4.666666666666667,219.33278120082977
2016-03-07,-12.1125,957.925,18.0,170.0
2016-03-08,-11.825,961.825,16.4,163.7374294132844
2016-03-09,-12.2125,968.125,20.2,169.2907037349126
2016-03-10,-13.1125,969.4,,186.53056046639057
2016-03-11,-13.55,962.05,13.333333333333334,198.67906071925114
2016-03-12,-15.075,962.4875,16.0,185.0
2016-03-13,-15.7125,964.45,19.666666666666668,177.9926550205025
2016-03-14,-15.6125,965.3125,,177.50476872153658
2016-03-15,-17.1875,966.9125,,205.17930649168278
2016-03-16,-17.6,966.7875,9.5,213.97899437420276
2016-03-17,-17.5,972.8625,13.5,175.1558514638122
2016-03-18,-18.175,977.275,10.0,167.4952312784634
2016-03-19,-16.3875,975.0875,38.0,231.50085420181068
2016-03-20,-18.75,959.175,,229.72307609435816
2016-03-21,-23.4125,951.3375,16.75,203.63121306161887
2016-03-22,-21.6875,952.625,,241.1208034509669
2016-03-23,-15.1375,956.5875,,243.8236926323173
2016-03-24,-13.25,960.95,22.5,246.2141825419322
2016-03-25,-12.2625,964.1125,16.0,216.22424330570894
2016-03-26,-15.15,962.0625,6.0,207.20412274114153
2016-03-27,-17.55,962.1125,,234.84577479182184
2016-03-28,-17.9625,966.55,,242.20780033972378
2016-03-29,-16.55,971.1125,21.0,227.63253477361982
2016-03-30,-17.4875,970.6125,,215.14267227758884
2016-03-31,-19.675,966.95,6.5,184.04439607532686
2016-04-01,-22.4625,981.675,15.75,172.06229446529565
2016-04-02,-24.1,982.6625,12.5,178.77341572811696
2016-04-03,-26.175,975.1125,17.333333333333332,162.45664153834517
2016-04-04,-27.7375,976.65,8.5,183.62111036851405
2016-04-05,-29.425,969.9875,4.166666666666667,294.4999653755148
2016-04-06,-27.3,963.8,3.0,259.76663299534636
2016-04-07,-25.6875,949.8875,11.0,165.07732941137508
2016-04-08,-25.2625,948.5375,19.5,175.9978703205484
2016-04-09,-25.0125,958.9625,1.0,186.06934675597876
2016-04-10,-24.4,963.6125,16.0,165.0
2016-04-11,-24.3375,958.9625,12.0,226.56173975768448
2016-04-12,-28.1,952.8,16.0,170.0
2016-04-13,-23.1125,962.4875,8.5,206.629537165161
2016-04-14,-25.425,968.3375,,213.52754764034754
2016-04-15,-26.85,970.5875,26.5,242.38959937341178
2016-04-16,-26.5125,974.3125,11.0,291.62953716516097
2016-04-17,-23.275,973.225,1.5,169.47951482389826
2016-04-18,-17.0875,966.0625,2.0,209.7952426811682
2016-04-19,-11.5625,968.5,16.6,176.15108450876053
2016-04-20,-9.75,977.525,16.0,199.417309860163
2016-04-21,-11.95,983.9875,14.0,190.03942377843973
2016-04-22,-14.6125,985.2625,,210.37632482904712
2016-04-23,-16.075,979.0,3.1666666666666665,341.9217547894374
2016-04-24,-18.5375,976.6625,2.2,158.07320199080442
2016-04-25,-19.3,979.1875,4.0,286.2060231130031
2016-04-26,-18.6875,968.0125,,300.84807211187916
2016-04-27,-20.5375,971.025,,162.64926950994507
2016-04-28,-25.825,970.75,14.8,168.37211470017826
2016-04-29,-27.2125,974.0375,15.714285714285714,198.53792031463635
2016-04-30,-31.85,983.2,20.5,168.74940931257473
2016-05-01,-30.6875,987.5,6.333333333333333,272.58380868318824
2016-05-02,-33.0,984.0875,7.0,180.0
2016-05-03,-31.0,982.325,4.0,343.48774593922525
2016-05-04,-25.166666666666668,980.1625,2.0,327.75932185658917
2016-05-05,-21.157142857142855,958.1625,,253.8659474076166
2016-05-06,-22.285714285714285,961.1375,,171.3662214204971
2016-05-07,-24.7,969.3375,4.333333333333333,264.78720219123863
2016-05-08,-22.414285714285715,958.825,7.0,274.6881480129451
2016-05-09,-23.65,978.9875,,8.680467237029635
2016-05-10,-22.7125,979.7625,2.0,174.92822341109368
2016-05-11,-23.2125,975.0125,2.6,273.53604543821905
2016-05-12,-25.0125,975.125,2.2857142857142856,171.07328001016396
2016-05-13,-24.4375,978.075,1.6,345.3217025401825
2016-05-14,-24.7875,971.375,2.5,324.46340871305455
2016-05-15,-24.525,972.3249999999999,3.3333333333333335,167.6104006265882
2016-05-16,-26.75,980.3375,14.0,176.6384703432001
2016-05-17,-26.375,981.1375,12.0,181.90978881048844
2016-05-18,-23.85,975.1,29.0,219.70463624330918
2016-05-19,-24.542857142857144,966.125,37.333333333333336,224.99999999999997
2016-05-20,-18.066666666666666,957.2125,,253.65708869335214
2016-05-21,-21.125,964.1375,,250.03453354694054
2016-05-22,-18.9375,961.4625,,238.7494093125747
2016-05-23,-13.5,961.625,,237.50476872153658
2016-05-24,-14.166666666666666,961.325,,235.0223390275469
2016-05-25,-17.2875,960.3625,31.0,243.97258729029733
2016-05-26,-11.137500000000001,961.925,,227.87072864945313
2016-05-27,-16.759999999999998,962.4625,11.0,228.86606614349026
2016-05-28,-20.5625,957.2125,5.666666666666667,269.71874498304396
2016-05-29,-22.725,959.275,11.666666666666666,168.84963292783192
2016-05-30,-21.462500000000002,968.9375,,208.94298968824452
2016-05-31,-23.625,953.8875,,245.18617816668888
2016-06-01,-22.212500000000002,956.45,3.5,195.59715162476178
2016-06-02,-25.2375,961.2375,18.0,199.12605827488517
2016-06-03,-21.2625,948.0,,245.1639812550007
2016-06-04,-19.1375,946.975,,224.88781263979902
2016-06-05,-21.85,956.2625,4.0,212.23527528465237
2016-06-06,-24.4125,968.225,,240.10945227789233
2016-06-07,-23.7375,959.0625,,213.6306578872
2016-06-08,-27.65,966.0875,10.333333333333334,172.5047687215366
2016-06-09,-29.6125,966.4625,10.0,264.11086714217777
2016-06-10,-29.775,958.2,5.0,291.8872700242463
2016-06-11,-31.075,958.85,,166.7039150429411
2016-06-12,-30.1125,968.65,,167.16609424741995
2016-06-13,-29.724999999999998,975.1,,191.65263460982806
2016-06-14,-28.75,965.775,2.5,285.4173652172432
2016-06-15,-29.9625,961.65,18.6,173.76134364673752
2016-06-16,-28.2375,972.1125,,303.02329008717675
2016-06-17,-24.9375,973.525,1.8333333333333333,249.67829745981751
2016-06-18,-24.2625,961.8375,21.0,254.9405476474611
2016-06-19,-21.428571428571427,955.5125,17.0,221.94630370523333
2016-06-20,-22.8375,962.125,4.0,178.22153895142293
2016-06-21,-19.342857142857145,971.1625,,191.49118742063632
2016-06-22,-19.833333333333332,983.4,,218.33943602275036
2016-06-23,-23.4875,983.7875,3.6666666666666665,202.57301294192837
2016-06-24,-21.185714285714287,975.4250000000001,15.0,175.05762515785318
2016-06-25,-23.675,961.95,16.0,219.37315098253336
2016-06-26,-24.2125,949.5500000000001,,220.07732941137505
2016-06-27,-23.675,950.8625,16.0,221.09344432282347
2016-06-28,-23.5,960.825,9.0,211.85774325283697
2016-06-29,-26.52857142857143,961.2625,,221.4327126149638
2016-06-30,-24.45,962.9375,,220.15661427103535
2016-07-01,-28.85,968.5,13.5,221.77728432662965
2016-07-02,-30.8375,969.95,4.5,188.52433236150713
2016-07-03,-32.1625,969.1125,4.0,196.09344432282344
2016-07-04,-33.824999999999996,964.925,8.0,195.99439024292946
2016-07-05,-32.0,969.175,4.0,171.34402149653135
2016-07-06,-28.214285714285715,963.7625,3.0,276.1007028177034
2016-07-07,-26.571428571428573,961.8625,3.0,229.37127688405167
2016-07-08,-25.099999999999998,969.1875,,196.12747405190834
2016-07-09,-26.4375,970.0375,2.3333333333333335,181.59121632604595
2016-07-10,-22.37142857142857,973.5875,4.0,237.33299978724853
2016-07-11,-15.3125,972.35,,251.9312596275832
2016-07-12,-17.928571428571427,972.6,,228.44759688880114
2016-07-13,-24.7875,971.825,,187.04558005599543
2016-07-14,-22.771428571428572,973.175,4.0,283.70737419627505
2016-07-15,-24.2625,981.25,14.0,192.96706020164532
2016-07-16,-23.1125,975.125,3.0,313.9065556771765
2016-07-17,-21.400000000000002,967.4875,6.0,268.94675178320233
2016-07-18,-26.17142857142857,966.9125,3.0,242.32513941191556
2016-07-19,-25.625,972.75,5.0,336.70495327058325
2016-07-20,-27.8625,971.7375,13.666666666666666,202.6038404765545
2016-07-21,-29.925,972.9625,,170.32170254018249
2016-07-22,-33.4,973.2375,2.6666666666666665,307.9847244555261
2016-07-23,-34.35,975.15,2.8333333333333335,161.7317215030176
2016-07-24,-33.6875,977.4375,2.5,271.8509610131938
2016-07-25,-32.5375,978.4125,4.5,176.2625705867156
2016-07-26,-33.0875,980.25,1.5,251.44165737518856
2016-07-27,-34.475,976.675,14.333333333333334,177.50476872153658
2016-07-28,-33.3875,979.7625,2.0,131.907737209493
2016-07-29,-34.8,985.6625,2.0,166.67416979282342
2016-07-30,-36.5625,985.8625,2.0,319.63576527004443
2016-07-31,-34.475,991.075,6.0,171.98709469931453
2016-08-01,-27.160000000000004,977.9,7.0,289.7795501845498
2016-08-02,-24.98,980.05,7.0,174.06469993809182
2016-08-03,-32.199999999999996,992.7625,6.0,188.03261395206164
2016-08-04,-30.900000000000002,987.3625,4.4,273.6306578872
2016-08-05,-26.85,982.875,3.0,179.7366848899125
2016-08-06,-29.975,988.7125,,169.68349333303533
2016-08-07,-27.2125,988.9875,2.0,201.24675823746895
2016-08-08,-28.566666666666666,979.8125,2.5,309.1654016228988
2016-08-09,-26.0,974.7375,,336.1054926600267
2016-08-10,-26.15,979.075,,237.42698705807163
2016-08-11,-27.925,977.125,6.25,158.01414459404987
2016-08-12,-23.75,978.025,,236.89479519634614
2016-08-13,-14.319999999999999,970.1375,,240.0749786799434
2016-08-14,-15.0,984.375,18.0,178.74461549097728
2016-08-15,-18.5375,989.075,,229.35659491963503
2016-08-16,-22.1,982.15,4.0,189.5913383698058
2016-08-17,-23.875,972.4875,2.0,181.45419825204308
2016-08-18,-23.125,970.9125,22.5,175.0
2016-08-19,-15.15,963.1875,,196.58083852333314
2016-08-20,-13.65,967.0625,,208.10393316275113
2016-08-21,-16.5625,979.5375,,198.647418908226
2016-08-22,-21.675,976.575,31.0,240.0
2016-08-23,-22.5375,977.4125,,255.78784350030048
2016-08-24,-18.8125,974.575,2.3333333333333335,290.84807211187916
2016-08-25,-20.7125,966.925,2.4285714285714284,169.54850104476293
2016-08-26,-25.433333333333334,962.625,3.0,169.88431557980567
2016-08-27,-22.9875,958.3,,173.751829216134
2016-08-28,-22.475,948.9,27.0,243.10520480365386
2016-08-29,-22.516666666666666,946.8,,161.83598325207348
2016-08-30,-21.925,965.125,17.0,171.25538450902275
2016-08-31,-18.2125,966.45,19.0,190.18617816668885
2016-09-01,-23.2625,954.2625,22.0,188.40739553898914
2016-09-02,-27.4875,952.8375,26.0,227.58254114798422
2016-09-03,-28.842857142857145,955.45,,225.55381203652107
2016-09-04,-28.383333333333336,952.3125,4.0,334.8028295319878
2016-09-05,-31.3125,955.6625,5.333333333333333,178.57185576739582
2016-09-06,-28.0,956.475,3.2,193.83777522224972
2016-09-07,-30.157142857142855,951.1375,5.5,162.3737798236867
2016-09-08,-30.683333333333334,949.65,,175.28661716769426
2016-09-09,-29.642857142857142,950.0125,3.0,197.38080562374572
2016-09-10,-31.712500000000002,938.175,20.0,176.00244393710275
2016-09-11,-30.775,947.7875,11.5,172.36463141241754
2016-09-12,-33.0,949.9125,6.0,164.20130957337315
2016-09-13,-30.95,942.125,6.25,298.7421807931897
2016-09-14,-27.160000000000004,933.7125,8.0,273.4074606141484
2016-09-15,-21.47142857142857,953.35,,197.5961772880628
2016-09-16,-23.35,963.2625,1.5,217.72070549507905
2016-09-17,-19.114285714285717,961.3625,6.0,186.3842364455179
2016-09-18,-21.675,966.1875,23.0,195.1419866423891
2016-09-19,-19.65,962.6,,198.6106400911069
2016-09-20,-21.275,967.65,,177.45664153834517
2016-09-21,-18.475,970.2875,28.0,231.629537165161
2016-09-22,-21.142857142857142,962.8875,6.0,195.70226512288883
2016-09-23,-22.15,959.0125,,191.87573187720827
2016-09-24,-23.114285714285717,960.2125,,173.39155534766692
2016-09-25,-21.8,968.0,20.0,216.43688226774015
2016-09-26,-16.3875,972.5625,27.0,227.1750178740733
2016-09-27,-16.014285714285712,971.65,,200.326821964539
2016-09-28,-14.925,977.625,40.0,231.66196100935923
2016-09-29,-18.287499999999998,973.6,35.75,235.97793277528314
2016-09-30,-18.6875,966.6,25.0,240.0
2016-10-01,-18.15,964.7125,21.5,210.36585015312457
2016-10-02,-17.675,970.8875,16.0,194.34620410781866
2016-10-03,-16.5,976.5625,9.0,187.46556254063145
2016-10-04,-20.25,977.025,9.0,168.45961535094057
2016-10-05,-25.0,972.0625,11.5,209.54324728025938
2016-10-06,-20.9875,970.5375,4.0,269.9414540834062
2016-10-07,-18.2375,967.5875,2.0,236.28075344780933
2016-10-08,-20.32857142857143,968.225,,187.51793817518305
2016-10-09,-22.428571428571427,971.5875,12.0,188.35359264601055
2016-10-10,-23.3375,971.6625,,247.05786740056772
2016-10-11,-22.05,973.7,6.0,183.03704282066897
2016-10-12,-17.3375,977.9875,23.333333333333332,174.92326698343027
2016-10-13,-16.7,968.325,,224.95980389397417
2016-10-14,-22.3625,963.0,15.0,170.0383687732975
2016-10-15,-20.9625,963.1375,4.0,194.37370042473862
2016-10-16,-19.9625,965.1625,8.5,193.53354995269248
2016-10-17,-18.3125,955.1625,5.333333333333333,287.9723876155879
2016-10-18,-18.642857142857142,947.7875,7.0,226.917511165965
2016-10-19,-19.175,953.0375,2.5,170.47225219995298
2016-10-20,-19.662499999999998,959.525,20.0,173.72313956783847
2016-10-21,-18.7375,964.0625,13.0,172.54335846165483
2016-10-22,-20.9375,961.0125,5.0,220.22333529491456
2016-10-23,-22.8125,960.3,7.0,256.2183020735127
2016-10-24,-19.7625,952.0125,3.0,270.9607050805918
2016-10-25,-15.0,956.8375,2.0,290.1358506638739
2016-10-26,-10.5875,965.15,,217.0486158205834
2016-10-27,-14.242857142857144,966.125,1.0,173.98522522793718
2016-10-28,-18.2375,965.2875,4.0,228.65480462274124
2016-10-29,-18.4625,965.325,1.0,164.2476553743925
2016-10-30,-18.9,963.375,12.0,187.46269763944355
2016-10-31,-16.137500000000003,965.2125,3.25,284.5296377394098
2016-11-01,-15.728571428571428,971.7,,269.5554855296613
2016-11-02,-13.0,985.275,8.0,247.6841601374589
2016-11-03,-13.1625,988.2,4.333333333333333,287.044650802313
2016-11-04,-13.0875,976.0,3.25,161.14202293597432
2016-11-05,-10.875,979.7,3.0,203.975788126337
2016-11-06,-9.4625,984.975,16.0,248.79794006209562
2016-11-07,-4.4399999999999995,982.4125,9.0,280.4454299694593
2016-11-08,-6.625,977.4625,11.0,176.440331814823
2016-11-09,-11.1,976.3875,4.0,343.3292876826943
2016-11-10,-8.866666666666667,969.7125,,214.96301381687027
2016-11-11,-9.7875,980.5375,11.0,190.0
2016-11-12,-9.9,985.025,6.5,239.7144141136891
2016-11-13,-10.075,990.5875,8.8,246.89479519634614
2016-11-14,-10.9375,984.625,5.5,169.12605827488517
2016-11-15,-10.0625,984.1625,5.0,179.86414933612608
2016-11-16,-10.55,983.7125,5.4,197.91610400017973
2016-11-17,-9.1125,979.125,8.0,202.81752811444434
2016-11-18,-9.95,974.0375,,199.67829745981751
2016-11-19,-10.4625,973.8125,14.5,240.0
2016-11-20,-5.0600000000000005,966.1625,5.0,283.83189479918826
2016-11-21,-5.528571428571429,965.45,,159.9477767128207
2016-11-22,-6.0375000000000005,972.6,14.0,186.71394361402898
2016-11-23,-9.8,970.7625,6.666666666666667,264.7735556406073
2016-11-24,-11.7,968.825,3.4285714285714284,344.7494463046125
2016-11-25,-10.05,971.2625,1.3333333333333333,343.5886806813892
2016-11-26,-8.8375,975.1875,1.5,218.02725051891133
2016-11-27,-9.2875,978.75,5.5,302.59263761304044
2016-11-28,-10.625,978.6625,4.0,195.23683351722966
2016-11-29,-11.075,975.475,5.5,155.0765342493536
2016-11-30,-10.1,971.6375,4.75,307.49916550765903
2016-12-01,-8.3,971.0625,5.666666666666667,164.4183695857197
2016-12-02,-6.449999999999999,979.6625,13.0,229.81058076403573
2016-12-03,-5.557142857142857,978.1125,5.333333333333333,210.23387135338615
2016-12-04,-6.9,973.9125,6.0,213.73789306893792
2016-12-05,-4.725,967.475,8.0,276.7298987514397
2016-12-06,-3.9375,965.75,13.0,162.96784468494582
2016-12-07,-7.9125,972.875,16.25,176.248170783866
2016-12-08,-5.7,973.3125,4.666666666666667,167.15141928987524
2016-12-09,-6.614285714285714,973.925,3.75,164.70648090292187
2016-12-10,-4.7625,973.975,5.0,164.27253706625177
2016-12-11,-1.875,972.1,2.5,260.9954271936031
2016-12-12,0.6,972.7,1.75,293.20989861763024
2016-12-13,-3.9124999999999996,978.6375,7.0,322.6884519026793
2016-12-14,-3.457142857142857,981.1125,5.0,304.8958989331681
2016-12-15,-4.283333333333333,976.15,3.5,219.60488730322464
2016-12-16,-5.3428571428571425,975.15,12.0,172.90418176721457
2016-12-17,-4.1125,979.95,20.0,171.63627258837698
2016-12-18,-0.8428571428571429,979.7125,4.0,201.7496298168095
2016-12-19,-2.6125,977.5125,8.0,173.72769400893563
2016-12-20,-1.4714285714285715,977.2125,2.8333333333333335,315.5538120365211
2016-12-21,-0.75,975.475,4.5,175.84154697954853
2016-12-22,-1.2625,974.0625,12.5,149.87412356535404
2016-12-23,-2.3875,976.7625,,162.06999021853113
2016-12-24,-3.2142857142857144,977.4625,2.75,240.78551115859165
2016-12-25,-2.3857142857142857,973.0,5.0,274.1374486706672
2016-12-26,-2.88,971.4,2.0,160.0
2016-12-27,-3.442857142857143,971.9125,3.5,159.84166834774803
2016-12-28,-2.414285714285714,969.4,2.3333333333333335,310.9969959952952
2016-12-29,-2.025,967.6,9.0,172.51437930669928
2016-12-30,-2.025,972.125,4.333333333333333,184.80127274812406
2016-12-31,-2.8625000000000003,975.475,12.5,167.5239161899317
2017-01-01,-1.9857142857142858,975.2,3.4285714285714284,179.03560321448964
2017-01-02,-0.7666666666666666,969.2875,2.8,210.66723181464525
2017-01-03,0.30000000000000004,956.6,6.333333333333333,301.69612446774323
2017-01-04,-0.4166666666666667,968.9625,2.6666666666666665,121.03440137994603
2017-01-05,-1.55,984.55,,179.8126039801246
2017-01-06,-1.0142857142857142,976.875,1.75,75.18485766013463
2017-01-07,-2.1625,975.3625,9.25,160.0
2017-01-08,-3.1375,980.2875,,171.29841739955026
2017-01-09,-0.725,978.7875,9.5,187.3493467005062
2017-01-10,0.225,979.175,2.0,187.54524109187994
2017-01-11,-1.35,980.625,13.333333333333334,165.57018608055435
2017-01-12,-4.2125,981.6875,26.0,170.0
2017-01-13,-3.3375,982.1625,,162.36925978756994
2017-01-14,-2.4125,986.6125,24.166666666666668,166.636272588377
2017-01-15,-1.9125,982.775,4.0,173.76626137324777
2017-01-16,-2.5625,981.2,4.333333333333333,150.3722039570204
2017-01-17,-2.0625,985.125,5.333333333333333,190.64906592021794
2017-01-18,-3.575,984.3,9.75,168.22120918326115
2017-01-19,-3.4,983.8,3.0,307.95211623679745
2017-01-20,-2.4,985.8249999999999,3.857142857142857,316.0274127097027
2017-01-21,-1.35,977.975,6.0,162.72971691120048
2017-01-22,-3.185714285714286,967.1375,2.6666666666666665,340.0
2017-01-23,-3.9875,969.5125,3.6666666666666665,202.7109093786848
2017-01-24,-2.6625,984.05,4.666666666666667,139.76316648277034
2017-01-25,-3.6999999999999997,984.575,1.0,136.45961937689302
2017-01-26,-3.4625,984.1125,5.75,192.40738583569734
2017-01-27,-3.6,983.7125,3.6666666666666665,168.5921429787142
2017-01-28,-6.725,979.975,11.0,217.1636315264252
2017-01-29,-6.771428571428571,969.5125,3.5,119.20427138470133
2017-01-30,-3.925,973.1625,5.25,179.58325773757383
2017-01-31,-5.7125,981.6625,18.0,185.0
2017-02-01,-5.771428571428571,981.3125,2.75,155.309531119814
2017-02-02,-6.1875,973.975,3.6666666666666665,128.2174446939913
2017-02-03,-5.5,974.125,,179.30057701131526
2017-02-04,-2.6999999999999997,974.1125,14.333333333333334,191.77345819156494
2017-02-05,-2.0875,972.025,14.666666666666666,175.07732941137505
2017-02-06,-2.5625,968.225,8.0,172.67022678651404
2017-02-07,-5.0,978.675,,163.34653429853267
2017-02-08,-2.625,981.2375,16.25,183.1925754178465
2017-02-09,-4.175000000000001,976.2375,7.0,263.4893374676059
2017-02-10,-7.9125,977.925,11.5,192.73166915745938
2017-02-11,-5.9125,974.6625,18.0,274.3931078157163
2017-02-12,-6.8625,972.4875,8.666666666666666,233.83933277846972
2017-02-13,-8.55,977.6,14.0,178.32956305530232
2017-02-14,-7.8125,976.2625,3.5,223.650707703898
2017-02-15,-8.225,968.475,8.25,284.81944585067896
2017-02-16,-7.887499999999999,967.425,5.5,181.28420548615674
2017-02-17,-8.625,972.725,6.0,170.59993386289034
2017-02-18,-8.6375,969.7,7.0,255.0480301244669
2017-02-19,-8.685714285714285,970.35,1.0,144.36546328882463
2017-02-20,-8.9,966.425,15.0,182.66141755463062
2017-02-21,-11.525,970.7375,18.285714285714285,167.5047687215366
2017-02-22,-12.6,981.45,14.666666666666666,194.58995331556804
2017-02-23,-9.814285714285715,987.85,4.0,284.7738561563865
2017-02-24,-8.5125,976.4625,11.25,214.77498251533044
2017-02-25,-8.325,969.8375,3.6666666666666665,181.19414681376648
2017-02-26,-11.4375,970.1125,16.0,169.88248913028352
2017-02-27,-11.875,968.5375,17.142857142857142,228.77813542348275
2017-02-28,-10.1375,981.3125,14.0,181.00204262104776
2017-03-01,-10.075,991.25,3.5,259.74588577671216
2017-03-02,-11.275,985.6625,13.5,252.78350226347135
2017-03-03,-13.8125,982.275,21.5,176.636272588377
2017-03-04,-12.825,981.925,11.75,235.26072107273643
2017-03-05,-12.225,990.7624999999999,,172.56457622437568
2017-03-06,-10.2875,987.6375,3.0,244.94121002769265
2017-03-07,-11.0125,981.775,7.75,284.64959181083566
2017-03-08,-10.625,975.2625,28.0,240.0
2017-03-09,-12.3125,969.15,18.5,210.07732941137505
2017-03-10,-14.2875,969.2625,22.75,162.5047687215366
2017-03-11,-14.275,975.15,22.0,169.9617786246033
2017-03-12,-15.1125,974.7375,14.0,177.13483726166163
2017-03-13,-14.6,973.275,24.5,168.04178174404677
2017-03-14,-13.3875,974.6,,176.18068936473196
2017-03-15,-15.3625,973.25,17.0,180.0
2017-03-16,-15.4375,971.05,16.0,215.68157149188798
2017-03-17,-17.275,968.125,20.75,171.2602152178852
2017-03-18,-14.175,966.275,14.0,182.53352564687572
2017-03-19,-13.12857142857143,968.05,18.0,187.8141352161581
2017-03-20,-10.775,966.9375,16.0,180.9113289686054
2017-03-21,-10.0625,967.0375,19.0,167.48562069330072
2017-03-22,-10.3125,968.3875,13.0,265.75840742253916
2017-03-23,-8.9625,967.25,4.0,190.63738808792786
2017-03-24,-10.225,970.4625,10.0,176.4534667827804
2017-03-25,-12.875,972.075,14.666666666666666,167.1348372616616
2017-03-26,-15.3125,973.5375,14.25,198.7533627287235
2017-03-27,-16.950000000000003,969.925,6.666666666666667,197.3665107145592
2017-03-28,-19.975,968.1,22.666666666666668,227.51437930669928
2017-03-29,-19.6625,968.85,6.0,234.42820696128175
2017-03-30,-19.7125,968.0125,8.0,204.88996557467522
2017-03-31,-23.0375,969.45,16.0,180.27562118948046
2017-04-01,-25.375,972.85,18.5,218.78865923559556
2017-04-02,-25.1,970.2625,31.0,236.01307539464602
2017-04-03,-23.1625,964.975,,235.0
2017-04-04,-22.175,961.4625,,224.01949517886962
2017-04-05,-16.514285714285712,972.525,,158.80730445011804
2017-04-06,-16.4,969.85,7.0,239.6963538274527
2017-04-07,-18.65,965.45,,237.52225476995486
2017-04-08,-18.1125,965.2375,5.5,293.8045405086988
2017-04-09,-17.3,961.4875,4.5,313.77042969942755
2017-04-10,-16.712500000000002,956.7625,4.0,267.6493589644533
2017-04-11,-16.65,955.0,4.5,243.75634048618093
2017-04-12,-17.475,959.2625,6.0,238.00488071149124
2017-04-13,-15.4,965.0625,,250.0
2017-04-14,-18.225,966.1125,,251.04598216136753
2017-04-15,-19.5,969.45,7.0,200.59649549705702
2017-04-16,-20.0,976.975,7.0,173.87101995054508
2017-04-17,-21.9,979.5375,9.0,166.29721968755908
2017-04-18,-22.3,971.925,14.0,236.6811907590854
2017-04-19,-20.025,966.15,29.5,247.06740002350614
2017-04-20,-20.0125,964.05,6.8,291.71654087189677
2017-04-21,-19.1375,968.3625,,172.0894110217404
2017-04-22,-18.0125,962.1375,3.0,276.53056046639057
2017-04-23,-16.125,962.0749999999999,2.25,194.00754407210127
2017-04-24,-15.6375,966.575,10.6,175.23132703455727
2017-04-25,-15.225,967.1375,2.6,254.65224559297832
2017-04-26,-18.6625,966.675,7.0,222.67144318458648
2017-04-27,-15.128571428571428,973.8625,12.0,174.6852587934473
2017-04-28,-11.0625,979.7375,,193.88252734773474
2017-04-29,-11.4125,981.725,3.0,144.12605827488517
2017-04-30,-14.5,978.525,,231.83209869391354
2017-05-01,-20.575,969.675,31.0,233.99755606289722
2017-05-02,-17.2125,962.5375,4.0,248.8806296690912
2017-05-03,-15.275,953.1,13.0,223.0272505189113
2017-05-04,-13.55,954.8625,,225.54135517220175
2017-05-05,-17.375,957.0875,32.0,235.0
2017-05-06,-20.775,958.875,6.0,262.2558367404224
2017-05-07,-21.4625,963.825,7.0,188.11159349367654
2017-05-08,-21.2,963.375,18.0,191.04562270490842
2017-05-09,-23.75,959.9375,17.666666666666668,177.49523127846342
2017-05-10,-22.625,961.475,,180.0
2017-05-11,-18.2125,961.525,6.5,226.55461254389698
2017-05-12,-21.462500000000002,955.7375,,196.9975252490326
2017-05-13,-20.8625,958.5375,3.0,293.0627598755666
2017-05-14,-16.8375,951.3125,,235.29910561409315
2017-05-15,-14.485714285714286,959.4125,,259.01481697457973
2017-05-16,-8.15,953.525,13.0,179.5850030551341
2017-05-17,-10.3125,965.15,23.333333333333332,172.0073449794975
2017-05-18,-12.325,975.075,,229.40350450294295
2017-05-19,-13.4875,971.375,,207.71979580618134
2017-05-20,-16.3875,962.625,17.0,177.9737274470547
2017-05-21,-19.55,961.8625,18.5,182.50476872153658
2017-05-22,-19.285714285714285,958.0125,,244.06197093204503
2017-05-23,-12.8375,960.225,13.5,211.68671027893774
2017-05-24,-14.457142857142857,973.2875,22.0,204.4274002327386
2017-05-25,-15.637500000000001,981.9625,17.666666666666668,204.94192521246939
2017-05-26,-16.4125,977.7,12.0,265.48551853577374
2017-05-27,-18.325,965.825,1.75,165.2095182660867
2017-05-28,-19.475,964.8375,,276.32093928074886
2017-05-29,-19.0125,964.1875,4.6,249.99999999999991
2017-05-30,-17.975,965.4,4.0,320.48452600146487
2017-05-31,-15.585714285714285,957.9125,,220.989376304925
2017-06-01,-12.1,961.225,10.0,217.9645691929532
2017-06-02,-17.857142857142858,969.3125,12.5,209.00457280639685
2017-06-03,-15.9375,961.4285714285714,,283.7283160521405
2017-06-04,-11.65,961.85,,187.6038404765545
2017-06-05,-11.7375,963.6875,,193.78959039269228
2017-06-06,-14.0125,968.0625,11.0,187.31154809732072
2017-06-07,-17.375,969.925,,208.06874037241678
2017-06-08,-19.0625,969.95,10.0,213.19036609240038
2017-06-09,-19.7,968.825,14.0,183.35359264601053
2017-06-10,-21.425,970.6375,7.0,211.78794781441414
2017-06-11,-24.2125,976.7625,,187.41807246825178
2017-06-12,-18.65,971.2125,10.0,207.74694076185662
2017-06-13,-20.15,967.625,14.0,204.9345742538438
2017-06-14,-20.2375,959.125,5.0,267.59824506856495
2017-06-15,-20.675,953.2,4.0,243.62313927988228
2017-06-16,-19.5625,953.65,,236.60920931003525
2017-06-17,-21.5875,956.0375,,228.1408752494649
2017-06-18,-26.6125,961.75,14.5,207.90173685182287
2017-06-19,-28.4875,967.6,,182.126109172821
2017-06-20,-28.85,970.275,3.5,253.80908968173296
2017-06-21,-27.725,980.2125,,281.3279204770242
2017-06-22,-23.6,967.9625,2.5,285.4382716294771
2017-06-23,-25.95,968.8375,,183.86309467595567
2017-06-24,-26.35,976.7625,16.0,190.75161075003427
2017-06-25,-27.5375,968.7,3.0,278.35359264601055
2017-06-26,-26.225,960.6375,,219.8805440341423
2017-06-27,-30.4,970.8875,2.0,283.0507734658303
2017-06-28,-31.7,975.4375,3.5,270.0
2017-06-29,-28.9,981.0,,245.89500767754686
2017-06-30,-25.057142857142857,980.1125,3.5,229.40801599463848
2017-07-01,-12.833333333333334,972.4375,,240.39349681694503
2017-07-02,-14.450000000000001,966.4375,,214.51962661304873
2017-07-03,-25.6875,969.3,,193.715647997185
2017-07-04,-25.775,964.5625,1.0,272.6748605880844
2017-07-05,-25.9375,961.7,,243.59718831878547
2017-07-06,-24.337500000000002,957.2875,3.0,282.66382057530126
2017-07-07,-18.357142857142858,956.6625,14.0,237.78869813668916
2017-07-08,-20.4625,957.9125,9.0,232.02967625257844
2017-07-09,-24.8375,961.0125,5.333333333333333,194.93857700572076
2017-07-10,-27.6,974.8375,6.2,175.0
2017-07-11,-28.775,976.5,22.0,173.74701698623116
2017-07-12,-30.125,962.85,,242.96346607917678
2017-07-13,-29.7875,953.7625,,238.75918267933275
2017-07-14,-28.5125,959.4499999999999,,240.21491439488113
2017-07-15,-28.714285714285715,969.3,,236.71173548525843
2017-07-16,-27.3375,972.95,3.5,266.46431706151867
2017-07-17,-28.15,968.4,,285.08148978727934
2017-07-18,-22.5125,957.8375,,251.44033181482297
2017-07-19,-23.5,953.65,,178.76900384036512
2017-07-20,-21.425,961.0875,15.5,187.1986056065188
2017-07-21,-18.080000000000002,958.0,,193.23689295569113
2017-07-22,-22.433333333333334,968.7,,209.06000577988493
2017-07-23,-22.7625,984.9625,,213.53596429313734
2017-07-24,-19.5125,982.6875,,192.65044949014816
2017-07-25,-23.349999999999998,975.125,,177.16609424741992
2017-07-26,-22.375,966.6375,14.0,164.477098342348
2017-07-27,-17.0875,958.4125,,217.26011121143037
2017-07-28,-15.25,959.025,,224.51114259662685
2017-07-29,-20.525,954.575,23.0,224.86073641555691
2017-07-30,-24.8,962.4125,15.0,166.15022049976895
2017-07-31,-26.625,967.1375,3.0,284.3425327947864
2017-08-01,-27.3125,963.3,2.0,146.629537165161
2017-08-02,-24.075,962.675,4.0,262.074456983263
2017-08-03,-28.585714285714285,963.025,3.0,218.72376322590554
2017-08-04,-25.285714285714285,966.8125,2.5,215.40612690924164
2017-08-05,-20.05,968.825,13.0,199.53589603540007
2017-08-06,-23.042857142857144,969.925,,216.83075916380417
2017-08-07,-23.65,973.075,,214.4353705166953
2017-08-08,-15.440000000000001,958.1375,5.0,257.88946472513675
2017-08-09,-23.383333333333336,955.325,23.0,170.0
2017-08-10,-26.7,962.675,12.0,238.10520480365386
2017-08-11,-27.95,958.4,,165.05762515785315
2017-08-12,-27.225,963.35,,194.43366070916346
2017-08-13,-24.6375,957.925,24.0,177.50476872153658
2017-08-14,-16.9875,951.65,13.0,210.794330904774
2017-08-15,-15.2,955.9125,,222.54147861258375
2017-08-16,-13.8375,963.925,6.0,201.27992033551425
2017-08-17,-16.7125,977.2125,9.75,189.62973147894084
2017-08-18,-19.3,982.975,26.0,168.74940931257473
2017-08-19,-17.716666666666665,968.9375,37.0,160.0
2017-08-20,-21.6875,968.7375,,180.0
2017-08-21,-15.3875,948.45,,291.45419825204306
2017-08-22,-15.3875,941.9875,,176.19545949130125
2017-08-23,-14.425,952.425,,252.990902319133
2017-08-24,-16.2625,960.975,11.0,217.4992300145925
2017-08-25,-18.228571428571428,959.0125,28.0,223.86964174006857
2017-08-26,-20.9375,954.6625,,204.35824668565482
2017-08-27,-22.974999999999998,951.6375,3.5,228.41142732073385
2017-08-28,-29.8,949.1,23.0,173.74701698623116
2017-08-29,-27.85,959.525,7.75,250.0
2017-08-30,-28.5125,960.6125,10.2,245.0
2017-08-31,-29.2125,959.8375,24.0,230.13459355170545
2017-09-01,-26.833333333333332,947.4125,23.0,263.2161412575049
2017-09-02,-20.025,950.65,,225.41883396986793
2017-09-03,-21.7375,966.0625,34.0,238.7494093125747
2017-09-04,-20.125,972.3125,,243.7276940089356
2017-09-05,-24.3875,965.3,3.0,193.14033628650708
2017-09-06,-24.0625,973.9,11.0,247.550457368981
2017-09-07,-19.25714285714286,974.75,,229.6334243261807
2017-09-08,-19.900000000000002,968.9875,13.0,222.0298404981922
2017-09-09,-18.45,967.85,10.0,295.7009797916654
2017-09-10,-21.6875,968.025,3.0,166.67043694469768
2017-09-11,-22.775,961.75,15.5,165.07732941137508
2017-09-12,-24.15,965.45,,230.79507196006145
2017-09-13,-20.1375,969.1875,4.0,264.4391738661587
2017-09-14,-26.983333333333334,965.5125,,171.4186040877028
2017-09-15,-27.4625,974.25,5.5,178.25792253850062
2017-09-16,-29.725,973.675,7.333333333333333,181.22186457651725
2017-09-17,-30.8125,974.9,1.5,265.8246631527908
2017-09-18,-31.0625,966.4,6.5,240.49985279490778
2017-09-19,-26.639999999999997,965.175,,185.58849789112105
2017-09-20,-28.15,959.1125000000001,3.0,232.84484377956358
2017-09-21,-29.3875,959.2125,8.0,292.4928833939708
2017-09-22,-31.3875,957.4875,,192.1838891127599
2017-09-23,-28.9375,950.1,2.0,249.10030805572663
2017-09-24,-29.2125,951.0,7.5,270.0
2017-09-25,-28.775,956.1375,2.0,161.70495327058325
2017-09-26,-25.975,961.575,,238.81768429379122
2017-09-27,-21.82857142857143,957.4875,3.6666666666666665,260.5754876928957
2017-09-28,-26.557142857142857,960.8875,13.0,185.66915269652114
2017-09-29,-23.116666666666664,968.2625,1.8,29.999999999999787
2017-09-30,-24.56,956.6875,,291.0590841469451
2017-10-01,-22.5,954.325,,174.9808887524834
2017-10-02,-26.0375,970.3875,23.0,165.0
2017-10-03,-18.316666666666666,963.0375,53.5,156.23865635326246
2017-10-04,-13.8375,971.0375,,162.48562069330072
2017-10-05,-11.25,973.7125,,180.0
2017-10-06,-10.8875,971.7375,,184.50427256951156
2017-10-07,-13.883333333333333,972.8125,,181.22186457651725
2017-10-08,-10.5375,968.45,17.5,204.2840423722945
2017-10-09,-13.5,963.0,,206.89479519634614
2017-10-10,-13.725,963.125,,183.956638712867
2017-10-11,-14.1625,964.975,10.0,180.86111587782062
2017-10-12,-16.425,971.95,11.0,218.20192988377252
2017-10-13,-18.95,969.725,9.0,178.85694957098792
2017-10-14,-20.7875,971.725,6.0,192.02458354904462
2017-10-15,-21.375,972.1625,2.0,189.96917246537384
2017-10-16,-21.3125,969.1125,2.3333333333333335,159.85713551369588
2017-10-17,-22.525,967.375,4.5,217.963418351838
2017-10-18,-21.599999999999998,956.9125,,311.2753085986159
2017-10-19,-21.18,958.5875,,314.19682250954634
2017-10-20,-11.275,969.8375,,171.33192887760507
2017-10-21,-9.875,970.55,20.0,193.66113856293288
2017-10-22,-11.924999999999999,970.7125,22.0,182.38959937341178
2017-10-23,-12.45,972.7875,,180.0383687732975
2017-10-24,-14.25,967.65,16.0,190.0
2017-10-25,-11.925,960.3125,,305.9660051224223
2017-10-26,-10.5,959.1625,8.0,262.27884020731443
2017-10-27,-11.175,962.9875,4.0,208.22271567337032
2017-10-28,-11.875,957.8875,6.5,246.05036660030237
2017-10-29,-11.125,964.0875,,208.0878647777786
2017-10-30,-11.4875,973.9625,,274.1193897320841
2017-10-31,-12.7875,978.2375,11.0,238.29504672941675
2017-11-01,-14.3625,976.625,7.333333333333333,324.4296777113128
2017-11-02,-15.9125,973.2,3.3333333333333335,294.2583782450397
2017-11-03,-13.875,977.5500000000001,2.3333333333333335,241.5305604663906
2017-11-04,-15.6,973.875,2.8333333333333335,231.09041911309117
2017-11-05,-14.8375,964.6,4.833333333333333,255.0
2017-11-06,-13.7875,969.0,4.6,264.9097713484324
2017-11-07,-13.975,969.9875,2.1666666666666665,317.12314490178363
2017-11-08,-15.975,957.85,3.3333333333333335,326.06024000590475
2017-11-09,-14.3875,956.5625,3.5,161.69312892514188
2017-11-10,-14.1,956.7125,1.6666666666666667,196.66083493102647
2017-11-11,-13.8,954.3625,4.75,295.44284633952117
2017-11-12,-13.825,955.1125,5.0,193.30480111637726
2017-11-13,-16.8875,958.125,9.666666666666666,179.1117607014396
2017-11-14,-12.3,956.725,9.0,229.62586503675442
2017-11-15,-8.6,956.875,9.0,209.53652468030526
2017-11-16,-8.0125,957.2875,9.0,239.0595956091204
2017-11-17,-9.5375,961.15,10.0,223.98858618994052
2017-11-18,-5.514285714285714,958.9875,,214.64279595590048
2017-11-19,-5.375,960.1374999999999,5.0,165.32170254018249
2017-11-20,-8.049999999999999,963.9125,14.0,176.48951755602923
2017-11-21,-7.3,958.475,10.0,322.85901024723194
2017-11-22,-7.5375000000000005,954.5,2.3333333333333335,294.96163122670254
2017-11-23,-5.3375,950.8125,8.5,241.20474828777242
2017-11-24,-6.275,960.9875,7.5,189.37370042473862
2017-11-25,-5.8,960.725,8.0,247.56539947069354
2017-11-26,-6.4375,959.325,7.333333333333333,181.13390828541793
2017-11-27,-5.3428571428571425,959.0875,8.666666666666666,274.1847904571761
2017-11-28,-6.7875,961.0375,15.5,188.33830320865607
2017-11-29,-3.675,961.9875,,178.63065788720002
2017-11-30,-3.975,967.8125,21.0,173.72313956783847
2017-12-01,-4.425,968.5,17.8,173.9634340832783
2017-12-02,-3.3166666666666664,966.85,6.6,221.37148919193456
2017-12-03,-3.9125,963.825,3.5,172.627438001953
2017-12-04,-4.8999999999999995,964.2875,2.0,142.50991597699826
2017-12-05,-5.0,966.15,8.8,190.5769769277727
2017-12-06,-6.0125,962.925,8.25,351.47369710085883
2017-12-07,-5.1000000000000005,965.2625,2.6666666666666665,181.46604121572724
2017-12-08,-5.285714285714286,964.1125,4.333333333333333,318.68144322788106
2017-12-09,-6.5875,962.925,7.0,300.97620421631717
2017-12-10,-8.85,967.6,17.0,190.55984180817325
2017-12-11,-6.085714285714286,968.0375,11.0,189.63534694395798
2017-12-12,-3.8,972.3,7.0,166.6166130695052
2017-12-13,-5.1375,977.125,12.0,162.58315505575374
2017-12-14,-3.4125,978.625,5.333333333333333,188.75634048618093
2017-12-15,-3.5875,978.9625,6.0,333.59270834064324
2017-12-16,-4.0,975.35,8.0,299.1680027394144
2017-12-17,-5.25,967.375,7.666666666666667,170.0
2017-12-18,-4.65,968.3625,5.5,189.1519278881208
2017-12-19,-5.6,969.8625,16.857142857142858,168.74940931257473
2017-12-20,-6.625,974.7875,16.8,163.6511501197773
2017-12-21,-6.6875,973.1375,5.0,12.140592870842553
2017-12-22,-6.3625,972.575,20.333333333333332,170.0
2017-12-23,-7.1,973.6,4.0,321.057915260596
2017-12-24,-6.1375,970.2,,178.50850597002648
2017-12-25,-5.85,971.8,10.166666666666666,182.4952312784634
2017-12-26,-5.733333333333333,967.5375,3.2,339.7366848899125
2017-12-27,-5.4625,970.775,6.5,159.9758896365995
2017-12-28,-5.525,970.4,6.5,297.9561356549984
2017-12-29,-5.25,968.575,4.0,313.2227156733703
2017-12-30,-4.75,971.275,6.75,261.0874712429523
2017-12-31,-2.2857142857142856,971.4625,,221.53056046639057
2018-01-01,-2.7625,969.6625,6.5,342.0708034237078
2018-01-02,-2.15,973.1125,5.0,219.5342161256108
2018-01-03,-1.1142857142857143,978.375,3.5714285714285716,319.93045410073194
2018-01-04,-3.2375,972.15,4.0,322.5047687215366
2018-01-05,-1.9125,971.9875,9.333333333333334,308.462649629741
2018-01-06,-0.5750000000000001,972.0625,8.0,242.12927135054682
2018-01-07,-2.125,972.9625,3.75,148.47484838294852
2018-01-08,-2.5,979.8,,159.96118673321118
2018-01-09,-2.975,984.075,24.0,161.07991755130703
2018-01-10,-1.7125,974.1125,3.5,239.0870020453898
2018-01-11,-4.857142857142857,967.25,2.0,249.03860833551067
2018-01-12,-3.3625,971.225,4.666666666666667,284.47538873511036
2018-01-13,-1.125,975.925,3.0,276.1728896023153
2018-01-14,-2.1875,971.7375,5.0,245.85351389714918
2018-01-15,-4.1375,962.4,4.0,186.3429113066478
2018-01-16,-4.375,957.275,6.571428571428571,160.0
2018-01-17,-7.1375,961.3625,14.0,183.15875317494738
2018-01-18,-4.3625,959.35,6.333333333333333,233.29504672941675
2018-01-19,-2.75,959.9375,9.0,173.75634048618096
2018-01-20,-1.925,957.25,7.0,198.90655567717653
2018-01-21,-2.5625,958.775,,181.62884997138715
2018-01-22,-3.2125,964.6625,10.666666666666666,181.57928282418948
2018-01-23,-4.325,968.3,8.6,173.751829216134
2018-01-24,-4.2625,964.9125,17.2,173.7374294132844
2018-01-25,-4.6,969.9625,20.333333333333332,163.7374294132844
2018-01-26,-3.8125,974.125,,245.63892200285125
2018-01-27,-4.485714285714286,972.7,3.4,105.78743975083891
2018-01-28,-5.875,976.6,11.166666666666666,171.66196100935926
2018-01-29,-6.3625,973.0375,7.0,163.31274748637207
2018-01-30,-6.5,970.0,2.0,302.8259040557219
2018-01-31,-6.3428571428571425,974.4,2.4,156.77728432662968
2018-02-01,-5.35,974.675,6.5,199.66943646554526
2018-02-02,-8.15,973.6125,18.25,170.0
2018-02-03,-7.9125,974.05,16.333333333333332,187.90625130863214
2018-02-04,-5.8999999999999995,971.4875,2.75,286.98866856184776
2018-02-05,-7.0875,971.35,15.5,182.83870025738216
2018-02-06,-7.375,968.075,17.333333333333332,199.26240260758593
2018-02-07,-8.6,963.7125,22.0,173.363727411623
2018-02-08,-5.525,959.5375,,284.6440629124862
2018-02-09,-6.5875,952.9125,3.6666666666666665,300.7018352953518
2018-02-10,-6.3,959.8,3.6666666666666665,217.15305117339489
2018-02-11,-6.075,970.7875,9.0,182.48562069330072
2018-02-12,-6.2375,970.0625,6.0,253.16970172901807
2018-02-13,-8.4625,959.3125,,226.8057942684106
2018-02-14,-8.125,967.0375,11.0,234.97448591287406
2018-02-15,-10.5125,964.7375000000001,15.0,195.82721318012383
2018-02-16,-9.25,966.0375,5.0,262.1322443210408
2018-02-17,-9.3625,972.1375,15.0,180.0
2018-02-18,-10.7625,978.475,15.25,162.51437930669928
2018-02-19,-11.4625,976.5,16.2,179.52268775040707
2018-02-20,-12.0375,974.3375,16.0,172.5047687215366
2018-02-21,-15.0625,971.35,14.333333333333334,177.28075753984734
2018-02-22,-12.675,969.6,22.0,163.32956305530232
2018-02-23,-9.075,972.5375,28.5,175.0192580920761
2018-02-24,-9.6875,969.5625,15.75,173.74701698623116
2018-02-25,-11.125,963.2375,21.2,175.0383687732975
2018-02-26,-11.171428571428573,963.55,7.5,186.1736064589019
2018-02-27,-10.4625,961.6875,3.5,270.87394172511483
2018-02-28,-9.457142857142857,963.45,2.0,171.67043694469768
2018-03-01,-10.7875,965.225,22.0,166.00244393710275
2018-03-02,-11.8375,966.6375,22.0,163.7470169862312
2018-03-03,-12.925,970.4125,18.0,172.54335846165483
2018-03-04,-12.65,971.125,12.666666666666666,165.05807478753061
2018-03-05,-13.9625,974.6625,26.0,167.4952312784634
2018-03-06,-15.575,971.5,,191.64640735398942
2018-03-07,-17.9875,961.9125,24.0,229.41790513654126
2018-03-08,-19.1875,956.9625,13.333333333333334,183.65491451834586
2018-03-09,-12.925,955.175,,159.94884264061625
2018-03-10,-11.45,968.775,,198.1225060652127
2018-03-11,-13.85,973.3125,17.0,197.90350943729146
2018-03-12,-9.7375,972.8875,4.0,245.50788070687136
2018-03-13,-9.825,974.0125,6.0,183.69519528627578
2018-03-14,-11.15,970.7875,19.0,178.65597850346865
2018-03-15,-14.6625,961.75,24.0,230.57018608055432
2018-03-16,-16.1,956.725,13.666666666666666,214.2056875174775
2018-03-17,-13.75,951.275,3.0,276.3347641305262
2018-03-18,-11.75,961.475,,252.10528451788912
2018-03-19,-12.525,981.2375,,172.776229799603
2018-03-20,-13.6125,974.5125,,170.05142175976425
2018-03-21,-15.05,965.975,6.0,219.0609013598815
2018-03-22,-19.925,966.3375,22.0,236.68043308490968
2018-03-23,-14.1,964.1375,,227.45239631949383
2018-03-24,-6.216666666666666,968.05,,177.6338871340577
2018-03-25,-9.1875,969.975,,182.35374426207866
2018-03-26,-10.3625,973.4375,17.0,178.22271567337032
2018-03-27,-12.7625,981.4,8.75,208.63020219818603
2018-03-28,-14.975,984.3375,3.0,212.77386218088702
2018-03-29,-14.25,986.0,,241.93246270802496
2018-03-30,-8.9875,982.85,,221.22483451575405
2018-03-31,-12.0625,984.925,8.25,175.71609296702312
2018-04-01,-12.425,983.475,2.0,222.80178197130425
2018-04-02,-14.9875,987.175,2.0,251.67043694469766
2018-04-03,-16.6,983.475,8.0,187.13407166140408
2018-04-04,-18.525,979.2875,6.5,217.01345336981606
2018-04-05,-16.775,978.5375,,221.659413840815
2018-04-06,-16.6625,974.175,,238.56627685064865
2018-04-07,-14.525,973.95,4.5,215.0
2018-04-08,-13.4375,978.9125,1.75,283.3287579556052
2018-04-09,-13.5,980.825,,261.57747915046826
2018-04-10,-17.52,979.4625,,201.57687077161128
2018-04-11,-17.3125,976.6375,22.0,257.37365912703865
2018-04-12,-22.375,971.8,14.0,165.2287690293759
2018-04-13,-23.2375,967.5625,,233.9065556771765
2018-04-14,-22.8,966.3625,,212.86761057128192
2018-04-15,-19.825,967.25,,248.6852040413917
2018-04-16,-14.1875,978.825,,207.54524109187994
2018-04-17,-9.7875,980.925,,235.34132353613268
2018-04-18,-14.25,975.1125,,188.153374144153
2018-04-19,-21.775,984.725,,171.25538450902275
2018-04-20,-21.25,979.9125,,247.54557811264263
2018-04-21,-24.55,975.975,,167.35292815966054
2018-04-22,-26.45,977.2,6.5,186.46511405797213
2018-04-23,-23.1125,977.1125000000001,,223.56523214104382
2018-04-24,-20.95,960.725,,257.3087999378239
2018-04-25,-11.675,946.9,,284.2621846508805
2018-04-26,-12.733333333333334,962.2125,,209.6937125540879
2018-04-27,-17.9,966.475,,241.29129432897344
2018-04-28,-18.05,959.275,,246.77728432662965
2018-04-29,-17.4125,956.35,22.0,197.1715016226848
2018-04-30,-17.5875,966.15,,240.19763195536524
2018-05-01,-18.7875,965.05,13.5,285.6822017030938
2018-05-02,-20.3375,959.2875,12.333333333333334,115.2164378722478
2018-05-03,-19.9125,961.8875,3.5,221.42740763353342
2018-05-04,-20.075,969.0375,,218.73789306893792
2018-05-05,-22.8125,973.3,,252.22216828913312
2018-05-06,-24.9625,967.15,12.0,212.35374426207866
2018-05-07,-27.0375,966.9375,7.333333333333333,183.90441756277744
2018-05-08,-27.875,973.4375,11.666666666666666,260.47541311704157
2018-05-09,-25.9,968.8625,2.5714285714285716,159.31667111692158
2018-05-10,-27.85,958.0875,1.0,215.0
2018-05-11,-23.95,952.1125,2.0,235.92126690573008
2018-05-12,-16.5,948.975,,237.95545029831382
2018-05-13,-13.05,959.2875,5.0,232.33109636315078
2018-05-14,-10.7625,959.1375,,222.6038404765545
2018-05-15,-12.75,961.6,14.0,218.7226935351444
2018-05-16,-19.1625,973.9125,12.0,178.5694507529162
2018-05-17,-19.125,977.4625,2.0,159.82145791460036
2018-05-18,-21.8625,985.8125,4.333333333333333,153.1966343306776
2018-05-19,-24.55,975.5571428571428,2.6666666666666665,189.72900706386443
2018-05-20,-25.9875,976.8375,2.5,171.0399708731953
2018-05-21,-23.8125,984.2125,5.0,268.50929178107265
2018-05-22,-23.9,986.8625,29.0,175.0
2018-05-23,-22.0375,978.5375,20.0,202.229059005734
2018-05-24,-21.175,966.4,2.1666666666666665,286.56251986084965
2018-05-25,-18.5375,963.4375,8.0,274.6865547378703
2018-05-26,-23.825,968.3875,10.0,171.22186457651728
2018-05-27,-23.4375,981.025,,226.28376086470982
2018-05-28,-26.95,982.625,,223.751829216134
2018-05-29,-27.9875,975.3,11.0,286.67053855484676
2018-05-30,-25.475,978.0625,8.0,285.35699548066225
2018-05-31,-22.599999999999998,983.0375,,227.83816118050368
2018-06-01,-20.1875,984.0125,37.0,235.0
2018-06-02,-14.928571428571429,975.5625,,224.23564855552232
2018-06-03,-18.385714285714283,951.875,,211.77728432662965
2018-06-04,-22.6625,967.9875,17.0,179.94884264061625
2018-06-05,-24.1125,971.5125,4.0,251.8477649163902
2018-06-06,-25.9,965.075,16.0,174.7315464646715
2018-06-07,-24.7,961.3375,,226.26746976165416
2018-06-08,-21.837500000000002,956.625,,178.81921117042737
2018-06-09,-16.6625,949.6625,24.0,233.7613436467375
2018-06-10,-13.3625,956.4,,202.72798926821426
2018-06-11,-18.2625,959.575,,215.0
2018-06-12,-21.625,963.6875,,211.75462918809805
2018-06-13,-24.7125,976.3125,17.0,216.38045443023623
2018-06-14,-25.7,978.7375,19.0,236.44033181482297
2018-06-15,-23.875,978.9125,,238.00102035313205
2018-06-16,-17.6125,976.7375,15.0,200.8514736390833
2018-06-17,-18.05,976.9375,24.0,177.48562069330072
2018-06-18,-13.2125,978.2,18.5,194.69748039311966
2018-06-19,-12.9875,974.1375,,179.29773487711117
2018-06-20,-12.7875,980.1375,24.5,178.74461549097728
2018-06-21,-15.799999999999999,977.75,20.333333333333332,188.57760592298544
2018-06-22,-14.9875,978.275,,233.20559620483044
2018-06-23,-18.814285714285713,984.8875,1.0,296.4221143762982
2018-06-24,-14.3375,979.925,15.5,178.77813542348275
2018-06-25,-16.5,974.0,12.0,171.2602152178852
2018-06-26,-18.6875,978.15,27.0,170.0
2018-06-27,-18.3375,984.2875,11.75,197.26040468800372
2018-06-28,-20.2,981.0375,3.5,199.92525200736347
2018-06-29,-19.2875,977.6875,2.5,186.20148573428295
2018-06-30,-19.0,978.4875,4.0,197.7351829846618
2018-07-01,-22.175,975.6,7.5,202.11498307318138
2018-07-02,-24.9,978.825,2.6666666666666665,270.1686626082386
2018-07-03,-27.15,978.8875,,186.917511165965
2018-07-04,-21.7625,983.05,,165.0
2018-07-05,-18.95,979.0,14.0,177.06592777034854
2018-07-06,-19.45,975.1625,4.5,307.5985056034262
2018-07-07,-26.24,971.2875,,198.71142739101649
2018-07-08,-30.45,976.025,12.0,177.49523127846342
2018-07-09,-33.975,970.975,2.0,167.92919657629218
2018-07-10,-32.6125,967.7625,3.75,167.85299843433123
2018-07-11,-30.45,959.3249999999999,,202.25862613558897
2018-07-12,-31.175,946.9375,2.6666666666666665,264.6464838191924
2018-07-13,-30.1625,956.775,9.0,302.884994807921
2018-07-14,-24.87142857142857,961.0875,,273.5566330818317
2018-07-15,-20.8,968.675,,237.90237783909458
2018-07-16,-19.4375,967.4375,,256.0450056062999
2018-07-17,-16.8,965.925,,223.5077889962211
2018-07-18,-17.580000000000002,964.5,,180.0
2018-07-19,-20.360000000000003,948.975,54.5,221.9882322210566
2018-07-20,-19.325,958.9875,,206.2558465240275
2018-07-21,-17.0625,959.575,,238.46415827837546
2018-07-22,-14.7625,955.0,,224.24765537439248
2018-07-23,-17.3625,968.675,,235.44013360763353
2018-07-24,-17.8,967.975,,243.57881004924178
2018-07-25,-16.95,970.65,,237.0230593891919
2018-07-26,-16.416666666666668,971.5875,,206.15633082769074
2018-07-27,-15.4125,972.7375,,218.25738412913762
2018-07-28,-18.8,971.2625,14.0,172.49523127846342
2018-07-29,-22.575,983.2875,,204.4461879634789
2018-07-30,-23.6875,984.9125,2.0,311.54279990807686
2018-07-31,-27.442857142857143,990.4125,10.5,187.63760374802516
2018-08-01,-28.4375,986.6,3.25,238.98522522793718
2018-08-02,-29.45,985.9125,6.5,197.76413208012997
2018-08-03,-30.3625,989.525,1.6666666666666667,309.1260582748851
2018-08-04,-29.75714285714286,986.6875,2.6666666666666665,283.42150080537834
2018-08-05,-24.825,974.5125,3.0,265.3932493708668
2018-08-06,-27.557142857142857,971.85,,198.3124553587874
2018-08-07,-21.099999999999998,972.5125,,265.0
2018-08-08,-18.759999999999998,974.175,,198.71570177929263
2018-08-09,-22.45,981.7625,,187.3426671097415
2018-08-10,-18.0125,976.6,,227.78933220279805
2018-08-11,-15.471428571428572,968.85,21.0,177.93204563350176
2018-08-12,-18.5,968.4,,247.9554502983138
2018-08-13,-18.4875,969.8375,19.0,210.19476930620482
2018-08-14,-13.375,975.575,3.5,237.98221565920807
2018-08-15,-14.3375,986.4125,,274.09836340712764
2018-08-16,-12.1,986.925,,253.5323900198616
2018-08-17,-10.4,980.1125,,234.11444694364712
2018-08-18,-9.700000000000001,982.05,,273.2227156733703
2018-08-19,-19.75,972.3,,186.46851061332072
2018-08-20,-27.2625,968.5375,4.0,149.71489193543897
2018-08-21,-28.3,972.6125,6.2,272.70981195788397
2018-08-22,-31.1625,979.675,1.0,150.08686603549927
2018-08-23,-29.125,980.8875,2.4,307.8198543426174
2018-08-24,-28.45,978.1999999999999,1.6666666666666667,286.6841544543286
2018-08-25,-30.7375,980.0125,1.75,191.4022763363649
2018-08-26,-25.6125,978.2125000000001,21.0,183.7027803124409
2018-08-27,-23.5,968.5125,14.5,183.79525171222755
2018-08-28,-27.333333333333332,955.9125,3.0,211.1602308760968
2018-08-29,-26.5625,960.5625,1.6666666666666667,156.31479595860836
2018-08-30,-23.9875,965.5125,2.3333333333333335,174.9578578344848
2018-08-31,-23.4625,963.3875,2.75,251.77728432662968
2018-09-01,-27.95,956.9375,,210.32980604637362
2018-09-02,-28.6125,955.075,29.5,170.0
2018-09-03,-22.9875,936.5625,22.0,218.8492607840089
2018-09-04,-18.0625,935.225,,240.53526015947705
2018-09-05,-22.2625,949.4125,19.333333333333332,224.7439623046505
2018-09-06,-26.428571428571427,956.7714285714285,,245.1590613639225
2018-09-07,-28.47142857142857,956.2875,,213.63121306161887
2018-09-08,-21.885714285714283,959.1875,30.0,248.32100024779822
2018-09-09,-26.03333333333333,971.825,,279.1654068156242
2018-09-10,-26.325000000000003,977.45,5.0,228.7083651564935
2018-09-11,-26.5625,978.925,2.6,288.40144607157015
2018-09-12,-24.2875,975.6,10.8,160.24894483423654
2018-09-13,-25.4375,969.95,,188.97069863502298
2018-09-14,-27.3625,971.4625,,171.1863273689924
2018-09-15,-29.0125,967.525,15.0,180.0
2018-09-16,-26.32857142857143,963.85,20.0,185.15414632807696
2018-09-17,-19.0875,961.2875,25.0,188.22271567337032
2018-09-18,-16.45,957.8875,20.0,184.92326698343027
2018-09-19,-17.775,950.625,,218.90655567717653
2018-09-20,-16.7375,961.0125,,187.3426671097415
2018-09-21,-17.125,964.375,,294.5111425966269
2018-09-22,-21.657142857142855,971.2625,16.333333333333332,176.25298301376884
2018-09-23,-24.4,970.65,12.0,175.0
2018-09-24,-26.475,968.6875,7.666666666666667,168.77504915493142
2018-09-25,-26.825,963.6625,4.5,297.70502334221595
2018-09-26,-29.0875,962.925,12.0,181.47321564522886
2018-09-27,-23.816666666666666,953.025,7.0,238.94675178320236
2018-09-28,-19.25714285714286,934.025,14.0,324.6567061199554
2018-09-29,-23.5125,944.7375,,268.6852040413917
2018-09-30,-23.7,946.575,,167.53382329262314
2018-10-01,-18.9375,947.1625,52.0,149.93842216546938
2018-10-02,-19.2,950.5,,201.44543134674066
2018-10-03,-18.45,946.9625,4.0,204.8101580742371
2018-10-04,-12.966666666666667,940.0875,5.0,174.28166947320238
2018-10-05,-10.7625,942.125,,168.71866383929293
2018-10-06,-13.375,952.0875,15.833333333333334,186.25298301376884
2018-10-07,-14.15,959.425,12.5,203.38750341337655
2018-10-08,-11.775,957.9625,12.0,218.1871930141913
2018-10-09,-12.257142857142856,958.625,,198.56057810954533
2018-10-10,-12.3,951.1625,,242.04363417748016
2018-10-11,-12.85,949.5625,,231.6899398198805
2018-10-12,-14.2625,961.125,,194.85495437067752
2018-10-13,-16.3625,966.8375,,183.7374294132844
2018-10-14,-19.625,979.0625,,230.19818763166177
2018-10-15,-19.4625,981.9125,12.0,185.79431248252249
2018-10-16,-22.9875,970.375,5.0,181.43476785895618
2018-10-17,-21.925,952.75,,220.1835252048232
2018-10-18,-20.7,951.4125,5.666666666666667,308.7494093125747
2018-10-19,-18.157142857142855,963.175,6.25,307.6214376894757
2018-10-20,-15.9125,964.2125,,262.1732935916374
2018-10-21,-17.125,966.7125,19.5,179.53027601292536
2018-10-22,-19.5,967.7,3.5,165.82441007344258
2018-10-23,-19.325,965.025,6.333333333333333,194.0911939972095
2018-10-24,-16.05,962.9625,4.0,268.67681046097965
2018-10-25,-10.0375,954.8375,,234.59387309075836
2018-10-26,-7.457142857142857,959.1625,,200.28181875693357
2018-10-27,-8.05,961.05,4.0,239.30728575089893
2018-10-28,-6.228571428571429,960.425,,199.7144757830727
2018-10-29,-4.757142857142857,965.3875,,223.67121427116552
2018-10-30,-5.3,961.0625,5.0,174.89716463784788
2018-10-31,-8.225,958.275,10.333333333333334,172.05739038160073
2018-11-01,-11.15,961.9625,10.0,172.11727517283506
2018-11-02,-12.1375,963.275,7.5,172.37568674182114
2018-11-03,-13.525,965.6625,12.6,219.7524959335758
2018-11-04,-14.7375,965.5875,13.0,168.23809942483197
2018-11-05,-11.5875,963.7625,8.333333333333334,268.77658974408064
2018-11-06,-11.175,964.9,6.0,235.1039093610171
2018-11-07,-11.1625,965.575,14.5,184.04736407152262
2018-11-08,-8.75,958.75,6.333333333333333,206.94858054861703
2018-11-09,-5.925,950.85,,224.66116904800847
2018-11-10,-4.125,955.7125,4.0,164.17805804558228
2018-11-11,-4.65,954.8,1.0,252.57301294192837
2018-11-12,-5.55,952.175,2.1666666666666665,144.55396897305235
2018-11-13,-8.05,955.1374999999999,7.333333333333333,172.47578613787587
2018-11-14,-8.8125,959.3,12.0,178.2166884427489
2018-11-15,-9.3125,959.9125,2.8,118.44205159418014
2018-11-16,-9.725,961.6,3.8,315.2348916672033
2018-11-17,-9.65,966.9125,2.25,308.3997037629787
2018-11-18,-9.925,969.85,4.5,262.09508669349856
2018-11-19,-9.175,959.2125,6.0,262.79181283151036
2018-11-20,-10.575,954.1,15.0,177.40785986359006
2018-11-21,-7.8875,958.1875,,238.93370175003065
2018-11-22,-7.475,965.325,21.0,171.41757740470874
2018-11-23,-4.4625,967.275,4.0,254.09425858074246
2018-11-24,-3.4375,967.0,11.5,218.17368195675934
2018-11-25,-3.65,961.8875,5.0,244.39278281014998
2018-11-26,-3.4375,966.5625,12.5,181.81321456798648
2018-11-27,-4.425,970.425,13.0,179.2310164640029
2018-11-28,-5.0125,973.5,3.0,333.0335737932769
2018-11-29,-5.875,972.2,2.25,347.30233405688216
2018-11-30,-5.9375,966.9,7.0,326.43476785895615
2018-12-01,-3.9625,964.525,2.0,297.5050038681801
2018-12-02,-3.6375,963.675,8.0,200.86157489513627
2018-12-03,-3.6875,973.925,6.5,183.71530004609934
2018-12-04,-4.925,972.1375,,176.82166950413801
2018-12-05,-2.8875,962.8,,274.51996580756554
2018-12-06,-2.3375,956.75,4.0,195.7090452802084
2018-12-07,-2.175,964.3,17.0,191.38556588936714
2018-12-08,0.13750000000000007,965.275,9.5,247.1050333244597
2018-12-09,-2.3000000000000003,963.8875,3.0,176.26210693106208
2018-12-10,-3.8625,966.3625,4.6,156.47937042721287
2018-12-11,-4.5,971.75,7.333333333333333,265.2269981882796
2018-12-12,-3.0625,968.65,4.8,174.76659694508479
2018-12-13,-3.65,967.25,13.0,219.40350450294298
2018-12-14,-4.416666666666667,962.325,,210.42313069637143
2018-12-15,-5.728571428571429,962.7,12.666666666666666,161.57227757023546
2018-12-16,-2.8,966.125,6.0,201.5467648662259
2018-12-17,-0.275,964.6875,23.0,185.48780550259715
2018-12-18,-0.39999999999999997,970.5375,19.0,167.5529656187215
2018-12-19,-0.6875,977.6875,3.0,196.53629066234464
2018-12-20,2.2625,971.875,6.5,229.5088588909304
2018-12-21,-1.2375,972.2,,157.50506642017888
2018-12-22,-1.025,972.3625,13.5,172.5627954852213
2018-12-23,-1.525,970.6375,,195.57548769289573
2018-12-24,-2.825,967.1625,13.5,165.0767330165697
2018-12-25,-1.125,964.3875,,154.5977420835836
2018-12-26,-0.575,965.475,3.0,169.508982800438
2018-12-27,-3.0875,971.475,6.5,152.37876251431317
2018-12-28,-3.5875,971.875,6.4,150.20942098841215
2018-12-29,-3.5124999999999997,969.9375,3.5,178.33138479549987
2018-12-30,-2.25,970.525,2.75,338.4639447561553
2018-12-31,-0.525,970.1875,4.0,293.99707456773007
2019-01-01,0.1375,968.7875,2.5,172.85940712915743
2019-01-02,-0.7,964.6625,4.0,176.123828995139
2019-01-03,-1.5571428571428572,962.075,3.0,357.8779871443331
2019-01-04,-3.05,959.2125,6.4,330.23400543297123
2019-01-05,-2.7375,963.6375,3.6666666666666665,319.99999999999983
2019-01-06,-1.5,968.525,2.142857142857143,153.81490154957467
2019-01-07,-3.625,971.1,12.2,157.44612281687057
2019-01-08,-2.85,970.475,3.0,172.11185945778502
2019-01-09,-3.375,970.3375,11.666666666666666,167.6104006265882
2019-01-10,-2.575,972.6125,8.0,171.59405079075526
2019-01-11,-0.5,978.175,5.25,153.4091768393858
2019-01-12,-0.037500000000000006,980.5,7.571428571428571,169.84414853618782
2019-01-13,-3.5,977.3,12.333333333333334,167.62143768947573
2019-01-14,-2.5,981.9875,5.333333333333333,184.69795363624812
2019-01-15,-2.6875,980.3125,4.571428571428571,325.23315248893516
2019-01-16,-1.975,971.0375,4.0,175.34022846618896
2019-01-17,-4.0875,971.1375,7.0,153.99413150876893
2019-01-18,-4.8375,972.725,6.166666666666667,173.4320489166297
2019-01-19,-4.166666666666667,969.9875,2.0,118.78296512799812
2019-01-20,-5.0875,969.7625,20.666666666666668,168.69656740222186
2019-01-21,-4.9125,974.1875,16.571428571428573,174.9808887524834
2019-01-22,-3.925,979.875,18.666666666666668,171.12080345096692
2019-01-23,-3.675,980.2125,15.75,186.00244393710275
2019-01-24,-1.7142857142857142,974.5125,2.5,271.3337344820095
2019-01-25,-2.7375,963.0625,7.0,237.91575801031243
2019-01-26,-2.9,966.725,5.2,178.78420900833893
2019-01-27,-3.085714285714286,968.9,2.8333333333333335,298.7030450890482
2019-01-28,-2.875,966.2125,10.0,208.46943953360943
2019-01-29,-5.575,965.8375,17.666666666666668,170.03851731245743
2019-01-30,-6.2,969.925,14.333333333333334,186.23865635326246
2019-01-31,-6.4875,972.4875,13.0,185.0255140871259
2019-02-01,-7.7375,973.0375,20.0,171.99511928850873
2019-02-02,-7.05,968.0625,,164.9807419079239
2019-02-03,-5.875,964.0625,15.0,168.8480877503375
2019-02-04,-5.8,960.9125,14.0,177.17799036911907
2019-02-05,-5.65,960.775,11.0,232.4958455578143
2019-02-06,-4.4,963.8125,5.0,212.9934652902343
2019-02-07,-5.2625,960.6375,11.25,232.51437930669925
2019-02-08,-4.6625,956.75,4.0,222.13479867007766
2019-02-09,-3.9125,971.225,8.666666666666666,187.4952312784634
2019-02-10,-4.9875,976.15,4.5,225.27882532870575
2019-02-11,-7.3,972.8,17.0,176.5679510833703
2019-02-12,-8.7125,974.7,17.0,180.0
2019-02-13,-8.675,978.725,,223.20366859942425
2019-02-14,-6.8,984.625,4.0,291.46015987902484
2019-02-15,-5.357142857142857,986.0,2.75,283.9483233231393
2019-02-16,-6.775,981.45,15.0,215.14774716146866
2019-02-17,-7.9,985.125,5.5,195.4271628603999
2019-02-18,-6.025,981.9125,9.0,234.24044123098895
2019-02-19,-7.5,988.175,14.0,184.6886003911855
2019-02-20,-5.8875,984.775,3.0,220.75011745252476
2019-02-21,-8.9875,981.075,14.6,175.0
2019-02-22,-10.15,980.1625,,203.14788092750484
2019-02-23,-10.025,976.9125,22.0,175.97793277528316
2019-02-24,-8.025,974.1625,9.0,216.71415550749262
2019-02-25,-5.7125,964.4,5.0,271.1133955160174
2019-02-26,-4.5625,960.1,6.0,256.7380338002901
2019-02-27,-5.65,970.9,3.0,154.23063354028366
2019-02-28,-7.875,971.3,14.0,222.4989948855976
2019-03-01,-7.4625,967.45,,182.69390446361555
2019-03-02,-8.1375,979.7375,24.5,171.2505906874253
2019-03-03,-8.8875,981.55,4.0,190.95072817670484
2019-03-04,-9.825,982.625,11.75,183.99755606289725
2019-03-05,-12.325,980.0,14.0,179.9380386772189
2019-03-06,-13.8125,975.8625,20.0,175.0
2019-03-07,-14.6,974.8125,19.8,183.32956305530232
2019-03-08,-14.475,973.2,19.0,177.9926550205025
2019-03-09,-14.8625,968.8125,19.333333333333332,163.76134364673754
2019-03-10,-12.8625,970.6,14.8,184.52755803104094
2019-03-11,-12.0375,971.8875,,242.57301294192837
2019-03-12,-13.05,978.5125,17.0,203.5120877225769
2019-03-13,-13.15,971.7625,14.0,189.10743408383644
2019-03-14,-15.5625,969.875,14.0,166.05324821679764
2019-03-15,-15.8125,966.5375,20.5,177.1473074482491
2019-03-16,-15.9625,958.2625,8.5,198.08248883403496
2019-03-17,-21.15,956.325,21.333333333333332,192.16363152642523
2019-03-18,-19.8375,959.55,15.0,198.72007966448572
2019-03-19,-16.1125,962.6,,192.16394700093565
2019-03-20,-15.725,973.125,14.0,243.6843471015747
2019-03-21,-14.5375,970.1,6.0,288.1374616214657
2019-03-22,-12.7625,969.475,,221.77728432662968
2019-03-23,-13.7125,972.15,,234.42652772862328
2019-03-24,-13.025,961.625,18.0,228.32067117710946
2019-03-25,-8.1,963.4625,,171.07328001016396
2019-03-26,-11.4375,975.3875,16.0,195.41991921477782
2019-03-27,-13.1125,973.725,10.75,165.3984229977361
2019-03-28,-16.525,967.75,4.0,205.11751086971645
2019-03-29,-18.825,967.9125,12.0,187.9032532743634
2019-03-30,-19.7625,967.975,19.5,231.102113751986
2019-03-31,-20.6125,970.425,,180.58176469814984
2019-04-01,-21.9375,966.075,2.5,252.12613006569802
2019-04-02,-23.3375,964.225,16.0,208.71839607297804
2019-04-03,-25.8125,965.2125,12.666666666666666,170.0
2019-04-04,-28.025,967.5125,14.0,186.394379342679
2019-04-05,-27.2625,964.6,11.0,245.0
2019-04-06,-24.3875,965.85,30.0,246.20474828777242
2019-04-07,-15.975,970.4875000000001,,205.7106425500266
2019-04-08,-18.985714285714288,973.675,,212.60951787160002
2019-04-09,-24.75714285714286,976.5375,27.0,240.0
2019-04-10,-24.475,972.2375,,231.7491008835253
2019-04-11,-25.2125,969.175,3.1666666666666665,291.7772843266297
2019-04-12,-21.5125,965.125,3.6666666666666665,306.53056046639057
2019-04-13,-20.7625,960.95,14.0,193.19250546843813
2019-04-14,-24.4875,965.775,11.5,181.62788529982174
2019-04-15,-20.1625,973.625,,261.50249136975515
2019-04-16,-15.385714285714286,973.2875,27.0,232.5433584616548
2019-04-17,-15.375,977.8875,21.0,223.14312569435444
2019-04-18,-12.2375,968.4375,,234.72756582518798
2019-04-19,-10.1,957.6875,,205.29981652475598
2019-04-20,-11.725,967.725,,176.51976472513073
2019-04-21,-12.6375,974.0625,22.0,178.74940931257473
2019-04-22,-17.7875,968.3125,,247.3055535119613
2019-04-23,-14.257142857142856,957.7625,11.0,264.2943559838459
2019-04-24,-10.5,955.8625,22.5,169.65267050819074
2019-04-25,-11.55,962.7,16.0,195.74639183114797
2019-04-26,-15.0625,969.15,3.0,222.9219422310092
2019-04-27,-18.15,972.875,2.8,175.2156851947608
2019-04-28,-18.3875,974.3375,,191.12607765101347
2019-04-29,-16.5,974.475,2.0,321.4347678589562
2019-04-30,-21.4,969.7,6.0,177.43779056980813
2019-05-01,-20.025,965.4625,3.0,265.32897877181324
2019-05-02,-19.2875,955.075,,220.65975714329323
2019-05-03,-18.2625,948.275,25.0,247.39615952344548
2019-05-04,-17.942857142857143,962.325,15.0,222.4557298375421
2019-05-05,-14.375,970.175,,248.67207952297582
2019-05-06,-15.475,977.6,26.0,241.89479519634614
2019-05-07,-17.52857142857143,975.1,,181.65263460982803
2019-05-08,-20.7875,968.9375,6.5,265.2455532875826
2019-05-09,-18.128571428571426,963.55,,244.76867296544273
2019-05-10,-12.9375,965.0125,,217.4762219363778
2019-05-11,-14.799999999999999,962.5375,,215.29648030101157
2019-05-12,-18.5875,964.4875,,277.3451021348067
2019-05-13,-20.35,967.4375,2.6666666666666665,253.64616795730433
2019-05-14,-19.825,967.1,1.3333333333333333,296.8794328624741
2019-05-15,-19.157142857142855,965.275,2.0,266.6230591184515
2019-05-16,-16.8,963.0625,,227.32765642427083
2019-05-17,-21.62857142857143,968.35,2.0,185.53904148701167
2019-05-18,-21.6,966.925,2.0,217.18045035417367
2019-05-19,-17.725,962.85,18.0,187.3361794246987
2019-05-20,-13.05,966.6,27.0,172.48562069330075
2019-05-21,-11.9625,964.1875,16.0,191.13839049581986
2019-05-22,-13.9625,966.2125,10.0,281.7141555074926
2019-05-23,-14.4,986.475,15.0,185.43992533181617
2019-05-24,-16.1375,988.525,4.0,174.59387309075836
2019-05-25,-18.8,989.45,19.0,197.66605400706524
2019-05-26,-20.0125,988.9125,17.0,213.6635226877547
2019-05-27,-18.3625,989.5625,2.1666666666666665,271.2621069310621
2019-05-28,-12.6875,988.425,6.0,175.9740701167478
2019-05-29,-11.375,988.125,2.0,244.14274506330437
2019-05-30,-14.4125,987.0625,2.5,172.74286730822533
2019-05-31,-16.4,984.05,9.666666666666666,223.38781126165355
2019-06-01,-19.4375,987.7375,18.0,271.91213522222137
2019-06-02,-21.9375,979.5875,3.3333333333333335,166.92519086268524
2019-06-03,-26.725,973.8125,33.0,235.97793277528314
2019-06-04,-26.37142857142857,961.675,,240.67324315880052
2019-06-05,-29.1125,959.9625,18.0,170.0
2019-06-06,-26.0625,963.7,19.333333333333332,173.74701698623116
2019-06-07,-24.25,963.425,,217.02278653602778
2019-06-08,-22.8375,963.625,2.25,193.2188755446233
2019-06-09,-20.3,960.3875,,188.13050296679992
2019-06-10,-15.2875,938.5375,25.0,238.20033597361152
2019-06-11,-11.6,937.2625,,217.2113018633108
2019-06-12,-17.2625,949.5375,16.0,207.59402074608963
2019-06-13,-21.975,959.05,11.5,221.53056046639057
2019-06-14,-24.1625,957.0375,,200.69120625286223
2019-06-15,-29.35,962.15,16.0,188.3272688984172
2019-06-16,-26.35,963.7125,,239.86540644829452
2019-06-17,-22.916666666666668,953.5375,48.0,214.12286743036248
2019-06-18,-28.6375,964.925,,217.03293979835468
2019-06-19,-29.45,961.6125000000001,26.0,249.17774141570357
2019-06-20,-29.7375,966.05,28.0,238.5814603985773
2019-06-21,-31.425,957.9875,7.0,243.89796723687925
2019-06-22,-33.95,959.6,,223.57275544550222
2019-06-23,-29.085714285714285,957.775,11.0,295.94981150671185
2019-06-24,-22.683333333333334,955.9625,,182.38844636328645
2019-06-25,-13.319999999999999,938.7625,,205.90911325982245
2019-06-26,-14.657142857142857,943.4125,,191.23079112947997
2019-06-27,-16.15,952.6375,9.0,197.5433584616548
2019-06-28,-15.225000000000001,950.45,,197.36794395765108
2019-06-29,-16.5125,956.65,,189.2190384174139
2019-06-30,-17.925,950.4499999999999,,255.71247949013735
2019-07-01,-15.016666666666666,953.025,16.0,210.99058282303204
2019-07-02,-20.2125,958.4125,18.5,188.48196930301705
2019-07-03,-21.2875,972.8,21.0,193.6031443912722
2019-07-04,-24.0875,966.1625,11.0,183.98522522793718
2019-07-05,-25.825,968.125,8.0,197.70502334221595
2019-07-06,-21.485714285714288,969.2875,,265.0
2019-07-07,-16.25,974.475,24.0,215.82376735471829
2019-07-08,-10.48,962.9625,,224.58784721131838
2019-07-09,-6.3375,957.0125,,189.94641280669134
2019-07-10,-9.0,961.375,,239.5697586093453
2019-07-11,-9.3,967.3,,205.046037016648
2019-07-12,-13.5375,982.6,1.0,296.7772843266297
2019-07-13,-16.475,986.9875,15.0,178.69656740222186
2019-07-14,-19.2875,991.225,13.0,176.67043694469768
2019-07-15,-21.05,992.9375,10.5,200.38686574275826
2019-07-16,-24.825,989.1,4.666666666666667,326.24698053494393
2019-07-17,-24.25,981.8625,1.5,249.33344302835684
2019-07-18,-28.2,979.3375,5.5,205.75342248227255
2019-07-19,-28.075,969.9,4.0,326.4005140382382
2019-07-20,-27.9125,973.225,3.0,189.73927892726357
2019-07-21,-28.225,974.6625,4.5,160.52139612046562
2019-07-22,-29.22,978.2125,47.0,224.3973390522471
2019-07-23,-16.5,982.0375,,223.32417729114985
2019-07-24,-21.03333333333333,984.4,7.5,199.51079992908794
2019-07-25,-18.657142857142855,981.1,5.5,282.5628377219455
2019-07-26,-14.919999999999998,970.28,2.0,271.14705020647483
2019-07-27,-14.733333333333334,974.8666666666667,9.0,286.91751116596504
2019-07-28,-13.916666666666666,969.5500000000001,8.0,191.47857050446362
2019-07-29,-22.7,970.55,7.0,194.99999999999997
2019-07-30,-26.5,973.7,,180.0
2019-07-31,-28.839999999999996,979.1200000000001,6.5,304.7202875559444
2019-08-01,-31.450000000000003,979.275,9.5,210.0
2019-08-02,-34.32000000000001,981.0200000000001,,168.04178174404677
2019-08-03,-34.6,981.3,1.3333333333333333,256.65263460982806
2019-08-04,-31.3,992.86,12.0,173.32956305530232
2019-08-05,-29.900000000000002,1000.1999999999999,23.0,84.99999999999999
2019-08-06,-29.7,993.625,4.0,317.5047687215366
2019-08-07,-27.880000000000003,983.28,,212.60384047655452
2019-08-08,-30.575,981.625,6.0,228.84109890157947
2019-08-09,-28.5,979.75,3.3333333333333335,264.9410187745113
2019-08-10,-16.466666666666665,956.4,16.5,188.22271567337032
2019-08-11,-16.05,953.975,22.0,172.49523127846342
2019-08-12,-14.280000000000001,957.7,,218.8140533739907
2019-08-13,-20.900000000000002,970.1999999999999,,173.363727411623
2019-08-14,-23.25,974.875,13.5,173.32956305530232
2019-08-15,-24.8,973.28,4.0,156.86221872159422
2019-08-16,-21.075,971.325,14.5,210.32170254018249
2019-08-17,-19.7,960.2,,257.87798714433313
2019-08-18,-19.45,954.7,2.0,320.0
2019-08-19,-16.099999999999998,956.1333333333333,6.0,224.01481697457973
2019-08-20,-13.066666666666668,957.8666666666667,18.0,221.77728432662968
2019-08-21,-14.74,966.3399999999999,,195.66402847958423
2019-08-22,-16.25,960.625,4.5,203.4694395336094
2019-08-23,-20.425,959.1,6.0,189.40350450294298
2019-08-24,-21.380000000000003,969.28,4.0,217.06467204382713
2019-08-25,-21.133333333333333,960.8333333333334,25.0,173.32956305530232
2019-08-26,-16.225,948.825,,
2019-08-27,-11.32,948.1600000000001,10.0,166.1268974405849
2019-08-28,-15.166666666666666,959.3666666666667,13.0,168.32100024779822
2019-08-29,-19.533333333333335,959.9666666666667,31.333333333333332,170.0
2019-08-30,-20.240000000000002,964.04,17.5,228.01694665403136
2019-08-31,-17.82,966.64,,199.15192788812084
2019-09-01,-15.133333333333333,958.6333333333333,7.0,240.0
2019-09-02,-15.62,951.0600000000001,,252.94804341314378
2019-09-03,-13.633333333333333,948.3333333333334,,243.10520480365386
2019-09-04,-13.7,956.3799999999999,18.0,240.96333151562294
2019-09-05,-18.9,954.2,18.666666666666668,212.2472899564823
2019-09-06,-18.866666666666667,962.2333333333332,,238.7939768869969
2019-09-07,-20.233333333333334,961.5,13.333333333333334,218.27949238216075
2019-09-08,-22.03333333333333,955.9666666666667,6.0,286.91751116596504
2019-09-09,-24.05,950.9,2.5,178.88172123090686
2019-09-10,-26.450000000000003,960.9,22.0,192.39615952344548
2019-09-11,-26.866666666666664,961.7333333333332,,203.29504672941675
2019-09-12,-26.060000000000002,955.1166666666667,,249.17907034141027
2019-09-13,-18.25,954.325,24.5,251.86221872159422
2019-09-14,-21.05,963.0999999999999,,232.1220128556669
2019-09-15,-24.580000000000002,962.0600000000001,,223.6106400911069
2019-09-16,-25.425,943.05,4.0,232.89350356640472
2019-09-17,-26.185714285714287,947.3999999999999,11.0,201.8031897802311
2019-09-18,-24.2,965.25,11.0,194.99999999999997
2019-09-19,-25.375,969.575,31.0,246.08985100183793
2019-09-20,-27.450000000000003,965.7,1.5,240.0
2019-09-21,-27.55,965.5,,207.67144318458648
2019-09-22,-18.7,966.0600000000001,10.666666666666666,200.96047597836807
2019-09-23,-18.366666666666667,964.7333333333332,17.0,210.32170254018249
2019-09-24,-21.233333333333334,966.9,,229.99999999999997
2019-09-25,-16.233333333333334,967.7666666666668,,217.87798714433308
2019-09-26,-18.875,963.825,,232.8267064083626
2019-09-27,-20.866666666666667,967.7333333333332,17.0,191.86221872159422
2019-09-28,-22.28333333333333,960.4,,212.18943711531128
2019-09-29,-23.65,951.25,,234.99999999999994
2019-09-30,-16.6,938.7125,,227.0678403500367
2019-10-01,-15.4,949.5,24.0,170.0
2019-10-02,-20.5,962.342857142857,,190.596495497057
2019-10-03,-21.4,958.375,21.0,170.0
2019-10-04,-18.6,956.9799999999999,24.0,170.0
2019-10-05,-18.400000000000002,957.9333333333334,16.5,180.0
2019-10-06,-17.725,956.625,,203.22271567337032
2019-10-07,-20.316666666666666,953.3166666666666,3.0,198.93649830551652
2019-10-08,-22.45,960.0,18.0,160.0
2019-10-09,-22.45,969.75,4.0,189.32434809439374
2019-10-10,-18.7,968.8333333333334,6.0,235.0
2019-10-11,-19.8,970.72,12.666666666666666,189.6782974598175
2019-10-12,-16.9,971.1600000000001,9.0,220.6571054729385
2019-10-13,-14.9,965.1666666666666,,270.67565190560623
2019-10-14,-14.275,964.425,9.0,189.27469092925992
2019-10-15,-18.02857142857143,962.8857142857142,9.5,164.4372659694641
2019-10-16,-19.599999999999998,959.6333333333333,6.0,190.32170254018249
2019-10-17,-18.575,959.1,3.0,181.49690616982093
2019-10-18,-17.875,964.05,,146.18231570620875
2019-10-19,-13.25,977.5799999999999,11.0,247.709811957884
2019-10-20,-12.2,979.9200000000001,1.5,122.07080342370789
2019-10-21,-16.266666666666666,979.0333333333333,20.5,173.32956305530232
2019-10-22,-17.466666666666665,982.7333333333332,13.0,166.636272588377
2019-10-23,-16.619999999999997,980.0,13.333333333333334,181.61525003089127
2019-10-24,-15.966666666666667,977.3000000000001,21.0,176.67043694469768
2019-10-25,-11.425,974.1,13.333333333333334,197.4269870580716
2019-10-26,-11.92,971.0799999999999,7.0,294.5342161256108
2019-10-27,-12.799999999999999,970.5,6.25,210.64834699968003
2019-10-28,-12.716666666666667,976.6999999999999,7.0,281.24365951381907
2019-10-29,-11.1375,980.5375,3.4,182.98913668435543
2019-10-30,-12.8,979.9,12.5,170.0
2019-10-31,-13.280000000000001,977.1200000000001,11.0,230.0
2019-11-01,-8.799999999999999,974.0142857142857,11.0,253.31122968499523
2019-11-02,,,,
2019-11-03,-9.433333333333334,980.0666666666666,,214.42981391944562
2019-11-04,-7.8,980.0166666666668,7.75,199.56172837052293
2019-11-05,-6.366666666666667,978.3333333333334,,176.636272588377
2019-11-06,,,,
2019-11-07,-8.05,977.1,6.0,170.0
2019-11-08,-7.3999999999999995,977.8285714285714,5.8,142.4244259958151
2019-11-09,-8.1,979.75,9.0,280.0
2019-11-10,,,,
2019-11-11,-8.4875,978.4375,4.0,254.4830671826171
2019-11-12,-9.975,972.2,8.0,170.0
2019-11-13,-10.7,973.4,10.5,180.0
2019-11-14,-15.0,982.0666666666666,12.5,166.67043694469768
2019-11-15,-12.475,983.675,9.0,301.11827876909314
2019-11-16,-10.82,981.8799999999999,7.333333333333333,137.9926550205025
2019-11-17,-13.575,979.575,13.0,178.75634048618093
2019-11-18,-8.76,978.22,3.6666666666666665,176.01477477206282
2019-11-19,-7.166666666666667,976.4,21.0,235.0
2019-11-20,-4.4875,974.6125,5.333333333333333,282.9469715119952
2019-11-21,-4.642857142857143,980.3285714285714,7.0,207.2483023432898
2019-11-22,-3.9,979.9,3.5,180.0
2019-11-23,,,,
2019-11-24,-3.375,980.1625,22.0,194.99999999999997
2019-11-25,-3.6375,977.725,18.0,335.5330370528467
2019-11-26,-6.35,975.6,4.5,18.43494882292201
2019-11-27,-4.5,968.675,4.6,295.44263844027563
2019-11-28,-2.4125,970.1,5.5,234.2531983240289
2019-11-29,-2.4125,977.8,6.25,176.74044480389935
2019-11-30,-4.0,980.075,10.25,162.71096114973034
2019-12-01,-3.9125,978.55,3.0,337.0281558889603
2019-12-02,-3.185714285714286,986.175,3.2,136.4721943884744
2019-12-03,-3.1,985.1,23.0,195.87394172511483
2019-12-04,-1.675,981.875,7.5,243.79859182581282
2019-12-05,-2.0,978.6875,8.0,148.11258333994238
2019-12-06,-5.6,982.775,11.166666666666666,160.07732941137508
2019-12-07,-4.3625,979.8375,4.25,313.27697075517284
2019-12-08,-4.266666666666667,982.1999999999999,13.0,173.32956305530232
2019-12-09,,,,
2019-12-10,-3.766666666666667,979.1999999999999,15.0,176.26210693106208
2019-12-11,,,,
2019-12-12,,,,
2019-12-13,-0.8666666666666666,980.4666666666667,3.0,283.94675178320233
2019-12-14,-2.425,986.9875,4.0,143.578071254034
2019-12-15,-3.4,989.2,4.0,150.68066556763475
2019-12-16,-3.3875,987.6125,14.25,171.31855677211894
2019-12-17,-3.8,979.85,6.0,331.3344760709114
2019-12-18,-5.75,979.7375,,191.18231570620878
2019-12-19,-6.1375,990.025,15.75,173.72313956783847
2019-12-20,-5.6375,989.9,17.0,163.99755606289725
2019-12-21,-3.1875,983.9375,9.5,219.93279149119905
2019-12-22,-1.2625,972.7375,2.0,286.2384899521459
2019-12-23,-1.775,970.15,9.0,160.85340712127362
2019-12-24,-5.3375,969.3875,4.4,323.09931730806727
2019-12-25,-3.414285714285714,969.925,5.0,304.93854837851563
2019-12-26,-2.2142857142857144,967.7125,6.5,338.3992593292174
2019-12-27,-1.6428571428571428,970.9,6.0,149.94641280669137
2019-12-28,-2.275,978.775,8.0,147.68988016155774
2019-12-29,-2.216666666666667,980.5875,2.375,28.726510860799394
2019-12-30,-2.95,978.5375,9.0,257.84640269282875
2019-12-31,-1.4625,983.8625,2.5,246.77728432662968
2020-01-01,-2.975,984.8125,8.8,332.42698705807163
2020-01-02,-2.5625,975.4125,4.5,99.48482260443241
2020-01-03,-2.475,973.3125,8.0,274.2172170991185
2020-01-04,-1.525,972.775,6.5,305.20768095310905
2020-01-05,-1.775,974.2125,5.75,336.18068936473196
2020-01-06,-1.7875,974.525,6.166666666666667,270.70226512288883
2020-01-07,-5.875,982.9875,21.666666666666668,173.99755606289725
2020-01-08,-6.3125,980.3375,11.0,160.3501013227542
2020-01-09,-6.0874999999999995,978.55,14.0,160.55052462030685
2020-01-10,-2.5375,975.6625,7.0,283.377580563651
2020-01-11,-1.957142857142857,974.7625,3.1666666666666665,281.14870630788727
2020-01-12,-1.6142857142857143,978.7875,2.857142857142857,295.98518302542027
2020-01-13,-3.1375,977.5375,8.333333333333334,333.76134364673754
2020-01-14,-4.05,974.1,4.0,184.1519278881208
2020-01-15,-6.35,975.1,11.0,170.0
2020-01-16,-6.875,975.075,7.714285714285714,162.44765755358878
2020-01-17,-6.75,972.525,8.166666666666666,183.72769400893563
2020-01-18,-4.8999999999999995,971.6625,5.8,257.90764258656105
2020-01-19,-2.375,966.6,,253.26563299275298
2020-01-20,-0.7,967.275,9.833333333333334,178.74461549097728
2020-01-21,-3.025,974.7875,16.75,182.38959937341178
2020-01-22,-1.875,982.8625,10.0,236.46590700554452
2020-01-23,-1.5875,980.8875,7.5,249.2583782450397
2020-01-24,-1.65,982.3875,9.0,223.04534324176421
2020-01-25,-1.4875,978.7875,9.0,195.1441795762607
2020-01-26,-2.6375,977.775,13.5,183.7374294132844
2020-01-27,-3.1125,977.875,,182.10673564239866
2020-01-28,-2.8125,978.8375,7.0,186.0431510140676
2020-01-29,-3.15,974.5125,7.2,255.4422928713647
2020-01-30,-5.35,972.4125,15.333333333333334,172.54335846165483
2020-01-31,-5.7,977.4875,15.2,172.44703438127848
2020-02-01,-5.4375,977.8875,14.333333333333334,181.25538450902272
2020-02-02,-5.0625,974.65,20.5,176.65344185939722
2020-02-03,-3.7625,971.3000000000001,15.25,182.86516273833837
2020-02-04,-3.425,966.7125,5.0,317.1175127928186
2020-02-05,-3.625,965.7125,5.0,292.72971691120046
2020-02-06,-2.675,962.5,4.0,176.67349391179852
2020-02-07,-1.7874999999999999,963.6,7.333333333333333,315.10078363023416
2020-02-08,-2.5375,969.1750000000001,6.0,181.69304718976613
2020-02-09,0.625,961.1625,20.0,230.0884701619759
2020-02-10,-0.775,966.375,14.0,270.61173879637977
2020-02-11,-1.7375,968.4375,13.5,179.426825796352
2020-02-12,-2.9125,969.3,6.666666666666667,176.32268030925755
2020-02-13,-3.35,966.7875,1.5,340.60721718984996
2020-02-14,-6.0375,964.9375,31.0,172.0073449794975
2020-02-15,-7.725,971.9375,33.0,172.49523127846342
2020-02-16,-8.6875,976.4125,21.5,213.0623300855249
2020-02-17,-11.7375,974.4125,21.0,193.94675178320236
2020-02-18,-11.3125,973.475,5.0,220.98640638335317
2020-02-19,-11.5125,973.0,15.0,206.21948219687772
2020-02-20,-7.85,968.7625,10.0,251.83665869779782
2020-02-21,-3.6,959.4375,11.5,240.94040439087956
2020-02-22,-4.3428571428571425,955.675,2.3333333333333335,312.8084718727508
2020-02-23,-3.9125,959.8875,5.0,172.08941102174043
2020-02-24,-5.4,964.725,8.0,208.38297244712564
2020-02-25,-5.625,964.975,3.0,167.82334307426316
2020-02-26,-9.175,971.7125,25.666666666666668,172.5047687215366
2020-02-27,-10.0375,976.175,11.5,216.34508548165414
2020-02-28,-12.675,972.5375,16.0,178.69656740222186
2020-02-29,-15.1375,969.8375,,189.25126914393982
2020-03-01,-15.9,962.6875,22.0,213.85488853759
2020-03-02,-16.175,959.8375,21.0,179.6498986772458
2020-03-03,-13.8625,968.9,12.0,202.13789443397863
2020-03-04,-11.1,972.2875,,245.11409859620304
2020-03-05,-11.0875,965.85,14.5,175.0
2020-03-06,-11.4125,963.8125,33.0,175.0191112475166
2020-03-07,-10.625,962.425,,240.03990944754676
2020-03-08,-13.7625,952.5625,19.0,198.29504672941675
2020-03-09,-14.9,957.7875,16.8,208.8616095041801
2020-03-10,-14.0,963.8,24.0,198.2649337924361
2020-03-11,-17.2875,956.775,28.5,222.917979856385
2020-03-12,-16.1625,962.725,,196.20474828777242
2020-03-13,-17.0625,970.275,12.75,204.3094428150934
2020-03-14,-18.4625,966.625,14.5,249.89385643940147
2020-03-15,-18.575,967.6625,15.333333333333334,198.96433742833062
2020-03-16,-17.725,966.2125,16.333333333333332,191.67043694469768
2020-03-17,-18.9375,963.9625,14.5,168.39859932058968
2020-03-18,-18.05,963.35,17.0,178.56337855308252
2020-03-19,-17.225,967.0125,15.0,186.52120512817123
2020-03-20,-18.2375,967.6375,,248.6852040413917
2020-03-21,-18.8125,972.9875,18.0,164.8441485361878
2020-03-22,-19.2875,976.3625,4.75,250.17546091167287
2020-03-23,-24.4125,971.0625,15.2,170.03851731245746
2020-03-24,-23.5,967.725,20.0,175.97793277528316
2020-03-25,-15.171428571428573,955.375,31.5,153.32956305530232
2020-03-26,-15.9875,952.3,22.5,187.5047687215366
2020-03-27,-14.1875,951.025,6.0,200.07092655339937
2020-03-28,-16.2875,954.7375,22.0,200.57403329506042
2020-03-29,-16.5125,959.075,39.0,234.99999999999994
2020-03-30,-16.72,969.8875,,234.99999999999994
2020-03-31,-14.425,977.1375,28.0,225.75425595648883
2020-04-01,-17.075,972.65,26.0,251.63627258837698
2020-04-02,-17.875,963.2375,20.0,248.83511987299045
2020-04-03,-16.2375,970.5875,,277.70761910923596
2020-04-04,-16.0875,982.5375,,208.87463804246215
2020-04-05,-17.65,982.1125,3.0,201.32792047702415
2020-04-06,-19.95,974.9125,9.0,195.8415469795485
2020-04-07,-21.1625,971.6125,21.0,260.0
2020-04-08,-18.45,963.875,10.0,259.4255543130223
2020-04-09,-16.275,958.8625,,178.72720805843255
2020-04-10,-16.85,963.3125,7.666666666666667,174.85495437067752
2020-04-11,-22.25,970.9125,8.333333333333334,243.8408390284718
2020-04-12,-22.3375,960.9,5.0,225.08499686617452
2020-04-13,-24.0125,965.1875,18.0,177.96369111630787
2020-04-14,-20.025,962.9375,,238.31512674138543
2020-04-15,-21.3625,949.0125,26.0,240.0
2020-04-16,-22.4625,964.1875,,211.76891876170018
2020-04-17,-23.4875,969.7125,,236.92426660597363
2020-04-18,-21.375,946.5875,,282.1466925396211
2020-04-19,-16.085714285714285,950.9625,,216.84720268209472
2020-04-20,-19.0875,967.1875,16.0,201.7743776678368
2020-04-21,-14.6625,961.0625,,242.90764258656105
2020-04-22,-17.9875,966.8,,179.94884264061625
2020-04-23,-20.2625,967.0375,9.0,186.35022502180203
2020-04-24,-22.225,967.2,,220.59094349176186
2020-04-25,-20.76666666666667,967.225,,246.7519886146634
2020-04-26,-16.3,980.0125,,233.370462834839
2020-04-27,-17.5875,980.4125,3.5,263.58361894790306
2020-04-28,-20.6,985.9,1.0,194.04879413327353
2020-04-29,-22.3875,983.5875,,215.4121527886816
2020-04-30,-20.6375,975.525,8.333333333333334,288.7987619020421
2020-05-01,-19.166666666666668,972.175,,208.51086413110943
2020-05-02,-18.3875,973.9125,5.0,201.550337234768
2020-05-03,-19.3875,976.3125,,204.32377980226232
2020-05-04,-20.6375,977.6125,1.5,261.3693421128
2020-05-05,-22.2875,973.7125,10.0,189.82405415948028
2020-05-06,-25.8125,967.0125,8.0,205.0205062755851
2020-05-07,-19.814285714285713,960.975,,243.03139465909925
2020-05-08,-23.475,959.7625,,208.7927382181834
2020-05-09,-23.2625,972.6375,10.666666666666666,237.15320167420805
2020-05-10,-20.9875,967.4875,14.0,250.16994890380101
2020-05-11,-23.125,969.4875,,185.22488121543083
2020-05-12,-25.2875,973.0,,237.58011461057328
2020-05-13,-23.325,974.0625,18.0,253.9687435091163
2020-05-14,-18.9625,968.925,2.0,215.31553294392637
2020-05-15,-23.4625,970.3,11.666666666666666,177.6050949401876
2020-05-16,-24.8125,968.3125,13.0,217.8268951231025
2020-05-17,-24.025,963.9875,,256.1690726175983
2020-05-18,-26.1625,968.8625000000001,10.5,165.07732941137508
2020-05-19,-23.425,973.7625,,220.19993908358487
2020-05-20,-21.542857142857144,965.55,,247.75924767249114
2020-05-21,-16.8375,965.7,2.0,193.0272505189113
2020-05-22,-17.2125,958.9,9.0,226.87895548141506
2020-05-23,-15.899999999999999,951.7875,,213.92210640071053
2020-05-24,-17.775,951.275,,210.54024295731722
2020-05-25,-21.85,955.9,18.166666666666668,231.64640735398945
2020-05-26,-23.85,960.2125,,226.97274948108867
2020-05-27,-22.37142857142857,966.3875,2.0,252.5507615459165
2020-05-28,-19.6125,962.4875,,252.2310614178141
2020-05-29,-15.6875,959.3375,,262.0918733318947
2020-05-30,-13.37142857142857,948.125,,186.64224178622766
2020-05-31,-14.433333333333332,952.125,,239.67829745981751
2020-06-01,-15.157142857142857,951.7875,,211.40990868756165
2020-06-02,-18.9,965.2,,253.2249362893939
2020-06-03,-20.1375,965.3625,5.0,183.15875317494738
2020-06-04,-21.625,969.4,2.0,276.5962554955306
2020-06-05,-21.0625,957.6375,,288.3919082995079
2020-06-06,-20.6,953.2625,,195.32170254018249
2020-06-07,-24.900000000000002,960.3625,17.0,189.96043836777739
2020-06-08,-26.525,961.375,18.0,306.85459909032033
2020-06-09,-23.9875,961.8875,,192.19066696027411
2020-06-10,-19.12857142857143,958.0,27.0,168.48927361168356
2020-06-11,-21.97142857142857,956.2,,220.61344667303632
2020-06-12,-23.7625,961.6125,3.0,189.83744430839704
2020-06-13,-24.2375,972.575,5.5,176.23848995214598
2020-06-14,-26.9625,971.8875,9.666666666666666,181.56689174271986
2020-06-15,-28.2375,972.5875,7.0,280.2368335172296
2020-06-16,-31.025,965.0875,6.0,182.64198014024342
2020-06-17,-32.275,963.025,5.0,194.32434809439374
2020-06-18,-29.0375,961.0625,1.0,212.92919657629218
2020-06-19,-32.949999999999996,958.0125,5.0,266.9312596275832
2020-06-20,-23.475,954.675,,196.06860476105894
2020-06-21,-17.3875,949.8625,,231.30343259777814
2020-06-22,-17.3,951.3625,36.0,234.6217680575471
2020-06-23,-13.383333333333333,954.9,,229.20790973731266
2020-06-24,-21.342857142857145,969.9,,225.31393236904003
2020-06-25,-21.15,975.0625,,230.57130693557184
2020-06-26,-15.914285714285715,971.975,28.0,231.93011570724306
2020-06-27,-10.742857142857142,977.6625,22.0,216.32318953902035
2020-06-28,-15.714285714285714,971.5875,9.0,246.30877848846268
2020-06-29,-17.1625,988.7375,,206.19957005827337
2020-06-30,-18.666666666666668,986.65,,210.04794973351486
2020-07-01,-14.5875,976.8875,,246.67043694469766
2020-07-02,-10.525,982.5124999999999,39.5,228.29641233402654
2020-07-03,-12.433333333333332,983.0125,,277.9642725518485
2020-07-04,-13.35,964.4875,,234.28242158374252
2020-07-05,-19.9375,964.8375,8.5,275.69977806335703
2020-07-06,-21.142857142857142,960.825,7.0,292.503162355629
2020-07-07,-21.599999999999998,969.65,4.0,183.86003314634502
2020-07-08,-22.8375,979.5999999999999,2.2,232.15728938462684
2020-07-09,-23.475,984.4375,3.4,216.53056046639057
2020-07-10,-21.728571428571428,982.1125,12.0,170.0
2020-07-11,-24.225,976.825,,170.0
2020-07-12,-21.3875,972.8625,,182.01972136501195
2020-07-13,-20.525,967.575,9.8,194.80236804463473
2020-07-14,-18.875,965.0875,,221.4743079266508
2020-07-15,-19.9875,963.15,,214.47058378040109
2020-07-16,-19.1375,958.8375,,242.14669253962109
2020-07-17,-20.475,971.9375,,223.52033704096885
2020-07-18,-24.075,970.8125,,307.48562069330075
2020-07-19,-27.0,958.2,8.0,273.3016482014426
2020-07-20,-27.25,963.7625,8.0,223.73789306893792
2020-07-21,-30.3375,967.0875,,247.92919657629218
2020-07-22,-31.1,966.175,,173.76134364673752
2020-07-23,-27.657142857142855,970.5875,20.0,171.42814423260418
2020-07-24,-21.4375,957.2875,30.5,183.7374294132844
2020-07-25,-12.714285714285714,939.7,,223.8731025594151
2020-07-26,-20.514285714285712,961.075,,203.39311590525008
2020-07-27,-24.275,964.15,4.0,181.2979171645116
2020-07-28,-28.9625,965.2625,23.0,174.02206722471684
2020-07-29,-27.7,973.7625,5.333333333333333,273.8419463534868
2020-07-30,-28.375,970.7875,19.0,179.88386084325253
2020-07-31,-28.6375,974.8625,19.0,178.73506522493253
2020-08-01,-28.7,980.125,4.25,218.68766116450263
2020-08-02,-33.614285714285714,971.2375,8.5,199.38256502369623
2020-08-03,-33.35,958.7,,246.94819117287307
2020-08-04,-27.825,953.6625,20.0,236.7653878290349
2020-08-05,-23.9375,963.55,,200.8864313913769
2020-08-06,-20.025,963.9875,3.0,237.0019217740777
2020-08-07,-20.4875,962.1750000000001,2.25,306.67043694469766
2020-08-08,-21.25,961.4125,4.0,277.0708034237078
2020-08-09,-19.725,970.0625,19.0,191.0884797434197
2020-08-10,-20.5375,974.3375,19.0,189.1778649413745
2020-08-11,-22.1375,978.6875,20.0,190.66307488193738
2020-08-12,-14.1625,966.1625,,198.1326310742257
2020-08-13,-10.0125,971.2125,,190.7180993368701
2020-08-14,-12.5625,975.975,,233.84109890157947
2020-08-15,-16.625,980.625,,184.36580006848857
2020-08-16,-17.2,985.875,1.5,315.6941890130789
2020-08-17,-20.712500000000002,988.475,13.333333333333334,171.26983939365417
2020-08-18,-26.1625,981.9375,14.0,178.74940931257473
2020-08-19,-26.3875,971.6,15.5,217.68030635493776
2020-08-20,-22.25,969.125,9.0,230.76196404448595
2020-08-21,-23.3125,973.25,10.5,197.29497665778402
2020-08-22,-25.9,963.9625,16.0,210.0
2020-08-23,-20.35,943.675,,246.37818103636062
2020-08-24,-16.2,951.975,,172.46728160877717
2020-08-25,-20.225,970.125,,181.22186457651725
2020-08-26,-21.825,981.275,26.0,183.34655814060278
2020-08-27,-24.4375,988.5875,23.0,180.0
2020-08-28,-24.7875,990.125,16.5,178.0048807114913
2020-08-29,-26.3625,980.35,17.0,189.6846217422466
2020-08-30,-23.7375,964.3625,25.0,178.87919654903308
2020-08-31,-11.85,947.8,38.0,178.74461549097728
2020-09-01,-9.6625,957.9125,,163.22654180843503
2020-09-02,-9.4625,970.7375,24.0,165.81649160266653
2020-09-03,-11.2625,984.2625,24.0,209.76316648277034
2020-09-04,-14.05,970.35,3.0,188.3599443317567
2020-09-05,-14.219999999999999,962.2,,223.317641098753
2020-09-06,-22.3375,966.75,7.5,183.8731025594151
2020-09-07,-24.8125,975.45,2.0,215.0
2020-09-08,-24.3625,977.9375,,225.34132353613268
2020-09-09,-26.6,970.375,4.0,168.00789831982524
2020-09-10,-29.975,972.8625000000001,2.6,342.4989948855976
2020-09-11,-31.3875,963.925,3.5,185.23683351722966
2020-09-12,-28.914285714285715,966.1625,,223.7164218850612
2020-09-13,-30.771428571428572,973.5375,,171.70495327058325
2020-09-14,-33.7625,971.7875,24.0,183.72769400893563
2020-09-15,-33.525,970.25,23.0,156.02908296894148
2020-09-16,-32.075,970.3375,,176.00244393710275
2020-09-17,-25.6125,966.7375,5.666666666666667,192.66382057530126
2020-09-18,-25.35,963.1714285714286,1.875,182.22929517493668
2020-09-19,-17.04285714285714,960.725,,185.3135308239869
2020-09-20,-16.275,963.8875,25.0,193.45499980977354
2020-09-21,-17.4,964.8625,15.0,243.98407163249607
2020-09-22,-22.3875,967.1125,19.5,230.6756519056062
2020-09-23,-20.575,971.475,,210.76842128734037
2020-09-24,-21.925,969.9875,,253.37046283483897
2020-09-25,-21.85,965.3375,24.0,185.75351032064728
2020-09-26,-22.9375,972.925,26.0,199.30879374713774
2020-09-27,-19.375,978.3875,,223.99405079849905
2020-09-28,-18.014285714285712,975.8875,,242.64234017219025
2020-09-29,-24.975,973.5375,25.0,170.0
2020-09-30,-22.45,971.4125,7.0,196.26110190959685
2020-10-01,-14.9875,967.3375,27.25,173.99755606289725
2020-10-02,-12.1125,958.4,20.666666666666668,198.74732693825993
2020-10-03,-16.099999999999998,954.05,13.5,205.04976806663865
2020-10-04,-14.65,958.875,3.6666666666666665,246.6541769558342
2020-10-05,-12.3125,961.5375,,227.54427016245788
2020-10-06,-12.5125,959.225,,200.28609690599333
2020-10-07,-12.65,957.5,,214.65129010075702
2020-10-08,-13.5,959.375,6.0,202.27610364947256
2020-10-09,-12.8,958.5,23.0,232.50476872153658
2020-10-10,-13.9875,956.175,2.6666666666666665,231.23320321289586
2020-10-11,-16.475,953.6999999999999,11.5,177.98027863498808
2020-10-12,-20.75,956.1,,198.5318802466464
2020-10-13,-19.925,959.4875,,289.60752119518577
2020-10-14,-19.9375,960.9375,,192.2529621677657
2020-10-15,-20.3875,960.3875,,195.2699413222227
2020-10-16,-18.587500000000002,957.625,3.0,247.65518408050792
2020-10-17,-20.5625,955.475,15.0,173.7374294132844
2020-10-18,-22.55,954.0125,9.5,201.02651016954133
2020-10-19,-22.875,960.45,3.0,247.05390562286055
2020-10-20,-22.55,961.75,4.0,279.4805561810905
2020-10-21,-21.975,955.8,2.6666666666666665,242.29018804211597
2020-10-22,-22.0125,947.2375,4.5,243.81802381226169
2020-10-23,-16.580000000000002,954.0,,279.6782974598175
2020-10-24,-16.375,960.1125,20.333333333333332,171.677660756675
2020-10-25,-19.5,963.925,23.0,178.69656740222186
2020-10-26,-17.7875,965.2625,,220.6472602042775
2020-10-27,-12.428571428571429,967.6999999999999,,214.04566136079237
2020-10-28,-10.9125,968.775,,210.20450168970186
2020-10-29,-8.3,964.925,,220.03942377843973
2020-10-30,-8.7875,958.2625,18.0,201.26036719681053
2020-10-31,-11.4375,951.0875,15.0,192.42698705807163
2020-11-01,-13.3,952.5375,16.0,188.46814093723128
2020-11-02,-12.025,954.55,,189.42112438043026
2020-11-03,-14.4875,945.0375,4.4,208.73789306893792
2020-11-04,-15.8125,944.4375,,176.23865635326248
2020-11-05,-16.1375,949.1625,3.0,241.66169679134393
2020-11-06,-17.2625,956.6375,10.5,194.32434809439377
2020-11-07,-15.125,956.1,13.0,241.53056046639057
2020-11-08,-13.1625,947.75,,269.4500906658009
2020-11-09,-11.0,941.9125,,182.66052937594344
2020-11-10,-16.1875,950.9125,,168.86160950418014
2020-11-11,-13.45,956.425,13.0,213.70760218215483
2020-11-12,-9.385714285714286,961.925,13.0,206.00766340615687
2020-11-13,-7.5375,966.525,,194.52458688295843
2020-11-14,-7.085714285714286,969.175,,190.96565876073976
2020-11-15,-7.475,975.1875,17.0,201.3147959586083
2020-11-16,-7.0375,970.7375,5.5,260.50740227878566
2020-11-17,-8.1875,976.8125,,185.596495497057
2020-11-18,-7.45,977.475,3.6,190.75600746509951
2020-11-19,-6.4375,974.9625,,281.3388614370671
2020-11-20,-7.4125,973.0125,9.0,177.49523127846342
2020-11-21,-5.05,976.2,3.5,251.98305334596864
2020-11-22,-9.328571428571427,978.6,12.0,181.29841739955026
2020-11-23,-8.637500000000001,977.675,6.0,310.0
2020-11-24,-7.3625,972.5875,6.333333333333333,333.370462834839
2020-11-25,-7.975,968.325,5.0,330.0
2020-11-26,-5.25,962.725,5.2,187.823160071641
2020-11-27,-3.8125,956.2625,3.0,161.37495075698013
2020-11-28,-4.95,959.5625,,192.27028308879952
2020-11-29,-6.025,964.05,4.75,342.1466925396211
2020-11-30,-4.875,967.225,2.0,289.40350450294295
2020-12-01,-4.616666666666666,962.7875,3.0,313.8793568348598
2020-12-02,-4.45,965.825,3.2,269.9256453133979
2020-12-03,-5.95,967.45,,237.5508764051065
2020-12-04,-4.6875,964.375,,229.14451493695086
2020-12-05,-4.05,962.775,2.0,208.1585642562967
2020-12-06,-3.775,964.6125,9.0,220.48566007351891
2020-12-07,-1.6500000000000001,959.8125,2.75,215.051903772056
2020-12-08,-3.625,957.65,7.333333333333333,301.6879577795836
2020-12-09,-3.9875,962.575,10.0,171.95821825595326
2020-12-10,-0.4625,967.3000000000001,3.5,236.3549578922713
2020-12-11,-2.4875,960.5,7.25,177.48562069330072
2020-12-12,-3.242857142857143,961.6,4.0,135.3796103128238
2020-12-13,-4.45,964.975,11.5,160.7397319272136
2020-12-14,-1.8,965.6875,3.3333333333333335,262.4544744465232
2020-12-15,-1.8,963.125,,250.34293716645354
2020-12-16,-2.9875,959.775,7.5,184.6067506291332
2020-12-17,-1.8875,959.525,18.0,170.0
2020-12-18,-1.8125,960.8125,4.0,65.0
2020-12-19,-0.55,957.175,6.0,322.42068940699465
2020-12-20,1.325,958.275,9.0,265.51029472040307
2020-12-21,-0.4,962.325,8.0,190.39324937086678
2020-12-22,0.5,965.275,3.5,177.97437254130546
2020-12-23,0.38749999999999996,967.0125,2.0,148.01694665403136
2020-12-24,-1.625,972.85,14.5,160.03851731245746
2020-12-25,-2.2125,977.375,11.166666666666666,167.51437930669928
2020-12-26,-1.3375000000000001,970.1375,4.166666666666667,195.75980890236136
2020-12-27,-1.975,958.225,4.4,168.02169263693105
2020-12-28,-3.6875,958.275,12.0,167.51437930669928
2020-12-29,-2.7875,958.3875,9.0,274.63965059616805
2020-12-30,-0.6571428571428573,951.025,,191.60386369573976
2020-12-31,-4.475,954.0375,14.5,156.01477477206282
2021-01-01,-3.875,956.3125,7.166666666666667,153.96559862005395
2021-01-02,-2.9285714285714284,954.3000000000001,7.0,177.52421386212416
2021-01-03,-1.342857142857143,955.3875,5.5,256.8983992245329
2021-01-04,-1.0428571428571427,956.225,11.0,114.37370042473862
2021-01-05,-1.9,959.1875,3.8,160.55223918493238
2021-01-06,-1.2625,957.7875,7.833333333333333,155.87076095649672
2021-01-07,-1.957142857142857,959.4,4.666666666666667,150.2696976734448
2021-01-08,-1.0285714285714285,962.2125,3.7142857142857144,242.709811957884
2021-01-09,-2.0,965.4625,17.0,162.3826248371869
2021-01-10,-3.225,969.325,10.333333333333334,259.8313373917614
2021-01-11,-1.7875,969.9875,11.333333333333334,192.4303546906113
2021-01-12,-1.92,970.775,2.0,54.763166482770316
2021-01-13,-0.825,967.3125,9.666666666666666,273.10520480365386
2021-01-14,-3.3375,969.325,14.2,169.65129010075705
2021-01-15,-5.2375,967.9625,7.6,157.45618925877358
2021-01-16,-3.35,967.4375,5.0,253.81768429379122
2021-01-17,-2.5142857142857147,971.5875,8.0,283.9083275772867
2021-01-18,-2.0125,984.0375,11.5,310.390506343252
2021-01-19,-1.9125,987.9375,17.333333333333332,251.99752524903263
2021-01-20,-3.3375,977.7375,,159.9384221654694
2021-01-21,-1.9875,975.9375,9.0,275.6019793369137
2021-01-22,-0.04999999999999996,972.575,8.0,219.49710666732113
2021-01-23,-2.4857142857142853,969.7125,9.6,155.307549981297
2021-01-24,-2.7875,961.45,9.0,258.7307379171393
2021-01-25,-2.7875,964.675,13.25,167.65518408050795
2021-01-26,-3.4375,974.575,9.333333333333334,267.1548532713916
2021-01-27,-2.6875,971.6,7.666666666666667,235.3960092650077
2021-01-28,-4.5375,970.15,16.375,173.81931063526804
2021-01-29,-5.575,970.35,13.2,176.34558442593024
2021-01-30,-4.475,962.2375,5.75,232.15562833740861
2021-01-31,-3.4499999999999997,961.1375,,217.5645937103703
2021-02-01,-3.0125,963.7,5.5,232.75514111416743
2021-02-02,-4.3125,968.3125,17.5,190.06157783453062
2021-02-03,-5.775,965.1375,14.0,172.51437930669928
2021-02-04,-8.0125,959.5375,14.5,179.26026807278643
2021-02-05,-7.325,957.15,19.0,167.42698705807163
2021-02-06,-6.45,957.125,14.0,220.8905787558095
2021-02-07,-3.575,961.4875,7.0,189.9788716687454
2021-02-08,-3.8,962.6125,9.0,177.14461952799473
2021-02-09,-7.6000000000000005,964.3,7.166666666666667,200.83492171485432
2021-02-10,-7.825,955.5,15.5,187.45664153834517
2021-02-11,-5.928571428571429,958.3,4.333333333333333,175.90152459536316
2021-02-12,-5.825,962.975,,222.78869813668913
2021-02-13,-5.0375,964.375,,267.0168052576381
2021-02-14,-3.6,960.85,22.0,234.8528431869873
2021-02-15,-4.1375,959.6125,8.333333333333334,271.9945039853503
2021-02-16,-5.457142857142857,959.85,12.0,215.26248116560714
2021-02-17,-7.925,963.9875,16.0,166.2336597514019
2021-02-18,-9.5,965.4375,16.75,165.0
2021-02-19,-9.725,971.1375,21.428571428571427,175.716067169662
2021-02-20,-10.6625,972.0125,13.833333333333334,176.636272588377
2021-02-21,-11.075,967.4125,21.666666666666668,176.23865635326248
2021-02-22,-9.9375,965.55,15.25,188.7494093125747
2021-02-23,-11.5125,966.0500000000001,20.0,191.56251986084968
2021-02-24,-10.9,967.6,7.0,206.02741270970267
2021-02-25,-9.8875,967.025,14.75,179.88248913028355
2021-02-26,-12.4875,968.8125,21.666666666666668,188.5494497460158
2021-02-27,-11.625,965.4875,22.0,192.37856231052425
2021-02-28,-12.1375,965.225,31.0,180.89956802484375
2021-03-01,-12.175,964.225,23.5,187.54064687323407
2021-03-02,-12.55,967.425,13.333333333333334,186.14511146241
2021-03-03,-13.0,969.1625,26.625,162.51437930669928
2021-03-04,-10.5125,975.3,24.125,165.0
2021-03-05,-13.4625,978.675,24.0,
2021-03-06,-15.2125,979.0125,26.625,176.00244393710275
2021-03-07,-15.9375,983.925,25.666666666666668,171.2505906874253
2021-03-08,-16.0375,988.0125,13.666666666666666,208.67290936236512
2021-03-09,-13.575,981.4625,4.8,211.80735591443556
2021-03-10,-14.6125,979.625,10.666666666666666,179.30057701131526
2021-03-11,-14.9875,978.8,6.75,222.67234357572917
2021-03-12,-15.375,967.3125,12.25,193.0272505189113
2021-03-13,-18.45,964.5625,23.666666666666668,177.48562069330072
2021-03-14,-15.0375,964.9875,,173.63519449196
2021-03-15,-14.1375,964.5875,6.5,210.67859433722904
2021-03-16,-16.425,960.25,36.666666666666664,154.283932830338
2021-03-17,-13.4,971.7625,54.0,192.08866308098692
2021-03-18,-14.414285714285715,968.275,15.0,272.92919657629216
2021-03-19,-18.975,966.7875,35.0,238.5067464612352
2021-03-20,-15.5375,963.4625,5.333333333333333,255.05224444322909
2021-03-21,-15.8625,964.225,8.0,232.1220128556669
2021-03-22,-14.125,967.675,,186.036240414059
2021-03-23,-13.3,968.9,10.0,224.12141709539472
2021-03-24,-16.175,964.425,25.0,241.43017145638942
2021-03-25,-13.7625,972.6125,8.25,256.28600289424145
2021-03-26,-7.6,971.0125,5.0,214.2080784191785
2021-03-27,-12.975,971.7375,24.0,219.19012574619885
2021-03-28,-8.766666666666667,978.2125,9.0,201.77728432662965
2021-03-29,-11.8125,974.525,12.666666666666666,178.5997484669294
2021-03-30,-16.5,964.9125,18.0,186.56251986084968
2021-03-31,-19.5,964.8875,16.2,215.0785316136631
2021-04-01,-16.1,958.9625,13.0,228.0799995272517
2021-04-02,-13.4125,952.1875,14.0,202.94089691643674
2021-04-03,-14.525,952.05,15.333333333333334,187.45664153834517
2021-04-04,-16.9375,955.0625,19.333333333333332,179.57913788907402
2021-04-05,-19.0375,959.875,2.6,181.05324821679764
2021-04-06,-15.662500000000001,963.275,3.3333333333333335,239.22926062062805
2021-04-07,-18.1375,962.425,9.5,170.0
2021-04-08,-20.9875,961.5,14.25,159.96148268754254
2021-04-09,-24.0125,965.0875,18.0,187.04054528656988
2021-04-10,-20.8875,970.05,,244.26478707414987
2021-04-11,-22.9875,971.6625,12.666666666666666,211.84552302721227
2021-04-12,-23.9125,963.05,11.75,235.8280070995035
2021-04-13,-25.375,967.2625,11.666666666666666,235.6220032547787
2021-04-14,-20.875,968.9375,1.5,249.13530107626963
2021-04-15,-27.02857142857143,975.6625,16.0,172.5047687215366
2021-04-16,-25.4125,985.1,16.0,176.00244393710275
2021-04-17,-26.5875,986.1125,27.0,167.9926550205025
2021-04-18,-27.4375,980.525,2.6666666666666665,213.22271567337032
2021-04-19,-26.55,966.2625,2.875,279.1887207957927
2021-04-20,-27.3,963.7875,2.857142857142857,293.94716394673645
2021-04-21,-29.55,961.5375,4.625,172.49523127846342
2021-04-22,-33.65,968.025,7.125,166.00244393710275
2021-04-23,-32.3875,973.5124999999999,6.25,273.3664167295292
2021-04-24,-32.9125,969.7625,6.666666666666667,203.2769707551728
2021-04-25,-33.95,970.5875,11.2,178.72026347237602
2021-04-26,-32.0,976.45,8.0,176.25298301376884
2021-04-27,-28.5625,963.95,29.0,222.55141393762187
2021-04-28,-21.4375,958.15,4.666666666666667,200.89739675298546
2021-04-29,-23.014285714285712,962.8125,10.0,198.78000643330267
2021-04-30,-24.0375,966.2375,9.25,184.4948436038124
2021-05-01,-22.8875,969.5625,3.6666666666666665,261.3351981464888
2021-05-02,-23.4375,962.45,9.0,248.77927849817473
2021-05-03,-18.125,952.4,10.0,289.14080015545335
2021-05-04,-15.825,951.1625,3.3333333333333335,259.9520502664852
2021-05-05,-19.225,965.6375,11.4,166.28001685165333
2021-05-06,-23.5875,968.25,9.0,175.0
2021-05-07,-20.975,963.5625,43.5,167.1348372616616
2021-05-08,-21.6,970.5375,20.0,188.74732693825993
2021-05-09,-26.45,968.4375,18.666666666666668,190.06513276692016
2021-05-10,-29.6,967.775,3.8,267.8313009740373
2021-05-11,-28.4625,960.525,2.8,237.26826251882153
2021-05-12,-25.7,957.9125,34.5,176.01477477206282
2021-05-13,-27.525000000000002,966.0375,,218.8731025594151
2021-05-14,-25.4625,968.0,1.6666666666666667,289.2204655936607
2021-05-15,-27.275,968.8,,186.48305072009666
2021-05-16,-27.7,984.2,14.5,205.0
2021-05-17,-29.028571428571432,973.2,3.75,203.87778703391785
2021-05-18,-29.9375,975.9375,13.0,181.0523887323879
2021-05-19,-28.025,976.9375,5.0,301.197338245377
2021-05-20,-25.54,971.5375,6.25,247.11582849872883
2021-05-21,-32.95,962.6999999999999,4.166666666666667,235.33355738775498
2021-05-22,-27.614285714285717,972.375,21.75,172.8526925517509
2021-05-23,-22.5,975.4375,3.0,266.05324821679767
2021-05-24,-19.8625,967.3125,8.25,266.80735591443556
2021-05-25,-15.4,968.9625,9.0,265.24672386023906
2021-05-26,-15.225,976.4875,11.333333333333334,226.9251908626852
2021-05-27,-12.125,976.6625,2.5,172.1793668388105
2021-05-28,-12.475,977.5,,259.5263329655407
2021-05-29,-13.875,982.95,26.0,227.50476872153658
2021-05-30,-14.225,972.9625,,239.24409701534518
2021-05-31,-20.216666666666665,965.6,31.0,241.41746254671557
2021-06-01,-18.3125,971.1,18.0,221.23598768961912
2021-06-02,-20.075,979.975,1.0,254.400785908272
2021-06-03,-23.771428571428572,978.5375,23.5,170.0
2021-06-04,-23.0,969.9375,18.0,228.73789306893792
2021-06-05,-24.025,966.2125,19.0,206.01189038460376
2021-06-06,-20.1375,966.075,12.0,266.42954078444546
2021-06-07,-18.7375,972.3875,14.5,190.29956430675568
2021-06-08,-22.825,970.525,24.0,225.75377949877608
2021-06-09,-25.4875,965.95,18.5,228.44586847220984
2021-06-10,-28.9,969.3125,4.6,179.23803595551405
2021-06-11,-28.2375,976.2875,3.6,292.2408595078274
2021-06-12,-26.4125,976.1625,27.0,246.17162093122562
2021-06-13,-23.75,974.3625,33.0,236.24817078386593
2021-06-14,-24.18,970.55,4.0,213.39543273847846
2021-06-15,-26.82,967.5875,,219.02838773748192
2021-06-16,-17.6,957.975,29.0,240.0
2021-06-17,-19.0625,953.5375,25.0,237.1982180286957
2021-06-18,-19.5375,966.475,21.5,212.06604621206188
2021-06-19,-20.2125,960.8125,,207.0773498003635
2021-06-20,-20.9625,954.0375,18.0,261.04632605945386
2021-06-21,-13.971428571428572,951.1,6.666666666666667,183.54396499919042
2021-06-22,-15.7875,955.8375,14.5,192.7240069269432
2021-06-23,-13.2875,959.875,,197.72401152730703
2021-06-24,-15.6,963.375,14.2,177.08519277872338
2021-06-25,-19.625,966.375,3.857142857142857,208.59134018246885
2021-06-26,-18.75,972.7625,4.166666666666667,192.56061872253667
2021-06-27,-20.4375,981.025,,183.50772266332083
2021-06-28,-23.225,980.9875,23.0,220.7397319272136
2021-06-29,-21.6875,974.0875,28.0,263.2492211179864
2021-06-30,-20.7,966.8,,162.66689334977482
2021-07-01,-23.35,960.275,3.0,212.79939141193555
2021-07-02,-22.1,959.1125,,197.3414487697676
2021-07-03,-20.075,960.875,11.333333333333334,191.66135080578613
2021-07-04,-20.2,968.7375,19.5,194.67829745981751
2021-07-05,-19.825,964.475,21.666666666666668,170.05115735938375
2021-07-06,-20.414285714285715,971.775,18.0,225.1405149702693
2021-07-07,-17.885714285714286,978.275,,207.1109638677603
2021-07-08,-15.3,972.6125,,219.88303471551575
2021-07-09,-11.3375,968.5375,27.333333333333332,208.70824067104388
2021-07-10,-10.3625,980.775,8.5,190.81127920420732
2021-07-11,-13.7125,978.5125,17.0,170.1039093610171
2021-07-12,-17.575,977.575,19.0,205.95693301191108
2021-07-13,-18.6125,975.7,3.6666666666666665,270.0
2021-07-14,-19.95,971.9875,3.0,203.79117315329867
2021-07-15,-20.625,975.3,9.0,267.74855688743867
2021-07-16,-17.3625,974.8875,8.666666666666666,250.59150332479584
2021-07-17,-17.725,974.2125,,228.57706712172651
2021-07-18,-20.1875,970.2,12.0,219.04927182329516
2021-07-19,-21.8625,971.3625,11.333333333333334,237.32622544874368
2021-07-20,-17.95,972.9875,15.4,166.00244393710275
2021-07-21,-19.975,973.075,22.666666666666668,173.74701698623116
2021-07-22,-19.7375,966.9875,39.0,176.67043694469768
2021-07-23,-15.8875,972.7,34.0,171.25538450902275
2021-07-24,-14.6125,978.2625,21.4,194.6858951843818
2021-07-25,-15.683333333333332,976.525,5.0,166.1072136987741
2021-07-26,-23.0375,977.075,7.0,181.24568483744505
2021-07-27,-24.7125,978.05,5.0,178.73016060634586
2021-07-28,-24.025,979.2875,3.5,223.84786043592717
2021-07-29,-25.075,985.225,2.5,276.2011936126587
2021-07-30,-26.675,993.975,3.5,196.55059225975685
2021-07-31,-25.825,977.9,5.5,252.95671509948008
2021-08-01,-6.233333333333333,966.1750000000001,,238.39079068996472
2021-08-02,-22.98,974.2625,11.0,149.88338809675702
2021-08-03,-25.15,977.6625,3.0,177.45664153834517
2021-08-04,-26.975,972.625,10.5,167.99265502050253
2021-08-05,-28.3125,971.725,2.1666666666666665,149.3005051799128
2021-08-06,-28.9,979.2125,8.0,168.76306017468164
2021-08-07,-25.7875,982.2625,5.666666666666667,179.06256052899093
2021-08-08,-26.075,968.2375,1.6,199.300221936643
2021-08-09,-31.2375,963.475,3.6666666666666665,158.4207171758105
2021-08-10,-33.9125,980.9125,10.6,240.0
2021-08-11,-34.4375,996.0,2.25,272.1593260062158
2021-08-12,-34.0125,982.6625,2.8,320.67565190560623
2021-08-13,-30.8875,973.7625,,170.0
2021-08-14,-33.45,989.625,13.75,180.0
2021-08-15,-36.3125,994.7625,10.166666666666666,181.25059068742527
2021-08-16,-36.925,987.275,6.0,175.0
2021-08-17,-36.1125,981.6125,4.8,301.92979168545514
2021-08-18,-35.449999999999996,976.3125,2.5,195.01869820505055
2021-08-19,-35.425,969.05,9.0,281.99182645295787
2021-08-20,-29.714285714285715,970.8125,10.333333333333334,293.0718114290517
2021-08-21,-30.525,965.4125,5.25,286.50401824639124
2021-08-22,-28.0375,967.875,3.6666666666666665,303.2281223914441
2021-08-23,-27.5375,966.9625,2.0,296.7556633606677
2021-08-24,-24.7375,961.2125,5.333333333333333,294.71441411368914
2021-08-25,-24.425,960.6375,9.25,167.54028404391738
2021-08-26,-20.3375,966.0125,,194.3482949462144
2021-08-27,-17.075,970.1625,20.0,231.74638452007602
2021-08-28,-20.349999999999998,959.175,34.0,215.67565190560623
2021-08-29,-21.142857142857142,969.5625,2.5,258.2671103593876
2021-08-30,-24.875,979.2625,,219.09465388083785
2021-08-31,-20.5125,973.5375,12.0,172.79158721526926
2021-09-01,-21.225,969.175,9.5,218.9852252279372
2021-09-02,-24.316666666666666,957.4125,6.0,179.65129010075702
2021-09-03,-20.625,958.5,27.0,215.30207156477005
2021-09-04,-21.675,956.55,24.0,223.09152795157758
2021-09-05,-22.575,955.6125,21.0,224.76008553699094
2021-09-06,-15.857142857142858,954.2,16.0,160.23464709945378
2021-09-07,-20.15,962.85,26.0,200.39101846817968
2021-09-08,-20.5125,968.9125,14.0,228.73789306893792
2021-09-09,-22.04,959.3875,3.0,216.72778840210503
2021-09-10,-16.925,956.0,4.0,181.48405414375878
2021-09-11,-17.3125,958.5375,7.5,206.68324032359922
2021-09-12,-17.9,955.5875,4.0,230.288791803171
2021-09-13,-23.685714285714287,957.3125,10.0,193.17902504187407
2021-09-14,-24.8,967.75,20.333333333333332,209.17120733287555
2021-09-15,-19.775,960.6,31.0,242.03630888369213
2021-09-16,-20.325,953.1625,,232.282137936372
2021-09-17,-20.3,960.5875,10.666666666666666,187.15359730717122
2021-09-18,-19.05,970.2,12.5,185.41826175068667
2021-09-19,-19.275,971.6125,3.75,181.21459110549714
2021-09-20,-21.6625,977.6875,2.0,187.7486895982541
2021-09-21,-19.9125,970.4625,,165.0
2021-09-22,-17.8125,960.7625,29.0,158.74940931257473
2021-09-23,-20.525,962.3625,40.0,166.25298301376884
2021-09-24,-18.05,960.6,19.0,180.0
2021-09-25,-20.7375,954.3125,5.0,180.7744937386055
2021-09-26,-22.325,952.5,11.5,167.4952312784634
2021-09-27,-23.825,950.45,15.5,171.60054330515956
2021-09-28,-27.200000000000003,956.375,21.5,175.0
2021-09-29,-27.775,961.2875,2.0,268.2493995135625
2021-09-30,-22.175,956.6625,7.0,287.35765982780975
2021-10-01,-20.8875,957.3125,14.5,186.60664785303783
2021-10-02,-15.9,962.875,35.0,224.99999999999997
2021-10-03,-15.1875,962.8375,,193.45499980977354
2021-10-04,-16.9875,968.7,43.5,234.9808887524834
2021-10-05,-13.683333333333332,969.15,,188.37800537128956
2021-10-06,-19.985714285714288,962.6,,170.64993969470652
2021-10-07,-17.1,970.675,7.666666666666667,260.0
2021-10-08,-13.7375,977.05,1.0,188.94675178320236
2021-10-09,-17.0875,974.3875,,240.68129153414185
2021-10-10,-15.285714285714286,977.1625,4.0,190.42397543939674
2021-10-11,-16.52857142857143,975.4625,10.0,225.66402847958426
2021-10-12,-18.775,974.2125,14.25,213.69275682556565
2021-10-13,-18.3875,973.3125,15.0,221.34414749975943
2021-10-14,-15.8125,967.65,5.0,264.8455726235591
2021-10-15,-16.0375,963.6125,3.0,199.36239386035388
2021-10-16,-16.9125,966.45,19.666666666666668,180.0
2021-10-17,-14.5375,967.025,3.0,241.80058039728772
2021-10-18,-14.05,959.8375,9.0,217.38842044962036
2021-10-19,-15.3125,961.7625,11.5,208.1585642562967
2021-10-20,-14.2625,962.775,30.0,225.3175713219027
2021-10-21,-15.350000000000001,967.2125,,177.03608158683159
2021-10-22,-17.6,965.575,8.0,176.3858499322365
2021-10-23,-17.8,956.7625,14.25,309.9874322680192
2021-10-24,-16.35,960.7875,11.75,196.87052414316364
2021-10-25,-14.5125,970.9625,2.0,223.9682068633464
2021-10-26,-12.2375,970.0625,3.25,199.48263620547615
2021-10-27,-10.8375,957.45,8.666666666666666,244.15845302045147
2021-10-28,-13.9,956.325,16.0,173.76134364673752
2021-10-29,-11.987499999999999,961.65,11.666666666666666,200.59551632076344
2021-10-30,-9.5625,963.2375,10.4,189.37257447747822
2021-10-31,-9.87142857142857,959.1,10.0,196.23966232740167
2021-11-01,-13.4125,963.7875,7.75,160.90388218676634
2021-11-02,-14.725,969.1125,5.6,159.03434123926021
2021-11-03,-13.8375,971.5,10.0,210.4456922314941
2021-11-04,-11.0625,965.7375,6.5,271.0234347875295
2021-11-05,-10.1625,958.8,17.5,215.41041378280042
2021-11-06,-11.5375,962.4625,11.0,225.69600165017016
2021-11-07,-10.1875,964.8625,7.0,221.86736892577426
2021-11-08,-9.2125,966.625,8.75,187.11582849872883
2021-11-09,-9.175,965.85,4.666666666666667,202.58876291849379
2021-11-10,-10.2,963.3,5.25,290.2157645077823
2021-11-11,-10.5,960.1375,2.0,168.04297839654362
2021-11-12,-9.0,962.3875,3.4,262.4699985757307
2021-11-13,-9.05,963.5125,12.666666666666666,194.43242839579014
2021-11-14,-10.6125,958.2,13.0,229.05069729193065
2021-11-15,-9.9625,956.25,3.2,303.38559938231606
2021-11-16,-8.4375,959.3,5.333333333333333,281.7066362356361
2021-11-17,-6.8125,962.05,11.4,174.9804459797333
2021-11-18,-6.85,962.1125,11.0,177.52391618993167
2021-11-19,-8.2875,961.475,16.0,172.1957041632192
2021-11-20,-7.6,965.075,2.0,186.42527670885144
2021-11-21,-7.387499999999999,963.6,16.333333333333332,224.31974075256707
2021-11-22,-5.3375,952.5625,4.0,192.7640450601288
2021-11-23,-4.3125,947.65,2.5,262.9075616190629
2021-11-24,-7.65,954.575,21.0,181.57928282418948
2021-11-25,-4.7124999999999995,953.6,6.5,302.54335846165486
2021-11-26,-5.575,953.75,12.333333333333334,184.94237484214682
2021-11-27,-5.575,961.2625,5.5,203.85481360403202
2021-11-28,-5.725,964.55,4.0,70.74162175496028
2021-11-29,-4.025,966.3,8.0,158.62894699198262
2021-11-30,-4.625,968.5,3.2,300.55659420738584
2021-12-01,-5.271428571428571,965.9125,21.333333333333332,235.0
2021-12-02,-4.3125,964.85,5.0,283.93123536113075
