DateTime,year,doy,month,day,temperature,pressure,wind_speed,relative_humidity,?,wind_direction
2000-02-01,,,,,-1.8,998.95,1.4000000000000001,,,47.06560781540518
2000-02-02,,,,,-12.200000000000001,996.6875,2.9625,,,147.25295869907728
2000-02-03,,,,,-15.299999999999999,993.65,6.071428571428571,,,181.11992440544654
2000-02-04,,,,,-14.975,994.15,2.857142857142857,,,357.1892390253166
2000-02-05,,,,,-12.033333333333333,992.975,2.6125,,,160.52845824908033
2000-02-06,,,,,-10.3,989.0875,3.3,,,95.73808965357885
2000-02-07,,,,,-12.025,984.1875,3.975,,,189.28418058168194
2000-02-08,,,,,-14.416666666666666,984.075,3.6,,,201.9506302683907
2000-02-09,,,,,-18.0,986.0375,1.475,,,138.1658958136231
2000-02-10,,,,,-15.200000000000001,990.7125,8.375,,,186.37678329317222
2000-02-11,,,,,-12.7625,991.7625,14.1,,,189.74455155378124
2000-02-12,,,,,-12.0375,990.0749999999999,10.0,,,192.35799985527817
2000-02-13,,,,,-11.133333333333333,983.775,3.6,,,66.43044810308837
2000-02-14,,,,,-13.2125,982.0625,5.0875,,,137.3927101867254
2000-02-15,,,,,-14.525,983.7375,5.7125,,,137.22692176741626
2000-02-16,,,,,-13.975,987.625,5.3625,,,132.7484791459196
2000-02-17,,,,,-15.242857142857144,984.9,5.5125,,,155.38049349169066
2000-02-18,,,,,-18.357142857142858,973.9,5.175,,,121.25681410878951
2000-02-19,,,,,-18.6,971.3625,11.516666666666666,,,194.973923417257
2000-02-20,,,,,-15.828571428571427,974.5,5.4,,,206.9797513165743
2000-02-21,,,,,-17.1875,973.0375,5.575,,,160.63500849088763
2000-02-22,,,,,-17.5,977.825,8.366666666666667,,,194.55805007819384
2000-02-23,,,,,-17.9625,987.3875,6.542857142857143,,,175.9703115779953
2000-02-24,,,,,-18.1125,985.2625,7.24,,,186.88138286560238
2000-02-25,,,,,-20.66,973.85,2.085714285714286,,,103.48722325522705
2000-02-26,,,,,-11.16,967.5,4.3,,,213.3818060899557
2000-02-27,,,,,-14.942857142857141,972.3,4.285714285714286,,,164.966508370766
2000-02-28,,,,,-14.714285714285714,980.725,3.4,,,161.4280056076774
2000-02-29,,,,,-17.583333333333332,978.1375,2.733333333333334,,,35.19752025660158
2000-03-01,,,,,-18.025,978.6875,3.9,,,139.34864452130856
2000-03-02,,,,,-18.457142857142856,983.9375,5.8125,,,171.9812297458525
2000-03-03,,,,,-19.883333333333336,984.55,6.15,,,175.79476853126775
2000-03-04,,,,,-20.683333333333334,985.45,3.6571428571428575,,,159.34271584095592
2000-03-05,,,,,-22.7,990.975,2.314285714285714,,,121.65545119475442
2000-03-06,,,,,-24.46,991.425,6.3,,,175.18011516324617
2000-03-07,,,,,-19.425,981.8125,13.459999999999999,,,200.261531507971
2000-03-08,,,,,-22.8,980.675,1.8999999999999997,,,239.34113595456935
2000-03-09,,,,,-17.0125,984.9875,2.7125,,,225.6755578848328
2000-03-10,,,,,-17.37142857142857,986.5125,8.183333333333334,,,188.53928343438852
2000-03-11,,,,,-19.03333333333333,983.8375,4.3,,,184.54918257889523
2000-03-12,,,,,-18.425,984.325,15.416666666666666,,,194.61718097515228
2000-03-13,,,,,-25.016666666666666,987.1625,8.64,,,185.65205107133636
2000-03-14,,,,,-22.942857142857143,987.25,3.0125,,,355.0216235263482
2000-03-15,,,,,-16.900000000000002,985.8375,3.5714285714285716,,,60.75757326243204
2000-03-16,,,,,-21.45,986.25,6.416666666666667,,,150.95466039588817
2000-03-17,,,,,-22.0375,983.8625,3.0714285714285716,,,101.09882143707502
2000-03-18,,,,,-20.849999999999998,981.0375,1.8375,,,321.95007383648255
2000-03-19,,,,,-18.166666666666668,985.375,10.549999999999999,,,190.43081553112222
2000-03-20,,,,,-22.78333333333333,1000.1625,5.633333333333333,,,217.78676516324694
2000-03-21,,,,,-17.8,996.725,5.414285714285714,,,357.164236361938
2000-03-22,,,,,-23.639999999999997,986.7625,3.15,,,158.0194572952975
2000-03-23,,,,,-24.1,995.3875,22.799999999999997,,,174.36987691179527
2000-03-24,,,,,-24.6,992.775,15.4,,,188.59485813816622
2000-03-25,,,,,-29.2375,981.7125,5.783333333333334,,,182.0709590573288
2000-03-26,,,,,-33.44,975.6,4.828571428571428,,,160.52712801403405
2000-03-27,,,,,-26.0,979.925,1.6749999999999998,,,72.62311795329258
2000-03-28,,,,,-21.983333333333334,983.2625,2.15,,,258.54226810744433
2000-03-29,,,,,-20.7,978.9125,2.5166666666666666,,,85.034951349036
2000-03-30,,,,,-17.816666666666666,984.7,14.080000000000002,,,189.50274160555432
2000-03-31,,,,,-13.216666666666669,980.425,2.575,,,173.24255070105863
2000-04-01,,,,,-12.75,975.9625,11.100000000000001,,,190.13348975376238
2000-04-02,,,,,-16.47142857142857,979.8875,16.7,,,186.66032826506486
2000-04-03,,,,,-17.1875,980.3875,13.675,,,185.86301315237245
2000-04-04,,,,,-18.875,979.5125,13.183333333333332,,,174.62939789724166
2000-04-05,,,,,-23.7,974.1875,14.424999999999999,,,187.38794955651232
2000-04-06,,,,,-24.775,972.4125,11.466666666666667,,,184.8345514555686
2000-04-07,,,,,-29.525,969.775,6.1000000000000005,,,204.5734535751368
2000-04-08,,,,,-31.514285714285712,971.55,6.328571428571428,,,203.8553918297955
2000-04-09,,,,,-24.1875,973.45,7.0375,,,185.7287037370499
2000-04-10,,,,,-24.475,975.2125,6.65,,,160.37877230957838
2000-04-11,,,,,-25.6375,979.2875,8.1625,,,171.28073321329168
2000-04-12,,,,,-29.4625,986.05,11.012500000000001,,,184.71348940744127
2000-04-13,,,,,-37.85,993.05,4.4125,,,197.9129172311601
2000-04-14,,,,,-35.714285714285715,995.3125,1.925,,,253.30222252592787
2000-04-15,,,,,-35.675,988.975,0.7666666666666666,,,236.85822088725473
2000-04-16,,,,,-38.3125,989.8125,4.2,,,204.8829437110573
2000-04-17,,,,,-32.885714285714286,997.2625,8.514285714285714,,,188.21518014037176
2000-04-18,,,,,-30.8625,994.9875,13.350000000000001,,,189.21620160471537
2000-04-19,,,,,-23.25,988.525,12.959999999999999,,,199.11663004139905
2000-04-20,,,,,-21.28,991.1375,17.15,,,192.63025337811297
2000-04-21,,,,,-22.675,990.6375,14.5,,,188.75501554622699
2000-04-22,,,,,-25.2,988.2625,13.24,,,185.63773926047392
2000-04-23,,,,,-25.7,986.875,10.0,,,188.9890086328131
2000-04-24,,,,,-20.414285714285715,988.5625,11.3,,,182.1333782598363
2000-04-25,,,,,-20.275,992.55,14.559999999999999,,,183.25889785749254
2000-04-26,,,,,-21.785714285714285,989.8625,15.125,,,186.64460114672858
2000-04-27,,,,,-28.7125,990.1375,14.357142857142858,,,190.25002374425145
2000-04-28,,,,,-27.65,987.9625,15.985714285714286,,,194.25164429315328
2000-04-29,,,,,-23.15,975.5625,16.099999999999998,,,187.749881028405
2000-04-30,,,,,-24.342857142857145,972.0125,9.08,,,192.9006558984325
2000-05-01,,,,,-22.78,977.35,5.05,,,197.94461662992023
2000-05-02,,,,,-17.285714285714285,974.3,8.275,,,181.83750077432768
2000-05-03,,,,,-25.816666666666666,974.4625,4.5874999999999995,,,220.6035777236089
2000-05-04,,,,,-27.76,971.8375,1.3666666666666665,,,304.1827904515346
2000-05-05,,,,,-22.266666666666666,978.0,4.8875,,,254.43418371625225
2000-05-06,,,,,-22.183333333333334,983.1375,9.5375,,,186.40547533805994
2000-05-07,,,,,-23.17142857142857,980.975,10.8,,,179.06278084863342
2000-05-08,,,,,-29.580000000000002,977.4428571428572,6.7,,,191.7196538896599
2000-05-09,,,,,-33.78333333333333,976.125,2.3857142857142857,,,185.54545020742577
2000-05-10,,,,,-19.599999999999998,959.5625,8.3875,,,231.53626858573682
2000-05-11,,,,,-18.485714285714288,959.3,12.200000000000001,,,196.6346348732655
2000-05-12,,,,,-17.275,967.7125,12.950000000000001,,,192.5028985231371
2000-05-13,,,,,-20.6,970.675,8.95,,,197.31173976415175
2000-05-14,,,,,-22.099999999999998,978.3125,6.1499999999999995,,,126.57422340859151
2000-05-15,,,,,-24.0375,977.8625,5.6125,,,76.46279191175593
2000-05-16,,,,,-25.12857142857143,976.725,3.425,,,236.3109299775539
2000-05-17,,,,,-30.95,978.7125,1.9124999999999999,,,225.99926745619956
2000-05-18,,,,,-36.285714285714285,979.675,1.3499999999999999,,,73.33511164458662
2000-05-19,,,,,-32.78333333333333,989.8375,3.8714285714285714,,,179.4761724984283
2000-05-20,,,,,-30.225,996.3875,13.4125,,,187.12456244048184
2000-05-21,,,,,-37.1375,996.3375,8.575,,,181.73404008520225
2000-05-22,,,,,-40.45,992.125,3.9,,,174.0
2000-05-23,,,,,-34.050000000000004,990.4375,9.05,,,180.01531475281917
2000-05-24,,,,,-36.55714285714286,995.4142857142857,11.1,,,189.1313819314422
2000-05-25,,,,,-38.9,990.9875,8.6,,,191.70933577828953
2000-05-26,,,,,-30.866666666666664,988.4375,15.88,,,201.04387926922425
2000-05-27,,,,,-32.56666666666667,1003.1125,,,,226.2775632271268
2000-05-28,,,,,-40.785714285714285,1019.1875,5.3,,,219.99999999999997
2000-05-29,,,,,-36.7875,1022.5,4.4625,,,188.96948642469494
2000-05-30,,,,,-39.1875,1011.5375,3.7857142857142856,,,199.57358676222003
2000-05-31,,,,,-42.41428571428571,996.4,4.54,,,183.5736961204528
2000-06-01,,,,,-17.5,976.325,13.3,,,204.3765317479625
2000-06-02,,,,,-24.28333333333333,970.85,24.2,,,188.15607617324403
2000-06-03,,,,,-23.775,983.15,13.275,,,206.30580985598874
2000-06-04,,,,,-11.425,982.7375,18.6,,,191.42652099714806
2000-06-05,,,,,-12.133333333333333,978.8000000000001,19.333333333333332,,,197.33275372808097
2000-06-06,,,,,,,,,,
2000-06-07,,,,,,,,,,
2000-06-08,,,,,,,,,,
2000-06-09,,,,,,,,,,
2000-06-10,,,,,,,,,,
2000-06-11,,,,,,,,,,
2000-06-12,,,,,,,,,,
2000-06-13,,,,,,,,,,
2000-06-14,,,,,,,,,,
2000-06-15,,,,,,,,,,
2000-06-16,,,,,,,,,,
2000-06-17,,,,,,,,,,
2000-06-18,,,,,,,,,,
2000-06-19,,,,,,,,,,
2000-06-20,,,,,,,,,,
2000-06-21,,,,,,,,,,
2000-06-22,,,,,,,,,,
2000-06-23,,,,,,,,,,
2000-06-24,,,,,,,,,,
2000-06-25,,,,,,,,,,
2000-06-26,,,,,,,,,,
2000-06-27,,,,,,,,,,
2000-06-28,,,,,,,,,,
2000-06-29,,,,,,,,,,
2000-06-30,,,,,,,,,,
2000-07-01,,,,,,,,,,
2000-07-02,,,,,,,,,,
2000-07-03,,,,,,,,,,
2000-07-04,,,,,,,,,,
2000-07-05,,,,,,,,,,
2000-07-06,,,,,,,,,,
2000-07-07,,,,,,,,,,
2000-07-08,,,,,,,,,,
2000-07-09,,,,,,,,,,
2000-07-10,,,,,,,,,,
2000-07-11,,,,,,,,,,
2000-07-12,,,,,,,,,,
2000-07-13,,,,,,,,,,
2000-07-14,,,,,,,,,,
2000-07-15,,,,,,,,,,
2000-07-16,,,,,,,,,,
2000-07-17,,,,,,,,,,
2000-07-18,,,,,,,,,,
2000-07-19,,,,,,,,,,
2000-07-20,,,,,,,,,,
2000-07-21,,,,,,,,,,
2000-07-22,,,,,,,,,,
2000-07-23,,,,,,,,,,
2000-07-24,,,,,,,,,,
2000-07-25,,,,,,,,,,
2000-07-26,,,,,,,,,,
2000-07-27,,,,,,,,,,
2000-07-28,,,,,,,,,,
2000-07-29,,,,,,,,,,
2000-07-30,,,,,,,,,,
2000-07-31,,,,,,,,,,
2000-08-01,,,,,,,,,,
2000-08-02,,,,,,,,,,
2000-08-03,,,,,,,,,,
2000-08-04,,,,,,,,,,
2000-08-05,,,,,,,,,,
2000-08-06,,,,,,,,,,
2000-08-07,,,,,,,,,,
2000-08-08,,,,,,,,,,
2000-08-09,,,,,,,,,,
2000-08-10,,,,,,,,,,
2000-08-11,,,,,,,,,,
2000-08-12,,,,,,,,,,
2000-08-13,,,,,,,,,,
2000-08-14,,,,,,,,,,
2000-08-15,,,,,,,,,,
2000-08-16,,,,,,,,,,
2000-08-17,,,,,,,,,,
2000-08-18,,,,,,,,,,
2000-08-19,,,,,,,,,,
2000-08-20,,,,,,,,,,
2000-08-21,,,,,,,,,,
2000-08-22,,,,,,,,,,
2000-08-23,,,,,,,,,,
2000-08-24,,,,,,,,,,
2000-08-25,,,,,,,,,,
2000-08-26,,,,,,,,,,
2000-08-27,,,,,,,,,,
2000-08-28,,,,,,,,,,
2000-08-29,,,,,,,,,,
2000-08-30,,,,,,,,,,
2000-08-31,,,,,,,,,,
2000-09-01,,,,,,,,,,
2000-09-02,,,,,,,,,,
2000-09-03,,,,,,,,,,
2000-09-04,,,,,,,,,,
2000-09-05,,,,,,,,,,
2000-09-06,,,,,,,,,,
2000-09-07,,,,,,,,,,
2000-09-08,,,,,,,,,,
2000-09-09,,,,,,,,,,
2000-09-10,,,,,,,,,,
2000-09-11,,,,,,,,,,
2000-09-12,,,,,,,,,,
2000-09-13,,,,,,,,,,
2000-09-14,,,,,,,,,,
2000-09-15,,,,,,,,,,
2000-09-16,,,,,,,,,,
2000-09-17,,,,,,,,,,
2000-09-18,,,,,,,,,,
2000-09-19,,,,,,,,,,
2000-09-20,,,,,,,,,,
2000-09-21,,,,,,,,,,
2000-09-22,,,,,,,,,,
2000-09-23,,,,,,,,,,
2000-09-24,,,,,,,,,,
2000-09-25,,,,,,,,,,
2000-09-26,,,,,,,,,,
2000-09-27,,,,,,,,,,
2000-09-28,,,,,,,,,,
2000-09-29,,,,,,,,,,
2000-09-30,,,,,,,,,,
2000-10-01,,,,,,,,,,
2000-10-02,,,,,,,,,,
2000-10-03,,,,,,,,,,
2000-10-04,,,,,,,,,,
2000-10-05,,,,,,,,,,
2000-10-06,,,,,,,,,,
2000-10-07,,,,,,,,,,
2000-10-08,,,,,,,,,,
2000-10-09,,,,,,,,,,
2000-10-10,,,,,,,,,,
2000-10-11,,,,,,,,,,
2000-10-12,,,,,,,,,,
2000-10-13,,,,,,,,,,
2000-10-14,,,,,,,,,,
2000-10-15,,,,,,,,,,
2000-10-16,,,,,,,,,,
2000-10-17,,,,,,,,,,
2000-10-18,,,,,,,,,,
2000-10-19,,,,,,,,,,
2000-10-20,,,,,,,,,,
2000-10-21,,,,,,,,,,
2000-10-22,,,,,,,,,,
2000-10-23,,,,,,,,,,
2000-10-24,,,,,,,,,,
2000-10-25,,,,,,,,,,
2000-10-26,,,,,-15.028571428571428,967.0857142857143,9.775,,,192.62774666251494
2000-10-27,,,,,-14.0,977.6999999999999,3.0666666666666664,,,259.4682917927309
2000-10-28,,,,,-18.6,980.7714285714285,2.9857142857142853,,,222.4144286021904
2000-10-29,,,,,-22.87142857142857,985.9875,7.383333333333333,,,173.16570835392457
2000-10-30,,,,,-21.225,978.3375,2.742857142857143,,,210.45437732319422
2000-10-31,,,,,-22.085714285714285,971.275,6.685714285714286,,,167.962175345077
2000-11-01,,,,,-19.1,967.1,0.8,,,230.0
2000-11-02,,,,,,,,,,
2000-11-03,,,,,,,,,,
2000-11-04,,,,,,,,,,
2000-11-05,,,,,,,,,,
2000-11-06,,,,,,,,,,
2000-11-07,,,,,,,,,,
2000-11-08,,,,,,,,,,
2000-11-09,,,,,,,,,,
2000-11-10,,,,,,,,,,
2000-11-11,,,,,,,,,,
2000-11-12,,,,,,,,,,
2000-11-13,,,,,-10.842857142857143,971.7142857142857,11.542857142857144,,,200.65436084364197
2000-11-14,,,,,-10.34,966.3625,6.4,,,212.58330170509072
2000-11-15,,,,,-11.925,975.825,16.2,,,200.87803115126127
2000-11-16,,,,,-9.3125,977.65,9.933333333333334,,,195.63654794761757
2000-11-17,,,,,-11.4625,986.025,10.5625,,,189.49959890288932
2000-11-18,,,,,-10.3,993.0,8.3,,,171.00000000000003
2000-11-19,,,,,-15.9,984.6,8.1,,,178.0
2000-11-20,,,,,-16.38,983.2,13.85,,,181.6011859973744
2000-11-21,,,,,-13.940000000000001,986.5,19.86,,,196.80826755207215
2000-11-22,,,,,-9.766666666666667,978.4333333333334,20.4,,,200.00060983854388
2000-11-23,,,,,-7.8,,,,,156.0
2000-11-24,,,,,,,,,,
2000-11-25,,,,,,,,,,
2000-11-26,,,,,,,,,,
2000-11-27,,,,,,,,,,
2000-11-28,,,,,,,,,,
2000-11-29,,,,,,,,,,
2000-11-30,,,,,,,,,,
2000-12-01,,,,,,,,,,
2000-12-02,,,,,,,,,,
2000-12-03,,,,,,,,,,
2000-12-04,,,,,,,,,,
2000-12-05,,,,,,,,,,
2000-12-06,,,,,,,,,,
2000-12-07,,,,,-9.325,994.325,3.2874999999999996,,,240.18629229522352
2000-12-08,,,,,-9.5,993.2714285714285,4.014285714285714,,,192.46287495812564
2000-12-09,,,,,,,,,,
2000-12-10,,,,,,,,,,
2000-12-11,,,,,-11.9,997.0,1.3199999999999998,,,274.7115034740931
2000-12-12,,,,,-10.8,999.3375,1.9375,,,331.70326775156065
2000-12-13,,,,,-5.266666666666667,1004.25,2.6125,,,274.95586187590675
2000-12-14,,,,,-4.3,1001.1,2.9857142857142853,,,341.2942505701578
2000-12-15,,,,,-4.54,998.6375,2.05,,,1.310546476026194
2000-12-16,,,,,,,,,,
2000-12-17,,,,,,995.6,1.3,,,33.0
2000-12-18,,,,,,,,,,
2000-12-19,,,,,,,,,,
2000-12-20,,,,,,,,,,
2000-12-21,,,,,,,,,,
2000-12-22,,,,,,,,,,
2000-12-23,,,,,,,,,,
2000-12-24,,,,,,,,,,
2000-12-25,,,,,,,,,,
2000-12-26,,,,,,,,,,
2000-12-27,,,,,,,,,,
2000-12-28,,,,,,,,,,
2000-12-29,,,,,,,,,,
2000-12-30,,,,,,,,,,
2000-12-31,,,,,,,,,,
2001-01-01,,,,,,,,,,
2001-01-02,,,,,,,,,,
2001-01-03,,,,,,,,,,
2001-01-04,,,,,,,,,,
2001-01-05,,,,,,,,,,
2001-01-06,,,,,,,,,,
2001-01-07,,,,,,,,,,
2001-01-08,,,,,,,,,,
2001-01-09,,,,,,,,,,
2001-01-10,,,,,,,,,,
2001-01-11,,,,,,,,,,
2001-01-12,,,,,,,,,,
2001-01-13,,,,,,,,,,
2001-01-14,,,,,,,,,,
2001-01-15,,,,,,,,,,
2001-01-16,,,,,,,,,,
2001-01-17,,,,,-4.642857142857143,996.6142857142858,4.8999999999999995,,,353.0616733183781
2001-01-18,,,,,-4.0,993.3375,2.125,,,135.06297882540363
2001-01-19,,,,,-10.571428571428571,995.3875,5.075,,,159.73162789868297
2001-01-20,,,,,-12.028571428571428,995.375,3.0625,,,158.36167036880494
2001-01-21,,,,,-10.9,996.2625,1.5374999999999999,,,51.29654372766754
2001-01-22,,,,,,998.8375,1.025,,,26.00454071353704
2001-01-23,,,,,,993.3375,1.2,,,349.99674844442035
2001-01-24,,,,,-5.825,983.0875,3.9,,,145.2888291606161
2001-01-25,,,,,-13.180000000000001,987.7,4.257142857142857,,,173.41611833537468
2001-01-26,,,,,-8.0,987.125,1.3,,,263.3594347212643
2001-01-27,,,,,,984.05,1.2125,,,155.21673397804838
2001-01-28,,,,,-12.65,988.4,2.625,,,108.13369314513898
2001-01-29,,,,,-12.219999999999999,994.4,4.075,,,182.84909778962754
2001-01-30,,,,,-10.6375,992.1125,5.1875,,,187.98078380315783
2001-01-31,,,,,-9.8,989.0375,5.25,,,174.04506524665734
2001-02-01,,,,,-10.9,994.675,4.2625,,,163.49000610623253
2001-02-02,,,,,,,,,,
2001-02-03,,,,,-12.466666666666667,989.2125,4.766666666666667,,,188.06548323960158
2001-02-04,,,,,-9.28,988.1625,3.1714285714285713,,,321.8981983983793
2001-02-05,,,,,-6.733333333333333,998.0625,2.25,,,290.11380764864293
2001-02-06,,,,,-7.766666666666667,997.3,2.2,,,1.4703452653185622
2001-02-07,,,,,-12.025,991.3375,4.2749999999999995,,,234.49911031837996
2001-02-08,,,,,-12.1,993.7875,3.4625,,,190.52512096192746
2001-02-09,,,,,-11.685714285714285,989.2375,5.8999999999999995,,,209.81592309058667
2001-02-10,,,,,-11.700000000000001,988.075,8.628571428571428,,,192.42454693501648
2001-02-11,,,,,-10.6,990.1375,8.3,,,192.45278826550546
2001-02-12,,,,,-12.025,988.3125,9.4,,,177.20906471542767
2001-02-13,,,,,-12.4,986.9,9.8,,,188.0
2001-02-14,,,,,-12.0625,995.575,5.171428571428572,,,218.90354891235708
2001-02-15,,,,,-10.799999999999999,986.75,2.85,,,223.87532390219192
2001-02-16,,,,,-11.52,979.725,6.366666666666667,,,188.11648146530868
2001-02-17,,,,,-14.857142857142858,986.2625,6.1625,,,180.01951236449847
2001-02-18,,,,,-14.028571428571428,989.6625,5.325,,,171.0089187554742
2001-02-19,,,,,-12.3,986.575,1.7142857142857142,,,269.14897487104935
2001-02-20,,,,,-12.45,979.725,1.7625000000000002,,,164.12892869256362
2001-02-21,,,,,,986.825,1.6125,,,215.52978433676589
2001-02-22,,,,,-16.685714285714287,989.625,5.728571428571429,,,187.08450032639195
2001-02-23,,,,,-12.919999999999998,984.9625,2.5375,,,329.8666493491426
2001-02-24,,,,,-15.271428571428572,985.1875,3.75,,,175.88052092628766
2001-02-25,,,,,-16.357142857142858,987.5625,3.825,,,187.71901772095768
2001-02-26,,,,,-14.925,988.5125,2.1333333333333333,,,58.35708334393368
2001-02-27,,,,,-15.883333333333333,990.3625,3.4875,,,208.105280863356
2001-02-28,,,,,-23.599999999999998,994.2875,2.1125,,,81.23915299187225
2001-03-01,,,,,-15.65,991.35,3.3375,,,124.84636090103994
2001-03-02,,,,,-15.975,985.4375,4.771428571428571,,,122.48247673608128
2001-03-03,,,,,-24.433333333333334,989.0875,7.7125,,,207.7567385509234
2001-03-04,,,,,-26.6875,994.15,2.275,,,185.31618184194565
2001-03-05,,,,,-25.6,993.6,1.9,,,183.99999999999997
2001-03-06,,,,,-28.45,984.2125,4.8625,,,201.1837754220777
2001-03-07,,,,,-33.699999999999996,983.4375,2.15,,,109.71459054944381
2001-03-08,,,,,-30.166666666666668,984.5375,1.25,,,334.29104768886367
2001-03-09,,,,,,,,,,
2001-03-10,,,,,-32.1,983.7571428571429,2.814285714285714,,,167.5767804919092
2001-03-11,,,,,-32.63333333333333,983.425,1.4000000000000001,,,1.9423182649908652
2001-03-12,,,,,-20.78333333333333,979.9875,3.8166666666666664,,,274.8153530366869
2001-03-13,,,,,-25.016666666666666,991.125,2.8857142857142857,,,109.8677521466356
2001-03-14,,,,,-22.575,991.625,5.16,,,169.49180770756118
2001-03-15,,,,,-24.45,987.3249999999999,4.3875,,,163.47650875136054
2001-03-16,,,,,-26.839999999999996,980.6375,4.7375,,,201.8046503316043
2001-03-17,,,,,-29.25,983.2,2.525,,,115.22852100818447
2001-03-18,,,,,-29.55,984.75,3.142857142857143,,,91.53599560830123
2001-03-19,,,,,-29.1,984.2625,1.9875,,,169.40013153562907
2001-03-20,,,,,-32.92857142857143,978.925,3.575,,,185.8168689562122
2001-03-21,,,,,-29.099999999999998,984.2375,4.2,,,217.15481112839845
2001-03-22,,,,,-31.439999999999998,988.0625,1.2833333333333334,,,237.9321755895121
2001-03-23,,,,,-30.933333333333334,985.1875,1.15,,,214.86480260600115
2001-03-24,,,,,,982.5,,,,197.0
2001-03-25,,,,,-23.86,984.875,4.75,,,197.86437629664832
2001-03-26,,,,,-13.88,990.9,8.542857142857143,,,184.52011459610472
2001-03-27,,,,,-20.4,993.3625,3.0875,,,307.63558907799853
2001-03-28,,,,,-24.116666666666664,986.625,4.185714285714286,,,256.38207605160403
2001-03-29,,,,,-28.116666666666664,984.2625,2.9714285714285715,,,259.81837640588685
2001-03-30,,,,,-30.685714285714287,992.175,4.966666666666667,,,202.22202332771747
2001-03-31,,,,,-35.4875,990.6625,3.1625,,,188.89915455244628
2001-04-01,,,,,-29.842857142857145,983.2,4.875,,,86.19172785496787
2001-04-02,,,,,-31.4875,988.4125,4.9,,,176.80803216179683
2001-04-03,,,,,-26.183333333333334,979.35,4.075,,,288.1465082654515
2001-04-04,,,,,-24.46,991.05,2.9,,,282.07024477942105
2001-04-05,,,,,-23.116666666666664,994.2375,0.875,,,28.9254479880161
2001-04-06,,,,,-22.7,988.3,6.533333333333334,,,165.4077750799261
2001-04-07,,,,,-28.7375,984.875,5.8,,,242.51098811830585
2001-04-08,,,,,-34.75714285714286,982.1,0.7666666666666667,,,290.415005132645
2001-04-09,,,,,-32.01428571428571,986.8625,8.266666666666667,,,178.65435097806187
2001-04-10,,,,,-29.6875,985.9375,9.440000000000001,,,193.86545971739642
2001-04-11,,,,,-28.52857142857143,974.3125,6.3500000000000005,,,209.535903825245
2001-04-12,,,,,-14.8,961.75,5.614285714285714,,,228.54537263224407
2001-04-13,,,,,-12.266666666666666,955.9375,10.228571428571428,,,203.49841436281454
2001-04-14,,,,,-18.842857142857145,963.5125,9.6,,,199.88098076875772
2001-04-15,,,,,-15.425,966.6625,9.2125,,,196.35835658571887
2001-04-16,,,,,-16.175,972.6875,9.64,,,190.6727658738197
2001-04-17,,,,,-23.55,982.9625,4.8125,,,190.63143026593846
2001-04-18,,,,,-25.0,991.1,2.3875,,,173.12079691626298
2001-04-19,,,,,-27.042857142857144,989.9,6.928571428571429,,,175.14874995159826
2001-04-20,,,,,-31.0625,981.35,14.179999999999998,,,186.37978765835723
2001-04-21,,,,,-40.0,975.5375,4.5200000000000005,,,183.68569035383706
2001-04-22,,,,,-41.93333333333333,982.975,1.6,,,107.0
2001-04-23,,,,,-35.46666666666667,987.7875,5.566666666666666,,,187.76257061685234
2001-04-24,,,,,-31.75714285714286,988.3875,5.8875,,,202.25957386328213
2001-04-25,,,,,-36.5875,993.7625,1.1375,,,313.1419166775992
2001-04-26,,,,,-38.85,993.45,0.9,,,96.67953957765572
2001-04-27,,,,,-34.4,981.0625,,,,
2001-04-28,,,,,-31.150000000000002,968.675,0.7333333333333334,,,145.49116848653298
2001-04-29,,,,,-33.733333333333334,968.7125,3.625,,,211.53547670414386
2001-04-30,,,,,-26.733333333333334,970.7,9.516666666666667,,,199.95858429882148
2001-05-01,,,,,-31.2,977.875,7.485714285714286,,,166.43696734936086
2001-05-02,,,,,-32.019999999999996,979.1125,2.1714285714285713,,,250.83389592084097
2001-05-03,,,,,-37.0,979.825,3.7142857142857144,,,189.29000142810833
2001-05-04,,,,,-37.871428571428574,986.45,4.057142857142857,,,186.16339189958074
2001-05-05,,,,,-37.416666666666664,981.1375,2.8833333333333333,,,238.7950064038771
2001-05-06,,,,,-24.857142857142858,982.1625,13.916666666666666,,,197.49918045438858
2001-05-07,,,,,-30.433333333333334,994.3000000000001,9.571428571428571,,,194.5725683012215
2001-05-08,,,,,-38.81428571428571,992.7,2.4,,,218.50702582465374
2001-05-09,,,,,-25.925,992.05,7.016666666666667,,,202.33447305335014
2001-05-10,,,,,-13.9125,979.5375,18.3,,,196.07644580057948
2001-05-11,,,,,-11.62857142857143,987.8375,9.271428571428572,,,200.7919699103203
2001-05-12,,,,,-13.971428571428572,986.9125,10.0,,,200.8250553884278
2001-05-13,,,,,-24.099999999999998,980.5875,3.7625,,,209.33597204985972
2001-05-14,,,,,-23.633333333333336,981.7625,3.4,,,186.41452748517068
2001-05-15,,,,,-31.78333333333333,979.1999999999999,1.6875,,,255.23760059848337
2001-05-16,,,,,-18.228571428571428,969.35,6.542857142857143,,,219.95928652936777
2001-05-17,,,,,-22.8875,975.6,11.266666666666666,,,194.74499272229608
2001-05-18,,,,,-25.2125,984.85,5.116666666666666,,,199.7149190099247
2001-05-19,,,,,-26.014285714285712,992.7125,5.0,,,197.88337074346126
2001-05-20,,,,,-32.5,999.0625,1.3875,,,9.240979244892662
2001-05-21,,,,,-38.05714285714286,1005.625,1.3285714285714287,,,75.88264969909176
2001-05-22,,,,,-42.625,1007.6125,1.657142857142857,,,110.11667527999303
2001-05-23,,,,,-39.81666666666666,1000.575,1.275,,,138.22386763091262
2001-05-24,,,,,-40.2625,994.725,3.1714285714285713,,,161.55494645765162
2001-05-25,,,,,-41.971428571428575,989.225,2.425,,,213.04523514835105
2001-05-26,,,,,-40.1,977.2,2.4375,,,140.91008182891818
2001-05-27,,,,,-40.67142857142857,982.4625,1.3857142857142857,,,78.02085796638683
2001-05-28,,,,,-46.26666666666667,988.3875,0.875,,,62.31617282564396
2001-05-29,,,,,-48.271428571428565,985.025,0.72,,,164.52841989375585
2001-05-30,,,,,-47.028571428571425,981.3375,0.8,,,172.95683503051202
2001-05-31,,,,,-44.4,982.3875,1.7571428571428573,,,25.653748973539162
2001-06-01,,,,,-33.825,991.5375,6.333333333333333,,,241.36987564395022
2001-06-02,,,,,-41.666666666666664,992.2875,1.8666666666666665,,,352.96374218545566
2001-06-03,,,,,-37.28333333333333,981.625,3.6875,,,84.5844223503534
2001-06-04,,,,,-34.642857142857146,978.4625,8.5,,,203.52663862252524
2001-06-05,,,,,-34.871428571428574,970.9375,1.8499999999999999,,,260.0581989960768
2001-06-06,,,,,-22.45,975.8625,5.516666666666666,,,197.9994197208644
2001-06-07,,,,,-16.825,979.1375,18.6,,,195.12436053055242
2001-06-08,,,,,-19.3375,990.15,13.625,,,196.86735350571996
2001-06-09,,,,,-23.5875,986.7625,9.387500000000001,,,191.2528232697399
2001-06-10,,,,,-25.05,982.225,9.1625,,,182.62936085325333
2001-06-11,,,,,-22.02857142857143,984.675,9.771428571428572,,,178.72547305409353
2001-06-12,,,,,-22.9625,984.625,10.616666666666667,,,199.72907863960924
2001-06-13,,,,,-29.214285714285715,993.3875,8.342857142857143,,,196.13430873692704
2001-06-14,,,,,-25.457142857142856,994.85,9.37142857142857,,,194.7382406544509
2001-06-15,,,,,-30.975,991.5625,8.225,,,185.9968869004008
2001-06-16,,,,,-32.519999999999996,976.25,4.5,,,223.03390775683175
2001-06-17,,,,,-28.8,977.2625,11.325,,,181.55322937172457
2001-06-18,,,,,-20.0375,971.6125,12.866666666666667,,,202.52720675473074
2001-06-19,,,,,-21.16,969.9875,8.457142857142857,,,209.5669101308978
2001-06-20,,,,,-28.775,980.7625,8.84,,,197.75872616859257
2001-06-21,,,,,-30.914285714285715,988.8,6.371428571428572,,,192.84589206584832
2001-06-22,,,,,-37.41428571428571,981.3875,1.9857142857142858,,,248.54377992412907
2001-06-23,,,,,-29.05,981.8875,6.616666666666667,,,175.74746820732003
2001-06-24,,,,,-27.9625,986.1125,20.714285714285715,,,198.7688672090228
2001-06-25,,,,,-25.6,985.7625,17.2,,,193.99583864621445
2001-06-26,,,,,-26.425,988.3625,5.819999999999999,,,141.31409863340443
2001-06-27,,,,,-26.012500000000003,981.6375,3.6125,,,102.49122347849149
2001-06-28,,,,,-32.74285714285714,978.25,3.475,,,173.19628856450632
2001-06-29,,,,,-36.916666666666664,980.7375,1.7125,,,51.91322517654196
2001-06-30,,,,,-31.85,987.0875,2.9625,,,188.84607555547396
2001-07-01,,,,,-30.52857142857143,981.1125,3.0285714285714285,,,209.92861082491495
2001-07-02,,,,,-24.95,970.6125,5.85,,,236.16057681478787
2001-07-03,,,,,-23.5875,978.125,13.24,,,187.55804434289885
2001-07-04,,,,,-31.380000000000003,987.95,4.233333333333333,,,180.6517781924196
2001-07-05,,,,,-39.65,979.95,5.6,,,153.07229667373682
2001-07-06,,,,,-36.53333333333333,980.5,5.683333333333334,,,200.96257972615098
2001-07-07,,,,,-41.028571428571425,984.3125,3.766666666666667,,,199.18453639114077
2001-07-08,,,,,-42.08571428571429,982.5375,2.3666666666666667,,,230.77848676966755
2001-07-09,,,,,-39.0,983.6125,11.959999999999999,,,195.3768123287492
2001-07-10,,,,,-29.1,985.2125,16.05,,,195.7238521405636
2001-07-11,,,,,-26.825,988.8625,5.0600000000000005,,,210.03441856719385
2001-07-12,,,,,-29.76,982.0,8.0,,,204.3698821503705
2001-07-13,,,,,-17.514285714285712,983.925,13.450000000000001,,,193.1049800317387
2001-07-14,,,,,-21.7875,990.475,13.7,,,185.74120851365396
2001-07-15,,,,,-28.560000000000002,993.525,1.9833333333333334,,,200.6010295906756
2001-07-16,,,,,-28.55,1005.15,6.119999999999999,,,200.03672391839808
2001-07-17,,,,,-24.2,1010.9,5.1625,,,211.74251073837706
2001-07-18,,,,,-24.375,1007.4125,5.2375,,,190.52148480169663
2001-07-19,,,,,-29.8375,1000.175,1.8833333333333335,,,203.68936445871165
2001-07-20,,,,,-33.44285714285714,993.4,2.233333333333333,,,319.0874976644943
2001-07-21,,,,,-27.419999999999998,995.0375,3.25,,,235.3096046167125
2001-07-22,,,,,-21.380000000000003,989.8,8.1125,,,190.76186323075055
2001-07-23,,,,,-32.016666666666666,980.1125,5.125,,,180.48999043737328
2001-07-24,,,,,-31.325,977.8125,7.0,,,192.89039974811584
2001-07-25,,,,,-24.214285714285715,979.55,13.7,,,190.87441738337694
2001-07-26,,,,,-25.6625,978.75,6.225,,,199.54291110917364
2001-07-27,,,,,-23.3,980.4625,5.766666666666667,,,196.13980484013516
2001-07-28,,,,,-23.06,987.65,7.328571428571428,,,188.67852427445322
2001-07-29,,,,,-28.15,999.5875,7.8625,,,180.3747894837262
2001-07-30,,,,,-31.614285714285717,1003.7,4.05,,,208.68320528356324
2001-07-31,,,,,-39.628571428571426,995.1625,3.0500000000000003,,,227.58988296866474
2001-08-01,,,,,-39.1625,981.1,1.6600000000000001,,,165.33091039020687
2001-08-02,,,,,-36.3,971.475,3.3375,,,175.7567637392453
2001-08-03,,,,,-42.925,970.7,2.9875,,,188.46784051386675
2001-08-04,,,,,-44.5,976.1,3.25,,,188.3856331917476
2001-08-05,,,,,-46.55,979.2375,0.9714285714285714,,,101.41523079374552
2001-08-06,,,,,-46.6,983.3875,0.9125,,,158.56771719248306
2001-08-07,,,,,-54.05,981.875,1.0999999999999999,,,138.3412976449104
2001-08-08,,,,,-50.8625,982.9375,2.7,,,182.20770948044188
2001-08-09,,,,,-48.56666666666666,981.0125,1.9000000000000001,,,37.76219246903337
2001-08-10,,,,,-48.43333333333334,979.075,1.0857142857142856,,,321.82451232319056
2001-08-11,,,,,-47.4,974.6625,0.45,,,0.28544314593699666
2001-08-12,,,,,-48.275,972.0125,0.36,,,177.79451475463256
2001-08-13,,,,,-51.7625,984.0625,0.30000000000000004,,,286.5
2001-08-14,,,,,-42.86666666666667,982.0125,,,,
2001-08-15,,,,,-44.36,981.7875,,,,
2001-08-16,,,,,-54.56666666666666,986.075,0.2,,,176.5
2001-08-17,,,,,-47.07142857142857,997.7875,,,,
2001-08-18,,,,,-39.75,1004.475,0.2,,,170.0
2001-08-19,,,,,-30.685714285714287,1006.025,0.7000000000000001,,,178.3343655467422
2001-08-20,,,,,-32.25,997.9,4.8999999999999995,,,177.79038014300053
2001-08-21,,,,,-29.857142857142858,987.2,8.1,,,246.06043516855368
2001-08-22,,,,,-32.88,970.8375,5.0,,,258.5201125822217
2001-08-23,,,,,-41.6625,973.0125,1.4857142857142858,,,35.01019733583773
2001-08-24,,,,,-49.0,983.575,1.0,,,178.0951313873694
2001-08-25,,,,,-45.239999999999995,986.8,3.4799999999999995,,,148.70174669090355
2001-08-26,,,,,-42.03333333333333,985.0,3.6666666666666665,,,131.14266794253922
2001-08-27,,,,,-47.65,989.3625000000001,3.983333333333333,,,193.88303596056332
2001-08-28,,,,,-35.925,997.4,4.316666666666666,,,260.99464728025293
2001-08-29,,,,,-41.93333333333334,998.55,2.6,,,269.061047129938
2001-08-30,,,,,-37.275,992.625,5.887499999999999,,,197.71616293475353
2001-08-31,,,,,-40.575,991.025,2.3714285714285714,,,194.00938656664846
2001-09-01,2001.0,244.0,9.0,1.0,-43.46666666666667,994.9791666666666,0.7208333333333333,63.28333333333333,,204.95587918752858
2001-09-02,2001.0,245.0,9.0,2.0,-45.856521739130436,1000.9043478260869,0.0,59.82608695652174,,0.0
2001-09-03,2001.0,246.0,9.0,3.0,-38.97,993.4549999999999,2.4899999999999998,68.72,,249.0434735238842
2001-09-04,2001.0,247.0,9.0,4.0,-39.195238095238096,978.5095238095239,0.7571428571428571,68.57142857142857,,222.28160726679812
2001-09-05,2001.0,248.0,9.0,5.0,-39.55833333333333,975.4166666666666,4.075,68.35000000000001,,195.0087786264294
2001-09-06,2001.0,249.0,9.0,6.0,-38.208333333333336,986.8708333333334,5.304166666666666,69.86521739130436,,209.29552519305614
2001-09-07,2001.0,250.0,9.0,7.0,-38.708333333333336,992.8874999999999,3.2916666666666665,68.66250000000001,,233.55234477038016
2001-09-08,2001.0,251.0,9.0,8.0,-36.05416666666667,997.65,7.2625,70.80833333333334,,199.83889060048188
2001-09-09,2001.0,252.0,9.0,9.0,-40.53333333333333,997.5708333333333,2.0695652173913044,65.26521739130435,,226.74818732220655
2001-09-10,2001.0,253.0,9.0,10.0,-40.84285714285714,990.4809523809523,,66.88571428571429,,
2001-09-11,2001.0,254.0,9.0,11.0,-40.36190476190476,988.5095238095239,,66.92857142857143,,
2001-09-12,2001.0,255.0,9.0,12.0,-37.57368421052632,976.4947368421053,9.866666666666667,69.02105263157895,,194.32905666933868
2001-09-13,2001.0,256.0,9.0,13.0,-16.08095238095238,969.0047619047618,13.138095238095238,94.06190476190476,,198.48693449486092
2001-09-14,2001.0,257.0,9.0,14.0,-20.291666666666668,983.8083333333334,14.5625,90.40416666666665,,190.60308942883893
2001-09-15,2001.0,258.0,9.0,15.0,-27.4875,987.5375,4.38125,82.66250000000001,,244.77543937246645
2001-09-16,2001.0,259.0,9.0,16.0,-26.843478260869563,982.6695652173913,8.08,83.82173913043479,,189.79935725539517
2001-09-17,2001.0,260.0,9.0,17.0,-28.6125,984.5869565217391,4.985,78.52499999999999,,207.59922206555933
2001-09-18,2001.0,261.0,9.0,18.0,-27.256521739130434,974.95,,81.8,,
2001-09-19,2001.0,262.0,9.0,19.0,-30.736363636363638,973.3045454545455,1.8277777777777777,79.36818181818181,,189.9344592562484
2001-09-20,2001.0,263.0,9.0,20.0,-32.67368421052631,975.2157894736841,3.642105263157895,73.72631578947369,,210.8454252387082
2001-09-21,2001.0,264.0,9.0,21.0,-26.995833333333334,976.6541666666667,6.420833333333333,79.71666666666667,,176.68806113324453
2001-09-22,2001.0,265.0,9.0,22.0,-28.599999999999998,979.8125,7.358333333333333,80.21666666666667,,189.99911442206368
2001-09-23,2001.0,266.0,9.0,23.0,-25.954166666666666,975.4416666666666,5.7124999999999995,79.77916666666667,,197.49345614330275
2001-09-24,2001.0,267.0,9.0,24.0,-25.9875,973.7208333333333,3.25,78.70416666666667,,234.0459168904008
2001-09-25,2001.0,268.0,9.0,25.0,-34.375,974.4875000000001,7.958333333333333,70.55,,174.0972820894127
2001-09-26,2001.0,269.0,9.0,26.0,-37.137499999999996,976.375,4.158333333333333,68.75,,152.34166777017668
2001-09-27,2001.0,270.0,9.0,27.0,-38.45789473684211,968.578947368421,2.4105263157894736,63.93684210526315,,217.31249120071018
2001-09-28,2001.0,271.0,9.0,28.0,-25.14090909090909,955.1772727272728,7.159090909090909,79.2909090909091,,209.17240693884492
2001-09-29,2001.0,272.0,9.0,29.0,-20.59565217391304,959.4826086956521,11.804347826086957,86.97391304347826,,207.529349240851
2001-09-30,2001.0,273.0,9.0,30.0,-26.758333333333336,966.8874999999999,8.891666666666667,79.64782608695653,,185.45134797471613
2001-10-01,2001.0,274.0,10.0,1.0,-34.3375,969.3041666666667,9.379166666666666,70.83333333333333,,179.67113409265139
2001-10-02,2001.0,275.0,10.0,2.0,-33.37916666666667,959.3000000000001,6.495833333333334,67.53750000000001,,199.5003872911589
2001-10-03,2001.0,276.0,10.0,3.0,-33.204166666666666,953.4458333333333,3.720833333333333,62.725,,222.74431089223052
2001-10-04,2001.0,277.0,10.0,4.0,-18.747826086956522,948.5826086956522,11.200000000000001,86.63478260869564,,233.25970064833572
2001-10-05,2001.0,278.0,10.0,5.0,-14.65,964.39,17.335,94.505,,195.0011589828783
2001-10-06,2001.0,279.0,10.0,6.0,-19.46842105263158,977.72,12.309999999999999,83.535,,198.5002911090659
2001-10-07,2001.0,280.0,10.0,7.0,-17.304166666666667,976.1125000000001,15.008333333333333,71.83749999999999,,197.6664293295717
2001-10-08,2001.0,281.0,10.0,8.0,-22.954166666666666,976.3833333333333,8.15,63.44583333333333,,196.06842373625383
2001-10-09,2001.0,282.0,10.0,9.0,-16.733333333333334,968.1208333333334,19.995833333333334,88.075,,198.21379007898602
2001-10-10,2001.0,283.0,10.0,10.0,-15.241666666666667,973.1666666666666,15.700000000000001,83.23333333333333,,196.6590408117378
2001-10-11,2001.0,284.0,10.0,11.0,-22.895833333333332,973.1625,4.308333333333333,72.5125,,195.45737156775613
2001-10-12,2001.0,285.0,10.0,12.0,-27.299999999999997,969.7857142857143,1.0428571428571427,70.76190476190476,,190.94178123288464
2001-10-13,2001.0,286.0,10.0,13.0,-31.04285714285714,973.3,2.3380952380952382,61.2952380952381,,173.07621002568098
2001-10-14,2001.0,287.0,10.0,14.0,-31.173684210526314,980.3421052631579,4.810526315789474,60.32631578947369,,202.46356459555983
2001-10-15,2001.0,288.0,10.0,15.0,-27.110000000000003,981.905,6.319999999999999,72.375,,190.14082595348665
2001-10-16,2001.0,289.0,10.0,16.0,-31.61304347826087,982.4375,2.7624999999999997,62.09583333333333,,126.76314152054881
2001-10-17,2001.0,290.0,10.0,17.0,-30.75,986.7583333333333,4.720833333333333,63.29583333333333,,187.4818482363402
2001-10-18,2001.0,291.0,10.0,18.0,-30.712500000000002,991.2333333333332,1.8500000000000003,65.69583333333334,,72.62100460542632
2001-10-19,2001.0,292.0,10.0,19.0,-30.3625,983.2583333333333,4.745,66.47083333333333,,156.3890561479664
2001-10-20,2001.0,293.0,10.0,20.0,-33.482608695652175,965.8739130434782,4.2043478260869565,65.18260869565218,,219.7835979607516
2001-10-21,2001.0,294.0,10.0,21.0,-37.635000000000005,968.8,3.9699999999999998,56.339999999999996,,140.85351958874998
2001-10-22,2001.0,295.0,10.0,22.0,-24.294444444444444,976.4000000000001,11.977777777777778,78.85555555555555,,193.78518253930133
2001-10-23,2001.0,296.0,10.0,23.0,-21.13181818181818,974.5,10.195454545454545,70.24090909090908,,195.08995889054918
2001-10-24,2001.0,297.0,10.0,24.0,-23.333333333333332,971.7238095238096,5.1952380952380945,58.51428571428571,,196.61883000857378
2001-10-25,2001.0,298.0,10.0,25.0,-22.96666666666667,973.0625,7.354166666666667,63.65833333333333,,196.57646016976807
2001-10-26,2001.0,299.0,10.0,26.0,-19.520833333333332,973.8208333333333,5.2,64.425,,210.56719189883967
2001-10-27,2001.0,300.0,10.0,27.0,-19.495833333333334,976.1791666666667,7.045833333333333,78.99166666666666,,186.86668504151197
2001-10-28,2001.0,301.0,10.0,28.0,-24.025000000000002,974.3666666666667,3.4958333333333336,65.6,,186.954507024299
2001-10-29,2001.0,302.0,10.0,29.0,-27.50909090909091,978.8227272727272,3.3590909090909093,63.31818181818182,,145.15981633626717
2001-10-30,2001.0,303.0,10.0,30.0,-24.866666666666667,975.5545454545455,2.1863636363636365,61.47727272727273,,317.4296983077342
2001-10-31,2001.0,304.0,10.0,31.0,-21.323809523809523,977.9714285714286,1.5761904761904764,63.55238095238095,,162.49938284390404
2001-11-01,2001.0,305.0,11.0,1.0,-25.704166666666666,990.475,2.6750000000000003,59.666666666666664,,97.07659902686213
2001-11-02,2001.0,306.0,11.0,2.0,-24.586363636363636,980.7166666666667,2.6,59.09583333333333,,72.18563359288721
2001-11-03,2001.0,307.0,11.0,3.0,-27.704166666666666,978.0124999999999,8.941666666666666,69.3625,,172.13956600599377
2001-11-04,2001.0,308.0,11.0,4.0,-13.85,974.3333333333334,12.604166666666666,73.09166666666667,,206.29927747107197
2001-11-05,2001.0,309.0,11.0,5.0,-13.6,968.275,8.895833333333334,79.85833333333333,,201.5207873242946
2001-11-06,2001.0,310.0,11.0,6.0,-12.154545454545454,955.2545454545453,5.136363636363637,81.88181818181819,,251.06421862303415
2001-11-07,2001.0,311.0,11.0,7.0,-12.947368421052632,961.0894736842106,7.042105263157896,83.86315789473684,,214.57090903120266
2001-11-08,2001.0,312.0,11.0,8.0,-12.642857142857142,972.2173913043479,2.756521739130435,77.14347826086956,,230.67392196105806
2001-11-09,2001.0,313.0,11.0,9.0,-11.58695652173913,970.1608695652175,8.878260869565217,85.24782608695652,,200.96737488569184
2001-11-10,2001.0,314.0,11.0,10.0,-11.487499999999999,974.225,5.625,84.2625,,174.1295305170971
2001-11-11,2001.0,315.0,11.0,11.0,-12.791666666666666,972.2208333333333,1.6666666666666667,69.01666666666667,,273.6049038214197
2001-11-12,2001.0,316.0,11.0,12.0,-15.545833333333333,969.5208333333334,8.033333333333333,78.69166666666666,,197.2738003318938
2001-11-13,2001.0,317.0,11.0,13.0,-17.8,977.275,14.566666666666668,84.175,,194.4981774144997
2001-11-14,2001.0,318.0,11.0,14.0,-16.676190476190477,980.952380952381,10.452380952380953,76.73333333333333,,191.19502151393687
2001-11-15,2001.0,319.0,11.0,15.0,-16.719047619047622,981.0714285714286,7.3047619047619055,71.10952380952381,,187.0237561742835
2001-11-16,2001.0,320.0,11.0,16.0,-16.1,982.3285714285715,8.538095238095238,81.62857142857143,,188.37287100298633
2001-11-17,2001.0,321.0,11.0,17.0,-18.1875,982.6666666666666,3.6833333333333336,70.39583333333333,,168.46589285636637
2001-11-18,2001.0,322.0,11.0,18.0,-17.85217391304348,983.4499999999999,1.8041666666666665,64.45,,179.55318119973032
2001-11-19,2001.0,323.0,11.0,19.0,-15.578260869565218,985.5083333333333,1.9124999999999999,60.9,,233.10314801728288
2001-11-20,2001.0,324.0,11.0,20.0,-17.266666666666666,985.3874999999999,5.170833333333333,73.425,,165.14682782952517
2001-11-21,2001.0,325.0,11.0,21.0,-19.25,981.3458333333333,2.8791666666666664,73.74166666666666,,151.06928564445582
2001-11-22,2001.0,326.0,11.0,22.0,-16.604545454545455,977.5,2.409090909090909,63.82272727272727,,233.04282343338934
2001-11-23,2001.0,327.0,11.0,23.0,-9.26,973.35,11.305,85.41052631578947,,207.15647344455166
2001-11-24,2001.0,328.0,11.0,24.0,-11.890909090909092,975.0681818181819,5.959090909090909,81.0,,182.08094273499177
2001-11-25,2001.0,329.0,11.0,25.0,-11.378260869565217,980.4217391304348,3.7086956521739127,74.0,,193.57834932317786
2001-11-26,2001.0,330.0,11.0,26.0,-8.637500000000001,983.0666666666666,3.7916666666666665,73.86666666666666,,245.35863718055953
2001-11-27,2001.0,331.0,11.0,27.0,-9.741666666666667,977.0583333333334,7.7875000000000005,79.53750000000001,,185.33150777950698
2001-11-28,2001.0,332.0,11.0,28.0,-12.35,973.1791666666667,6.7625,79.5,,185.74576969268657
2001-11-29,2001.0,333.0,11.0,29.0,-11.565217391304348,979.6304347826087,9.139130434782608,82.44347826086957,,195.05328932282325
2001-11-30,2001.0,334.0,11.0,30.0,-10.054545454545455,981.3619047619047,2.640909090909091,67.92727272727272,,314.9749200124185
2001-12-01,2001.0,335.0,12.0,1.0,-7.084210526315789,971.9380952380952,3.9904761904761905,68.18571428571428,0.0,336.23150927830517
2001-12-02,2001.0,336.0,12.0,2.0,-9.91764705882353,975.4,2.3684210526315788,68.63157894736842,,110.04020543987905
2001-12-03,2001.0,337.0,12.0,3.0,-10.183333333333334,974.725,3.3249999999999997,61.824999999999996,,208.22336850838826
2001-12-04,2001.0,338.0,12.0,4.0,-10.8375,974.3291666666668,7.5625,79.92083333333333,,175.74792264394935
2001-12-05,2001.0,339.0,12.0,5.0,-12.3125,972.9083333333333,6.354166666666667,76.84166666666667,,176.25284164387975
2001-12-06,2001.0,340.0,12.0,6.0,-7.7250000000000005,965.975,10.333333333333334,77.41250000000001,,202.93171245840477
2001-12-07,2001.0,341.0,12.0,7.0,-7.8,966.1347826086956,9.65,83.27499999999999,,192.56406974701804
2001-12-08,2001.0,342.0,12.0,8.0,-8.304761904761905,971.1809523809524,6.480952380952381,73.87142857142857,,194.58805540550358
2001-12-09,2001.0,343.0,12.0,9.0,-7.2700000000000005,971.2952380952381,1.723809523809524,57.561904761904756,,168.13037005446438
2001-12-10,2001.0,344.0,12.0,10.0,-7.25,971.3909090909091,1.75,65.04545454545455,,45.53206052730862
2001-12-11,2001.0,345.0,12.0,11.0,-7.94,966.9428571428571,6.1571428571428575,82.81428571428572,,125.92116145697575
2001-12-12,2001.0,346.0,12.0,12.0,-11.345833333333333,963.5083333333333,14.354166666666666,92.61666666666667,,210.2023326588182
2001-12-13,2001.0,347.0,12.0,13.0,-7.408333333333334,958.1541666666667,14.283333333333333,92.41538461538462,,196.86885617446768
2001-12-14,2001.0,348.0,12.0,14.0,-4.354166666666667,956.1,14.774999999999999,95.88,,175.1727653657756
2001-12-15,2001.0,349.0,12.0,15.0,-5.354166666666667,957.8625000000001,11.179166666666667,95.24736842105263,,175.44171686354753
2001-12-16,2001.0,350.0,12.0,16.0,-5.495833333333334,967.5749999999999,9.049999999999999,93.90416666666665,,177.77802028626277
2001-12-17,2001.0,351.0,12.0,17.0,-6.723809523809523,975.7523809523809,7.261904761904762,87.44285714285714,,188.19627579604781
2001-12-18,2001.0,352.0,12.0,18.0,-5.93,976.6571428571428,2.6761904761904765,72.61428571428571,,313.80924821032335
2001-12-19,2001.0,353.0,12.0,19.0,-6.245454545454546,976.8958333333334,2.6,68.7375,,257.293785931189
2001-12-20,2001.0,354.0,12.0,20.0,-5.759090909090909,986.8181818181819,3.1,74.26190476190476,,248.46119709757255
2001-12-21,2001.0,355.0,12.0,21.0,-3.5708333333333333,989.0458333333332,3.6458333333333335,78.51666666666667,,335.0839435925241
2001-12-22,2001.0,356.0,12.0,22.0,-3.6875,985.9166666666666,3.345833333333333,71.47083333333333,,322.4886897518571
2001-12-23,2001.0,357.0,12.0,23.0,-6.643478260869566,983.9916666666667,1.5583333333333333,63.18333333333334,,173.19776960172794
2001-12-24,2001.0,358.0,12.0,24.0,-6.333333333333333,980.3583333333332,0.9249999999999999,63.82083333333333,,326.35075477792594
2001-12-25,2001.0,359.0,12.0,25.0,-4.542857142857143,982.7,1.8571428571428572,67.45238095238095,,242.92918844046818
2001-12-26,2001.0,360.0,12.0,26.0,-4.59,992.775,6.7700000000000005,80.575,,186.27895913072695
2001-12-27,2001.0,361.0,12.0,27.0,-3.295833333333333,997.6166666666667,3.4458333333333333,74.19583333333334,,312.72331076170883
2001-12-28,2001.0,362.0,12.0,28.0,-1.2708333333333333,997.9125,7.316666666666666,83.57083333333334,,338.72985922551595
2001-12-29,2001.0,363.0,12.0,29.0,-1.134782608695652,999.5458333333332,1.0625,61.86666666666667,,56.47726049847586
2001-12-30,2001.0,364.0,12.0,30.0,-2.85,992.2166666666667,2.8375,67.63333333333334,,16.764536117886813
2001-12-31,2001.0,365.0,12.0,31.0,-8.075000000000001,992.5833333333334,5.983333333333333,84.61666666666666,,177.33048674538074
2002-01-01,2002.0,1.0,1.0,1.0,-5.647826086956522,985.804347826087,12.591304347826087,86.25652173913043,,191.78418395622978
2002-01-02,2002.0,2.0,1.0,2.0,-4.819047619047619,980.6238095238094,14.138095238095238,96.24117647058823,,189.752203459413
2002-01-03,2002.0,3.0,1.0,3.0,-3.994736842105263,983.9333333333333,11.589473684210526,95.22500000000001,,193.89715071655866
2002-01-04,2002.0,4.0,1.0,4.0,-4.619047619047619,983.852380952381,4.0285714285714285,81.57142857142857,,256.7596029455599
2002-01-05,2002.0,5.0,1.0,5.0,-3.491304347826087,983.8125,1.9333333333333333,77.21666666666667,,8.431111834635287
2002-01-06,2002.0,6.0,1.0,6.0,-1.2958333333333334,985.8583333333332,1.05,58.87083333333334,,19.284393214563707
2002-01-07,2002.0,7.0,1.0,7.0,-6.9375,988.875,2.920833333333333,77.91904761904762,,156.3805752767666
2002-01-08,2002.0,8.0,1.0,8.0,-7.395833333333333,994.5291666666667,1.804166666666667,78.425,,20.923128481068577
2002-01-09,2002.0,9.0,1.0,9.0,-5.37,996.7636363636364,1.1227272727272728,61.53636363636363,,212.39431112311138
2002-01-10,2002.0,10.0,1.0,10.0,-4.509090909090909,994.2363636363636,3.4272727272727277,79.29545454545455,,272.8235471434692
2002-01-11,2002.0,11.0,1.0,11.0,-2.4058823529411764,987.7777777777778,3.0055555555555555,64.09444444444445,,243.25728665626957
2002-01-12,2002.0,12.0,1.0,12.0,-4.666666666666667,982.125,3.733333333333333,71.8157894736842,,181.98658839660519
2002-01-13,2002.0,13.0,1.0,13.0,-6.743478260869565,986.6999999999999,2.154166666666667,75.92083333333333,,219.10988240873107
2002-01-14,2002.0,14.0,1.0,14.0,-5.2749999999999995,993.6208333333334,1.8458333333333332,74.45833333333333,,262.70221589052005
2002-01-15,2002.0,15.0,1.0,15.0,-5.75,994.0083333333333,2.4916666666666667,78.60833333333333,,230.5808019116713
2002-01-16,2002.0,16.0,1.0,16.0,-4.575,984.5500000000001,2.9916666666666667,85.05909090909091,,28.56078410928958
2002-01-17,2002.0,17.0,1.0,17.0,-5.22608695652174,983.2695652173913,5.747826086956521,87.37826086956522,,163.9855995542708
2002-01-18,2002.0,18.0,1.0,18.0,-6.255,983.8549999999999,4.1,83.50666666666666,,167.89937242909787
2002-01-19,2002.0,19.0,1.0,19.0,-5.372222222222223,978.8666666666666,3.316666666666667,81.73333333333333,,135.01657072896504
2002-01-20,2002.0,20.0,1.0,20.0,-10.090909090909092,978.0363636363636,4.859090909090909,83.29545454545455,,148.81904780896542
2002-01-21,2002.0,21.0,1.0,21.0,-11.387500000000001,982.0625,3.8166666666666664,82.53333333333333,,141.35094773936567
2002-01-22,2002.0,22.0,1.0,22.0,-11.716666666666667,983.0333333333333,1.8333333333333333,76.53333333333333,,115.71662820648719
2002-01-23,2002.0,23.0,1.0,23.0,-7.041666666666667,982.0875,1.1333333333333333,80.84761904761905,,339.6271320687353
2002-01-24,2002.0,24.0,1.0,24.0,-9.450000000000001,981.2333333333332,0.8291666666666666,70.27727272727272,,55.54348085678328
2002-01-25,2002.0,25.0,1.0,25.0,-9.927272727272728,978.3782608695652,1.5391304347826087,72.7304347826087,,89.62285955092027
2002-01-26,2002.0,26.0,1.0,26.0,-10.231818181818182,974.4818181818181,2.7636363636363637,76.06363636363636,,151.57486001820266
2002-01-27,2002.0,27.0,1.0,27.0,-13.63684210526316,974.4105263157894,2.857894736842105,76.98421052631579,,175.03065472512728
2002-01-28,2002.0,28.0,1.0,28.0,-9.354545454545455,977.6909090909091,2.3045454545454547,69.77272727272727,,237.7162900307932
2002-01-29,2002.0,29.0,1.0,29.0,-6.186956521739131,978.6208333333334,1.95,64.85000000000001,,258.8569980474566
2002-01-30,2002.0,30.0,1.0,30.0,-8.977272727272727,981.2041666666668,1.9291666666666665,73.57916666666667,,190.42646525401926
2002-01-31,2002.0,31.0,1.0,31.0,-10.917391304347825,984.9041666666667,1.9875,75.09583333333333,,184.70444312466458
2002-02-01,2002.0,32.0,2.0,1.0,-10.860869565217392,986.195652173913,1.8478260869565217,81.32608695652173,,114.88159683539149
2002-02-02,2002.0,33.0,2.0,2.0,-7.791304347826086,980.8565217391305,1.7652173913043478,83.23636363636363,,32.975238815073396
2002-02-03,2002.0,34.0,2.0,3.0,-11.008695652173914,976.6913043478262,1.7826086956521738,79.52608695652174,,192.1841740194478
2002-02-04,2002.0,35.0,2.0,4.0,-9.575,978.8,4.535,82.935,,211.7688212772782
2002-02-05,2002.0,36.0,2.0,5.0,-11.019047619047619,976.347619047619,2.719047619047619,84.38095238095238,,260.73005327172905
2002-02-06,2002.0,37.0,2.0,6.0,-5.541666666666667,967.1791666666667,9.0875,92.4608695652174,,213.57304303409754
2002-02-07,2002.0,38.0,2.0,7.0,-6.158333333333334,966.5124999999999,10.708333333333334,91.44117647058823,,204.0951450621922
2002-02-08,2002.0,39.0,2.0,8.0,-10.137500000000001,975.15,7.6499999999999995,90.39999999999999,,198.57067833206386
2002-02-09,2002.0,40.0,2.0,9.0,-8.656521739130435,976.8833333333333,1.6624999999999999,79.375,,94.35024658350785
2002-02-10,2002.0,41.0,2.0,10.0,-16.204166666666666,970.5,5.358333333333333,81.16250000000001,,186.88330654806236
2002-02-11,2002.0,42.0,2.0,11.0,-17.504347826086956,968.5260869565217,3.7956521739130435,72.28260869565217,,192.0880998360943
2002-02-12,2002.0,43.0,2.0,12.0,-18.24736842105263,977.4,3.6368421052631574,71.11052631578947,,204.74347463215284
2002-02-13,2002.0,44.0,2.0,13.0,-15.491304347826087,985.9666666666667,3.016666666666666,80.0695652173913,,84.27233703303057
2002-02-14,2002.0,45.0,2.0,14.0,-17.25,981.9791666666666,5.083333333333333,80.89166666666667,,193.8766972805169
2002-02-15,2002.0,46.0,2.0,15.0,-20.208333333333332,976.9166666666666,4.375,71.54166666666667,,179.7740968211101
2002-02-16,2002.0,47.0,2.0,16.0,-17.104166666666668,983.8916666666668,4.379166666666666,73.59166666666667,,229.95523622568217
2002-02-17,2002.0,48.0,2.0,17.0,-10.966666666666667,987.4833333333332,10.391666666666667,81.94583333333334,,201.80014677751598
2002-02-18,2002.0,49.0,2.0,18.0,-13.254166666666668,984.6666666666666,6.454166666666667,75.46666666666667,,201.09671918042454
2002-02-19,2002.0,50.0,2.0,19.0,-18.395652173913046,981.4217391304348,3.9217391304347826,73.43478260869566,,192.7668424058451
2002-02-20,2002.0,51.0,2.0,20.0,-20.414285714285715,979.242857142857,4.680952380952381,72.96666666666667,,189.41097924083252
2002-02-21,2002.0,52.0,2.0,21.0,-19.095454545454547,982.0227272727273,3.463636363636364,68.72272727272728,,166.41099133918604
2002-02-22,2002.0,53.0,2.0,22.0,-18.941666666666666,977.4541666666668,3.091666666666667,75.97500000000001,,172.31244574290025
2002-02-23,2002.0,54.0,2.0,23.0,-16.716666666666665,971.4958333333334,6.933333333333334,83.73333333333333,,208.99278707110952
2002-02-24,2002.0,55.0,2.0,24.0,-18.391666666666666,971.1791666666667,3.595833333333333,81.96666666666667,,164.00414972485007
2002-02-25,2002.0,56.0,2.0,25.0,-21.741666666666664,977.9916666666667,5.5375000000000005,73.075,,181.2156920984621
2002-02-26,2002.0,57.0,2.0,26.0,-18.191666666666666,988.5166666666668,6.083333333333333,72.93333333333334,,195.97829987331863
2002-02-27,2002.0,58.0,2.0,27.0,-23.60909090909091,990.7727272727273,3.9045454545454548,66.1590909090909,,201.0553513334716
2002-02-28,2002.0,59.0,2.0,28.0,-22.009999999999998,987.93,2.6149999999999998,76.52000000000001,,4.9396420871323965
2002-03-01,2002.0,60.0,3.0,1.0,-17.36,985.8095238095239,2.623809523809524,79.44285714285714,,164.28769460678575
2002-03-02,2002.0,61.0,3.0,2.0,-14.758333333333333,988.6374999999999,3.1125000000000003,87.35000000000001,,146.94923149315704
2002-03-03,2002.0,62.0,3.0,3.0,-18.162499999999998,991.1916666666666,4.95,82.25416666666666,,239.42891430325335
2002-03-04,2002.0,63.0,3.0,4.0,-17.645833333333332,994.0166666666668,11.595833333333333,89.72916666666667,,200.7985617243067
2002-03-05,2002.0,64.0,3.0,5.0,-16.545833333333334,993.5500000000001,6.1125,86.03750000000001,,311.6293070705592
2002-03-06,2002.0,65.0,3.0,6.0,-18.0125,985.3958333333334,8.475,84.43333333333334,,197.87993379196388
2002-03-07,2002.0,66.0,3.0,7.0,-23.822727272727274,988.1636363636363,3.8272727272727276,73.67727272727274,,166.31339008721923
2002-03-08,2002.0,67.0,3.0,8.0,-21.880000000000003,986.7700000000001,9.52,85.17999999999999,,166.58355571248254
2002-03-09,2002.0,68.0,3.0,9.0,-26.195,985.2049999999999,5.885,75.47,,204.02452272532204
2002-03-10,2002.0,69.0,3.0,10.0,-25.630434782608695,979.8217391304348,1.817391304347826,71.83478260869565,,235.9059279277899
2002-03-11,2002.0,70.0,3.0,11.0,-13.7875,980.3583333333332,9.441666666666666,88.365,,233.96262319674074
2002-03-12,2002.0,71.0,3.0,12.0,-18.829166666666666,981.8291666666668,6.125,81.92916666666666,,191.6391938247684
2002-03-13,2002.0,72.0,3.0,13.0,-18.1875,984.8083333333334,9.716666666666667,85.55,,234.06687750861627
2002-03-14,2002.0,73.0,3.0,14.0,-18.745833333333334,1000.8625000000001,10.5875,84.54166666666667,,194.2362131860269
2002-03-15,2002.0,74.0,3.0,15.0,-24.426086956521736,997.2130434782609,5.282608695652174,75.4,,145.14022238819697
2002-03-16,2002.0,75.0,3.0,16.0,-24.6,992.6600000000001,6.9799999999999995,76.08500000000001,,193.8737148513314
2002-03-17,2002.0,76.0,3.0,17.0,-30.30952380952381,997.4142857142857,3.5476190476190474,64.885,,54.4264229765417
2002-03-18,2002.0,77.0,3.0,18.0,-30.545454545454547,1001.6227272727273,8.69090909090909,71.25,,163.19638160166465
2002-03-19,2002.0,78.0,3.0,19.0,-24.208333333333332,995.3625000000001,15.3375,85.46666666666665,,198.65451048049005
2002-03-20,2002.0,79.0,3.0,20.0,-26.0,989.1666666666666,8.638461538461538,75.19166666666666,,188.23149061439332
2002-03-21,2002.0,80.0,3.0,21.0,-23.65416666666667,989.0291666666667,7.208333333333333,76.87916666666666,,205.23778459363416
2002-03-22,2002.0,81.0,3.0,22.0,-13.254166666666668,988.725,4.75,96.40833333333335,,248.59431510343063
2002-03-23,2002.0,82.0,3.0,23.0,-17.116666666666667,987.5124999999999,4.058333333333334,92.425,,330.04786640023
2002-03-24,2002.0,83.0,3.0,24.0,-14.795454545454545,994.3090909090909,4.495454545454546,95.42272727272729,,5.567577460554277
2002-03-25,2002.0,84.0,3.0,25.0,-18.36,997.4100000000001,12.77,91.86,,184.24781129169222
2002-03-26,2002.0,85.0,3.0,26.0,-16.933333333333334,999.3041666666667,14.058333333333332,92.70416666666667,,187.86971282278603
2002-03-27,2002.0,86.0,3.0,27.0,-24.804166666666664,1001.7916666666666,3.9733333333333336,79.3875,,191.04240373288505
2002-03-28,2002.0,87.0,3.0,28.0,-22.008333333333336,999.1750000000001,2.8899999999999997,77.29583333333333,,110.7652774713873
2002-03-29,2002.0,88.0,3.0,29.0,-27.116666666666664,992.4083333333333,7.458333333333333,81.8,,186.90387054246114
2002-03-30,2002.0,89.0,3.0,30.0,-30.858333333333334,995.525,3.0041666666666664,76.14999999999999,,212.3364133096415
2002-03-31,2002.0,90.0,3.0,31.0,-20.195833333333333,993.8208333333333,2.3333333333333335,85.0695652173913,,287.062473523382
2002-04-01,2002.0,91.0,4.0,1.0,-21.125,993.225,2.6550000000000002,78.38,,69.13205266168515
2002-04-02,2002.0,92.0,4.0,2.0,-23.166666666666668,983.095,6.080952380952381,75.58095238095238,,170.39904539141972
2002-04-03,2002.0,93.0,4.0,3.0,-23.113636363636363,978.3545454545455,2.727272727272727,80.90454545454546,,164.68666852603258
2002-04-04,2002.0,94.0,4.0,4.0,-24.349999999999998,975.5625,5.866666666666667,84.64166666666667,,168.42178677257857
2002-04-05,2002.0,95.0,4.0,5.0,-27.9875,977.275,3.9,81.90833333333333,,161.8233670856465
2002-04-06,2002.0,96.0,4.0,6.0,-27.52916666666667,975.2708333333334,4.683333333333334,82.71666666666667,,213.66882124987495
2002-04-07,2002.0,97.0,4.0,7.0,-28.425,986.2375000000001,7.129166666666666,80.9375,,175.60628925558234
2002-04-08,2002.0,98.0,4.0,8.0,-31.75,992.5909090909091,6.818181818181818,75.72727272727273,,202.17573883750265
2002-04-09,2002.0,99.0,4.0,9.0,-38.935,989.9095238095238,2.380952380952381,67.24761904761905,,184.4490724961045
2002-04-10,2002.0,100.0,4.0,10.0,-37.685,978.225,1.465,70.635,,10.46479646120566
2002-04-11,2002.0,101.0,4.0,11.0,-34.62857142857143,980.3238095238095,2.4857142857142858,73.86666666666667,,171.14344147518153
2002-04-12,2002.0,102.0,4.0,12.0,-32.02727272727273,973.6333333333333,1.65,77.36818181818181,,272.19052268978896
2002-04-13,2002.0,103.0,4.0,13.0,-25.958333333333332,968.6875,3.4458333333333333,84.47083333333333,,228.33167305981226
2002-04-14,2002.0,104.0,4.0,14.0,-26.895833333333332,978.0749999999999,6.1625000000000005,83.275,,190.71237838264045
2002-04-15,2002.0,105.0,4.0,15.0,-32.31666666666667,978.1666666666666,1.9583333333333333,76.10416666666667,,182.1554092441567
2002-04-16,2002.0,106.0,4.0,16.0,-35.1,979.35,2.954166666666666,73.47916666666667,,196.60245608550022
2002-04-17,2002.0,107.0,4.0,17.0,-36.304761904761904,991.5190476190477,8.633333333333335,72.08095238095238,,175.8613236086441
2002-04-18,2002.0,108.0,4.0,18.0,-26.83181818181818,994.0954545454545,5.168181818181818,80.75,,209.58224501668303
2002-04-19,2002.0,109.0,4.0,19.0,-26.476190476190474,991.6142857142858,4.138095238095238,79.07142857142857,,190.2455005415726
2002-04-20,2002.0,110.0,4.0,20.0,-34.02916666666667,990.3208333333333,3.2541666666666664,74.77083333333333,,200.97959643376979
2002-04-21,2002.0,111.0,4.0,21.0,-30.004166666666666,992.0124999999999,7.6875,79.6125,,180.24189060732022
2002-04-22,2002.0,112.0,4.0,22.0,-34.34583333333333,990.5916666666667,4.016666666666667,74.45833333333333,,185.5267619490528
2002-04-23,2002.0,113.0,4.0,23.0,-38.079166666666666,984.3208333333333,1.1041666666666667,69.58333333333333,,201.3547728646231
2002-04-24,2002.0,114.0,4.0,24.0,-39.06956521739131,984.991304347826,1.608695652173913,68.18260869565218,,167.3910268575742
2002-04-25,2002.0,115.0,4.0,25.0,-31.466666666666665,980.9,4.369565217391305,78.6,,197.05344433424452
2002-04-26,2002.0,116.0,4.0,26.0,-28.642105263157898,974.1157894736842,3.5368421052631582,81.45263157894736,,237.34617758094282
2002-04-27,2002.0,117.0,4.0,27.0,-19.045833333333334,971.275,15.762500000000001,92.05833333333334,,203.54758143785656
2002-04-28,2002.0,118.0,4.0,28.0,-16.378260869565217,979.908695652174,16.960869565217394,91.75217391304349,,202.39258824672285
2002-04-29,2002.0,119.0,4.0,29.0,-16.704166666666666,978.0083333333333,14.070833333333333,84.93333333333334,,203.85303531256622
2002-04-30,2002.0,120.0,4.0,30.0,-15.475,972.4304347826088,13.766666666666666,94.66521739130435,,194.86478487643126
2002-05-01,2002.0,121.0,5.0,1.0,-21.233333333333334,978.9499999999999,10.795833333333334,89.36666666666667,,180.2933095049632
2002-05-02,2002.0,122.0,5.0,2.0,-25.145833333333332,990.7782608695653,13.875,85.44347826086957,,192.70904094487494
2002-05-03,2002.0,123.0,5.0,3.0,-23.06086956521739,984.7608695652174,13.0,86.76521739130435,,198.13415688031574
2002-05-04,2002.0,124.0,5.0,4.0,-16.173684210526318,974.0105263157895,14.894736842105264,95.13157894736842,,203.62997467750577
2002-05-05,2002.0,125.0,5.0,5.0,-20.40952380952381,982.5666666666667,5.504761904761905,90.08571428571429,,193.9389222135653
2002-05-06,2002.0,126.0,5.0,6.0,-17.252173913043478,975.1333333333333,19.8625,94.27499999999999,,194.28622423081904
2002-05-07,2002.0,127.0,5.0,7.0,-12.825000000000001,972.5875,16.841666666666665,98.35416666666667,,198.00304026265457
2002-05-08,2002.0,128.0,5.0,8.0,-16.654166666666665,989.7708333333334,13.575000000000001,92.52499999999999,,191.75620211929888
2002-05-09,2002.0,129.0,5.0,9.0,-19.275000000000002,1010.8041666666667,10.075000000000001,86.11666666666667,,177.54431454797242
2002-05-10,2002.0,130.0,5.0,10.0,-25.383333333333336,1008.9625,7.458333333333333,82.03333333333333,,195.0967833878936
2002-05-11,2002.0,131.0,5.0,11.0,-30.522727272727273,994.2636363636364,4.945454545454545,77.64090909090909,,200.66662325708717
2002-05-12,2002.0,132.0,5.0,12.0,-34.04761904761905,990.1272727272727,3.5545454545454547,74.96363636363637,,194.41779017433942
2002-05-13,2002.0,133.0,5.0,13.0,-33.12777777777777,997.2055555555556,4.822222222222222,73.65555555555555,,201.697331079522
2002-05-14,2002.0,134.0,5.0,14.0,-30.46666666666667,987.5875,1.5571428571428572,76.77083333333333,,249.06917711112987
2002-05-15,2002.0,135.0,5.0,15.0,-23.52916666666667,973.3458333333333,4.4375,86.20416666666667,,293.97801426922524
2002-05-16,2002.0,136.0,5.0,16.0,-22.070833333333336,981.6750000000001,3.283333333333333,87.10416666666667,,339.9232247468186
2002-05-17,2002.0,137.0,5.0,17.0,-25.266666666666666,992.9291666666667,6.566666666666666,85.22916666666667,,181.27286817678115
2002-05-18,2002.0,138.0,5.0,18.0,-31.13478260869565,987.2260869565217,2.0565217391304347,78.8391304347826,,230.78007267625784
2002-05-19,2002.0,139.0,5.0,19.0,-24.7,983.6565217391304,6.543478260869565,86.02608695652174,,191.15202223730654
2002-05-20,2002.0,140.0,5.0,20.0,-21.126315789473683,986.3368421052633,14.926315789473682,89.18947368421053,,200.43936972748403
2002-05-21,2002.0,141.0,5.0,21.0,-27.57,977.32,4.154999999999999,80.265,,210.8966675938942
2002-05-22,2002.0,142.0,5.0,22.0,-30.03478260869565,975.9304347826088,4.918181818181818,80.30869565217391,,176.58979797417297
2002-05-23,2002.0,143.0,5.0,23.0,-26.791666666666668,987.975,10.570833333333333,83.58333333333333,,181.0417822510017
2002-05-24,2002.0,144.0,5.0,24.0,-33.4695652173913,1001.7652173913043,5.630434782608695,73.9695652173913,,195.1808831755744
2002-05-25,2002.0,145.0,5.0,25.0,-36.395833333333336,1014.0458333333332,0.7083333333333334,72.41250000000001,,55.98372560118138
2002-05-26,2002.0,146.0,5.0,26.0,-44.487500000000004,1018.4083333333333,4.428571428571429,61.59583333333333,,183.40146921050894
2002-05-27,2002.0,147.0,5.0,27.0,-39.59090909090909,1022.9636363636364,8.14090909090909,67.96363636363637,,188.14547861426632
2002-05-28,2002.0,148.0,5.0,28.0,-34.06,1016.45,7.784999999999999,73.34,,167.082734909957
2002-05-29,2002.0,149.0,5.0,29.0,-29.46,1014.53,7.209999999999999,77.505,,178.06374329903372
2002-05-30,2002.0,150.0,5.0,30.0,-33.3,1010.9782608695652,1.425,75.41304347826087,,170.89567240648532
2002-05-31,2002.0,151.0,5.0,31.0,-39.425000000000004,1007.4791666666666,2.716666666666667,68.25416666666666,,154.22282726507788
2002-06-01,2002.0,152.0,6.0,1.0,-38.270833333333336,1007.8333333333334,3.1125000000000003,69.47500000000001,,191.19848848822397
2002-06-02,2002.0,153.0,6.0,2.0,-42.15909090909091,1002.1791666666667,1.55,64.96666666666667,,201.2085635979026
2002-06-03,2002.0,154.0,6.0,3.0,-39.59166666666667,995.1125000000001,1.8291666666666666,67.84166666666667,,88.45095146076875
2002-06-04,2002.0,155.0,6.0,4.0,-39.0,1001.9782608695652,2.4695652173913043,68.86521739130436,,181.91813994616217
2002-06-05,2002.0,156.0,6.0,5.0,-42.21,1009.875,1.72,64.82000000000001,,322.06547959779385
2002-06-06,2002.0,157.0,6.0,6.0,-38.27272727272727,1007.7,3.540909090909091,69.85909090909091,,339.39909328353144
2002-06-07,2002.0,158.0,6.0,7.0,-37.70952380952381,1006.952380952381,3.4428571428571426,70.63333333333333,,254.7239169159468
2002-06-08,2002.0,159.0,6.0,8.0,-39.43478260869565,986.1,2.134782608695652,68.18260869565218,,168.78136166641934
2002-06-09,2002.0,160.0,6.0,9.0,-39.675000000000004,989.7541666666666,1.6083333333333334,67.90416666666667,,131.95678610470634
2002-06-10,2002.0,161.0,6.0,10.0,-43.55833333333334,991.4,1.3916666666666666,62.5625,,183.37474613455032
2002-06-11,2002.0,162.0,6.0,11.0,-44.10833333333333,999.875,0.8041666666666667,61.72083333333333,,245.38490196655266
2002-06-12,2002.0,163.0,6.0,12.0,-47.13478260869565,1011.1826086956522,1.7217391304347827,58.573913043478264,,166.00282780311602
2002-06-13,2002.0,164.0,6.0,13.0,-49.373913043478254,1018.5478260869564,2.3956521739130436,54.917391304347824,,168.53341387774216
2002-06-14,2002.0,165.0,6.0,14.0,-47.47894736842105,1016.5736842105264,5.578947368421052,57.01052631578948,,167.53212262589182
2002-06-15,2002.0,166.0,6.0,15.0,-41.125,1009.6541666666667,12.079166666666666,65.48333333333333,,188.29057264352227
2002-06-16,2002.0,167.0,6.0,16.0,-33.262499999999996,1003.0791666666668,13.862499999999999,75.63333333333334,,193.24789044208862
2002-06-17,2002.0,168.0,6.0,17.0,-28.59583333333333,985.4666666666667,15.399999999999999,78.60833333333333,,191.17054349713734
2002-06-18,2002.0,169.0,6.0,18.0,-18.883333333333333,976.4916666666667,10.6,88.47500000000001,,189.20689419850726
2002-06-19,2002.0,170.0,6.0,19.0,-17.13478260869565,984.0478260869564,11.208695652173914,94.15652173913043,,186.82390085337215
2002-06-20,2002.0,171.0,6.0,20.0,-22.087500000000002,983.4625,9.204166666666667,87.39999999999999,,187.62404097889447
2002-06-21,2002.0,172.0,6.0,21.0,-28.878947368421056,979.6,3.8894736842105266,74.34736842105262,,183.44947888804035
2002-06-22,2002.0,173.0,6.0,22.0,-31.925,984.1899999999999,3.3285714285714283,71.55499999999999,,106.14209307570763
2002-06-23,2002.0,174.0,6.0,23.0,-29.15,988.655,,81.08,,
2002-06-24,2002.0,175.0,6.0,24.0,-22.891666666666666,985.5833333333334,2.45,88.13333333333333,,212.0
2002-06-25,2002.0,176.0,6.0,25.0,-27.849999999999998,984.4541666666668,6.516666666666667,82.1375,,190.45685457183134
2002-06-26,2002.0,177.0,6.0,26.0,-37.225,990.7291666666666,5.945833333333333,69.55,,195.22926942307393
2002-06-27,2002.0,178.0,6.0,27.0,-40.74583333333333,1000.4833333333332,2.81875,66.53750000000001,,195.05195808608647
2002-06-28,2002.0,179.0,6.0,28.0,-30.49090909090909,996.8181818181819,5.385,78.76818181818182,,199.59705853513836
2002-06-29,2002.0,180.0,6.0,29.0,-35.666666666666664,993.895238095238,3.838095238095238,70.8952380952381,,269.87541478578396
2002-06-30,2002.0,181.0,6.0,30.0,-41.04210526315789,987.6157894736842,5.552631578947368,66.4578947368421,,188.7677040119044
2002-07-01,2002.0,182.0,7.0,1.0,-43.573913043478264,978.5652173913044,5.71304347826087,63.09130434782608,,208.67462119720267
2002-07-02,2002.0,183.0,7.0,2.0,-43.42272727272727,974.7863636363636,1.3772727272727272,63.0,,232.21541603742375
2002-07-03,2002.0,184.0,7.0,3.0,-39.262499999999996,977.8666666666667,3.4916666666666667,68.42916666666666,,208.43233134731298
2002-07-04,2002.0,185.0,7.0,4.0,-32.016666666666666,980.3625000000001,11.954166666666666,76.42916666666666,,190.09274461360164
2002-07-05,2002.0,186.0,7.0,5.0,-24.2,976.2125,14.612499999999999,83.49166666666666,,194.49482892661123
2002-07-06,2002.0,187.0,7.0,6.0,-26.808333333333334,968.1291666666666,8.194736842105263,81.71666666666667,,232.8768334776973
2002-07-07,2002.0,188.0,7.0,7.0,-26.6,973.3190476190476,4.507142857142857,80.87,,273.5663943023972
2002-07-08,2002.0,189.0,7.0,8.0,-29.738095238095237,995.8333333333334,8.17142857142857,79.76190476190476,,191.70245776713884
2002-07-09,2002.0,190.0,7.0,9.0,-33.785714285714285,998.2333333333333,0.5142857142857142,75.64285714285714,,220.17398290304192
2002-07-10,2002.0,191.0,7.0,10.0,-36.237500000000004,1004.6374999999999,3.907142857142857,72.375,,176.9972802718931
2002-07-11,2002.0,192.0,7.0,11.0,-38.516666666666666,1011.4208333333332,2.8874999999999997,69.55,,14.043067838301964
2002-07-12,2002.0,193.0,7.0,12.0,-41.175000000000004,1008.3375,1.88,66.24583333333332,,186.76302233675128
2002-07-13,2002.0,194.0,7.0,13.0,-46.74583333333334,1014.8458333333333,2.1684210526315786,58.833333333333336,,212.26236333477624
2002-07-14,2002.0,195.0,7.0,14.0,-41.595454545454544,1014.1428571428571,0.2,66.05454545454546,,299.0
2002-07-15,2002.0,196.0,7.0,15.0,-44.64782608695653,1001.4826086956521,3.95,61.7304347826087,,177.19345620966436
2002-07-16,2002.0,197.0,7.0,16.0,-41.042857142857144,993.7523809523809,3.0285714285714285,66.29523809523809,,206.63045669668682
2002-07-17,2002.0,198.0,7.0,17.0,-45.53636363636363,997.3136363636364,2.280952380952381,60.13181818181818,,193.83806641966152
2002-07-18,2002.0,199.0,7.0,18.0,-44.86666666666667,1002.7125,0.46875,61.012499999999996,,297.0771831878734
2002-07-19,2002.0,200.0,7.0,19.0,-38.833333333333336,996.1125000000001,0.7777777777777778,68.65833333333333,,310.92186291591076
2002-07-20,2002.0,201.0,7.0,20.0,-45.675000000000004,986.4250000000001,0.325,60.9125,,77.46220736669508
2002-07-21,2002.0,202.0,7.0,21.0,-41.425000000000004,981.6083333333332,,66.58749999999999,,
2002-07-22,2002.0,203.0,7.0,22.0,-41.69047619047619,991.9047619047619,9.566666666666666,64.91818181818182,,177.24593935756187
2002-07-23,2002.0,204.0,7.0,23.0,-44.85909090909091,996.2863636363636,4.109090909090909,61.75909090909091,,176.08229578093068
2002-07-24,2002.0,205.0,7.0,24.0,-41.66190476190476,998.8,3.9181818181818184,65.07619047619048,,163.44674635906364
2002-07-25,2002.0,206.0,7.0,25.0,-39.635000000000005,999.0899999999999,1.18,67.725,,215.2995139362761
2002-07-26,2002.0,207.0,7.0,26.0,-41.05416666666667,995.0,1.6666666666666667,66.07083333333334,,239.99999999999994
2002-07-27,2002.0,208.0,7.0,27.0,-44.324999999999996,994.195652173913,0.75,62.050000000000004,,296.62607804538357
2002-07-28,2002.0,209.0,7.0,28.0,-35.09166666666667,979.6750000000001,1.7625,73.5,,228.6120781321473
2002-07-29,2002.0,210.0,7.0,29.0,-38.395833333333336,965.25,2.59,70.14166666666667,,207.1187722252812
2002-07-30,2002.0,211.0,7.0,30.0,-33.516666666666666,969.2333333333332,3.8666666666666667,75.45833333333333,,209.52147707176394
2002-07-31,2002.0,212.0,7.0,31.0,-33.44285714285714,984.0095238095239,7.714285714285714,75.4857142857143,,182.29049122411072
2002-08-01,2002.0,213.0,8.0,1.0,-39.445,985.2049999999999,3.0818181818181816,68.635,,208.92947750932075
2002-08-02,2002.0,214.0,8.0,2.0,-42.94347826086957,976.9869565217392,1.35,64.61304347826086,,326.0
2002-08-03,2002.0,215.0,8.0,3.0,-42.3125,974.6208333333334,2.5375,65.0,,251.90962484712318
2002-08-04,2002.0,216.0,8.0,4.0,-40.925000000000004,978.0791666666668,2.629166666666667,66.26666666666667,,220.7863337805633
2002-08-05,2002.0,217.0,8.0,5.0,-38.949999999999996,973.8458333333333,2.461111111111111,69.625,,308.063271721916
2002-08-06,2002.0,218.0,8.0,6.0,-43.4625,983.2083333333334,4.136363636363637,63.80416666666667,,190.49931470487246
2002-08-07,2002.0,219.0,8.0,7.0,-44.4125,999.0458333333332,2.4250000000000003,61.42916666666667,,186.83125113511062
2002-08-08,2002.0,220.0,8.0,8.0,-42.768181818181816,994.4227272727272,1.0380952380952382,63.41818181818182,,272.93161357394814
2002-08-09,2002.0,221.0,8.0,9.0,-47.58947368421053,983.1631578947367,0.5692307692307692,58.089999999999996,,304.6311266524671
2002-08-10,2002.0,222.0,8.0,10.0,-46.23684210526316,978.2368421052631,4.81875,59.21052631578947,,173.1439364674982
2002-08-11,2002.0,223.0,8.0,11.0,-45.839130434782604,970.2416666666667,3.7750000000000004,60.300000000000004,,207.39024203037258
2002-08-12,2002.0,224.0,8.0,12.0,-45.26666666666667,969.1958333333333,2.9714285714285715,60.958333333333336,,242.64995931884084
2002-08-13,2002.0,225.0,8.0,13.0,-41.762499999999996,980.5916666666667,7.386666666666667,65.38333333333334,,210.21069473487938
2002-08-14,2002.0,226.0,8.0,14.0,-43.68333333333334,989.8083333333334,1.8391304347826085,62.725,,225.23486174568882
2002-08-15,2002.0,227.0,8.0,15.0,-47.49130434782609,978.2681818181819,1.51,57.939130434782605,,111.04523804210001
2002-08-16,2002.0,228.0,8.0,16.0,-36.559090909090905,967.9772727272727,3.5681818181818183,71.52272727272727,,284.9347104488898
2002-08-17,2002.0,229.0,8.0,17.0,-38.760000000000005,972.6600000000001,2.3666666666666667,69.86,,327.8410321328817
2002-08-18,2002.0,230.0,8.0,18.0,-39.83809523809524,980.7,9.141666666666666,67.86666666666667,,192.70838404158886
2002-08-19,2002.0,231.0,8.0,19.0,-37.32608695652174,981.7695652173913,12.478260869565217,70.77391304347826,,187.66881276412403
2002-08-20,2002.0,232.0,8.0,20.0,-47.583333333333336,989.1958333333333,2.525,57.98333333333333,,164.71276035595602
2002-08-21,2002.0,233.0,8.0,21.0,-30.650000000000002,982.5916666666667,17.75,78.42083333333333,,185.6927170553916
2002-08-22,2002.0,234.0,8.0,22.0,-17.991666666666667,971.2291666666666,18.220833333333335,93.26666666666667,,200.58528809835178
2002-08-23,2002.0,235.0,8.0,23.0,-19.141666666666666,979.0208333333334,10.825,91.53750000000001,,190.75150593423677
2002-08-24,2002.0,236.0,8.0,24.0,-25.491304347826084,978.6043478260871,8.0,84.92173913043479,,197.99999999999997
2002-08-25,2002.0,237.0,8.0,25.0,-30.810526315789474,980.0842105263157,4.866666666666666,79.01052631578948,,166.0
2002-08-26,2002.0,238.0,8.0,26.0,-39.099999999999994,982.5111111111112,5.1,68.94444444444444,,166.0
2002-08-27,2002.0,239.0,8.0,27.0,-36.56521739130435,981.4782608695652,6.4,72.61739130434783,,256.0
2002-08-28,2002.0,240.0,8.0,28.0,-38.975,980.8041666666667,0.0,69.61666666666666,,0.0
2002-08-29,2002.0,241.0,8.0,29.0,-40.270833333333336,980.7291666666666,3.0375,67.2375,,355.0686337943185
2002-08-30,2002.0,242.0,8.0,30.0,-32.7125,981.5458333333332,15.616666666666667,75.74583333333334,,196.05438553827653
2002-08-31,2002.0,243.0,8.0,31.0,-28.308333333333334,981.775,8.983333333333333,81.10416666666667,,199.91659525538134
2002-09-01,2002.0,244.0,9.0,1.0,-24.97826086956522,990.408695652174,2.45,85.79565217391304,,83.0
2002-09-02,2002.0,245.0,9.0,2.0,-28.133333333333333,987.4428571428571,,82.96190476190476,,
2002-09-03,2002.0,246.0,9.0,3.0,-30.214285714285715,992.3,,79.91904761904762,,
2002-09-04,2002.0,247.0,9.0,4.0,-31.81739130434783,994.9608695652173,,78.27826086956522,,
2002-09-05,2002.0,248.0,9.0,5.0,-25.854166666666668,993.2291666666666,0.0,84.84166666666667,,0.0
2002-09-06,2002.0,249.0,9.0,6.0,-27.125,998.7416666666667,0.0,82.32083333333334,,0.0
2002-09-07,2002.0,250.0,9.0,7.0,-27.325,1005.0041666666666,0.0,75.90833333333333,,0.0
2002-09-08,2002.0,251.0,9.0,8.0,-32.770833333333336,1001.8083333333334,0.0,71.91666666666667,,0.0
2002-09-09,2002.0,252.0,9.0,9.0,-34.449999999999996,993.0208333333334,0.0,74.66666666666667,,0.0
2002-09-10,2002.0,253.0,9.0,10.0,-41.49523809523809,991.952380952381,0.0,66.17619047619048,,0.0
2002-09-11,2002.0,254.0,9.0,11.0,-37.1,986.4318181818181,0.0,71.47727272727273,,0.0
2002-09-12,2002.0,255.0,9.0,12.0,-21.395238095238096,979.0428571428572,0.0,88.68571428571428,,0.0
2002-09-13,2002.0,256.0,9.0,13.0,-18.3,977.5875,0.0,91.53333333333335,,0.0
2002-09-14,2002.0,257.0,9.0,14.0,-20.966666666666665,985.2541666666666,0.0,89.26666666666667,,0.0
2002-09-15,2002.0,258.0,9.0,15.0,-22.904347826086955,987.9652173913043,0.0,87.11304347826086,,0.0
2002-09-16,2002.0,259.0,9.0,16.0,-22.070833333333336,967.8041666666667,0.15416666666666667,85.425,,2.2631216096234605
2002-09-17,2002.0,260.0,9.0,17.0,-14.109523809523811,955.2727272727273,2.118181818181818,92.25555555555555,,355.8354899595327
2002-09-18,2002.0,261.0,9.0,18.0,-16.045454545454547,979.3136363636364,13.677272727272726,94.18181818181819,,203.25547410006172
2002-09-19,2002.0,262.0,9.0,19.0,-19.110526315789475,997.0947368421052,4.61578947368421,86.21052631578948,,216.89561093699285
2002-09-20,2002.0,263.0,9.0,20.0,-26.5625,998.6083333333332,5.625,76.2375,,188.90110964309545
2002-09-21,2002.0,264.0,9.0,21.0,-30.566666666666666,998.0458333333332,8.875,75.78333333333333,,180.6707331380936
2002-09-22,2002.0,265.0,9.0,22.0,-36.1625,991.775,6.957894736842104,67.85833333333333,,184.32316661268786
2002-09-23,2002.0,266.0,9.0,23.0,-36.59166666666667,980.3625000000001,3.01,62.612500000000004,,186.07025146558624
2002-09-24,2002.0,267.0,9.0,24.0,-36.336363636363636,979.8863636363636,2.0461538461538464,65.22272727272728,,203.0336603158661
2002-09-25,2002.0,268.0,9.0,25.0,-31.956521739130434,982.5652173913044,0.2,74.35217391304347,,83.0
2002-09-26,2002.0,269.0,9.0,26.0,-36.135000000000005,994.8950000000001,5.995,72.67999999999999,,186.15882511967132
2002-09-27,2002.0,270.0,9.0,27.0,-29.99473684210526,992.1263157894738,8.868421052631579,77.67368421052632,,193.78583125263322
2002-09-28,2002.0,271.0,9.0,28.0,-25.375,983.8399999999999,10.525,80.245,,194.94735016916397
2002-09-29,2002.0,272.0,9.0,29.0,-26.150000000000002,979.5583333333334,8.8375,72.78750000000001,,193.87493237674818
2002-09-30,2002.0,273.0,9.0,30.0,-22.079166666666666,982.1791666666667,11.395833333333334,79.43333333333334,,186.91125876924568
2002-10-01,2002.0,274.0,10.0,1.0,-21.083333333333332,984.7666666666668,10.3375,85.75833333333333,0.0,189.93877243300437
2002-10-02,2002.0,275.0,10.0,2.0,-19.675,985.6625,6.0375000000000005,86.52083333333333,,188.67615210245128
2002-10-03,2002.0,276.0,10.0,3.0,-21.982608695652175,988.9,6.726086956521739,83.38260869565217,,196.72469141823692
2002-10-04,2002.0,277.0,10.0,4.0,-25.456521739130434,988.8521739130434,5.778260869565218,82.86521739130436,,186.66312601012334
2002-10-05,2002.0,278.0,10.0,5.0,-22.210526315789473,988.1368421052631,5.2368421052631575,83.01052631578948,,272.60818858977825
2002-10-06,2002.0,279.0,10.0,6.0,-26.55217391304348,996.1695652173913,8.934782608695652,78.92608695652174,,179.65728849287294
2002-10-07,2002.0,280.0,10.0,7.0,-30.545454545454547,998.6,3.2636363636363637,70.33636363636364,,178.7767338244929
2002-10-08,2002.0,281.0,10.0,8.0,-31.066666666666666,1005.2333333333332,1.6083333333333334,68.84583333333333,,212.00186547336568
2002-10-09,2002.0,282.0,10.0,9.0,-26.2375,1008.8291666666668,2.8041666666666667,65.77083333333333,,220.2502928632027
2002-10-10,2002.0,283.0,10.0,10.0,-27.691666666666666,1003.1666666666666,3.1374999999999997,73.08333333333333,,129.13488113714092
2002-10-11,2002.0,284.0,10.0,11.0,-22.03333333333333,986.85,3.2874999999999996,72.97083333333333,,349.3538894627208
2002-10-12,2002.0,285.0,10.0,12.0,-29.082608695652173,997.195652173913,9.304347826086957,76.88260869565217,,173.01446262244386
2002-10-13,2002.0,286.0,10.0,13.0,-25.452173913043477,997.991304347826,9.126086956521739,77.34347826086956,,189.2678874553179
2002-10-14,2002.0,287.0,10.0,14.0,-28.30454545454546,996.0727272727272,7.281818181818181,68.9590909090909,,203.5478462163073
2002-10-15,2002.0,288.0,10.0,15.0,-25.195833333333336,995.9416666666666,9.433333333333334,74.93333333333334,,181.83612310712465
2002-10-16,2002.0,289.0,10.0,16.0,-22.754166666666666,996.5458333333332,9.663157894736841,79.51666666666667,,186.6237816564062
2002-10-17,2002.0,290.0,10.0,17.0,-22.308333333333334,998.6374999999999,,77.37083333333334,,
2002-10-18,2002.0,291.0,10.0,18.0,-21.741666666666664,997.9666666666667,5.540000000000001,75.3625,,153.59903790166388
2002-10-19,2002.0,292.0,10.0,19.0,-20.795454545454547,990.7818181818183,6.6863636363636365,81.33181818181818,,167.09444201153136
2002-10-20,2002.0,293.0,10.0,20.0,-19.430434782608696,982.8652173913044,2.8739130434782605,79.19565217391305,,289.2653266299622
2002-10-21,2002.0,294.0,10.0,21.0,-18.8,976.6428571428571,6.404761904761905,78.4095238095238,,229.39676376008217
2002-10-22,2002.0,295.0,10.0,22.0,-13.895238095238096,965.3380952380952,11.957142857142857,90.78095238095239,,276.71305195256565
2002-10-23,2002.0,296.0,10.0,23.0,-16.070833333333333,970.0583333333334,8.791666666666666,83.97083333333333,,214.92356436088184
2002-10-24,2002.0,297.0,10.0,24.0,-16.929166666666667,987.6458333333334,3.1833333333333336,80.62083333333334,,290.1418307256363
2002-10-25,2002.0,298.0,10.0,25.0,-19.979166666666668,998.8083333333334,3.829166666666667,73.72083333333333,,180.77073107196716
2002-10-26,2002.0,299.0,10.0,26.0,-21.960869565217394,1002.65,4.833333333333333,68.21249999999999,,154.66717930710004
2002-10-27,2002.0,300.0,10.0,27.0,-23.708695652173912,992.625,0.0,74.7625,,0.0
2002-10-28,2002.0,301.0,10.0,28.0,-24.900000000000002,985.2260869565217,5.3,63.7695652173913,,232.3388646561874
2002-10-29,2002.0,302.0,10.0,29.0,-20.794736842105266,983.515,12.715,81.965,,193.13495084774485
2002-10-30,2002.0,303.0,10.0,30.0,-18.09,978.4950000000001,10.815000000000001,81.405,,186.4401924169915
2002-10-31,2002.0,304.0,10.0,31.0,-21.891304347826086,988.9347826086956,6.034782608695653,77.07391304347826,,161.03973113715168
2002-11-01,2002.0,305.0,11.0,1.0,-17.378260869565217,1004.8217391304348,13.92608695652174,89.6391304347826,,187.48377225694793
2002-11-02,2002.0,306.0,11.0,2.0,-13.404166666666667,1002.8666666666667,6.826666666666667,75.5625,,186.99734483443262
2002-11-03,2002.0,307.0,11.0,3.0,-11.237499999999999,990.2624999999999,8.845454545454546,80.66818181818182,,175.23420015102067
2002-11-04,2002.0,308.0,11.0,4.0,-13.633333333333333,989.2875,4.915384615384616,78.96666666666667,,192.8040544050413
2002-11-05,2002.0,309.0,11.0,5.0,-12.365217391304347,988.5043478260869,2.8047619047619046,79.03478260869565,,250.01374649289005
2002-11-06,2002.0,310.0,11.0,6.0,-13.494444444444445,987.3736842105262,1.7894736842105263,73.28947368421052,,238.28827803375242
2002-11-07,2002.0,311.0,11.0,7.0,-15.555000000000001,985.45,7.44,85.805,,199.6855518787279
2002-11-08,2002.0,312.0,11.0,8.0,-13.904545454545454,983.3590909090909,12.490909090909092,91.05909090909091,,204.27032456558254
2002-11-09,2002.0,313.0,11.0,9.0,-15.328571428571427,980.9904761904761,3.8476190476190473,66.95238095238095,,229.23214782390443
2002-11-10,2002.0,314.0,11.0,10.0,-16.354545454545455,986.5090909090909,,52.88181818181818,,
2002-11-11,2002.0,315.0,11.0,11.0,-15.945833333333333,996.2416666666667,4.5125,65.40416666666667,,162.8691882567234
2002-11-12,2002.0,316.0,11.0,12.0,-14.920833333333334,994.4291666666667,10.2875,88.68333333333334,,180.0842360138169
2002-11-13,2002.0,317.0,11.0,13.0,-15.75,990.9454545454545,10.4,88.46363636363637,,188.90440096697262
2002-11-14,2002.0,318.0,11.0,14.0,-16.07894736842105,989.6473684210526,5.968421052631579,82.43157894736842,,174.41652288918232
2002-11-15,2002.0,319.0,11.0,15.0,-14.27,987.335,9.05,86.015,,185.6590596494687
2002-11-16,2002.0,320.0,11.0,16.0,-12.621739130434783,984.5478260869564,4.182608695652174,73.6608695652174,,231.88196970982577
2002-11-17,2002.0,321.0,11.0,17.0,-11.85,977.1583333333333,2.3416666666666663,69.16666666666667,,311.6248758367766
2002-11-18,2002.0,322.0,11.0,18.0,-14.079166666666666,976.8041666666667,2.1416666666666666,66.42916666666666,,151.63612956414076
2002-11-19,2002.0,323.0,11.0,19.0,-17.283333333333335,977.5458333333332,3.0375,63.51666666666667,,154.7940829939343
2002-11-20,2002.0,324.0,11.0,20.0,-15.7125,972.8125,2.1791666666666667,75.18333333333332,,65.85972444915217
2002-11-21,2002.0,325.0,11.0,21.0,-9.991304347826087,973.6391304347826,3.5304347826086957,81.20869565217392,,355.98471557520253
2002-11-22,2002.0,326.0,11.0,22.0,-11.905,979.7136363636364,2.127272727272727,75.38181818181819,,50.43339271416424
2002-11-23,2002.0,327.0,11.0,23.0,-14.621052631578948,982.9526315789473,5.563157894736842,78.88421052631578,,206.17161687160387
2002-11-24,2002.0,328.0,11.0,24.0,-15.079166666666666,985.7041666666668,4.141666666666667,72.02083333333333,,186.6308299878888
2002-11-25,2002.0,329.0,11.0,25.0,-16.733333333333334,978.9291666666667,3.2083333333333335,69.85833333333333,,208.8088179205188
2002-11-26,2002.0,330.0,11.0,26.0,-15.395652173913044,970.7125,1.1666666666666667,48.229166666666664,,94.15212021041351
2002-11-27,2002.0,331.0,11.0,27.0,-14.237499999999999,970.8000000000001,3.5416666666666665,68.8625,,171.59114239863393
2002-11-28,2002.0,332.0,11.0,28.0,-13.991666666666667,981.5500000000001,6.370833333333334,73.05,,180.96967934882832
2002-11-29,2002.0,333.0,11.0,29.0,-15.229166666666666,982.9666666666667,8.283333333333333,83.47916666666667,,190.37042076928986
2002-11-30,2002.0,334.0,11.0,30.0,-14.434999999999999,977.65,3.7649999999999997,70.53,,214.4203193466419
2002-12-01,2002.0,335.0,12.0,1.0,-13.066666666666666,969.4649999999999,2.285,63.515,,271.70857851906305
2002-12-02,2002.0,336.0,12.0,2.0,-14.113636363636363,965.9318181818181,7.259090909090909,81.05454545454546,,193.03276422343546
2002-12-03,2002.0,337.0,12.0,3.0,-11.420833333333334,967.5875,7.875,85.95833333333333,,185.49524252010391
2002-12-04,2002.0,338.0,12.0,4.0,-8.620833333333334,976.0041666666666,6.7375,83.63333333333334,,199.41912459639707
2002-12-05,2002.0,339.0,12.0,5.0,-9.120833333333334,984.5666666666666,1.8333333333333333,58.23333333333333,,230.34255378577694
2002-12-06,2002.0,340.0,12.0,6.0,-4.78695652173913,985.7916666666666,2.25,63.112500000000004,,351.2698173068357
2002-12-07,2002.0,341.0,12.0,7.0,-5.5636363636363635,983.7304347826087,0.8739130434782609,56.660869565217396,,83.2126604961028
2002-12-08,2002.0,342.0,12.0,8.0,-8.014285714285714,978.5136363636364,1.8590909090909091,69.0409090909091,,182.861164880286
2002-12-09,2002.0,343.0,12.0,9.0,-5.794117647058823,974.061111111111,2.761111111111111,71.11111111111111,,312.77715598494314
2002-12-10,2002.0,344.0,12.0,10.0,-7.957142857142857,971.2809523809525,4.104761904761905,75.01904761904763,,158.36782919694147
2002-12-11,2002.0,345.0,12.0,11.0,-10.8,977.5619047619048,3.304761904761905,67.07619047619048,,168.96774164860838
2002-12-12,2002.0,346.0,12.0,12.0,-5.895833333333333,980.5124999999999,2.558333333333333,69.36666666666666,,317.6927877960725
2002-12-13,2002.0,347.0,12.0,13.0,-4.216666666666667,978.8249999999999,1.5458333333333334,62.854166666666664,,313.7316241644878
2002-12-14,2002.0,348.0,12.0,14.0,-5.129166666666666,978.2291666666666,2.466666666666667,68.75833333333334,,108.33258341496449
2002-12-15,2002.0,349.0,12.0,15.0,-13.470833333333333,980.6833333333334,3.720833333333333,77.57916666666667,,140.03267514843222
2002-12-16,2002.0,350.0,12.0,16.0,-15.609090909090911,981.0045454545453,3.7045454545454546,75.0409090909091,,163.71556992272545
2002-12-17,2002.0,351.0,12.0,17.0,-15.445454545454545,979.3272727272728,5.054545454545455,75.53181818181818,,175.73030756052506
2002-12-18,2002.0,352.0,12.0,18.0,-10.840909090909092,975.5318181818183,9.627272727272727,80.10909090909091,,198.82431123276783
2002-12-19,2002.0,353.0,12.0,19.0,-7.3125,975.2416666666667,11.125,92.97999999999999,,182.2222744917751
2002-12-20,2002.0,354.0,12.0,20.0,-6.4875,978.975,6.041666666666667,88.30833333333334,,160.70061773932497
2002-12-21,2002.0,355.0,12.0,21.0,-7.370833333333334,981.0208333333334,4.429166666666666,83.49583333333334,,168.04669700650317
2002-12-22,2002.0,356.0,12.0,22.0,-7.083333333333333,981.1916666666666,7.695833333333333,91.07083333333333,,195.92633555297266
2002-12-23,2002.0,357.0,12.0,23.0,-7.095833333333334,985.0958333333333,6.104166666666667,89.91250000000001,,187.88607680324807
2002-12-24,2002.0,358.0,12.0,24.0,-7.083333333333333,986.0124999999999,5.8875,87.3625,,193.67524497484874
2002-12-25,2002.0,359.0,12.0,25.0,-7.223809523809523,980.905,6.83,87.3952380952381,,192.1052327874478
2002-12-26,2002.0,360.0,12.0,26.0,-7.136363636363637,979.7818181818183,8.677272727272728,90.58636363636364,,194.35957131212152
2002-12-27,2002.0,361.0,12.0,27.0,-5.773913043478261,986.4173913043478,7.1695652173913045,90.62272727272727,,207.4564531302976
2002-12-28,2002.0,362.0,12.0,28.0,-4.7124999999999995,988.725,4.079166666666667,80.08333333333333,,232.0540166795342
2002-12-29,2002.0,363.0,12.0,29.0,-5.854545454545455,985.4166666666666,1.6375,76.44347826086957,,259.01210107674416
2002-12-30,2002.0,364.0,12.0,30.0,-5.654166666666666,985.6916666666666,1.9666666666666668,70.64583333333333,,223.21843615795606
2002-12-31,2002.0,365.0,12.0,31.0,-7.129166666666666,985.0208333333334,3.1625,81.65416666666667,,220.2489805127348
2003-01-01,2003.0,1.0,1.0,1.0,-4.283333333333333,981.8913043478261,3.8590909090909093,76.46818181818182,,217.59637258832768
2003-01-02,2003.0,2.0,1.0,2.0,-4.704761904761905,988.0761904761904,6.39047619047619,84.22857142857143,,194.88564147134542
2003-01-03,2003.0,3.0,1.0,3.0,-4.927777777777778,990.0041666666666,2.0208333333333335,80.31666666666666,,268.1826504431968
2003-01-04,2003.0,4.0,1.0,4.0,-4.425,990.125,6.458333333333333,91.05416666666667,,193.13240922533177
2003-01-05,2003.0,5.0,1.0,5.0,-5.058333333333334,991.6541666666667,4.154166666666667,84.41250000000001,,194.71826942873568
2003-01-06,2003.0,6.0,1.0,6.0,-5.1869565217391305,989.7083333333334,3.5041666666666664,78.64166666666667,,191.32467391183548
2003-01-07,2003.0,7.0,1.0,7.0,-3.954166666666667,987.4499999999999,8.450000000000001,78.41666666666667,,204.71101763348454
2003-01-08,2003.0,8.0,1.0,8.0,-2.8541666666666665,990.8458333333333,8.3125,92.16363636363637,,191.55057891426222
2003-01-09,2003.0,9.0,1.0,9.0,-3.7952380952380955,997.8761904761906,3.342857142857143,85.80952380952381,,222.85577841022408
2003-01-10,2003.0,10.0,1.0,10.0,-2.2904761904761903,995.695238095238,5.095238095238095,84.8,,336.86836373384426
2003-01-11,2003.0,11.0,1.0,11.0,-5.095000000000001,992.9476190476191,4.92,79.61,,195.85595468755582
2003-01-12,2003.0,12.0,1.0,12.0,-6.322727272727272,995.5375,3.0500000000000003,76.83749999999999,,185.7224013832985
2003-01-13,2003.0,13.0,1.0,13.0,-6.891304347826087,998.0875,2.4250000000000003,75.50416666666666,,123.19930432878864
2003-01-14,2003.0,14.0,1.0,14.0,-7.605882352941177,997.6826086956522,2.1695652173913045,67.4,,198.08745406900167
2003-01-15,2003.0,15.0,1.0,15.0,-8.247826086956522,991.7708333333334,2.4291666666666667,68.7375,,245.3339573494938
2003-01-16,2003.0,16.0,1.0,16.0,-8.208695652173914,993.9173913043478,5.182608695652174,82.75217391304348,,206.10402290076843
2003-01-17,2003.0,17.0,1.0,17.0,-8.276190476190477,996.0869565217391,4.739130434782608,80.35909090909091,,209.8046394931155
2003-01-18,2003.0,18.0,1.0,18.0,-8.723809523809523,995.742857142857,10.314285714285713,91.14285714285714,,199.8566161706258
2003-01-19,2003.0,19.0,1.0,19.0,-5.536842105263158,988.1684210526316,12.763157894736842,90.16,,201.38979020952726
2003-01-20,2003.0,20.0,1.0,20.0,-3.0625,992.3458333333333,11.799999999999999,98.13333333333333,,193.88933936757584
2003-01-21,2003.0,21.0,1.0,21.0,-3.3833333333333333,999.2875,11.316666666666668,97.17272727272729,,183.70920012593317
2003-01-22,2003.0,22.0,1.0,22.0,-3.591666666666667,999.0333333333333,5.283333333333333,91.12916666666666,,171.39532038147783
2003-01-23,2003.0,23.0,1.0,23.0,-1.2263157894736842,993.7416666666667,2.3916666666666666,83.82777777777778,,140.10443251113372
2003-01-24,2003.0,24.0,1.0,24.0,-4.008695652173913,995.204347826087,5.57391304347826,91.58695652173913,,175.42594518696797
2003-01-25,2003.0,25.0,1.0,25.0,-6.891666666666667,995.6999999999999,8.420833333333333,91.46249999999999,,186.08334179170507
2003-01-26,2003.0,26.0,1.0,26.0,-7.71578947368421,993.9318181818181,3.790909090909091,81.08181818181818,,180.69394639328075
2003-01-27,2003.0,27.0,1.0,27.0,-8.961111111111112,988.8954545454545,1.968181818181818,70.67272727272727,,173.4173642867527
2003-01-28,2003.0,28.0,1.0,28.0,-11.092857142857143,983.9318181818181,1.4090909090909092,59.665,,115.21226830431068
2003-01-29,2003.0,29.0,1.0,29.0,-12.49047619047619,979.3833333333333,1.8458333333333332,65.31818181818181,,129.3589545188339
2003-01-30,2003.0,30.0,1.0,30.0,-11.447058823529412,977.9,1.5958333333333332,63.40869565217392,,106.0103831918925
2003-01-31,2003.0,31.0,1.0,31.0,-11.715,981.6958333333333,4.454166666666667,76.46666666666667,,185.42985386585673
2003-02-01,2003.0,32.0,2.0,1.0,-10.9,982.5217391304348,7.817391304347827,91.07826086956523,,188.63063315073975
2003-02-02,2003.0,33.0,2.0,2.0,-17.04285714285714,982.952380952381,5.976190476190476,81.83809523809524,,198.109542463536
2003-02-03,2003.0,34.0,2.0,3.0,-15.242105263157896,984.5157894736842,7.652631578947369,81.2578947368421,,192.07302407316712
2003-02-04,2003.0,35.0,2.0,4.0,-14.830000000000002,985.055,8.35,79.85499999999999,,199.89122812154375
2003-02-05,2003.0,36.0,2.0,5.0,-15.257142857142856,984.8571428571429,4.685714285714286,76.88571428571429,,185.47647622411475
2003-02-06,2003.0,37.0,2.0,6.0,-10.5875,987.6999999999999,5.304166666666666,75.44166666666666,,216.15867668630995
2003-02-07,2003.0,38.0,2.0,7.0,-8.424999999999999,988.9499999999999,9.166666666666666,90.97083333333335,,207.9773067857327
2003-02-08,2003.0,39.0,2.0,8.0,-11.829166666666666,988.0541666666667,7.029166666666666,79.1,,214.55565925753547
2003-02-09,2003.0,40.0,2.0,9.0,-13.229166666666666,991.2291666666666,5.616666666666667,79.78333333333333,,202.6415177193291
2003-02-10,2003.0,41.0,2.0,10.0,-13.49,995.7695652173913,3.0521739130434784,72.34347826086957,,224.23971809561118
2003-02-11,2003.0,42.0,2.0,11.0,-10.433333333333334,994.0200000000001,1.2,69.84375,,283.71417985653056
2003-02-12,2003.0,43.0,2.0,12.0,-13.88125,993.6714285714285,2.0100000000000002,79.28571428571429,,183.0847357032535
2003-02-13,2003.0,44.0,2.0,13.0,-14.416666666666666,996.155,1.8850000000000002,80.185,,91.4440299660595
2003-02-14,2003.0,45.0,2.0,14.0,-9.908333333333333,996.5916666666667,4.695833333333334,86.75833333333333,,59.382385304347736
2003-02-15,2003.0,46.0,2.0,15.0,-13.5375,999.8208333333333,4.2,90.31666666666666,,198.9452084869935
2003-02-16,2003.0,47.0,2.0,16.0,-13.459999999999999,1004.3958333333334,2.8000000000000003,82.04583333333333,,164.72856278887278
2003-02-17,2003.0,48.0,2.0,17.0,-9.87142857142857,1001.8833333333333,1.6666666666666667,77.22105263157896,,273.6787833274164
2003-02-18,2003.0,49.0,2.0,18.0,-15.352631578947367,995.6772727272728,3.0545454545454547,74.21818181818182,,153.14926457871033
2003-02-19,2003.0,50.0,2.0,19.0,-18.010526315789473,993.0956521739131,4.030434782608696,72.36521739130436,,181.96088584788427
2003-02-20,2003.0,51.0,2.0,20.0,-15.511764705882353,986.5833333333334,5.072222222222222,83.69999999999999,,250.5440142084911
2003-02-21,2003.0,52.0,2.0,21.0,-12.208333333333334,977.9,12.245833333333332,94.44166666666666,,200.48562608480853
2003-02-22,2003.0,53.0,2.0,22.0,-14.604166666666666,983.1791666666667,9.299999999999999,90.30833333333334,,194.37273549921593
2003-02-23,2003.0,54.0,2.0,23.0,-16.03,992.0041666666666,2.7624999999999997,84.22083333333333,,183.91857428953557
2003-02-24,2003.0,55.0,2.0,24.0,-11.793333333333333,986.02,8.78,88.77333333333333,,196.34926799782292
2003-02-25,2003.0,56.0,2.0,25.0,-18.6625,994.25,3.54,84.1,,271.2793844380414
2003-02-26,2003.0,57.0,2.0,26.0,-13.31304347826087,992.7454545454547,5.469565217391304,83.57826086956521,,208.68489424300589
2003-02-27,2003.0,58.0,2.0,27.0,-18.343478260869563,990.508695652174,6.634782608695652,76.80869565217391,,206.1560214359107
2003-02-28,2003.0,59.0,2.0,28.0,-22.647368421052633,993.6947368421053,3.115789473684211,77.09473684210526,,212.6519751761303
2003-03-01,2003.0,60.0,3.0,1.0,-18.88888888888889,999.6809523809524,2.4904761904761905,83.58571428571429,,201.9677554134764
2003-03-02,2003.0,61.0,3.0,2.0,-19.96086956521739,999.35,2.620833333333333,85.14999999999999,,168.67099679309575
2003-03-03,2003.0,62.0,3.0,3.0,-17.510526315789473,995.8041666666667,2.4291666666666667,83.39166666666667,,36.5636699900857
2003-03-04,2003.0,63.0,3.0,4.0,-25.97222222222222,1002.975,2.2041666666666666,77.39583333333333,,201.85389821597255
2003-03-05,2003.0,64.0,3.0,5.0,-23.256521739130434,1001.8958333333334,7.345833333333334,81.79583333333333,,193.73318875342508
2003-03-06,2003.0,65.0,3.0,6.0,-17.05263157894737,990.5130434782608,2.517391304347826,86.45652173913044,,348.66491618184807
2003-03-07,2003.0,66.0,3.0,7.0,-22.677272727272726,990.6136363636364,3.6545454545454548,82.46818181818182,,203.9208111991075
2003-03-08,2003.0,67.0,3.0,8.0,-24.830434782608698,995.9478260869565,3.273913043478261,71.02608695652174,,165.7113186453746
2003-03-09,2003.0,68.0,3.0,9.0,-28.29047619047619,993.4045454545455,5.004545454545454,75.42272727272727,,203.52876533180563
2003-03-10,2003.0,69.0,3.0,10.0,-34.1,992.7291666666666,2.0208333333333335,69.24347826086957,,184.85274104211328
2003-03-11,2003.0,70.0,3.0,11.0,-31.558333333333334,995.2958333333332,4.3125,74.83749999999999,,201.86840287661977
2003-03-12,2003.0,71.0,3.0,12.0,-30.90833333333333,1001.2791666666667,5.4375,71.47916666666667,,194.04321429761455
2003-03-13,2003.0,72.0,3.0,13.0,-35.9,999.2416666666667,5.55,67.87916666666666,,196.60696191685977
2003-03-14,2003.0,73.0,3.0,14.0,-35.13913043478261,1001.4652173913043,4.365217391304348,65.47826086956522,,217.28177306783527
2003-03-15,2003.0,74.0,3.0,15.0,-29.75909090909091,995.8318181818181,13.013636363636364,73.33181818181818,,199.90370567474443
2003-03-16,2003.0,75.0,3.0,16.0,-18.29,979.125,17.325,90.25,,226.95324555114885
2003-03-17,2003.0,76.0,3.0,17.0,-19.415,975.4200000000001,4.34,85.36,,302.31983276332056
2003-03-18,2003.0,77.0,3.0,18.0,-22.738095238095237,980.9476190476191,4.747619047619048,82.68571428571428,,190.44795973029625
2003-03-19,2003.0,78.0,3.0,19.0,-25.595,978.15,5.01,79.475,,167.4915381197132
2003-03-20,2003.0,79.0,3.0,20.0,-28.412499999999998,975.3791666666666,6.983333333333333,75.875,,199.11963382637512
2003-03-21,2003.0,80.0,3.0,21.0,-29.370833333333334,969.4250000000001,6.033333333333334,68.29166666666667,,213.76870857971966
2003-03-22,2003.0,81.0,3.0,22.0,-16.849999999999998,957.7434782608696,15.829166666666666,91.03333333333335,,220.5804587106261
2003-03-23,2003.0,82.0,3.0,23.0,-16.95714285714286,964.3380952380952,13.680952380952382,93.35714285714286,,201.81109698221164
2003-03-24,2003.0,83.0,3.0,24.0,-16.293333333333333,971.8866666666667,6.706666666666666,83.88666666666667,,204.56966304179687
2003-03-25,2003.0,84.0,3.0,25.0,-19.775,987.025,5.665,79.465,,205.9895086370847
2003-03-26,2003.0,85.0,3.0,26.0,-19.166666666666668,985.5217391304348,1.0434782608695652,89.55217391304348,,2.7479534733561923
2003-03-27,2003.0,86.0,3.0,27.0,-27.743478260869566,978.3136363636364,3.6217391304347823,79.81818181818181,,212.4788555538721
2003-03-28,2003.0,87.0,3.0,28.0,-27.493333333333332,972.0416666666666,1.4416666666666667,80.59583333333333,,250.73156491899363
2003-03-29,2003.0,88.0,3.0,29.0,-17.163636363636364,969.0041666666666,4.2250000000000005,93.92916666666667,,289.6835586124255
2003-03-30,2003.0,89.0,3.0,30.0,-18.920833333333334,984.5041666666666,11.108333333333334,90.34166666666665,,205.44559483844637
2003-03-31,2003.0,90.0,3.0,31.0,-22.4375,992.7666666666668,2.6,83.81666666666668,,195.29481204431625
2003-04-01,2003.0,91.0,4.0,1.0,-26.470588235294116,991.8352941176471,3.5941176470588236,78.82941176470588,,207.06395037501213
2003-04-02,2003.0,92.0,4.0,2.0,-34.9,991.4347826086956,3.930434782608696,71.66521739130435,,210.0170116147537
2003-04-03,2003.0,93.0,4.0,3.0,-35.76,989.7666666666668,1.6916666666666667,72.71249999999999,,210.5709565713369
2003-04-04,2003.0,94.0,4.0,4.0,-35.86,986.5749999999999,2.466666666666667,73.07083333333334,,222.56956874497752
2003-04-05,2003.0,95.0,4.0,5.0,-30.37391304347826,986.3958333333334,2.243478260869565,79.38333333333334,,236.7140452435405
2003-04-06,2003.0,96.0,4.0,6.0,-27.46666666666667,983.5958333333333,3.3249999999999997,83.33749999999999,,251.10875123070127
2003-04-07,2003.0,97.0,4.0,7.0,-24.09583333333333,976.0375,3.3333333333333335,86.89166666666667,,269.202827672544
2003-04-08,2003.0,98.0,4.0,8.0,-24.55,970.6521739130435,2.869565217391304,86.47826086956522,,282.1554121904902
2003-04-09,2003.0,99.0,4.0,9.0,-23.169999999999998,974.97,5.5,88.05,,275.9237910227009
2003-04-10,2003.0,100.0,4.0,10.0,-30.225,981.2700000000001,6.705,79.72999999999999,,192.8126903347011
2003-04-11,2003.0,101.0,4.0,11.0,-31.08181818181818,991.0818181818181,6.2318181818181815,78.94090909090909,,199.238253869028
2003-04-12,2003.0,102.0,4.0,12.0,-36.5304347826087,983.8125,2.9916666666666667,72.5,,217.9365603778765
2003-04-13,2003.0,103.0,4.0,13.0,-39.65555555555555,967.9375,1.4749999999999999,68.27499999999999,,228.9509738076649
2003-04-14,2003.0,104.0,4.0,14.0,-28.258823529411764,963.5375,2.154166666666667,80.44166666666666,,324.4964156404181
2003-04-15,2003.0,105.0,4.0,15.0,-40.47083333333333,982.025,1.7666666666666666,67.39999999999999,,200.16237942986842
2003-04-16,2003.0,106.0,4.0,16.0,-32.76521739130435,972.8000000000001,1.091304347826087,76.47391304347826,,296.26821213943055
2003-04-17,2003.0,107.0,4.0,17.0,-27.24090909090909,964.5545454545455,0.3904761904761904,83.13636363636364,,308.4312915291185
2003-04-18,2003.0,108.0,4.0,18.0,-32.752631578947366,966.0684210526315,0.5684210526315789,76.7578947368421,,164.65160668025183
2003-04-19,2003.0,109.0,4.0,19.0,-26.435000000000002,965.265,6.5,83.52000000000001,,238.2348461175897
2003-04-20,2003.0,110.0,4.0,20.0,-25.233333333333334,952.1833333333334,3.5083333333333333,85.07916666666667,,252.37421576305042
2003-04-21,2003.0,111.0,4.0,21.0,-16.545833333333334,953.7666666666668,12.8375,94.4375,,197.93718088132908
2003-04-22,2003.0,112.0,4.0,22.0,-28.258333333333336,978.0500000000001,8.516666666666667,82.27083333333333,,191.36987895376814
2003-04-23,2003.0,113.0,4.0,23.0,-28.349999999999998,986.6041666666666,12.479166666666666,81.8875,,198.3431953260501
2003-04-24,2003.0,114.0,4.0,24.0,-32.07083333333333,989.1958333333333,6.616666666666667,77.21249999999999,,209.35461579548684
2003-04-25,2003.0,115.0,4.0,25.0,-29.39090909090909,982.1863636363636,3.8363636363636364,80.03181818181818,,170.07199727133107
2003-04-26,2003.0,116.0,4.0,26.0,-29.314999999999998,984.53,4.68,76.94500000000001,,165.95334765068282
2003-04-27,2003.0,117.0,4.0,27.0,-34.04545454545455,993.5636363636364,6.140909090909091,74.2,,201.9988920965455
2003-04-28,2003.0,118.0,4.0,28.0,-38.27916666666667,993.8625000000001,4.820833333333334,69.90833333333333,,190.66795017041568
2003-04-29,2003.0,119.0,4.0,29.0,-41.1,992.1541666666667,4.091666666666667,66.125,,185.22501544455864
2003-04-30,2003.0,120.0,4.0,30.0,-38.920833333333334,989.725,2.345833333333333,68.86666666666666,,183.86645190035844
2003-05-01,2003.0,121.0,5.0,1.0,-39.020833333333336,993.9041666666667,3.329166666666667,68.75416666666666,,192.3514630414685
2003-05-02,2003.0,122.0,5.0,2.0,-34.46086956521739,999.6304347826087,8.156521739130435,74.41739130434782,,200.2532718595386
2003-05-03,2003.0,123.0,5.0,3.0,-34.047826086956526,1002.7086956521739,7.707692307692308,74.24347826086957,,200.84375875245513
2003-05-04,2003.0,124.0,5.0,4.0,-35.07,1000.7950000000001,8.266666666666667,72.355,,200.3735890686424
2003-05-05,2003.0,125.0,5.0,5.0,-33.762499999999996,996.6708333333332,8.466666666666667,73.8,,188.8621841728452
2003-05-06,2003.0,126.0,5.0,6.0,-35.25416666666667,991.2041666666668,10.104166666666666,73.22500000000001,,198.68467604292684
2003-05-07,2003.0,127.0,5.0,7.0,-22.686956521739127,978.9304347826088,17.569565217391304,85.50434782608696,,211.2247289869824
2003-05-08,2003.0,128.0,5.0,8.0,-18.804166666666667,976.1583333333333,15.320833333333333,85.59166666666665,0.0,209.28594802167973
2003-05-09,2003.0,129.0,5.0,9.0,-24.995833333333334,979.2416666666667,8.254166666666666,80.83478260869565,,214.16679660581838
2003-05-10,2003.0,130.0,5.0,10.0,-28.77916666666667,973.2166666666667,7.166666666666667,78.35833333333333,,206.0657869491534
2003-05-11,2003.0,131.0,5.0,11.0,-30.285000000000004,970.1899999999999,5.4,76.42,,208.84146142179264
2003-05-12,2003.0,132.0,5.0,12.0,-26.94285714285714,971.2904761904762,5.347619047619047,81.9,,219.3466750058417
2003-05-13,2003.0,133.0,5.0,13.0,-30.652173913043477,965.3391304347825,4.113043478260869,75.32173913043479,,154.78330924669586
2003-05-14,2003.0,134.0,5.0,14.0,-26.570833333333336,963.1583333333333,12.254166666666668,83.66666666666667,,207.70839277282582
2003-05-15,2003.0,135.0,5.0,15.0,-23.983333333333334,953.2125,14.004166666666668,86.07916666666667,,242.6110512676215
2003-05-16,2003.0,136.0,5.0,16.0,-30.125,965.7166666666667,16.666666666666668,80.0625,,195.39102834781605
2003-05-17,2003.0,137.0,5.0,17.0,-21.254166666666666,961.4,21.429411764705883,89.67916666666667,,194.0490273473233
2003-05-18,2003.0,138.0,5.0,18.0,-25.712500000000002,963.2791666666667,14.433333333333332,83.375,,205.79867018315977
2003-05-19,2003.0,139.0,5.0,19.0,-30.820833333333336,965.6416666666668,10.172222222222222,78.02083333333333,,205.00579733830315
2003-05-20,2003.0,140.0,5.0,20.0,-23.704545454545453,959.3,10.31875,86.94090909090909,,227.76865926375322
2003-05-21,2003.0,141.0,5.0,21.0,-23.595454545454547,974.7666666666667,14.845454545454546,87.06363636363636,,202.86876118551763
2003-05-22,2003.0,142.0,5.0,22.0,-26.255000000000003,976.3149999999999,12.6,78.91,,210.04044384291052
2003-05-23,2003.0,143.0,5.0,23.0,-17.983333333333334,962.3086956521738,15.233333333333334,89.88333333333333,,211.71520111728736
2003-05-24,2003.0,144.0,5.0,24.0,-20.383333333333333,971.7791666666667,13.979166666666666,90.33749999999999,,203.7286931479384
2003-05-25,2003.0,145.0,5.0,25.0,-17.566666666666666,981.3125,11.795833333333334,92.6590909090909,,205.43690583708022
2003-05-26,2003.0,146.0,5.0,26.0,-11.887500000000001,972.4625,19.1125,97.59545454545454,,211.88124878720714
2003-05-27,2003.0,147.0,5.0,27.0,-17.37391304347826,983.5130434782608,15.860869565217392,91.32608695652173,,211.57354301663563
2003-05-28,2003.0,148.0,5.0,28.0,-28.434782608695652,993.1260869565218,7.656521739130435,78.7304347826087,,198.3871478375236
2003-05-29,2003.0,149.0,5.0,29.0,-27.188888888888886,990.3055555555555,2.572222222222222,83.75,,277.4027878764811
2003-05-30,2003.0,150.0,5.0,30.0,-27.875,995.5791666666668,1.2791666666666666,82.85416666666667,,38.51169278148546
2003-05-31,2003.0,151.0,5.0,31.0,-27.916666666666668,999.4173913043478,0.85,82.77083333333333,,309.45181531749324
2003-06-01,2003.0,152.0,6.0,1.0,-29.041666666666668,995.8916666666668,0.14,81.0625,,325.3676326508547
2003-06-02,2003.0,153.0,6.0,2.0,-38.725,998.0458333333332,7.425,69.71249999999999,,189.5503271138837
2003-06-03,2003.0,154.0,6.0,3.0,-36.82608695652174,994.4826086956521,4.008695652173913,71.95217391304348,,238.26360773402993
2003-06-04,2003.0,155.0,6.0,4.0,-28.569565217391304,987.6739130434783,3.4521739130434783,81.90434782608695,,211.46229638268142
2003-06-05,2003.0,156.0,6.0,5.0,-16.886363636363637,983.4954545454547,6.745454545454546,94.93636363636364,,215.80192795700736
2003-06-06,2003.0,157.0,6.0,6.0,-16.154545454545453,980.9818181818181,11.80909090909091,95.45,,203.91821914918043
2003-06-07,2003.0,158.0,6.0,7.0,-19.354166666666668,986.9333333333334,3.4916666666666667,87.64999999999999,,185.98030243882596
2003-06-08,2003.0,159.0,6.0,8.0,-20.720833333333335,996.0124999999999,3.0083333333333333,84.9375,,154.4905428187651
2003-06-09,2003.0,160.0,6.0,9.0,-23.820833333333336,998.1,5.066666666666666,86.67916666666667,,188.41860665158447
2003-06-10,2003.0,161.0,6.0,10.0,-26.7,990.7833333333333,7.558333333333334,83.60000000000001,,201.88397200829937
2003-06-11,2003.0,162.0,6.0,11.0,-27.03333333333333,989.1291666666666,11.862499999999999,83.45416666666667,,188.22996955375748
2003-06-12,2003.0,163.0,6.0,12.0,-25.904347826086955,989.2304347826087,15.265217391304349,84.58695652173913,,209.1188142604853
2003-06-13,2003.0,164.0,6.0,13.0,-21.86521739130435,989.5652173913044,10.156521739130435,88.80869565217391,,219.66479050612529
2003-06-14,2003.0,165.0,6.0,14.0,-24.27916666666667,997.4916666666667,3.1312499999999996,87.20416666666667,,262.27698863251516
2003-06-15,2003.0,166.0,6.0,15.0,-29.254166666666666,1002.1125000000001,,80.92083333333333,,
2003-06-16,2003.0,167.0,6.0,16.0,-33.6875,1003.4791666666666,5.2625,75.7,,200.74816334555635
2003-06-17,2003.0,168.0,6.0,17.0,-30.183333333333334,1008.4375,4.920833333333333,79.9875,,216.23557712626936
2003-06-18,2003.0,169.0,6.0,18.0,-23.291666666666668,1006.6416666666668,3.25,87.75416666666666,,308.3545221367729
2003-06-19,2003.0,170.0,6.0,19.0,-31.900000000000002,999.8782608695652,2.6739130434782608,77.99565217391304,,178.20800632860627
2003-06-20,2003.0,171.0,6.0,20.0,-36.07083333333333,997.6958333333333,3.8125,73.0625,,207.57083713021888
2003-06-21,2003.0,172.0,6.0,21.0,-37.07826086956521,993.795652173913,6.104347826086957,71.48260869565217,,215.37760593353346
2003-06-22,2003.0,173.0,6.0,22.0,-38.8,991.1782608695652,5.4739130434782615,68.88260869565217,,214.34972307530856
2003-06-23,2003.0,174.0,6.0,23.0,-39.8375,994.3791666666666,4.508333333333334,67.32083333333334,,207.03616848341338
2003-06-24,2003.0,175.0,6.0,24.0,-34.1625,998.8625000000001,2.9291666666666667,75.3625,,300.7700535042677
2003-06-25,2003.0,176.0,6.0,25.0,-35.047826086956526,1002.3826086956522,5.321739130434783,73.8391304347826,,202.6275425407742
2003-06-26,2003.0,177.0,6.0,26.0,-30.808333333333334,997.0833333333334,17.3,79.125,,201.83688632011297
2003-06-27,2003.0,178.0,6.0,27.0,-30.541666666666668,993.2708333333334,14.1625,79.24166666666666,,208.63276177423668
2003-06-28,2003.0,179.0,6.0,28.0,-29.579166666666666,991.0124999999999,10.808333333333332,77.2875,,206.3960080914689
2003-06-29,2003.0,180.0,6.0,29.0,-34.369565217391305,982.3782608695652,5.043478260869565,73.75652173913043,,146.32880654141692
2003-06-30,2003.0,181.0,6.0,30.0,-40.16818181818182,977.9142857142857,4.118181818181818,67.85909090909091,,217.5374637438215
2003-07-01,2003.0,182.0,7.0,1.0,-28.095652173913045,984.5130434782608,5.077272727272727,81.99565217391304,,245.91084352479254
2003-07-02,2003.0,183.0,7.0,2.0,-28.565217391304348,989.5260869565217,9.552173913043479,78.98260869565217,,205.7338012380095
2003-07-03,2003.0,184.0,7.0,3.0,-28.383333333333336,981.1541666666667,12.404166666666667,78.08333333333333,,206.18914393993524
2003-07-04,2003.0,185.0,7.0,4.0,-25.162499999999998,987.7833333333333,18.5125,85.11666666666666,,208.66539134652805
2003-07-05,2003.0,186.0,7.0,5.0,-25.166666666666668,1000.7541666666666,13.270833333333334,79.33749999999999,,208.29071751353436
2003-07-06,2003.0,187.0,7.0,6.0,-26.224999999999998,995.0625,12.441666666666668,78.95,,205.73581618587906
2003-07-07,2003.0,188.0,7.0,7.0,-27.321739130434782,990.3826086956522,9.682608695652174,82.63913043478261,,193.37129454589277
2003-07-08,2003.0,189.0,7.0,8.0,-26.91818181818182,989.4545454545455,9.236363636363636,80.83181818181818,,210.78772841989462
2003-07-09,2003.0,190.0,7.0,9.0,-24.849999999999998,984.5208333333334,10.591666666666667,78.10416666666667,,217.95119637413399
2003-07-10,2003.0,191.0,7.0,10.0,-22.75,988.0791666666668,7.508333333333333,83.02499999999999,,201.91269760249023
2003-07-11,2003.0,192.0,7.0,11.0,-24.05,988.5333333333333,8.333333333333334,77.76666666666667,,206.21501502678538
2003-07-12,2003.0,193.0,7.0,12.0,-24.175,988.0333333333333,5.1049999999999995,78.90833333333333,,200.75401917718452
2003-07-13,2003.0,194.0,7.0,13.0,-31.375,983.8000000000001,3.8266666666666667,78.425,,242.9396878964758
2003-07-14,2003.0,195.0,7.0,14.0,-36.57727272727273,981.25,1.6954545454545453,71.65454545454546,,220.7838936728237
2003-07-15,2003.0,196.0,7.0,15.0,-31.879166666666666,979.7375000000001,1.48,77.41250000000001,,307.1680100469739
2003-07-16,2003.0,197.0,7.0,16.0,-31.262500000000003,979.4708333333333,4.7153846153846155,78.25,,194.0843648048125
2003-07-17,2003.0,198.0,7.0,17.0,-27.55,977.1272727272727,11.622727272727273,82.7090909090909,,197.44606875095894
2003-07-18,2003.0,199.0,7.0,18.0,-31.754166666666666,973.1666666666666,7.395833333333333,73.625,,209.76064124694537
2003-07-19,2003.0,200.0,7.0,19.0,-27.65416666666667,970.75,9.083333333333334,79.39583333333333,,201.1589545771979
2003-07-20,2003.0,201.0,7.0,20.0,-23.945833333333336,964.3083333333334,13.35,86.77083333333333,,203.41935524558866
2003-07-21,2003.0,202.0,7.0,21.0,-23.72083333333333,960.4333333333334,14.362499999999999,86.73333333333333,,203.1681769872176
2003-07-22,2003.0,203.0,7.0,22.0,-23.445833333333336,967.6625,9.404166666666667,86.69166666666666,,208.46718703274584
2003-07-23,2003.0,204.0,7.0,23.0,-29.030434782608697,975.8086956521738,6.647826086956522,80.49565217391304,,204.21785420857313
2003-07-24,2003.0,205.0,7.0,24.0,-35.45652173913044,975.1086956521739,3.3299999999999996,73.4391304347826,,227.4048613616195
2003-07-25,2003.0,206.0,7.0,25.0,-35.756521739130434,972.8130434782609,2.85,73.51304347826087,,340.7452953196925
2003-07-26,2003.0,207.0,7.0,26.0,-38.09047619047619,978.8,6.036842105263158,70.31428571428572,,214.49273108121838
2003-07-27,2003.0,208.0,7.0,27.0,-35.03181818181818,979.3909090909091,16.563636363636363,73.82727272727273,,196.5789161870575
2003-07-28,2003.0,209.0,7.0,28.0,-29.75,977.2375000000001,10.325,72.6125,,210.41975242069051
2003-07-29,2003.0,210.0,7.0,29.0,-28.9875,976.225,8.012500000000001,75.71666666666667,,220.02663571390087
2003-07-30,2003.0,211.0,7.0,30.0,-23.895833333333332,970.6999999999999,16.8,84.12083333333334,,206.58754094639662
2003-07-31,2003.0,212.0,7.0,31.0,-30.67391304347826,980.9304347826088,12.48695652173913,77.64347826086956,,199.13193030611419
2003-08-01,2003.0,213.0,8.0,1.0,-34.7952380952381,977.5095238095239,5.311111111111111,70.7095238095238,,212.9775454729486
2003-08-02,2003.0,214.0,8.0,2.0,-29.390476190476193,966.6904761904761,2.84375,80.56666666666668,,279.0769498526613
2003-08-03,2003.0,215.0,8.0,3.0,-34.06956521739131,967.6304347826087,5.9173913043478255,74.44782608695652,,200.43061570041485
2003-08-04,2003.0,216.0,8.0,4.0,-33.324999999999996,973.525,9.408333333333333,72.66250000000001,,197.88458306819012
2003-08-05,2003.0,217.0,8.0,5.0,-33.199999999999996,964.5708333333333,4.391666666666667,73.6375,,256.5527240873284
2003-08-06,2003.0,218.0,8.0,6.0,-29.3125,974.5458333333332,11.762500000000001,80.6875,,213.4101594494945
2003-08-07,2003.0,219.0,8.0,7.0,-34.137499999999996,983.1125000000001,3.18,75.33749999999999,,187.3708827545643
2003-08-08,2003.0,220.0,8.0,8.0,-32.28695652173913,972.9272727272728,3.190909090909091,77.32173913043479,,312.7881877572721
2003-08-09,2003.0,221.0,8.0,9.0,-32.476190476190474,971.2095238095238,1.0285714285714287,76.75714285714287,,316.8825030522186
2003-08-10,2003.0,222.0,8.0,10.0,-42.660000000000004,977.78,0.9263157894736843,64.45,,199.68875942852705
2003-08-11,2003.0,223.0,8.0,11.0,-38.31739130434782,986.9916666666667,0.05,69.30416666666666,,2.297570909085346
2003-08-12,2003.0,224.0,8.0,12.0,-42.6625,989.7458333333334,0.4,64.08333333333333,,315.0
2003-08-13,2003.0,225.0,8.0,13.0,-35.00833333333333,975.3416666666667,10.254999999999999,73.58749999999999,,205.28342423481655
2003-08-14,2003.0,226.0,8.0,14.0,-40.512499999999996,972.3375,3.8818181818181823,67.20833333333333,,183.19976757486052
2003-08-15,2003.0,227.0,8.0,15.0,-41.37916666666667,974.6708333333332,1.6642857142857144,65.92083333333333,,207.92429722999017
2003-08-16,2003.0,228.0,8.0,16.0,-47.44782608695652,986.7652173913043,,58.22173913043478,,
2003-08-17,2003.0,229.0,8.0,17.0,-43.23684210526316,997.4684210526317,,63.147368421052626,,
2003-08-18,2003.0,230.0,8.0,18.0,-38.59444444444445,992.9842105263158,9.85,69.27894736842104,,197.28634213108313
2003-08-19,2003.0,231.0,8.0,19.0,-34.665217391304346,971.6260869565218,9.956521739130435,74.0,,240.90701126021082
2003-08-20,2003.0,232.0,8.0,20.0,-32.987500000000004,971.9652173913043,10.237499999999999,75.6125,,224.69244129304388
2003-08-21,2003.0,233.0,8.0,21.0,-35.6875,985.8416666666667,3.4124999999999996,69.87916666666666,,243.35578383328203
2003-08-22,2003.0,234.0,8.0,22.0,-40.55833333333333,984.025,2.59375,67.07083333333334,,246.3107228770087
2003-08-23,2003.0,235.0,8.0,23.0,-40.645833333333336,979.975,2.0149999999999997,66.7,,221.3037837161533
2003-08-24,2003.0,236.0,8.0,24.0,-38.8304347826087,980.5916666666667,2.9,69.04166666666667,,215.0
2003-08-25,2003.0,237.0,8.0,25.0,-38.06666666666667,981.2916666666666,4.608695652173913,70.08333333333333,,203.99266876326064
2003-08-26,2003.0,238.0,8.0,26.0,-37.086363636363636,977.05,2.036363636363636,71.23636363636363,,216.55774481128714
2003-08-27,2003.0,239.0,8.0,27.0,-39.78181818181818,983.4636363636364,4.072727272727272,67.9090909090909,,198.8638377996725
2003-08-28,2003.0,240.0,8.0,28.0,-40.65,993.6958333333333,2.8833333333333333,66.59583333333333,,208.79635758586898
2003-08-29,2003.0,241.0,8.0,29.0,-36.44583333333333,991.6666666666666,8.1875,71.69583333333334,,202.25280269185672
2003-08-30,2003.0,242.0,8.0,30.0,-31.212500000000002,981.9833333333332,5.333333333333333,76.98333333333333,,262.8706636262075
2003-08-31,2003.0,243.0,8.0,31.0,-35.733333333333334,975.3166666666666,5.754166666666666,73.25833333333334,,208.59493418992932
2003-09-01,2003.0,244.0,9.0,1.0,-32.12083333333333,971.3217391304348,5.55,76.90833333333333,,306.93103445905007
2003-09-02,2003.0,245.0,9.0,2.0,-34.00833333333333,977.3458333333333,6.791666666666667,74.31666666666666,,207.94092801980344
2003-09-03,2003.0,246.0,9.0,3.0,-31.275000000000002,973.6260869565218,23.849999999999998,78.52083333333333,,204.6978892950711
2003-09-04,2003.0,247.0,9.0,4.0,-28.133333333333336,969.7791666666667,19.079166666666666,81.92916666666666,,207.99843389102006
2003-09-05,2003.0,248.0,9.0,5.0,-30.025000000000002,975.8041666666667,6.658333333333334,73.77499999999999,,191.69172763477118
2003-09-06,2003.0,249.0,9.0,6.0,-38.75,983.0791666666668,3.6,68.62083333333334,,186.68064813260463
2003-09-07,2003.0,250.0,9.0,7.0,-36.625,991.2958333333332,3.658333333333333,71.7,,203.0947330254865
2003-09-08,2003.0,251.0,9.0,8.0,-35.74166666666667,987.3791666666666,3.1666666666666665,72.875,,187.83844933761424
2003-09-09,2003.0,252.0,9.0,9.0,-36.425000000000004,983.2208333333333,2.6500000000000004,72.4875,,232.5
2003-09-10,2003.0,253.0,9.0,10.0,-39.9125,993.15,3.8476190476190473,67.74166666666666,,210.81982343589698
2003-09-11,2003.0,254.0,9.0,11.0,-36.74583333333333,986.4125,3.6375,71.54583333333333,,140.64570403691675
2003-09-12,2003.0,255.0,9.0,12.0,-38.46666666666667,972.4166666666666,4.933333333333334,69.60000000000001,,172.62883202687073
2003-09-13,2003.0,256.0,9.0,13.0,-37.40416666666667,980.6708333333332,5.8999999999999995,71.125,,176.40949802298758
2003-09-14,2003.0,257.0,9.0,14.0,-40.4,980.0749999999999,8.5375,67.31666666666666,,193.6181454990594
2003-09-15,2003.0,258.0,9.0,15.0,-33.800000000000004,975.275,9.611764705882353,73.30833333333332,,199.4550098118553
2003-09-16,2003.0,259.0,9.0,16.0,-25.6125,966.1041666666666,6.261111111111111,79.14166666666667,,233.94595817972657
2003-09-17,2003.0,260.0,9.0,17.0,-22.320833333333336,968.2375000000001,8.725,81.64999999999999,,195.95607179175275
2003-09-18,2003.0,261.0,9.0,18.0,-25.547826086956523,984.7086956521739,10.678260869565218,82.68260869565218,,202.81772059178854
2003-09-19,2003.0,262.0,9.0,19.0,-28.416666666666668,979.0500000000001,6.3500000000000005,78.60416666666667,,221.3514997545882
2003-09-20,2003.0,263.0,9.0,20.0,-28.833333333333332,973.908695652174,8.229166666666666,77.65416666666667,,182.9528277280313
2003-09-21,2003.0,264.0,9.0,21.0,-31.433333333333334,979.5041666666666,8.570833333333333,75.61666666666666,,199.58582890935008
2003-09-22,2003.0,265.0,9.0,22.0,-28.570833333333336,981.0,11.129166666666668,79.5125,,194.52902651981847
2003-09-23,2003.0,266.0,9.0,23.0,-22.945833333333336,986.6708333333332,5.891666666666667,82.43333333333334,,191.37310724105774
2003-09-24,2003.0,267.0,9.0,24.0,-26.754166666666666,987.3249999999999,11.329166666666666,79.70833333333333,,194.58750621704417
2003-09-25,2003.0,268.0,9.0,25.0,-27.291666666666668,988.5,14.4375,80.83749999999999,,198.8776862259895
2003-09-26,2003.0,269.0,9.0,26.0,-25.34583333333333,984.9833333333332,17.979166666666668,84.45833333333333,,200.81459491242873
2003-09-27,2003.0,270.0,9.0,27.0,-20.670833333333334,981.1478260869566,19.379166666666666,88.42916666666667,,209.26036805565462
2003-09-28,2003.0,271.0,9.0,28.0,-25.417391304347827,986.3652173913044,7.930434782608696,73.3391304347826,,205.25865019046134
2003-09-29,2003.0,272.0,9.0,29.0,-30.104166666666668,989.2375000000001,6.916666666666667,66.6375,,210.49380555487235
2003-09-30,2003.0,273.0,9.0,30.0,-32.05833333333333,987.9541666666668,7.458333333333333,66.8625,,203.08450922281543
2003-10-01,2003.0,274.0,10.0,1.0,-26.72083333333333,982.625,8.741666666666667,68.88333333333334,,207.13863643392537
2003-10-02,2003.0,275.0,10.0,2.0,-16.3,976.4916666666667,11.804166666666667,91.76666666666667,,212.05595154961682
2003-10-03,2003.0,276.0,10.0,3.0,-13.225,979.5958333333333,9.975,94.60833333333333,,220.20429303939355
2003-10-04,2003.0,277.0,10.0,4.0,-17.369565217391305,983.2521739130434,9.521739130434783,87.2695652173913,,208.794129009862
2003-10-05,2003.0,278.0,10.0,5.0,-20.655,986.5,5.2318181818181815,81.80909090909091,,161.18516768776217
2003-10-06,2003.0,279.0,10.0,6.0,-22.189473684210526,979.7631578947369,19.54736842105263,86.5,,208.84648358705672
2003-10-07,2003.0,280.0,10.0,7.0,-26.35,971.1850000000001,4.83,73.85,,187.41667522230463
2003-10-08,2003.0,281.0,10.0,8.0,-22.08095238095238,967.3227272727272,4.371428571428571,83.39545454545454,,99.65870980923835
2003-10-09,2003.0,282.0,10.0,9.0,-22.70952380952381,965.475,,77.35000000000001,,
2003-10-10,2003.0,283.0,10.0,10.0,-20.383333333333333,968.2083333333334,12.2,82.24166666666666,,210.25603785179322
2003-10-11,2003.0,284.0,10.0,11.0,-27.870833333333334,967.975,6.2375,75.27499999999999,,201.66445584276116
2003-10-12,2003.0,285.0,10.0,12.0,-27.94285714285714,960.795652173913,4.933333333333333,67.69583333333334,,241.31301983471266
2003-10-13,2003.0,286.0,10.0,13.0,-25.813636363636363,962.2909090909092,11.313636363636364,80.83636363636364,,207.41869741291717
2003-10-14,2003.0,287.0,10.0,14.0,-22.200000000000003,962.0263157894736,12.852631578947367,83.17894736842106,,207.21283128356623
2003-10-15,2003.0,288.0,10.0,15.0,-18.454545454545453,964.6272727272727,13.236363636363636,85.31818181818181,,204.00267482908123
2003-10-16,2003.0,289.0,10.0,16.0,-19.145833333333332,967.4291666666667,12.829166666666666,77.77499999999999,,212.2638153612378
2003-10-17,2003.0,290.0,10.0,17.0,-23.554166666666664,968.2708333333334,6.7,62.604166666666664,,218.9125375906088
2003-10-18,2003.0,291.0,10.0,18.0,-19.7375,969.8458333333333,11.391666666666666,76.25833333333334,,216.43357566314756
2003-10-19,2003.0,292.0,10.0,19.0,-19.349999999999998,971.0333333333333,11.616666666666667,75.46666666666667,,214.53721329416558
2003-10-20,2003.0,293.0,10.0,20.0,-19.269565217391303,972.8173913043478,8.117391304347825,59.13478260869565,,209.85065631601205
2003-10-21,2003.0,294.0,10.0,21.0,-17.73478260869565,969.3565217391305,7.456521739130435,75.67391304347827,,218.33577389107865
2003-10-22,2003.0,295.0,10.0,22.0,-19.55,971.9636363636364,4.759090909090909,74.52727272727272,,185.73958831619981
2003-10-23,2003.0,296.0,10.0,23.0,-18.804166666666667,970.775,3.6291666666666664,80.14166666666667,,247.38373871715808
2003-10-24,2003.0,297.0,10.0,24.0,-21.662499999999998,973.9791666666666,11.862499999999999,81.75833333333334,,206.07166719428443
2003-10-25,2003.0,298.0,10.0,25.0,-23.212500000000002,980.1583333333333,9.020833333333334,76.88333333333334,,189.7541862718311
2003-10-26,2003.0,299.0,10.0,26.0,-20.395238095238096,981.875,4.129166666666666,74.07083333333334,,259.28351035891313
2003-10-27,2003.0,300.0,10.0,27.0,-23.009090909090908,984.9083333333333,3.0708333333333333,65.3125,,241.796375688185
2003-10-28,2003.0,301.0,10.0,28.0,-25.1125,992.1041666666666,4.575,58.42083333333333,,207.4376216377508
2003-10-29,2003.0,302.0,10.0,29.0,-21.389473684210525,989.3399999999999,4.64,70.28999999999999,,233.7571542904791
2003-10-30,2003.0,303.0,10.0,30.0,-19.919999999999998,989.7173913043479,3.538095238095238,71.21304347826087,,221.02636444673163
2003-10-31,2003.0,304.0,10.0,31.0,-19.221739130434784,985.7545454545453,6.256521739130435,66.14347826086956,,209.58544196770194
2003-11-01,2003.0,305.0,11.0,1.0,-20.143478260869564,982.7521739130434,3.073913043478261,60.96521739130435,,222.19153055276533
2003-11-02,2003.0,306.0,11.0,2.0,-20.047619047619047,983.4708333333333,2.0208333333333335,51.67083333333333,,187.79813835394506
2003-11-03,2003.0,307.0,11.0,3.0,-19.235294117647058,982.9250000000001,1.9958333333333333,67.27391304347826,,337.15532921435033
2003-11-04,2003.0,308.0,11.0,4.0,-22.76086956521739,987.875,7.120833333333334,73.82083333333334,,176.28340500748953
2003-11-05,2003.0,309.0,11.0,5.0,-22.63478260869565,985.4,16.77826086956522,83.16956521739131,,205.94711296160048
2003-11-06,2003.0,310.0,11.0,6.0,-18.685714285714283,984.1809523809524,14.980952380952383,82.4095238095238,,202.81049892765589
2003-11-07,2003.0,311.0,11.0,7.0,-17.080000000000002,978.9421052631579,7.99,65.2421052631579,,200.31508653640003
2003-11-08,2003.0,312.0,11.0,8.0,-15.059999999999999,973.76,8.39,62.765,,210.30263849667588
2003-11-09,2003.0,313.0,11.0,9.0,-12.578260869565218,973.4565217391304,7.539130434782609,63.51304347826087,,209.664377385272
2003-11-10,2003.0,314.0,11.0,10.0,-12.804166666666667,977.975,8.529166666666667,88.83333333333333,,199.5785714624266
2003-11-11,2003.0,315.0,11.0,11.0,-13.791666666666666,982.4541666666668,6.520833333333333,86.5125,,182.64635968545392
2003-11-12,2003.0,316.0,11.0,12.0,-17.929166666666667,989.3833333333333,6.983333333333333,77.825,,194.27715084458515
2003-11-13,2003.0,317.0,11.0,13.0,-17.875,989.8249999999999,4.779166666666667,64.15416666666667,,214.45680163396838
2003-11-14,2003.0,318.0,11.0,14.0,-16.263157894736842,985.8086956521738,2.4173913043478263,63.199999999999996,,189.36758682623687
2003-11-15,2003.0,319.0,11.0,15.0,-15.066666666666666,985.8789473684211,1.9210526315789473,60.06842105263158,,150.58088330559406
2003-11-16,2003.0,320.0,11.0,16.0,-17.155,984.29,7.31,68.81,,198.26336625802577
2003-11-17,2003.0,321.0,11.0,17.0,-15.995652173913042,976.0565217391304,9.717391304347826,74.18695652173913,,209.43676931138157
2003-11-18,2003.0,322.0,11.0,18.0,-15.42608695652174,971.6999999999999,8.178260869565218,73.4,,207.08906688850035
2003-11-19,2003.0,323.0,11.0,19.0,-15.541666666666666,973.9130434782609,10.674999999999999,80.19583333333334,,204.9531744619885
2003-11-20,2003.0,324.0,11.0,20.0,-15.254166666666668,977.7826086956521,8.241666666666667,76.38260869565217,,191.59452549427158
2003-11-21,2003.0,325.0,11.0,21.0,-14.783333333333333,976.9041666666667,2.970833333333333,54.59583333333333,,154.41581069094585
2003-11-22,2003.0,326.0,11.0,22.0,-16.208695652173912,978.4739130434783,4.660869565217391,68.17826086956521,,195.34373091952395
2003-11-23,2003.0,327.0,11.0,23.0,-14.984210526315788,982.7545454545453,2.4136363636363636,61.75909090909091,,139.90878536503755
2003-11-24,2003.0,328.0,11.0,24.0,-15.415000000000001,991.4100000000001,5.13,70.7,,181.72855937679157
2003-11-25,2003.0,329.0,11.0,25.0,-15.794444444444444,992.9111111111112,9.178947368421053,77.17368421052632,,197.36975424524542
2003-11-26,2003.0,330.0,11.0,26.0,-15.9625,990.5208333333334,14.195833333333333,83.47500000000001,,206.9984750851761
2003-11-27,2003.0,331.0,11.0,27.0,-15.308333333333335,988.8416666666667,10.137500000000001,77.36666666666666,,206.63869168204187
2003-11-28,2003.0,332.0,11.0,28.0,-11.1875,986.2125,9.5625,74.5,,207.92618670986514
2003-11-29,2003.0,333.0,11.0,29.0,-8.865217391304348,980.5869565217391,15.534782608695652,92.18181818181819,,204.17556933316433
2003-11-30,2003.0,334.0,11.0,30.0,-6.939130434782609,988.2260869565217,11.226086956521739,93.88695652173914,,201.24253889007218
2003-12-01,2003.0,335.0,12.0,1.0,-3.891304347826087,979.7545454545453,12.508695652173913,97.12,,187.78672008419232
2003-12-02,2003.0,336.0,12.0,2.0,-3.2347826086956526,990.0304347826087,4.791304347826087,87.02631578947368,,155.73066618482906
2003-12-03,2003.0,337.0,12.0,3.0,-5.34,995.9649999999999,4.02,80.885,,204.55120030757064
2003-12-04,2003.0,338.0,12.0,4.0,-8.378260869565217,992.5130434782608,6.0826086956521745,78.9695652173913,,192.09933073894072
2003-12-05,2003.0,339.0,12.0,5.0,-9.145454545454545,991.0749999999999,2.9499999999999997,72.44583333333334,,163.79401980569958
2003-12-06,2003.0,340.0,12.0,6.0,-9.404166666666667,991.0541666666667,3.9125,68.70416666666667,,163.31509796366515
2003-12-07,2003.0,341.0,12.0,7.0,-7.970833333333334,995.3333333333334,7.0249999999999995,73.27083333333333,,206.15484807532656
2003-12-08,2003.0,342.0,12.0,8.0,-6.435,993.4916666666667,2.7125,62.300000000000004,,303.32951190649135
2003-12-09,2003.0,343.0,12.0,9.0,-5.979166666666667,987.525,3.733333333333333,61.770833333333336,,231.95820052885614
2003-12-10,2003.0,344.0,12.0,10.0,-9.243478260869566,991.6304347826087,7.7,71.91304347826087,,201.57901784848474
2003-12-11,2003.0,345.0,12.0,11.0,-6.833333333333333,994.0047619047618,2.6761904761904765,57.595238095238095,,240.3807830457137
2003-12-12,2003.0,346.0,12.0,12.0,-6.529999999999999,998.7450000000001,4.195,67.61578947368422,,230.56157310050335
2003-12-13,2003.0,347.0,12.0,13.0,-7.1,1002.0090909090909,7.014285714285715,84.31818181818181,,245.55040741859946
2003-12-14,2003.0,348.0,12.0,14.0,-8.878260869565217,1006.3521739130434,6.778260869565218,86.37391304347825,,226.137760662862
2003-12-15,2003.0,349.0,12.0,15.0,-7.779999999999999,1006.7708333333334,2.1458333333333335,71.10000000000001,,176.33289266988302
2003-12-16,2003.0,350.0,12.0,16.0,-6.1,1004.6291666666666,2.125,71.87916666666666,,320.2428764884256
2003-12-17,2003.0,351.0,12.0,17.0,-6.0375,1000.8291666666668,1.6958333333333335,67.40833333333333,,318.66289647779115
2003-12-18,2003.0,352.0,12.0,18.0,-10.025,1000.6,1.8,61.97391304347826,,151.49903202441809
2003-12-19,2003.0,353.0,12.0,19.0,-6.766666666666667,999.375,2.191666666666667,74.88333333333334,,163.5072924895975
2003-12-20,2003.0,354.0,12.0,20.0,-6.740909090909091,994.6818181818181,4.6000000000000005,79.94545454545454,,204.31915281048572
2003-12-21,2003.0,355.0,12.0,21.0,-9.161904761904761,994.5523809523809,3.7952380952380955,78.17619047619048,,187.3785742456428
2003-12-22,2003.0,356.0,12.0,22.0,-8.277272727272727,997.7318181818181,5.8,85.53636363636363,,182.3357716366863
2003-12-23,2003.0,357.0,12.0,23.0,-7.5375000000000005,1002.7583333333333,9.637500000000001,88.96249999999999,,186.0507223353728
2003-12-24,2003.0,358.0,12.0,24.0,-11.241666666666667,998.3208333333333,7.066666666666666,79.97916666666667,,196.39855116479993
2003-12-25,2003.0,359.0,12.0,25.0,-8.679166666666667,985.0958333333333,5.2375,71.29583333333333,,196.18007810188286
2003-12-26,2003.0,360.0,12.0,26.0,-4.604347826086957,981.0,10.230434782608697,75.62173913043478,,215.50986294678611
2003-12-27,2003.0,361.0,12.0,27.0,-5.221739130434782,983.2739130434783,5.01304347826087,64.20434782608696,,208.80782856062612
2003-12-28,2003.0,362.0,12.0,28.0,-4.004761904761905,987.9090909090909,3.8454545454545452,67.16363636363636,,215.61194999359856
2003-12-29,2003.0,363.0,12.0,29.0,-5.033333333333333,987.5947368421052,2.389473684210526,69.03684210526316,,261.54342352101054
2003-12-30,2003.0,364.0,12.0,30.0,-4.871428571428571,988.4142857142857,8.628571428571428,89.0952380952381,,215.46671139341058
2003-12-31,2003.0,365.0,12.0,31.0,-2.5681818181818183,983.3681818181817,9.663636363636364,81.06818181818181,,215.6809570707725
2004-01-01,2004.0,1.0,1.0,1.0,-5.8875,980.6333333333333,7.075,91.69583333333333,,174.59476684270422
2004-01-02,2004.0,2.0,1.0,2.0,-5.9375,982.4833333333332,4.0874999999999995,81.33333333333333,,173.9794540374772
2004-01-03,2004.0,3.0,1.0,3.0,-4.095454545454545,981.6217391304348,4.440909090909091,78.57272727272726,,158.8528569921769
2004-01-04,2004.0,4.0,1.0,4.0,-5.270833333333333,985.2624999999999,5.529166666666666,82.64999999999999,,176.8252728013855
2004-01-05,2004.0,5.0,1.0,5.0,-5.1869565217391305,986.991304347826,3.252173913043478,76.57826086956521,,223.4990293472546
2004-01-06,2004.0,6.0,1.0,6.0,-7.1952380952380945,987.2142857142857,3.6666666666666665,81.46666666666667,,168.31448298953194
2004-01-07,2004.0,7.0,1.0,7.0,-4.858823529411764,987.3333333333334,1.911111111111111,66.18333333333334,,281.27869634352356
2004-01-08,2004.0,8.0,1.0,8.0,-4.6684210526315795,988.18,1.92,68.565,,102.51742664308159
2004-01-09,2004.0,9.0,1.0,9.0,-2.6333333333333333,988.8,2.5904761904761906,76.67619047619048,,5.451889770443778
2004-01-10,2004.0,10.0,1.0,10.0,-3.573913043478261,991.0083333333333,2.426086956521739,75.91666666666667,,129.30257815668514
2004-01-11,2004.0,11.0,1.0,11.0,-6.129166666666666,987.6958333333333,3.4416666666666664,82.32916666666667,,164.63462675880322
2004-01-12,2004.0,12.0,1.0,12.0,-7.533333333333334,982.5666666666666,6.033333333333334,83.14166666666667,,182.60678507345543
2004-01-13,2004.0,13.0,1.0,13.0,-9.137500000000001,983.5583333333334,3.625,76.52916666666667,,159.1942227189169
2004-01-14,2004.0,14.0,1.0,14.0,-5.283333333333333,983.3208333333333,2.3833333333333333,77.64347826086956,,23.384261897217076
2004-01-15,2004.0,15.0,1.0,15.0,-4.40625,986.452380952381,1.775,66.74,,13.424116050264209
2004-01-16,2004.0,16.0,1.0,16.0,-7.473684210526316,989.1526315789474,4.252631578947368,85.41666666666667,,139.80388471195104
2004-01-17,2004.0,17.0,1.0,17.0,-10.354545454545455,987.7809523809525,4.109090909090909,83.3157894736842,,200.35033767649546
2004-01-18,2004.0,18.0,1.0,18.0,-5.819047619047619,977.5478260869564,2.865217391304348,68.3391304347826,,34.01639249101848
2004-01-19,2004.0,19.0,1.0,19.0,-6.8,972.3958333333334,3.4583333333333335,76.76666666666667,,217.75020339116907
2004-01-20,2004.0,20.0,1.0,20.0,-11.0625,984.9583333333334,7.129166666666666,86.91250000000001,,187.55425906206435
2004-01-21,2004.0,21.0,1.0,21.0,-9.608333333333333,986.3083333333334,2.6750000000000003,80.74583333333334,,102.11988316390739
2004-01-22,2004.0,22.0,1.0,22.0,-10.347826086956522,984.7208333333333,1.7458333333333333,64.6125,,101.84958297409518
2004-01-23,2004.0,23.0,1.0,23.0,-4.22608695652174,989.4130434782609,5.341666666666666,73.41739130434782,,338.9311133712084
2004-01-24,2004.0,24.0,1.0,24.0,-4.833333333333333,992.0285714285714,4.033333333333333,79.515,0.0,78.39381109684798
2004-01-25,2004.0,25.0,1.0,25.0,-10.883333333333333,990.5222222222224,7.777777777777778,90.25,,185.59230770437486
2004-01-26,2004.0,26.0,1.0,26.0,-12.333333333333334,986.6458333333334,8.112499999999999,87.9375,,182.34582810051683
2004-01-27,2004.0,27.0,1.0,27.0,-11.683333333333332,984.6,2.966666666666667,75.11666666666666,,120.95994361467332
2004-01-28,2004.0,28.0,1.0,28.0,-14.758333333333333,986.4625,5.204166666666667,79.39166666666667,,178.5015236701544
2004-01-29,2004.0,29.0,1.0,29.0,-15.329166666666666,989.7541666666666,5.175,75.35833333333333,,179.46621624005155
2004-01-30,2004.0,30.0,1.0,30.0,-15.520833333333334,988.2333333333332,2.408333333333333,68.85416666666667,,180.201001953339
2004-01-31,2004.0,31.0,1.0,31.0,-14.950000000000001,989.3333333333334,4.183333333333334,72.34583333333333,,203.62062173658396
2004-02-01,2004.0,32.0,2.0,1.0,-13.19090909090909,993.8136363636364,6.209090909090909,74.94090909090909,,195.82043440258676
2004-02-02,2004.0,33.0,2.0,2.0,-11.222222222222221,993.0952380952381,2.5095238095238095,66.4047619047619,,107.58102062904862
2004-02-03,2004.0,34.0,2.0,3.0,-13.494117647058824,987.99,2.075,70.96842105263158,,205.79569524423948
2004-02-04,2004.0,35.0,2.0,4.0,-17.458333333333332,990.9041666666667,2.858333333333333,71.70833333333333,,172.49172076624416
2004-02-05,2004.0,36.0,2.0,5.0,-16.420833333333334,998.6541666666667,3.5666666666666664,73.94583333333334,,167.77649414683395
2004-02-06,2004.0,37.0,2.0,6.0,-13.316666666666668,999.8666666666667,6.679166666666667,87.45833333333333,,177.54841265035623
2004-02-07,2004.0,38.0,2.0,7.0,-15.091304347826087,1000.1391304347826,8.743478260869566,81.58260869565218,,198.86908819149372
2004-02-08,2004.0,39.0,2.0,8.0,-15.516666666666666,999.8291666666668,3.6208333333333336,74.79583333333333,,158.84534290184732
2004-02-09,2004.0,40.0,2.0,9.0,-8.891666666666667,991.0,2.8833333333333333,78.67916666666666,,254.65130437007764
2004-02-10,2004.0,41.0,2.0,10.0,-16.55217391304348,987.4545454545455,5.165217391304347,82.3913043478261,,198.69453322370782
2004-02-11,2004.0,42.0,2.0,11.0,-20.68421052631579,986.8105263157895,4.71578947368421,74.26842105263158,,206.32836728447475
2004-02-12,2004.0,43.0,2.0,12.0,-19.575,988.6,4.295,68.965,,205.81584940598634
2004-02-13,2004.0,44.0,2.0,13.0,-18.058333333333334,990.3083333333334,5.075,62.77916666666667,,214.78378577450434
2004-02-14,2004.0,45.0,2.0,14.0,-13.174999999999999,993.2458333333334,3.9125,60.96666666666667,,97.374608375908
2004-02-15,2004.0,46.0,2.0,15.0,-12.5375,996.7458333333334,6.166666666666667,78.19583333333334,,234.29236035462017
2004-02-16,2004.0,47.0,2.0,16.0,-15.483333333333334,1000.0291666666667,8.174999999999999,85.56666666666666,,205.81528290005755
2004-02-17,2004.0,48.0,2.0,17.0,-16.51904761904762,996.1217391304348,7.117391304347826,72.8695652173913,,194.17898762338646
2004-02-18,2004.0,49.0,2.0,18.0,-11.93,1000.6727272727272,3.1045454545454545,72.475,,335.7211010249105
2004-02-19,2004.0,50.0,2.0,19.0,-16.366666666666667,1002.1285714285715,1.9318181818181819,83.51818181818182,,199.21165046652072
2004-02-20,2004.0,51.0,2.0,20.0,-15.275,1002.6157894736842,1.6578947368421053,90.01052631578948,,193.21984001801596
2004-02-21,2004.0,52.0,2.0,21.0,-12.894117647058822,1009.2772727272727,1.6772727272727272,72.83,,119.21534018344512
2004-02-22,2004.0,53.0,2.0,22.0,-7.0600000000000005,1012.2708333333334,2.1,84.37272727272727,,327.898297188596
2004-02-23,2004.0,54.0,2.0,23.0,-5.422222222222222,1006.0791666666668,1.6083333333333334,88.48333333333333,,3.5232393533719395
2004-02-24,2004.0,55.0,2.0,24.0,-17.891666666666666,997.6583333333333,10.3375,86.04166666666667,,177.37574287451847
2004-02-25,2004.0,56.0,2.0,25.0,-24.05,994.4958333333334,7.879166666666666,77.12083333333334,,190.38285454948885
2004-02-26,2004.0,57.0,2.0,26.0,-16.54,990.1913043478262,1.2652173913043478,81.83636363636364,,303.66042145957874
2004-02-27,2004.0,58.0,2.0,27.0,-16.553333333333335,985.1181818181817,1.6285714285714288,79.95714285714286,,87.16780033424834
2004-02-28,2004.0,59.0,2.0,28.0,-18.855555555555554,988.9857142857143,4.5476190476190474,81.95714285714286,,150.7656850578393
2004-02-29,2004.0,60.0,2.0,29.0,-19.994444444444444,991.938888888889,2.3777777777777778,85.53333333333333,,128.8698492138367
2004-03-01,2004.0,61.0,3.0,1.0,-17.330000000000002,990.385,3.005,90.045,,168.6519517359237
2004-03-02,2004.0,62.0,3.0,2.0,-22.258333333333336,992.1666666666666,3.7125,78.28333333333333,,175.06973364740492
2004-03-03,2004.0,63.0,3.0,3.0,-20.508333333333333,984.1333333333333,1.9124999999999999,84.85000000000001,,102.84723767048892
2004-03-04,2004.0,64.0,3.0,4.0,-26.356521739130436,979.3478260869565,2.2125,83.02083333333333,,167.01004815143142
2004-03-05,2004.0,65.0,3.0,5.0,-31.704166666666666,982.8249999999999,3.1208333333333336,72.96249999999999,,179.3335381167332
2004-03-06,2004.0,66.0,3.0,6.0,-26.27916666666667,987.3958333333334,1.7125000000000001,74.34583333333333,,228.70920444223273
2004-03-07,2004.0,67.0,3.0,7.0,-21.32608695652174,985.5869565217391,2.1565217391304348,76.40434782608695,,126.78504699997302
2004-03-08,2004.0,68.0,3.0,8.0,-28.055,982.7049999999999,2.5100000000000002,74.44,,198.61261204640329
2004-03-09,2004.0,69.0,3.0,9.0,-26.563157894736843,975.357894736842,3.1894736842105265,77.45263157894736,,97.36210731209385
2004-03-10,2004.0,70.0,3.0,10.0,-25.276190476190475,971.3380952380952,2.3047619047619046,81.3,,347.7537033373949
2004-03-11,2004.0,71.0,3.0,11.0,-29.195833333333336,969.7208333333333,2.6916666666666664,77.92083333333333,,133.38318977949598
2004-03-12,2004.0,72.0,3.0,12.0,-29.27916666666667,973.7125,2.254166666666667,75.19583333333334,,153.74847221163114
2004-03-13,2004.0,73.0,3.0,13.0,-31.258333333333336,981.225,2.6750000000000003,73.5625,,131.2469627299252
2004-03-14,2004.0,74.0,3.0,14.0,-28.791666666666668,983.4375,3.1458333333333335,77.18333333333334,,172.56557433668226
2004-03-15,2004.0,75.0,3.0,15.0,-28.933333333333334,983.2166666666667,2.6083333333333334,78.35416666666667,,131.97840180348683
2004-03-16,2004.0,76.0,3.0,16.0,-29.837500000000002,983.6333333333333,4.2875000000000005,78.63913043478261,,107.47435040445347
2004-03-17,2004.0,77.0,3.0,17.0,-31.875,990.95,13.49,75.82000000000001,0.0,195.0837421801399
2004-03-18,2004.0,78.0,3.0,18.0,-29.75238095238095,985.0619047619048,2.3238095238095235,70.55238095238094,,133.565078173702
2004-03-19,2004.0,79.0,3.0,19.0,-28.35217391304348,975.6347826086956,1.1958333333333333,76.24166666666666,,253.63961015831688
2004-03-20,2004.0,80.0,3.0,20.0,-17.595833333333335,978.2958333333332,5.195833333333334,89.99166666666667,,280.6600793578608
2004-03-21,2004.0,81.0,3.0,21.0,-20.925,991.3625000000001,3.2875,80.8,,194.2071223403583
2004-03-22,2004.0,82.0,3.0,22.0,-21.775000000000002,996.0708333333333,4.354166666666667,84.80833333333332,,149.10807902827037
2004-03-23,2004.0,83.0,3.0,23.0,-25.445833333333336,1003.2333333333332,8.695833333333333,78.67916666666666,,191.039579424043
2004-03-24,2004.0,84.0,3.0,24.0,-27.40869565217391,998.5869565217391,9.382608695652175,76.4391304347826,,202.90809283578508
2004-03-25,2004.0,85.0,3.0,25.0,-27.8875,992.3249999999999,7.470833333333334,78.62083333333334,,202.52981013813482
2004-03-26,2004.0,86.0,3.0,26.0,-30.94285714285714,989.652380952381,3.9285714285714284,72.56666666666668,,150.6300885250263
2004-03-27,2004.0,87.0,3.0,27.0,-28.630000000000003,992.7368421052631,2.3449999999999998,79.275,,331.8733824477563
2004-03-28,2004.0,88.0,3.0,28.0,-34.63181818181818,1003.4363636363636,2.1272727272727274,74.64999999999999,,162.5571962573831
2004-03-29,2004.0,89.0,3.0,29.0,-29.36521739130435,996.4739130434783,6.769565217391305,80.67391304347827,,182.7472528310262
2004-03-30,2004.0,90.0,3.0,30.0,-34.1695652173913,987.7521739130434,4.982608695652174,74.48260869565217,,202.99925521067334
2004-03-31,2004.0,91.0,3.0,31.0,-37.073913043478264,977.3000000000001,1.9000000000000001,72.01666666666667,,150.98251418950778
2004-04-01,2004.0,92.0,4.0,1.0,-30.434782608695652,965.6478260869566,4.191304347826088,78.94347826086957,,219.68255795621653
2004-04-02,2004.0,93.0,4.0,2.0,-26.895652173913046,976.3086956521738,13.543478260869565,83.30434782608695,,201.74001005602807
2004-04-03,2004.0,94.0,4.0,3.0,-25.395454545454548,985.7727272727273,4.9799999999999995,84.24545454545455,,195.1914309761913
2004-04-04,2004.0,95.0,4.0,4.0,-22.384999999999998,978.415,12.15,87.58500000000001,,201.13583416820367
2004-04-05,2004.0,96.0,4.0,5.0,-24.59047619047619,979.152380952381,4.828571428571429,84.5047619047619,,263.4626949052304
2004-04-06,2004.0,97.0,4.0,6.0,-28.23478260869565,987.1869565217391,2.9782608695652173,80.92173913043479,,139.77837351803888
2004-04-07,2004.0,98.0,4.0,7.0,-27.579166666666666,973.6875,6.579166666666667,81.95833333333333,,201.15287611607823
2004-04-08,2004.0,99.0,4.0,8.0,-32.104166666666664,974.7791666666667,5.595833333333334,74.72916666666667,,205.3021619943578
2004-04-09,2004.0,100.0,4.0,9.0,-30.304166666666664,986.875,1.4749999999999999,78.62083333333334,,289.63631374788474
2004-04-10,2004.0,101.0,4.0,10.0,-34.512499999999996,997.275,2.0500000000000003,74.38333333333334,,171.6396662798916
2004-04-11,2004.0,102.0,4.0,11.0,-33.06521739130435,988.9681818181817,3.0608695652173914,76.1,,186.4306931692054
2004-04-12,2004.0,103.0,4.0,12.0,-35.142857142857146,972.7619047619048,2.342857142857143,73.70952380952382,,228.79766061117502
2004-04-13,2004.0,104.0,4.0,13.0,-34.355555555555554,974.3222222222222,1.488888888888889,74.05000000000001,,279.78901953012985
2004-04-14,2004.0,105.0,4.0,14.0,-31.781818181818185,976.0954545454545,5.463636363636364,77.6590909090909,,208.45032062611034
2004-04-15,2004.0,106.0,4.0,15.0,-32.6,981.652380952381,8.304761904761905,76.56190476190476,,184.62285520713823
2004-04-16,2004.0,107.0,4.0,16.0,-24.400000000000002,978.1625,9.716666666666667,85.52083333333333,,196.92547979794753
2004-04-17,2004.0,108.0,4.0,17.0,-30.570833333333336,983.1916666666666,5.425,78.4875,,224.14171122946556
2004-04-18,2004.0,109.0,4.0,18.0,-26.479166666666668,991.6374999999999,3.0384615384615383,83.46249999999999,,246.5344067780079
2004-04-19,2004.0,110.0,4.0,19.0,-26.079166666666666,997.8583333333332,,84.02916666666667,,
2004-04-20,2004.0,111.0,4.0,20.0,-32.28695652173913,991.0608695652174,4.6,76.72608695652174,,319.5
2004-04-21,2004.0,112.0,4.0,21.0,-25.933333333333334,980.647619047619,3.0047619047619047,84.48095238095237,,309.2291311537614
2004-04-22,2004.0,113.0,4.0,22.0,-24.033333333333335,981.1,10.0,86.78888888888889,,221.1371755352378
2004-04-23,2004.0,114.0,4.0,23.0,-23.4375,969.6291666666666,8.163157894736841,86.77916666666665,,240.26538193610094
2004-04-24,2004.0,115.0,4.0,24.0,-27.44347826086957,957.2318181818181,5.921428571428572,83.18260869565218,,230.20749221777692
2004-04-25,2004.0,116.0,4.0,25.0,-21.34166666666667,965.9833333333332,6.883333333333333,89.64999999999999,,259.0664518607141
2004-04-26,2004.0,117.0,4.0,26.0,-22.020833333333332,980.0208333333334,9.883333333333333,89.13333333333333,,209.3205651925778
2004-04-27,2004.0,118.0,4.0,27.0,-22.054166666666664,984.8666666666667,6.742857142857143,89.125,,213.93599609672052
2004-04-28,2004.0,119.0,4.0,28.0,-23.745833333333334,978.1416666666668,4.970833333333333,87.27083333333333,,213.14195944333898
2004-04-29,2004.0,120.0,4.0,29.0,-24.763636363636362,984.3409090909091,8.822727272727272,86.06818181818181,,214.77366725390698
2004-04-30,2004.0,121.0,4.0,30.0,-28.814999999999998,999.0285714285714,3.8761904761904766,78.10952380952381,,176.82492592543574
2004-05-01,2004.0,122.0,5.0,1.0,-32.12380952380953,991.6428571428571,6.780952380952381,76.38095238095238,,198.21579216762612
2004-05-02,2004.0,123.0,5.0,2.0,-37.72083333333333,985.5541666666667,6.604166666666667,70.46666666666667,,207.4122788954338
2004-05-03,2004.0,124.0,5.0,3.0,-35.08695652173913,980.591304347826,7.482608695652174,71.6608695652174,,214.83681398738315
2004-05-04,2004.0,125.0,5.0,4.0,-39.71666666666667,980.5833333333334,0.0,68.27499999999999,,0.0
2004-05-05,2004.0,126.0,5.0,5.0,-39.67916666666667,982.1625,4.13,67.75416666666666,,244.91646954501397
2004-05-06,2004.0,127.0,5.0,6.0,-36.44782608695652,981.0608695652174,2.0478260869565217,72.4,,272.51084407493187
2004-05-07,2004.0,128.0,5.0,7.0,-36.979166666666664,986.3249999999999,2.2875,71.30416666666666,,293.05810203469684
2004-05-08,2004.0,129.0,5.0,8.0,-42.42608695652174,996.0521739130435,1.9739130434782608,64.24782608695652,,184.1662918196038
2004-05-09,2004.0,130.0,5.0,9.0,-42.72105263157895,993.3000000000001,1.3263157894736841,63.81578947368421,,128.33552937738293
2004-05-10,2004.0,131.0,5.0,10.0,-40.15714285714286,989.0904761904762,0.9904761904761905,66.8047619047619,,235.55598287802252
2004-05-11,2004.0,132.0,5.0,11.0,-34.47083333333333,986.9291666666667,5.925,74.34583333333333,,212.41761578422054
2004-05-12,2004.0,133.0,5.0,12.0,-33.25,988.5708333333333,6.720833333333334,75.4375,,213.0450715574268
2004-05-13,2004.0,134.0,5.0,13.0,-25.795833333333334,984.9416666666666,13.645833333333334,80.84166666666667,,216.19029375418714
2004-05-14,2004.0,135.0,5.0,14.0,-20.821739130434782,971.0041666666666,16.104166666666668,82.9875,,207.17767275649913
2004-05-15,2004.0,136.0,5.0,15.0,-21.213043478260868,962.3913043478261,13.47391304347826,88.19130434782609,,264.17680450921284
2004-05-16,2004.0,137.0,5.0,16.0,-23.03478260869565,985.5304347826087,11.952173913043477,87.23478260869565,,244.4464852573176
2004-05-17,2004.0,138.0,5.0,17.0,-17.095238095238095,967.3142857142857,7.447619047619048,92.775,,221.57927420301633
2004-05-18,2004.0,139.0,5.0,18.0,-25.110526315789475,989.1684210526316,10.631578947368421,85.97368421052632,,194.71279687532765
2004-05-19,2004.0,140.0,5.0,19.0,-25.952380952380953,989.7238095238096,4.647619047619047,85.02380952380952,,289.2422572036946
2004-05-20,2004.0,141.0,5.0,20.0,-31.286363636363635,975.6363636363636,4.7318181818181815,78.89545454545454,,224.1860490812353
2004-05-21,2004.0,142.0,5.0,21.0,-24.662499999999998,978.2541666666666,8.766666666666667,85.95,,205.24168563980135
2004-05-22,2004.0,143.0,5.0,22.0,-31.075,984.3916666666668,7.252631578947367,78.67083333333333,,212.3971643977284
2004-05-23,2004.0,144.0,5.0,23.0,-39.84583333333333,981.4958333333334,2.2941176470588234,68.175,,210.8738535715203
2004-05-24,2004.0,145.0,5.0,24.0,-39.60434782608696,980.3217391304348,1.626086956521739,68.17391304347827,,232.7959895070604
2004-05-25,2004.0,146.0,5.0,25.0,-37.595454545454544,981.9909090909091,0.7818181818181817,70.67727272727274,,221.7444367344101
2004-05-26,2004.0,147.0,5.0,26.0,-39.576190476190476,986.9047619047619,1.5857142857142856,67.97142857142858,,211.93997723006112
2004-05-27,2004.0,148.0,5.0,27.0,-34.74166666666667,997.2583333333333,5.158333333333333,74.09166666666667,,204.89569057845048
2004-05-28,2004.0,149.0,5.0,28.0,-38.315,996.425,4.5649999999999995,69.83500000000001,,210.30820938161523
2004-05-29,2004.0,150.0,5.0,29.0,-40.59583333333333,982.3260869565217,2.0749999999999997,66.85416666666667,,252.65992446352865
2004-05-30,2004.0,151.0,5.0,30.0,-39.71666666666667,972.8125,3.5416666666666665,68.22500000000001,,280.8495519713255
2004-05-31,2004.0,152.0,5.0,31.0,-41.4625,984.0500000000001,8.549999999999999,65.75,,176.8609050565583
2004-06-01,2004.0,153.0,6.0,1.0,-37.487500000000004,985.5791666666668,16.379166666666666,70.7375,,197.72457729588493
2004-06-02,2004.0,154.0,6.0,2.0,-35.06086956521739,972.5217391304348,14.965217391304348,73.36086956521739,,203.95654887749092
2004-06-03,2004.0,155.0,6.0,3.0,-30.8,962.3541666666666,12.866666666666667,77.20416666666667,,209.14484960324734
2004-06-04,2004.0,156.0,6.0,4.0,-33.095,964.39,3.5,74.53,,202.8043936976338
2004-06-05,2004.0,157.0,6.0,5.0,-37.23913043478261,967.804347826087,3.069230769230769,71.29130434782608,,216.6365234109629
2004-06-06,2004.0,158.0,6.0,6.0,-24.904761904761905,966.2952380952381,7.3933333333333335,84.65714285714286,,210.11609366740316
2004-06-07,2004.0,159.0,6.0,7.0,-30.479166666666668,963.6875,3.4615384615384617,79.57083333333334,,145.58692607340907
2004-06-08,2004.0,160.0,6.0,8.0,-35.05416666666667,977.15,1.8791666666666667,73.9875,,196.51806994170494
2004-06-09,2004.0,161.0,6.0,9.0,-35.4625,975.225,1.9291666666666665,73.59166666666667,,271.12774487665655
2004-06-10,2004.0,162.0,6.0,10.0,-31.879166666666666,970.4499999999999,6.508333333333333,77.70833333333333,,175.66649658732544
2004-06-11,2004.0,163.0,6.0,11.0,-28.979166666666668,979.9375,10.170833333333333,78.51666666666667,,218.22919512571067
2004-06-12,2004.0,164.0,6.0,12.0,-28.681818181818183,982.0227272727273,10.095454545454546,75.12272727272727,,214.0203174581256
2004-06-13,2004.0,165.0,6.0,13.0,-27.35263157894737,984.6368421052631,10.852631578947367,75.27894736842104,,205.5292841469183
2004-06-14,2004.0,166.0,6.0,14.0,-28.681818181818183,988.1136363636364,10.209090909090909,79.8,,202.10430367595896
2004-06-15,2004.0,167.0,6.0,15.0,-31.508333333333336,985.6541666666667,11.845833333333333,76.77916666666667,,206.6361327652351
2004-06-16,2004.0,168.0,6.0,16.0,-29.03333333333333,974.8874999999999,10.9625,79.77083333333333,,221.33309359228699
2004-06-17,2004.0,169.0,6.0,17.0,-26.84166666666667,986.6999999999999,19.625,83.31666666666668,,207.49953594696242
2004-06-18,2004.0,170.0,6.0,18.0,-21.9875,987.8625000000001,10.0875,82.8875,,207.78922213467993
2004-06-19,2004.0,171.0,6.0,19.0,-31.516666666666666,992.5291666666667,2.7333333333333334,76.09166666666667,,209.35581350752304
2004-06-20,2004.0,172.0,6.0,20.0,-28.817391304347826,991.2086956521739,1.8727272727272728,80.12173913043478,,37.94849517117392
2004-06-21,2004.0,173.0,6.0,21.0,-26.926086956521736,993.804347826087,1.7391304347826086,83.60434782608696,,181.2670355586586
2004-06-22,2004.0,174.0,6.0,22.0,-25.240000000000002,990.2450000000001,1.925,85.46000000000001,,247.26564546523923
2004-06-23,2004.0,175.0,6.0,23.0,-33.4,984.5695652173912,1.2565217391304346,75.88695652173914,,222.21179567870283
2004-06-24,2004.0,176.0,6.0,24.0,-36.86666666666667,978.7458333333334,0.8409090909090909,71.42083333333333,,228.9925940969818
2004-06-25,2004.0,177.0,6.0,25.0,-30.0,975.125,2.3375,79.67083333333333,0.0,201.01759314390776
2004-06-26,2004.0,178.0,6.0,26.0,-34.13333333333333,980.2708333333334,2.9000000000000004,74.95833333333333,,223.45269403703122
2004-06-27,2004.0,179.0,6.0,27.0,-33.637499999999996,983.4499999999999,3.358333333333333,75.45,,143.2252187703527
2004-06-28,2004.0,180.0,6.0,28.0,-30.145833333333332,987.3333333333334,3.9583333333333335,79.64583333333333,,173.0765776703901
2004-06-29,2004.0,181.0,6.0,29.0,-30.669565217391302,991.6043478260871,3.9869565217391307,79.21739130434783,,207.30344720625192
2004-06-30,2004.0,182.0,6.0,30.0,-36.61363636363637,994.0952380952381,7.140909090909091,71.95454545454545,,199.18555490160603
2004-07-01,2004.0,183.0,7.0,1.0,-32.099999999999994,987.7444444444445,4.116666666666666,77.3111111111111,,348.3421133902685
2004-07-02,2004.0,184.0,7.0,2.0,-37.418181818181814,991.7954545454545,6.759090909090909,70.94545454545454,,202.88660742257156
2004-07-03,2004.0,185.0,7.0,3.0,-36.11739130434783,991.2130434782609,2.917391304347826,72.63478260869564,,69.96510925796429
2004-07-04,2004.0,186.0,7.0,4.0,-40.856521739130436,992.5304347826087,6.356521739130434,66.54782608695652,,203.68289286755237
2004-07-05,2004.0,187.0,7.0,5.0,-46.356521739130436,983.6458333333334,2.316666666666667,59.75416666666666,,136.03402794677726
2004-07-06,2004.0,188.0,7.0,6.0,-45.57916666666667,984.1875,6.079166666666667,60.47083333333333,,188.99749986715898
2004-07-07,2004.0,189.0,7.0,7.0,-50.1,986.4291666666667,5.245833333333334,54.73333333333333,,191.3295421679537
2004-07-08,2004.0,190.0,7.0,8.0,-41.53636363636363,977.0681818181819,3.272727272727273,65.44545454545454,,284.19902111281846
2004-07-09,2004.0,191.0,7.0,9.0,-38.66190476190476,990.4181818181819,12.25,69.21363636363637,,198.31961777109245
2004-07-10,2004.0,192.0,7.0,10.0,-45.83888888888889,989.8499999999999,6.694444444444445,60.27777777777778,,209.75393168607766
2004-07-11,2004.0,193.0,7.0,11.0,-38.28181818181818,987.75,12.668181818181818,69.18636363636364,,203.13449409405064
2004-07-12,2004.0,194.0,7.0,12.0,-32.26190476190476,979.1904761904761,5.942857142857143,73.34285714285714,,226.97923464614624
2004-07-13,2004.0,195.0,7.0,13.0,-28.830434782608698,967.2347826086957,2.1913043478260867,78.01304347826087,,290.73012331524893
2004-07-14,2004.0,196.0,7.0,14.0,-35.94166666666667,977.625,5.479166666666667,72.66666666666667,,200.83000479768353
2004-07-15,2004.0,197.0,7.0,15.0,-34.22083333333333,992.6083333333332,8.575000000000001,74.50416666666666,,193.24081622105035
2004-07-16,2004.0,198.0,7.0,16.0,-41.84583333333333,991.4791666666666,5.104166666666667,64.89166666666667,,202.72266347150185
2004-07-17,2004.0,199.0,7.0,17.0,-45.78695652173913,980.6,1.4956521739130435,60.54347826086956,,113.3631590144024
2004-07-18,2004.0,200.0,7.0,18.0,-47.12173913043478,972.1652173913043,3.2043478260869565,58.56521739130435,,206.60293524425546
2004-07-19,2004.0,201.0,7.0,19.0,-47.05263157894737,967.8799999999999,2.04,58.275,,158.2290468379491
2004-07-20,2004.0,202.0,7.0,20.0,-51.21739130434783,974.2086956521739,6.595652173913043,53.165217391304346,,199.17291430613741
2004-07-21,2004.0,203.0,7.0,21.0,-48.35833333333333,980.7333333333332,9.916666666666666,56.25,,186.23939548324128
2004-07-22,2004.0,204.0,7.0,22.0,-44.40833333333333,978.975,5.583333333333333,61.675000000000004,,193.05196289118535
2004-07-23,2004.0,205.0,7.0,23.0,-43.625,969.5,3.091666666666667,62.60833333333333,0.0,296.92556981951225
2004-07-24,2004.0,206.0,7.0,24.0,-34.32608695652174,961.9652173913043,9.165217391304349,74.46521739130435,,211.73673521667598
2004-07-25,2004.0,207.0,7.0,25.0,-39.520833333333336,966.8333333333334,5.104166666666667,68.39166666666667,,208.83359460267292
2004-07-26,2004.0,208.0,7.0,26.0,-39.74090909090909,964.5090909090909,1.4909090909090907,68.52272727272727,,326.85563459651826
2004-07-27,2004.0,209.0,7.0,27.0,-44.663636363636364,977.3090909090909,3.590909090909091,61.83181818181818,,185.04842122542038
2004-07-28,2004.0,210.0,7.0,28.0,-40.42631578947368,983.8473684210526,6.56,66.67,,208.1240953322189
2004-07-29,2004.0,211.0,7.0,29.0,-35.40833333333333,978.875,3.1999999999999997,73.4304347826087,,319.7982879225491
2004-07-30,2004.0,212.0,7.0,30.0,-35.90416666666667,975.0260869565217,15.270833333333334,72.52916666666667,,193.6126190719641
2004-07-31,2004.0,213.0,7.0,31.0,-41.7125,972.2416666666667,8.025,65.64999999999999,,207.79607103189025
2004-08-01,2004.0,214.0,8.0,1.0,-43.229166666666664,966.375,2.058333333333333,63.375,,211.85442280545655
2004-08-02,2004.0,215.0,8.0,2.0,-43.03478260869565,971.0304347826087,1.3043478260869565,63.678260869565214,,183.84375232027386
2004-08-03,2004.0,216.0,8.0,3.0,-35.766666666666666,973.3541666666666,4.745833333333333,72.45833333333333,,228.45559422411606
2004-08-04,2004.0,217.0,8.0,4.0,-39.435,978.365,3.8649999999999998,68.05499999999999,,214.22496848575688
2004-08-05,2004.0,218.0,8.0,5.0,-42.19444444444444,991.4888888888888,4.122222222222223,64.6,,204.34673112586688
2004-08-06,2004.0,219.0,8.0,6.0,-39.085,997.095,4.115,68.41,,304.7745767685309
2004-08-07,2004.0,220.0,8.0,7.0,-35.895833333333336,990.1583333333333,6.675,72.82083333333334,,230.159556180032
2004-08-08,2004.0,221.0,8.0,8.0,-38.983333333333334,1002.4458333333333,3.8000000000000003,68.05416666666666,,232.2418320067647
2004-08-09,2004.0,222.0,8.0,9.0,-33.37391304347826,990.7913043478261,4.6173913043478265,76.0,,333.1013172782635
2004-08-10,2004.0,223.0,8.0,10.0,-36.375,979.85,4.783333333333333,72.45416666666667,,212.14872264177168
2004-08-11,2004.0,224.0,8.0,11.0,-35.21739130434783,986.0173913043479,3.4391304347826086,73.83478260869565,,248.25537101239667
2004-08-12,2004.0,225.0,8.0,12.0,-38.85217391304348,995.7478260869566,8.965217391304348,69.01739130434783,,183.02798209483646
2004-08-13,2004.0,226.0,8.0,13.0,-37.373684210526314,998.357894736842,5.110526315789474,70.80526315789473,,205.93118497661808
2004-08-14,2004.0,227.0,8.0,14.0,-39.82105263157895,984.4052631578948,2.1315789473684212,67.66315789473684,,236.8086211273905
2004-08-15,2004.0,228.0,8.0,15.0,-40.65714285714286,978.3857142857142,2.8095238095238093,66.47142857142858,,236.72018276428466
2004-08-16,2004.0,229.0,8.0,16.0,-36.2875,972.6750000000001,1.4791666666666667,72.43333333333334,,325.23781685813344
2004-08-17,2004.0,230.0,8.0,17.0,-43.949999999999996,977.3625000000001,1.5958333333333332,62.4125,,194.98099199984063
2004-08-18,2004.0,231.0,8.0,18.0,-39.3304347826087,971.4391304347826,5.947826086956522,68.19565217391305,,206.53293532808652
2004-08-19,2004.0,232.0,8.0,19.0,-43.57083333333333,973.9291666666667,1.675,62.708333333333336,,190.75421072783996
2004-08-20,2004.0,233.0,8.0,20.0,-36.256521739130434,974.5217391304348,6.095652173913043,71.85217391304349,,221.71469324543804
2004-08-21,2004.0,234.0,8.0,21.0,-40.334782608695654,979.3608695652174,6.965217391304347,66.98695652173913,,206.85683860392595
2004-08-22,2004.0,235.0,8.0,22.0,-40.4,989.7285714285714,11.938095238095238,66.9,,192.75034321009056
2004-08-23,2004.0,236.0,8.0,23.0,-33.230000000000004,983.945,13.831578947368422,72.28947368421052,,225.1680028593038
2004-08-24,2004.0,237.0,8.0,24.0,-32.46086956521739,983.8000000000001,2.746666666666667,77.68181818181819,,267.3562277809679
2004-08-25,2004.0,238.0,8.0,25.0,-34.40833333333333,990.1666666666666,3.4291666666666667,74.4375,,125.9413424389362
2004-08-26,2004.0,239.0,8.0,26.0,-38.550000000000004,996.3583333333332,2.7416666666666667,69.21249999999999,,225.34979158834236
2004-08-27,2004.0,240.0,8.0,27.0,-38.65416666666667,996.3375,6.541666666666667,68.66666666666667,,199.83313971203214
2004-08-28,2004.0,241.0,8.0,28.0,-38.30833333333333,990.8291666666668,2.4666666666666663,67.69166666666668,,320.64364893078783
2004-08-29,2004.0,242.0,8.0,29.0,-43.112500000000004,987.7375000000001,3.204166666666667,63.625,,196.5950995447585
2004-08-30,2004.0,243.0,8.0,30.0,-35.095652173913045,981.1304347826087,4.978260869565218,73.07826086956521,,122.1376121970204
2004-08-31,2004.0,244.0,8.0,31.0,-39.87142857142857,979.7809523809525,13.961904761904762,67.85238095238095,,193.93389445893834
2004-09-01,2004.0,245.0,9.0,1.0,-35.44347826086957,984.9478260869565,6.456521739130435,72.33043478260869,,239.3511019330001
2004-09-02,2004.0,246.0,9.0,2.0,-35.17916666666667,986.6291666666666,8.575000000000001,72.41666666666667,,207.45578295485936
2004-09-03,2004.0,247.0,9.0,3.0,-35.82083333333333,984.125,3.3708333333333336,72.42916666666666,,181.56170290724867
2004-09-04,2004.0,248.0,9.0,4.0,-34.09583333333333,975.0208333333334,15.858333333333334,74.89999999999999,,204.63991663942895
2004-09-05,2004.0,249.0,9.0,5.0,-22.179166666666664,962.1041666666666,19.620833333333334,87.32916666666667,,218.571820236153
2004-09-06,2004.0,250.0,9.0,6.0,-26.179166666666664,973.0695652173912,10.008333333333333,82.60416666666667,,216.87955722199885
2004-09-07,2004.0,251.0,9.0,7.0,-36.26086956521739,985.8086956521738,7.408695652173913,70.93478260869566,,193.05165096242268
2004-09-08,2004.0,252.0,9.0,8.0,-39.70454545454545,984.9954545454547,1.2772727272727273,67.0909090909091,,266.17476217415367
2004-09-09,2004.0,253.0,9.0,9.0,-33.32105263157895,972.1263157894738,4.173684210526315,76.43157894736842,,272.153483339035
2004-09-10,2004.0,254.0,9.0,10.0,-25.966666666666665,951.0714285714286,7.880952380952381,82.5952380952381,,242.5433246635616
2004-09-11,2004.0,255.0,9.0,11.0,-30.721739130434784,971.6565217391304,10.678260869565218,78.08260869565218,,216.87786783805493
2004-09-12,2004.0,256.0,9.0,12.0,-28.78333333333333,976.1708333333332,2.2125,81.41250000000001,,343.1464623120465
2004-09-13,2004.0,257.0,9.0,13.0,-33.32083333333333,967.6333333333333,3.1999999999999997,76.39583333333333,,213.15030853842714
2004-09-14,2004.0,258.0,9.0,14.0,-28.869565217391305,968.4434782608696,6.9173913043478255,80.2304347826087,,238.54947250037702
2004-09-15,2004.0,259.0,9.0,15.0,-27.974999999999998,978.3625000000001,5.829166666666667,81.29166666666667,,254.85768493839578
2004-09-16,2004.0,260.0,9.0,16.0,-32.31363636363636,986.7681818181819,13.904545454545454,76.21818181818182,,198.8497740758264
2004-09-17,2004.0,261.0,9.0,17.0,-32.7047619047619,987.9000000000001,3.4375,75.34285714285714,,170.78330875685953
2004-09-18,2004.0,262.0,9.0,18.0,-30.105263157894736,992.4631578947368,2.5999999999999996,79.94736842105263,,110.0
2004-09-19,2004.0,263.0,9.0,19.0,-33.52727272727273,999.6181818181817,,72.3952380952381,,
2004-09-20,2004.0,264.0,9.0,20.0,-38.834782608695654,999.6260869565218,7.85,65.72173913043478,,206.74868967524526
2004-09-21,2004.0,265.0,9.0,21.0,-35.708333333333336,995.5124999999999,7.55,68.8875,,209.4106534574098
2004-09-22,2004.0,266.0,9.0,22.0,-30.778260869565216,988.1782608695652,1.817391304347826,73.6304347826087,,31.832429744948058
2004-09-23,2004.0,267.0,9.0,23.0,-37.520833333333336,999.6458333333334,4.7625,71.02499999999999,,206.83141899016928
2004-09-24,2004.0,268.0,9.0,24.0,-38.756521739130434,1002.3173913043478,2.3,67.64347826086956,,161.73623716171048
2004-09-25,2004.0,269.0,9.0,25.0,-34.214285714285715,996.8095238095239,1.4095238095238096,73.21904761904761,0.0,175.10569460868015
2004-09-26,2004.0,270.0,9.0,26.0,-37.49545454545454,996.4318181818181,1.6636363636363638,69.79545454545455,,157.75259527683636
2004-09-27,2004.0,271.0,9.0,27.0,-35.08947368421053,989.1,2.8368421052631576,70.93157894736842,,143.62479159897
2004-09-28,2004.0,272.0,9.0,28.0,-37.87142857142857,988.604761904762,3.7476190476190476,65.35238095238095,,190.56581752978252
2004-09-29,2004.0,273.0,9.0,29.0,-38.0,992.2478260869566,3.973913043478261,62.07826086956521,,203.68330743215932
2004-09-30,2004.0,274.0,9.0,30.0,-37.42916666666667,993.525,3.2800000000000002,63.66956521739131,,211.116627528243
2004-10-01,2004.0,275.0,10.0,1.0,-44.68695652173913,997.3347826086957,6.243478260869565,56.19565217391305,,194.68156853769807
2004-10-02,2004.0,276.0,10.0,2.0,-41.25,993.9,2.2227272727272727,56.27272727272727,,219.868995996064
2004-10-03,2004.0,277.0,10.0,3.0,-41.47391304347826,989.0260869565217,2.0826086956521737,58.53478260869565,,228.01160571107852
2004-10-04,2004.0,278.0,10.0,4.0,-39.43478260869565,985.6173913043478,1.518181818181818,56.165217391304346,,193.8530779045065
2004-10-05,2004.0,279.0,10.0,5.0,-24.927272727272726,984.7227272727273,11.447619047619048,80.05454545454546,,204.78632335782063
2004-10-06,2004.0,280.0,10.0,6.0,-30.142105263157898,985.1,4.968421052631579,75.74736842105263,,201.4916335046871
2004-10-07,2004.0,281.0,10.0,7.0,-29.579166666666666,977.8833333333333,5.9624999999999995,66.825,,210.4507376019097
2004-10-08,2004.0,282.0,10.0,8.0,-23.48695652173913,978.8695652173913,14.126086956521737,74.87391304347825,,211.19838509756173
2004-10-09,2004.0,283.0,10.0,9.0,-18.645833333333332,976.8958333333334,12.966666666666667,76.8625,,209.5349522819931
2004-10-10,2004.0,284.0,10.0,10.0,-17.995833333333334,971.4041666666667,15.916666666666666,82.83333333333333,,205.66606978406253
2004-10-11,2004.0,285.0,10.0,11.0,-17.458333333333332,974.3791666666666,17.458333333333332,77.3,,206.54410205959104
2004-10-12,2004.0,286.0,10.0,12.0,-21.287499999999998,983.9083333333333,12.979166666666666,75.78750000000001,,201.92853939423367
2004-10-13,2004.0,287.0,10.0,13.0,-26.205000000000002,982.49,4.92,75.87,,196.86258802441003
2004-10-14,2004.0,288.0,10.0,14.0,-27.81904761904762,985.6571428571428,7.414285714285714,66.94761904761906,,200.5238089595563
2004-10-15,2004.0,289.0,10.0,15.0,-28.400000000000002,984.9235294117648,5.288235294117647,60.752941176470586,,202.67730456897695
2004-10-16,2004.0,290.0,10.0,16.0,-28.79565217391304,982.6478260869566,2.9391304347826086,59.2304347826087,,217.97407965601246
2004-10-17,2004.0,291.0,10.0,17.0,-21.158333333333335,983.4416666666666,9.125,72.1875,,204.36906914949378
2004-10-18,2004.0,292.0,10.0,18.0,-22.991666666666664,979.025,4.7875000000000005,70.32083333333334,,228.67046894486447
2004-10-19,2004.0,293.0,10.0,19.0,-20.825,969.7375000000001,7.329166666666667,67.57916666666667,,208.46187868472737
2004-10-20,2004.0,294.0,10.0,20.0,-18.154545454545453,971.0727272727272,13.359090909090908,75.55,,205.5959436745243
2004-10-21,2004.0,295.0,10.0,21.0,-20.87391304347826,977.3086956521738,3.682608695652174,76.95217391304348,,196.88773030945742
2004-10-22,2004.0,296.0,10.0,22.0,-20.165,974.45,1.035,64.095,,173.16254650855876
2004-10-23,2004.0,297.0,10.0,23.0,-22.926315789473687,975.3789473684211,1.8105263157894735,68.51052631578948,,246.2382298842419
2004-10-24,2004.0,298.0,10.0,24.0,-18.81,970.8549999999999,3.125,78.9,,335.3923355448144
2004-10-25,2004.0,299.0,10.0,25.0,-18.791666666666668,974.8375,3.408333333333333,79.00833333333334,,115.25005458080919
2004-10-26,2004.0,300.0,10.0,26.0,-23.041666666666668,985.1458333333334,7.820833333333333,78.64166666666667,,168.41322339097383
2004-10-27,2004.0,301.0,10.0,27.0,-23.09166666666667,976.7041666666668,2.025,65.85833333333333,,89.88435318567232
2004-10-28,2004.0,302.0,10.0,28.0,-21.087500000000002,978.4125,2.25,74.625,,0.11917835567571743
2004-10-29,2004.0,303.0,10.0,29.0,-25.872727272727275,987.104761904762,3.25,69.02272727272727,,188.2095486978896
2004-10-30,2004.0,304.0,10.0,30.0,-22.61304347826087,985.4130434782609,7.956521739130435,75.42608695652174,,208.56532569824304
2004-10-31,2004.0,305.0,10.0,31.0,-20.24736842105263,979.0842105263157,13.221052631578948,82.9,,203.42013949307892
2004-11-01,2004.0,306.0,11.0,1.0,-21.12777777777778,967.9684210526317,4.3315789473684205,67.11052631578947,,220.24169724278732
2004-11-02,2004.0,307.0,11.0,2.0,-19.105,961.49,2.77,56.95,,229.6082681419167
2004-11-03,2004.0,308.0,11.0,3.0,-19.043478260869566,960.2541666666666,1.55,65.49583333333334,,300.775224813999
2004-11-04,2004.0,309.0,11.0,4.0,-14.391666666666666,958.0291666666667,8.483333333333333,85.8125,,220.18905758674273
2004-11-05,2004.0,310.0,11.0,5.0,-16.558333333333334,961.7833333333333,10.058333333333334,84.22916666666667,,209.47372616677285
2004-11-06,2004.0,311.0,11.0,6.0,-16.725,966.4125,12.054166666666667,86.32916666666667,,207.65458734361434
2004-11-07,2004.0,312.0,11.0,7.0,-17.321739130434782,968.3826086956522,13.678260869565218,86.18260869565218,,208.77896298172442
2004-11-08,2004.0,313.0,11.0,8.0,-18.460869565217394,971.3086956521738,13.839130434782609,81.35217391304347,,210.2783146003401
2004-11-09,2004.0,314.0,11.0,9.0,-15.814285714285715,969.6714285714285,13.466666666666667,73.17142857142858,,213.85725337434528
2004-11-10,2004.0,315.0,11.0,10.0,-13.69047619047619,967.1190476190476,12.052380952380952,79.57619047619048,,214.24944231675323
2004-11-11,2004.0,316.0,11.0,11.0,-10.922727272727274,971.2545454545453,15.5,85.83636363636364,,213.05810574899448
2004-11-12,2004.0,317.0,11.0,12.0,-10.283333333333333,973.1583333333333,10.904166666666667,77.16666666666667,,217.6122234818897
2004-11-13,2004.0,318.0,11.0,13.0,-10.117391304347825,979.4565217391304,14.01304347826087,91.19047619047619,,215.4530650121773
2004-11-14,2004.0,319.0,11.0,14.0,-7.066666666666666,976.8916666666668,15.733333333333334,86.52142857142857,,217.8545125005003
2004-11-15,2004.0,320.0,11.0,15.0,-8.637500000000001,985.7375000000001,6.129166666666666,70.125,,215.09503595467066
2004-11-16,2004.0,321.0,11.0,16.0,-11.17142857142857,991.1217391304348,2.1913043478260867,71.14347826086956,,165.3915219423048
2004-11-17,2004.0,322.0,11.0,17.0,-10.223809523809523,991.4428571428571,2.157142857142857,68.91428571428571,,205.7290959035012
2004-11-18,2004.0,323.0,11.0,18.0,-11.052941176470588,987.2190476190475,2.1619047619047618,66.1952380952381,,205.28119768956398
2004-11-19,2004.0,324.0,11.0,19.0,-9.429411764705883,978.9736842105264,2.4578947368421056,65.99473684210527,,253.04158992598872
2004-11-20,2004.0,325.0,11.0,20.0,-8.491304347826087,968.5583333333334,3.85,68.35000000000001,,314.6184286531555
2004-11-21,2004.0,326.0,11.0,21.0,-10.958333333333334,972.9041666666667,9.141666666666667,76.85000000000001,,199.42640360492018
2004-11-22,2004.0,327.0,11.0,22.0,-10.323809523809524,980.0208333333334,4.6000000000000005,66.59583333333333,,209.42251954203232
2004-11-23,2004.0,328.0,11.0,23.0,-7.435,981.7958333333332,2.6041666666666665,63.166666666666664,,314.13067629619644
2004-11-24,2004.0,329.0,11.0,24.0,-8.27142857142857,983.8625000000001,1.3166666666666667,55.39166666666666,,202.57685548792801
2004-11-25,2004.0,330.0,11.0,25.0,-8.366666666666667,991.2333333333332,5.8999999999999995,82.85833333333333,,199.53032174662107
2004-11-26,2004.0,331.0,11.0,26.0,-9.357894736842105,997.0391304347827,2.4956521739130433,64.50434782608696,,215.0316723931479
2004-11-27,2004.0,332.0,11.0,27.0,-11.571428571428571,998.9863636363636,2.518181818181818,65.2,,117.73920925555406
2004-11-28,2004.0,333.0,11.0,28.0,-12.177272727272726,995.55,5.2681818181818185,72.33636363636364,,191.13748665354933
2004-11-29,2004.0,334.0,11.0,29.0,-11.25,986.6625,9.504166666666666,80.12916666666666,,204.45297211565267
2004-11-30,2004.0,335.0,11.0,30.0,-8.2875,976.2083333333334,13.491666666666667,83.59583333333333,,211.33516570772767
2004-12-01,2004.0,336.0,12.0,1.0,-5.408333333333334,975.8541666666666,12.887500000000001,84.85652173913044,,238.27173990967083
2004-12-02,2004.0,337.0,12.0,2.0,-6.191304347826088,982.8791666666666,5.483333333333333,75.75416666666666,,246.3495288691823
2004-12-03,2004.0,338.0,12.0,3.0,-5.126086956521739,983.2478260869566,2.973913043478261,66.8695652173913,,285.2979170376562
2004-12-04,2004.0,339.0,12.0,4.0,-6.3,979.5791666666668,6.466666666666666,75.35217391304347,,195.3901595582489
2004-12-05,2004.0,340.0,12.0,5.0,-8.876470588235295,986.4260869565217,2.526086956521739,63.95652173913044,,171.3576535604286
2004-12-06,2004.0,341.0,12.0,6.0,-7.246666666666667,987.9,3.53125,66.10625,,204.47655897528062
2004-12-07,2004.0,342.0,12.0,7.0,-6.327272727272727,985.0954545454545,7.590909090909091,71.70454545454545,,207.63142032143097
2004-12-08,2004.0,343.0,12.0,8.0,-7.485714285714285,984.4333333333333,8.485714285714286,85.61904761904762,,200.0812171219105
2004-12-09,2004.0,344.0,12.0,9.0,-7.209999999999999,985.5799999999999,6.029999999999999,78.64,,183.98815677879207
2004-12-10,2004.0,345.0,12.0,10.0,-8.52608695652174,989.8166666666666,4.479166666666667,79.11666666666666,,189.75634751039104
2004-12-11,2004.0,346.0,12.0,11.0,-6.957142857142857,995.6428571428571,7.214285714285714,74.26190476190476,,199.17951892153062
2004-12-12,2004.0,347.0,12.0,12.0,-8.3875,998.2157894736841,4.389473684210526,77.15789473684211,,156.5053159870545
2004-12-13,2004.0,348.0,12.0,13.0,-5.75,995.4761904761905,1.7999999999999998,62.01428571428571,,216.2159513999482
2004-12-14,2004.0,349.0,12.0,14.0,-2.2066666666666666,993.1142857142858,1.8571428571428572,61.099999999999994,,303.02758748598984
2004-12-15,2004.0,350.0,12.0,15.0,-2.588888888888889,995.5888888888888,3.1555555555555554,73.58333333333333,,353.97799088096843
2004-12-16,2004.0,351.0,12.0,16.0,-2.8055555555555554,999.4285714285714,1.8714285714285712,64.15714285714286,,22.270406969619188
2004-12-17,2004.0,352.0,12.0,17.0,-1.295,1002.1090909090909,2.1045454545454545,74.61578947368422,,47.568908257361684
2004-12-18,2004.0,353.0,12.0,18.0,-3.457142857142857,1004.3954545454545,3.063636363636364,80.27272727272727,,111.55365620267648
2004-12-19,2004.0,354.0,12.0,19.0,-5.204166666666667,1007.3625000000001,3.5500000000000003,81.85217391304347,,168.67895679841638
2004-12-20,2004.0,355.0,12.0,20.0,-3.1791666666666667,1000.3125,3.0541666666666667,70.35000000000001,,285.8804915246595
2004-12-21,2004.0,356.0,12.0,21.0,-5.4818181818181815,995.5826086956522,3.5173913043478264,71.00869565217391,,182.92793568623046
2004-12-22,2004.0,357.0,12.0,22.0,-4.428571428571429,993.8954545454545,1.9409090909090911,64.02727272727272,0.0,158.96059502562005
2004-12-23,2004.0,358.0,12.0,23.0,-6.133333333333333,994.7285714285714,2.2142857142857144,56.94761904761905,,164.78633709995444
2004-12-24,2004.0,359.0,12.0,24.0,-5.665,996.72,4.675,70.975,,206.44864199638465
2004-12-25,2004.0,360.0,12.0,25.0,-8.227272727272727,996.0363636363636,9.409090909090908,83.9090909090909,,206.8979124704726
2004-12-26,2004.0,361.0,12.0,26.0,-6.6000000000000005,990.6416666666668,6.116666666666667,83.97083333333333,,179.52661422583463
2004-12-27,2004.0,362.0,12.0,27.0,-4.420833333333333,987.9166666666666,6.854166666666667,87.88260869565217,,181.25620592471918
2004-12-28,2004.0,363.0,12.0,28.0,-3.2526315789473683,986.0458333333332,2.795833333333333,77.64999999999999,,193.2389899342548
2004-12-29,2004.0,364.0,12.0,29.0,-4.1000000000000005,983.5791666666668,2.3208333333333333,78.23333333333333,,303.73104430900764
2004-12-30,2004.0,365.0,12.0,30.0,-6.891666666666667,985.9304347826088,4.195833333333334,74.88,,196.9879791037962
2004-12-31,2004.0,366.0,12.0,31.0,-5.477777777777778,987.11,3.37,75.04705882352941,,226.5390206015669
2005-01-01,2005.0,1.0,1.0,1.0,-6.955,985.805,6.555,84.42,,197.33529026669763
2005-01-02,2005.0,2.0,1.0,2.0,-6.961904761904761,986.4333333333333,7.461904761904761,79.94761904761904,,194.16682503373417
2005-01-03,2005.0,3.0,1.0,3.0,-3.6166666666666667,985.3166666666666,10.266666666666667,84.17916666666666,,210.34735337199746
2005-01-04,2005.0,4.0,1.0,4.0,-2.558333333333333,981.0541666666667,12.904166666666667,93.10666666666665,,200.14012126636985
2005-01-05,2005.0,5.0,1.0,5.0,-2.4833333333333334,980.3708333333334,7.9875,89.07777777777778,,193.36044052263733
2005-01-06,2005.0,6.0,1.0,6.0,-2.9916666666666667,980.6999999999999,11.691666666666668,90.17333333333333,,218.31382434175572
2005-01-07,2005.0,7.0,1.0,7.0,-2.1999999999999997,977.1833333333334,11.095833333333333,95.52499999999999,,179.26058250801427
2005-01-08,2005.0,8.0,1.0,8.0,-2.860869565217391,985.6086956521739,6.773913043478261,90.2764705882353,,157.23848869229067
2005-01-09,2005.0,9.0,1.0,9.0,-3.6181818181818177,981.0227272727273,5.036363636363636,85.44500000000001,,178.40412155629016
2005-01-10,2005.0,10.0,1.0,10.0,-3.275,983.305,3.4299999999999997,81.0529411764706,,163.29160755748558
2005-01-11,2005.0,11.0,1.0,11.0,-1.9857142857142858,989.1095238095238,3.8285714285714287,79.08333333333333,,299.4922881159176
2005-01-12,2005.0,12.0,1.0,12.0,-2.8722222222222222,999.6750000000001,3.0208333333333335,74.92083333333333,,191.2832017145127
2005-01-13,2005.0,13.0,1.0,13.0,-2.2199999999999998,999.7416666666667,1.4333333333333333,76.37727272727273,,13.017369587267908
2005-01-14,2005.0,14.0,1.0,14.0,-2.5636363636363635,995.3458333333333,2.920833333333333,77.27083333333333,,152.96174116020327
2005-01-15,2005.0,15.0,1.0,15.0,-5.483333333333333,989.6708333333332,5.845833333333334,81.56315789473685,,175.36539591024302
2005-01-16,2005.0,16.0,1.0,16.0,-5.440909090909091,989.1826086956522,4.339130434782609,78.32608695652173,,220.64604551820193
2005-01-17,2005.0,17.0,1.0,17.0,-6.817391304347827,987.204347826087,3.847826086956522,73.44347826086957,,214.6622319647282
2005-01-18,2005.0,18.0,1.0,18.0,-8.073684210526316,986.375,3.0349999999999997,70.7421052631579,,183.4264894100939
2005-01-19,2005.0,19.0,1.0,19.0,-7.419047619047619,988.257142857143,2.2952380952380955,64.14761904761905,,207.69447348221755
2005-01-20,2005.0,20.0,1.0,20.0,-7.947058823529411,989.6782608695652,1.7434782608695654,69.10000000000001,,226.01300917826836
2005-01-21,2005.0,21.0,1.0,21.0,-9.82857142857143,988.9869565217392,2.6875,73.35000000000001,,161.53806790313752
2005-01-22,2005.0,22.0,1.0,22.0,-6.684210526315789,987.3041666666667,2.5666666666666664,73.36086956521739,,218.16258368299543
2005-01-23,2005.0,23.0,1.0,23.0,-8.979166666666666,988.7958333333332,12.195833333333333,93.70833333333333,,245.0400356582207
2005-01-24,2005.0,24.0,1.0,24.0,-8.754545454545454,993.3083333333334,5.375,83.75217391304348,,224.17789238236645
2005-01-25,2005.0,25.0,1.0,25.0,-8.765217391304347,987.1086956521739,3.4565217391304346,77.11304347826086,,125.36706626466534
2005-01-26,2005.0,26.0,1.0,26.0,-9.982608695652173,985.8000000000001,7.995652173913044,80.64347826086956,,213.1594509575709
2005-01-27,2005.0,27.0,1.0,27.0,-6.955555555555556,982.3263157894737,4.1000000000000005,63.38421052631579,,261.0895710030015
2005-01-28,2005.0,28.0,1.0,28.0,-8.620000000000001,988.0761904761904,3.4285714285714284,65.56666666666668,,231.13147079216023
2005-01-29,2005.0,29.0,1.0,29.0,-12.18695652173913,987.5043478260869,3.8000000000000003,67.03181818181818,,223.50639811204297
2005-01-30,2005.0,30.0,1.0,30.0,-13.75,983.9875000000001,4.05,62.06666666666666,,223.64344035636188
2005-01-31,2005.0,31.0,1.0,31.0,-10.073333333333332,981.6541666666667,1.7333333333333334,54.24583333333334,,170.13163255009198
2005-02-01,2005.0,32.0,2.0,1.0,-6.818181818181818,975.225,4.125,73.32608695652173,,359.5268571211637
2005-02-02,2005.0,33.0,2.0,2.0,-7.004166666666666,972.9208333333332,4.541666666666667,75.375,,91.01565048749161
2005-02-03,2005.0,34.0,2.0,3.0,-11.670833333333334,976.8583333333332,7.3500000000000005,86.38333333333333,,182.8723173898163
2005-02-04,2005.0,35.0,2.0,4.0,-13.695238095238096,975.1791666666667,3.65,77.20833333333333,,185.6381853081826
2005-02-05,2005.0,36.0,2.0,5.0,-9.381818181818183,975.8869565217392,7.360869565217392,82.9608695652174,,208.1025702520545
2005-02-06,2005.0,37.0,2.0,6.0,-13.51304347826087,983.1173913043478,6.134782608695652,84.91304347826087,,209.89919594186483
2005-02-07,2005.0,38.0,2.0,7.0,-11.9,988.0916666666667,7.5375000000000005,80.97500000000001,,208.74991920265066
2005-02-08,2005.0,39.0,2.0,8.0,-11.163157894736841,991.1833333333334,3.4583333333333335,65.29583333333333,,204.19753789193283
2005-02-09,2005.0,40.0,2.0,9.0,-14.629166666666668,988.9125,4.05,67.60833333333333,,201.8453910898755
2005-02-10,2005.0,41.0,2.0,10.0,-14.020833333333334,981.7541666666666,6.141666666666667,62.30416666666667,,212.35199401793489
2005-02-11,2005.0,42.0,2.0,11.0,-15.741666666666667,972.8458333333333,3.5416666666666665,69.69166666666666,,200.05220789975778
2005-02-12,2005.0,43.0,2.0,12.0,-12.595833333333333,971.6958333333333,3.233333333333333,64.4375,,246.7832947475089
2005-02-13,2005.0,44.0,2.0,13.0,-10.033333333333333,970.1083333333332,8.783333333333333,78.46666666666667,,213.5072109727733
2005-02-14,2005.0,45.0,2.0,14.0,-10.939130434782609,967.1541666666667,3.875,65.78333333333333,,171.6672111588998
2005-02-15,2005.0,46.0,2.0,15.0,-15.641666666666666,968.1125000000001,6.633333333333333,74.16250000000001,,203.11101027004304
2005-02-16,2005.0,47.0,2.0,16.0,-11.209090909090909,972.2833333333333,3.9333333333333336,67.16250000000001,,225.4180122990112
2005-02-17,2005.0,48.0,2.0,17.0,-13.454166666666666,970.9333333333334,4.516666666666667,79.39583333333333,,128.84770399406912
2005-02-18,2005.0,49.0,2.0,18.0,-14.758333333333333,978.125,6.858333333333333,87.48333333333333,,171.23239773688914
2005-02-19,2005.0,50.0,2.0,19.0,-12.4375,981.1999999999999,7.577272727272727,88.515,0.0,223.75760539056378
2005-02-20,2005.0,51.0,2.0,20.0,-17.787499999999998,989.6208333333334,5.3999999999999995,74.7,,179.91013473753208
2005-02-21,2005.0,52.0,2.0,21.0,-15.275,990.1083333333332,8.929166666666667,88.62916666666666,,189.75067427737773
2005-02-22,2005.0,53.0,2.0,22.0,-21.625,982.4375,4.416666666666667,77.3875,,192.22377187152367
2005-02-23,2005.0,54.0,2.0,23.0,-22.391666666666666,980.0749999999999,6.783333333333334,74.625,,186.80395352342276
2005-02-24,2005.0,55.0,2.0,24.0,-24.349999999999998,987.2208333333333,5.5249999999999995,72.08333333333333,,216.85173448942712
2005-02-25,2005.0,56.0,2.0,25.0,-17.916666666666668,991.0791666666668,6.75,71.65833333333333,,221.62367663225808
2005-02-26,2005.0,57.0,2.0,26.0,-19.52173913043478,989.0166666666668,4.354166666666667,73.37916666666666,,215.11943683164372
2005-02-27,2005.0,58.0,2.0,27.0,-22.629166666666666,985.3333333333334,4.3125,71.35833333333333,,230.9910603857715
2005-02-28,2005.0,59.0,2.0,28.0,-24.59583333333333,996.1583333333333,5.533333333333334,70.60434782608696,,197.3992754970564
2005-03-01,2005.0,60.0,3.0,1.0,-19.820833333333333,990.9375,5.704166666666667,68.70416666666667,,207.4254747448831
2005-03-02,2005.0,61.0,3.0,2.0,-24.254166666666666,988.2666666666668,4.716666666666667,72.72500000000001,,206.0550699634214
2005-03-03,2005.0,62.0,3.0,3.0,-18.991304347826087,992.3913043478261,4.086956521739131,80.08695652173913,,134.53270469036875
2005-03-04,2005.0,63.0,3.0,4.0,-20.1125,993.1958333333333,7.7,76.22083333333333,,211.65526131537962
2005-03-05,2005.0,64.0,3.0,5.0,-21.712500000000002,989.0958333333333,8.295833333333333,80.62083333333334,,208.53795811401454
2005-03-06,2005.0,65.0,3.0,6.0,-29.51304347826087,990.491304347826,5.1,76.20434782608696,,171.22206653673175
2005-03-07,2005.0,66.0,3.0,7.0,-28.079166666666666,994.1333333333333,4.795833333333333,73.95833333333333,,167.73148431433285
2005-03-08,2005.0,67.0,3.0,8.0,-30.508333333333336,992.1208333333334,2.970833333333333,68.20416666666667,,148.5519777028794
2005-03-09,2005.0,68.0,3.0,9.0,-26.695833333333336,991.3666666666667,2.954166666666667,65.95833333333333,,148.30546255817322
2005-03-10,2005.0,69.0,3.0,10.0,-21.80952380952381,988.775,1.8875,77.5,,121.24085980037343
2005-03-11,2005.0,70.0,3.0,11.0,-24.491666666666664,984.9666666666667,7.729166666666667,79.1375,,194.8345616794546
2005-03-12,2005.0,71.0,3.0,12.0,-20.745454545454546,973.35,2.970833333333333,84.34583333333333,,277.8824745676924
2005-03-13,2005.0,72.0,3.0,13.0,-25.179166666666664,974.5833333333334,4.508333333333334,78.675,,186.32487141265275
2005-03-14,2005.0,73.0,3.0,14.0,-26.412499999999998,979.6,3.808333333333333,73.91666666666667,,202.8184616380282
2005-03-15,2005.0,74.0,3.0,15.0,-26.121052631578948,974.875,2.245833333333333,73.82916666666667,,178.1823183090587
2005-03-16,2005.0,75.0,3.0,16.0,-26.299999999999997,975.7458333333334,5.1625000000000005,67.78750000000001,,216.83350331054905
2005-03-17,2005.0,76.0,3.0,17.0,-25.745833333333334,984.8208333333333,5.454166666666667,75.07083333333334,,206.15015760238407
2005-03-18,2005.0,77.0,3.0,18.0,-26.425,985.7624999999999,4.058333333333334,72.85416666666667,,200.33350005549994
2005-03-19,2005.0,78.0,3.0,19.0,-28.652173913043477,984.8333333333334,3.2541666666666664,71.83333333333333,,183.08683563252922
2005-03-20,2005.0,79.0,3.0,20.0,-28.67391304347826,977.3625000000001,4.654166666666667,72.17083333333333,,236.25131542383036
2005-03-21,2005.0,80.0,3.0,21.0,-22.130434782608695,970.4250000000001,9.137500000000001,81.43333333333334,,269.62076905065146
2005-03-22,2005.0,81.0,3.0,22.0,-19.516666666666666,973.6333333333333,11.112499999999999,88.96666666666665,,284.20912947979434
2005-03-23,2005.0,82.0,3.0,23.0,-23.833333333333332,975.0583333333334,11.683333333333332,83.875,,284.5917505684039
2005-03-24,2005.0,83.0,3.0,24.0,-21.895833333333332,986.2541666666666,8.5,85.16250000000001,,273.20774411073944
2005-03-25,2005.0,84.0,3.0,25.0,-28.325,992.4916666666667,5.666666666666667,75.325,,274.3444986052467
2005-03-26,2005.0,85.0,3.0,26.0,-29.804166666666664,991.725,5.104166666666667,70.10833333333333,,281.0973914901717
2005-03-27,2005.0,86.0,3.0,27.0,-20.5125,990.0458333333332,9.845833333333333,82.7,,289.4321787707903
2005-03-28,2005.0,87.0,3.0,28.0,-26.474999999999998,991.5833333333334,6.05,76.1375,,288.1454249588624
2005-03-29,2005.0,88.0,3.0,29.0,-26.776190476190475,989.1625,3.283333333333333,79.77083333333333,,312.93591085468444
2005-03-30,2005.0,89.0,3.0,30.0,-20.595833333333335,979.6999999999999,5.5874999999999995,89.5086956521739,,317.04318678890405
2005-03-31,2005.0,90.0,3.0,31.0,-32.083333333333336,979.9083333333333,8.229166666666666,75.8625,,268.23219607290457
2005-04-01,2005.0,91.0,4.0,1.0,-26.86521739130435,980.8125,4.570833333333334,82.24166666666666,,305.4921180885786
2005-04-02,2005.0,92.0,4.0,2.0,-23.90833333333333,976.2708333333334,9.620833333333334,81.54583333333333,,279.88426361082486
2005-04-03,2005.0,93.0,4.0,3.0,-27.433333333333334,975.0500000000001,5.904166666666666,82.19583333333334,,272.4671044620889
2005-04-04,2005.0,94.0,4.0,4.0,-26.9875,975.1999999999999,6.670833333333333,82.71666666666667,,302.3645855359045
2005-04-05,2005.0,95.0,4.0,5.0,-18.108333333333334,962.0041666666666,6.7250000000000005,89.39583333333333,,326.8415305469266
2005-04-06,2005.0,96.0,4.0,6.0,-21.491666666666664,966.9041666666667,11.791666666666666,88.66666666666667,,290.66393879174404
2005-04-07,2005.0,97.0,4.0,7.0,-26.224999999999998,975.725,11.933333333333332,83.9875,,292.06145994963504
2005-04-08,2005.0,98.0,4.0,8.0,-29.291666666666668,973.8583333333332,3.904166666666667,80.91666666666667,,282.70620830991476
2005-04-09,2005.0,99.0,4.0,9.0,-27.554166666666664,969.3125,3.079166666666667,82.6125,,9.8604338513177
2005-04-10,2005.0,100.0,4.0,10.0,-24.829166666666666,971.0416666666666,4.879166666666667,86.04166666666667,,320.29118113682006
2005-04-11,2005.0,101.0,4.0,11.0,-23.608333333333334,974.1708333333332,5.341666666666666,87.98333333333333,,338.19691867575193
2005-04-12,2005.0,102.0,4.0,12.0,-29.6375,973.1291666666666,6.7250000000000005,80.675,,276.5681609689302
2005-04-13,2005.0,103.0,4.0,13.0,-29.291666666666668,971.625,4.2615384615384615,80.6875,,357.1691225846159
2005-04-14,2005.0,104.0,4.0,14.0,-24.204166666666666,975.0166666666668,5.970833333333334,86.79166666666667,,306.0459977806464
2005-04-15,2005.0,105.0,4.0,15.0,-24.52916666666667,978.9541666666668,3.4458333333333333,86.64583333333333,,268.9752340208553
2005-04-16,2005.0,106.0,4.0,16.0,-30.96666666666667,976.4041666666667,4.691666666666666,77.0625,,230.16358330040666
2005-04-17,2005.0,107.0,4.0,17.0,-38.88333333333333,985.9250000000001,5.441666666666666,68.55416666666666,,275.13085494441214
2005-04-18,2005.0,108.0,4.0,18.0,-38.479166666666664,990.9416666666666,3.8041666666666667,69.62916666666666,,218.31243493770876
2005-04-19,2005.0,109.0,4.0,19.0,-37.9125,990.5583333333334,3.045833333333333,70.77083333333333,,250.1332688969125
2005-04-20,2005.0,110.0,4.0,20.0,-41.37916666666667,1000.3083333333334,1.5791666666666666,65.55833333333334,,288.1873862722489
2005-04-21,2005.0,111.0,4.0,21.0,-30.15416666666667,999.1208333333334,2.0500000000000003,79.47083333333333,,53.2513105477038
2005-04-22,2005.0,112.0,4.0,22.0,-30.025000000000002,992.125,6.573333333333333,80.05,0.0,274.18764234561337
2005-04-23,2005.0,113.0,4.0,23.0,-35.19583333333333,988.6166666666667,13.879166666666668,73.89166666666667,,282.095300850446
2005-04-24,2005.0,114.0,4.0,24.0,-36.6,982.0958333333333,5.070833333333334,72.07916666666667,,300.3714819934422
2005-04-25,2005.0,115.0,4.0,25.0,-27.625,977.9833333333332,4.641666666666667,81.9875,,325.98570255275894
2005-04-26,2005.0,116.0,4.0,26.0,-27.416666666666668,987.6458333333334,4.3875,73.70416666666667,,292.24681214529716
2005-04-27,2005.0,117.0,4.0,27.0,-33.041666666666664,994.3625000000001,2.433333333333333,75.79583333333333,,206.05689717512132
2005-04-28,2005.0,118.0,4.0,28.0,-31.708333333333332,995.8458333333333,2.1125000000000003,78.1625,,229.28386064521553
2005-04-29,2005.0,119.0,4.0,29.0,-32.87083333333333,995.6583333333333,9.583333333333334,76.45833333333333,,271.91101491509346
2005-04-30,2005.0,120.0,4.0,30.0,-31.229166666666668,983.2125,4.004166666666666,78.32916666666667,,301.03726880512994
2005-05-01,2005.0,121.0,5.0,1.0,-30.141666666666666,974.6125000000001,3.125,79.675,,323.02089696490856
2005-05-02,2005.0,122.0,5.0,2.0,-23.52916666666667,961.9391304347826,7.6000000000000005,87.17916666666667,,27.960654964735046
2005-05-03,2005.0,123.0,5.0,3.0,-25.291666666666668,971.4875000000001,11.799999999999999,85.60000000000001,,297.75052146702916
2005-05-04,2005.0,124.0,5.0,4.0,-31.72083333333333,977.9833333333332,8.329166666666667,78.11666666666666,,278.42046083835913
2005-05-05,2005.0,125.0,5.0,5.0,-26.795833333333334,972.4375,4.8125,83.70416666666667,,335.51602618247375
2005-05-06,2005.0,126.0,5.0,6.0,-22.541666666666668,967.7166666666667,11.529166666666667,88.37916666666666,,299.30447364881957
2005-05-07,2005.0,127.0,5.0,7.0,-18.570833333333333,971.8874999999999,13.741666666666667,92.80833333333334,,297.38537726343895
2005-05-08,2005.0,128.0,5.0,8.0,-19.341666666666665,971.975,11.754166666666668,91.075,,292.0659434059843
2005-05-09,2005.0,129.0,5.0,9.0,-17.304166666666667,975.9250000000001,14.591666666666667,93.4875,,302.7424131330481
2005-05-10,2005.0,130.0,5.0,10.0,-17.591666666666665,978.0916666666667,16.229166666666668,93.45,,325.5402692609153
2005-05-11,2005.0,131.0,5.0,11.0,-21.224999999999998,977.9583333333334,12.120833333333332,84.58749999999999,,318.7606889464539
2005-05-12,2005.0,132.0,5.0,12.0,-19.045833333333334,981.9541666666668,10.541666666666666,87.93333333333334,,316.38072577395906
2005-05-13,2005.0,133.0,5.0,13.0,-28.73913043478261,988.3739130434782,4.6869565217391305,78.74347826086957,,302.95351723168346
2005-05-14,2005.0,134.0,5.0,14.0,-31.204166666666666,997.2375000000001,5.820833333333333,78.11666666666666,,290.489098996061
2005-05-15,2005.0,135.0,5.0,15.0,-30.695833333333336,996.3083333333334,4.783333333333333,78.0125,,323.8051243902712
2005-05-16,2005.0,136.0,5.0,16.0,-25.729166666666668,982.2916666666666,9.425,84.88333333333334,,304.50445811980273
2005-05-17,2005.0,137.0,5.0,17.0,-18.745833333333334,971.3666666666667,11.670833333333334,89.29166666666667,,324.0788403669293
2005-05-18,2005.0,138.0,5.0,18.0,-17.037499999999998,976.9583333333334,11.658333333333333,93.09166666666668,,321.02188457810587
2005-05-19,2005.0,139.0,5.0,19.0,-22.129166666666666,982.4291666666667,9.008333333333333,83.0625,,301.7864811730744
2005-05-20,2005.0,140.0,5.0,20.0,-24.162499999999998,977.1833333333334,3.15,81.50416666666666,,294.7903282252299
2005-05-21,2005.0,141.0,5.0,21.0,-25.170833333333334,969.3208333333333,4.1625000000000005,85.99166666666667,,10.036746736271617
2005-05-22,2005.0,142.0,5.0,22.0,-31.537499999999998,984.4041666666667,6.016666666666667,76.97083333333333,,280.9472468842879
2005-05-23,2005.0,143.0,5.0,23.0,-37.02916666666667,995.3708333333334,8.558333333333334,71.75,,275.8043898444447
2005-05-24,2005.0,144.0,5.0,24.0,-42.5,997.6333333333333,6.1000000000000005,64.46249999999999,,266.9606971175965
2005-05-25,2005.0,145.0,5.0,25.0,-33.050000000000004,989.2958333333332,19.083333333333332,76.29583333333333,,306.541976470122
2005-05-26,2005.0,146.0,5.0,26.0,-26.77916666666667,986.8416666666667,17.441666666666666,82.38333333333334,,303.21641165601716
2005-05-27,2005.0,147.0,5.0,27.0,-25.441666666666666,997.5541666666667,6.733333333333333,76.47500000000001,,279.10274637668834
2005-05-28,2005.0,148.0,5.0,28.0,-25.4375,998.2739130434783,10.979166666666666,84.10416666666667,,270.61505577562275
2005-05-29,2005.0,149.0,5.0,29.0,-21.23478260869565,987.4565217391304,15.195652173913043,88.01304347826087,,342.84100759122924
2005-05-30,2005.0,150.0,5.0,30.0,-27.072727272727274,984.652380952381,6.4818181818181815,80.75238095238095,,330.06233445460146
2005-05-31,2005.0,151.0,5.0,31.0,-31.117391304347827,986.491304347826,2.782608695652174,75.29565217391304,,339.1101674634895
2005-06-01,2005.0,152.0,6.0,1.0,-32.858333333333334,1000.9666666666667,6.995833333333334,76.69583333333334,,296.4357314828568
2005-06-02,2005.0,153.0,6.0,2.0,-32.06666666666667,1011.9333333333334,10.409090909090908,77.55833333333332,,294.68216659681536
2005-06-03,2005.0,154.0,6.0,3.0,-36.52916666666667,1007.4541666666668,,72.03333333333333,,
2005-06-04,2005.0,155.0,6.0,4.0,-38.75,999.3708333333334,8.927272727272728,69.2625,,282.0611246303666
2005-06-05,2005.0,156.0,6.0,5.0,-35.87916666666667,988.7875,5.492857142857143,72.8125,,293.9893092468446
2005-06-06,2005.0,157.0,6.0,6.0,-32.675000000000004,986.6434782608695,5.604166666666667,75.52083333333333,,295.54166839095586
2005-06-07,2005.0,158.0,6.0,7.0,-40.96666666666667,990.6125000000001,3.9166666666666665,66.22500000000001,,245.02075330115784
2005-06-08,2005.0,159.0,6.0,8.0,-39.45238095238095,988.047619047619,8.79047619047619,67.76190476190476,,310.9246976962908
2005-06-09,2005.0,160.0,6.0,9.0,-33.07826086956521,979.7869565217391,5.478260869565218,75.98260869565217,,47.087732649759836
2005-06-10,2005.0,161.0,6.0,10.0,-43.3125,996.8249999999999,5.425,63.61666666666667,,288.5501684510055
2005-06-11,2005.0,162.0,6.0,11.0,-38.975,984.75,2.120833333333333,68.6125,,323.64433628729444
2005-06-12,2005.0,163.0,6.0,12.0,-27.90416666666667,981.7916666666666,6.216666666666666,80.96666666666667,,325.4271681896687
2005-06-13,2005.0,164.0,6.0,13.0,-22.729166666666668,983.5083333333333,8.025,85.95833333333333,,298.03938548638115
2005-06-14,2005.0,165.0,6.0,14.0,-30.958333333333332,985.5291666666667,3.9291666666666667,77.88333333333334,,325.74624049768715
2005-06-15,2005.0,166.0,6.0,15.0,-36.145833333333336,992.5791666666668,7.2375,72.64583333333333,,296.61033392052013
2005-06-16,2005.0,167.0,6.0,16.0,-33.34782608695652,1013.204347826087,7.630434782608695,74.12173913043478,,307.4777356497898
2005-06-17,2005.0,168.0,6.0,17.0,-36.49090909090909,1013.9772727272727,2.2181818181818183,71.80454545454546,,300.69931636364373
2005-06-18,2005.0,169.0,6.0,18.0,-42.266666666666666,1004.3916666666668,3.6833333333333336,64.89166666666667,,312.08315839805516
2005-06-19,2005.0,170.0,6.0,19.0,-38.916666666666664,989.2208333333333,1.2166666666666666,68.34583333333333,,346.8167429356624
2005-06-20,2005.0,171.0,6.0,20.0,-26.15416666666667,981.2416666666667,5.991666666666667,84.07083333333334,,41.865037317523154
2005-06-21,2005.0,172.0,6.0,21.0,-25.3125,980.9166666666666,6.108333333333333,85.67916666666667,,3.5602571596193893
2005-06-22,2005.0,173.0,6.0,22.0,-24.083333333333332,974.5041666666666,18.583333333333332,86.75833333333333,,329.0381719815823
2005-06-23,2005.0,174.0,6.0,23.0,-22.037499999999998,977.5625,8.258333333333333,89.14166666666667,,13.631259161831252
2005-06-24,2005.0,175.0,6.0,24.0,-23.0125,985.3000000000001,23.162499999999998,88.07083333333333,,334.09731730260165
2005-06-25,2005.0,176.0,6.0,25.0,-25.733333333333334,983.5708333333333,3.875,80.2375,,29.215627402516002
2005-06-26,2005.0,177.0,6.0,26.0,-26.599999999999998,992.4391304347826,5.791304347826086,83.91739130434782,,337.34543403619745
2005-06-27,2005.0,178.0,6.0,27.0,-32.5,992.225,6.195833333333333,77.20833333333333,,332.0587098128485
2005-06-28,2005.0,179.0,6.0,28.0,-37.612500000000004,995.0,6.441666666666666,70.63333333333334,,316.9390570931703
2005-06-29,2005.0,180.0,6.0,29.0,-17.349999999999998,977.2166666666667,21.325,94.17083333333333,,333.64299796042195
2005-06-30,2005.0,181.0,6.0,30.0,-15.200000000000001,975.9250000000001,19.95,96.02499999999999,,334.2921712668233
2005-07-01,2005.0,182.0,7.0,1.0,-19.3875,986.2791666666667,10.329166666666667,89.05,,350.32722589141247
2005-07-02,2005.0,183.0,7.0,2.0,-25.4875,985.1086956521739,4.3,85.82083333333333,,332.6009601938908
2005-07-03,2005.0,184.0,7.0,3.0,-32.574999999999996,987.25,3.8375,76.57916666666667,,339.94169857075445
2005-07-04,2005.0,185.0,7.0,4.0,-37.333333333333336,988.6291666666666,4.141666666666667,71.28750000000001,,337.9785140604626
2005-07-05,2005.0,186.0,7.0,5.0,-36.65,992.0625,7.354166666666667,72.27499999999999,,326.2115449370212
2005-07-06,2005.0,187.0,7.0,6.0,-41.4125,992.5625,5.283333333333333,66.10000000000001,,331.32292435699253
2005-07-07,2005.0,188.0,7.0,7.0,-47.762499999999996,986.9625,2.4363636363636365,57.800000000000004,,324.75994084384837
2005-07-08,2005.0,189.0,7.0,8.0,-38.2,978.4291666666667,,69.0625,,
2005-07-09,2005.0,190.0,7.0,9.0,-45.45416666666667,978.2791666666667,,60.71666666666667,,
2005-07-10,2005.0,191.0,7.0,10.0,-33.375,977.4708333333333,1.5666666666666667,76.04583333333333,,26.362976127586077
2005-07-11,2005.0,192.0,7.0,11.0,-34.84166666666667,990.7208333333333,7.55,74.22916666666667,,319.9401070895845
2005-07-12,2005.0,193.0,7.0,12.0,-33.46666666666667,985.7166666666667,3.4416666666666664,75.97500000000001,,327.7483994370081
2005-07-13,2005.0,194.0,7.0,13.0,-32.645833333333336,990.5416666666666,6.066666666666666,77.01666666666667,,319.41165145679247
2005-07-14,2005.0,195.0,7.0,14.0,-32.733333333333334,998.5583333333334,7.058333333333334,76.90416666666667,,315.80530708762603
2005-07-15,2005.0,196.0,7.0,15.0,-43.04583333333333,990.1875,3.7416666666666667,64.21249999999999,,313.30597191103084
2005-07-16,2005.0,197.0,7.0,16.0,-37.75416666666667,979.6541666666667,1.95,70.1625,,14.771154220832699
2005-07-17,2005.0,198.0,7.0,17.0,-31.479166666666668,973.2125,3.345833333333333,78.44166666666666,,51.416381952563256
2005-07-18,2005.0,199.0,7.0,18.0,-29.858333333333334,971.8874999999999,2.0,80.00833333333334,,30.77152705461566
2005-07-19,2005.0,200.0,7.0,19.0,-25.275000000000002,969.7791666666667,3.4333333333333336,85.62083333333334,,329.70765232735
2005-07-20,2005.0,201.0,7.0,20.0,-20.9375,975.7583333333333,12.170833333333334,90.85833333333333,,322.3409563077021
2005-07-21,2005.0,202.0,7.0,21.0,-20.233333333333334,976.7041666666668,17.404166666666665,91.14583333333333,,325.8865213993545
2005-07-22,2005.0,203.0,7.0,22.0,-21.3875,977.2624999999999,16.474999999999998,89.78750000000001,,323.9181641992769
2005-07-23,2005.0,204.0,7.0,23.0,-21.6125,976.0416666666666,11.408333333333333,89.3125,,316.3754252791276
2005-07-24,2005.0,205.0,7.0,24.0,-23.233333333333334,978.6458333333334,8.158333333333333,86.10416666666667,,306.2202873498613
2005-07-25,2005.0,206.0,7.0,25.0,-30.40416666666667,985.0791666666668,5.095833333333333,79.66250000000001,,311.66847143805495
2005-07-26,2005.0,207.0,7.0,26.0,-32.34583333333333,988.2041666666668,8.7875,77.21249999999999,,300.0659817853393
2005-07-27,2005.0,208.0,7.0,27.0,-35.87083333333333,998.7958333333332,9.395833333333334,72.30833333333334,,298.6264934283577
2005-07-28,2005.0,209.0,7.0,28.0,-33.016666666666666,987.4541666666668,14.141666666666666,76.35833333333333,,297.33504708028914
2005-07-29,2005.0,210.0,7.0,29.0,-36.0875,977.2708333333334,7.5600000000000005,72.07083333333334,,303.54641095951234
2005-07-30,2005.0,211.0,7.0,30.0,-39.42916666666667,979.9291666666667,1.5708333333333335,68.625,,349.1015284291996
2005-07-31,2005.0,212.0,7.0,31.0,-33.704166666666666,984.6583333333333,1.6624999999999999,75.4375,,201.00098895989706
2005-08-01,2005.0,213.0,8.0,1.0,-35.295833333333334,984.1041666666666,3.641666666666667,73.6875,,325.3848544528574
2005-08-02,2005.0,214.0,8.0,2.0,-36.06666666666667,990.0708333333333,6.341666666666666,72.84166666666667,,273.99105664048886
2005-08-03,2005.0,215.0,8.0,3.0,-35.53333333333333,991.6041666666666,12.575000000000001,73.57916666666667,,287.46691672580084
2005-08-04,2005.0,216.0,8.0,4.0,-40.74166666666667,988.475,2.7125,66.74166666666666,,270.5282353266782
2005-08-05,2005.0,217.0,8.0,5.0,-40.23913043478261,985.9208333333332,2.220833333333333,67.49583333333334,,345.8646191342243
2005-08-06,2005.0,218.0,8.0,6.0,-41.8,985.025,1.825,64.61666666666666,,258.574471444878
2005-08-07,2005.0,219.0,8.0,7.0,-40.4125,992.2125,0.9600000000000001,66.41666666666667,,207.57749890785436
2005-08-08,2005.0,220.0,8.0,8.0,-37.12916666666667,998.1374999999999,7.846153846153846,71.30416666666666,,306.843478409297
2005-08-09,2005.0,221.0,8.0,9.0,-44.85833333333333,989.2583333333333,5.095833333333333,61.80833333333333,,314.1907227309332
2005-08-10,2005.0,222.0,8.0,10.0,-44.452173913043474,968.9791666666666,1.9583333333333333,61.63333333333333,,7.472111506272744
2005-08-11,2005.0,223.0,8.0,11.0,-36.19166666666667,960.275,7.262499999999999,72.25833333333334,,327.41757757941474
2005-08-12,2005.0,224.0,8.0,12.0,-30.329166666666666,982.7291666666666,6.304166666666667,78.5625,,315.62372768611283
2005-08-13,2005.0,225.0,8.0,13.0,-34.725,997.8208333333333,1.3041666666666667,74.45833333333333,,277.94114129844127
2005-08-14,2005.0,226.0,8.0,14.0,-39.5875,991.2458333333334,2.9375,68.2,,260.51098655401574
2005-08-15,2005.0,227.0,8.0,15.0,-35.637499999999996,984.5749999999999,7.916666666666667,73.125,,288.75833710674306
2005-08-16,2005.0,228.0,8.0,16.0,-32.75833333333333,976.6041666666666,11.245833333333332,76.69166666666666,,295.00178935488435
2005-08-17,2005.0,229.0,8.0,17.0,-19.587500000000002,970.6416666666668,15.095833333333333,89.10833333333333,,298.9833379462448
2005-08-18,2005.0,230.0,8.0,18.0,-16.775000000000002,964.4083333333333,16.366666666666667,90.5625,,332.8816274568369
2005-08-19,2005.0,231.0,8.0,19.0,-19.129166666666666,967.25,13.525,91.76666666666667,,350.3377624608385
2005-08-20,2005.0,232.0,8.0,20.0,-20.666666666666668,979.5291666666667,11.424999999999999,88.23333333333333,,354.7794007632876
2005-08-21,2005.0,233.0,8.0,21.0,-29.9875,980.0166666666668,5.79,75.67916666666666,,334.6559329174558
2005-08-22,2005.0,234.0,8.0,22.0,-30.875,973.5041666666666,2.9,77.96666666666667,,338.09091822444407
2005-08-23,2005.0,235.0,8.0,23.0,-31.3,983.2624999999999,9.325000000000001,78.79166666666667,,318.95224595125205
2005-08-24,2005.0,236.0,8.0,24.0,-31.835294117647063,980.8882352941175,19.370588235294118,78.10588235294118,,312.2003592390777
2005-08-25,2005.0,237.0,8.0,25.0,,,,,,
2005-08-26,2005.0,238.0,8.0,26.0,,,,,,
2005-08-27,2005.0,239.0,8.0,27.0,,,,,,
2005-08-28,2005.0,240.0,8.0,28.0,,,,,,
2005-08-29,2005.0,241.0,8.0,29.0,,,,,,
2005-08-30,2005.0,242.0,8.0,30.0,,,,,,
2005-08-31,2005.0,243.0,8.0,31.0,,,,,,
2005-09-01,,,,,,,,,,
2005-09-02,,,,,,,,,,
2005-09-03,,,,,,,,,,
2005-09-04,,,,,,,,,,
2005-09-05,,,,,,,,,,
2005-09-06,,,,,,,,,,
2005-09-07,,,,,,,,,,
2005-09-08,,,,,,,,,,
2005-09-09,,,,,,,,,,
2005-09-10,,,,,,,,,,
2005-09-11,,,,,,,,,,
2005-09-12,,,,,,,,,,
2005-09-13,,,,,,,,,,
2005-09-14,,,,,,,,,,
2005-09-15,,,,,,,,,,
2005-09-16,,,,,,,,,,
2005-09-17,,,,,,,,,,
2005-09-18,,,,,,,,,,
2005-09-19,,,,,,,,,,
2005-09-20,,,,,,,,,,
2005-09-21,,,,,,,,,,
2005-09-22,,,,,,,,,,
2005-09-23,,,,,,,,,,
2005-09-24,,,,,,,,,,
2005-09-25,,,,,,,,,,
2005-09-26,,,,,,,,,,
2005-09-27,,,,,,,,,,
2005-09-28,,,,,,,,,,
2005-09-29,,,,,,,,,,
2005-09-30,,,,,,,,,,
2005-10-01,,,,,,,,,,
2005-10-02,,,,,,,,,,
2005-10-03,,,,,,,,,,
2005-10-04,,,,,,,,,,
2005-10-05,,,,,,,,,,
2005-10-06,,,,,,,,,,
2005-10-07,,,,,,,,,,
2005-10-08,,,,,,,,,,
2005-10-09,,,,,,,,,,
2005-10-10,,,,,,,,,,
2005-10-11,,,,,,,,,,
2005-10-12,,,,,,,,,,
2005-10-13,,,,,,,,,,
2005-10-14,,,,,,,,,,
2005-10-15,,,,,,,,,,
2005-10-16,,,,,,,,,,
2005-10-17,,,,,,,,,,
2005-10-18,,,,,,,,,,
2005-10-19,,,,,,,,,,
2005-10-20,,,,,,,,,,
2005-10-21,,,,,,,,,,
2005-10-22,,,,,,,,,,
2005-10-23,,,,,,,,,,
2005-10-24,,,,,,,,,,
2005-10-25,,,,,,,,,,
2005-10-26,,,,,,,,,,
2005-10-27,,,,,,,,,,
2005-10-28,,,,,,,,,,
2005-10-29,,,,,,,,,,
2005-10-30,,,,,,,,,,
2005-10-31,,,,,,,,,,
2005-11-01,,,,,,,,,,
2005-11-02,,,,,,,,,,
2005-11-03,,,,,,,,,,
2005-11-04,,,,,,,,,,
2005-11-05,,,,,,,,,,
2005-11-06,,,,,,,,,,
2005-11-07,,,,,,,,,,
2005-11-08,,,,,,,,,,
2005-11-09,,,,,,,,,,
2005-11-10,,,,,,,,,,
2005-11-11,,,,,,,,,,
2005-11-12,,,,,,,,,,
2005-11-13,,,,,,,,,,
2005-11-14,,,,,,,,,,
2005-11-15,,,,,,,,,,
2005-11-16,,,,,,,,,,
2005-11-17,,,,,,,,,,
2005-11-18,,,,,,,,,,
2005-11-19,,,,,,,,,,
2005-11-20,,,,,,,,,,
2005-11-21,,,,,,,,,,
2005-11-22,,,,,,,,,,
2005-11-23,,,,,,,,,,
2005-11-24,,,,,,,,,,
2005-11-25,,,,,,,,,,
2005-11-26,,,,,,,,,,
2005-11-27,,,,,,,,,,
2005-11-28,,,,,,,,,,
2005-11-29,,,,,,,,,,
2005-11-30,,,,,,,,,,
2005-12-01,,,,,,,,,,
2005-12-02,,,,,,,,,,
2005-12-03,,,,,,,,,,
2005-12-04,,,,,,,,,,
2005-12-05,,,,,,,,,,
2005-12-06,,,,,,,,,,
2005-12-07,,,,,,,,,,
2005-12-08,,,,,,,,,,
2005-12-09,,,,,,,,,,
2005-12-10,,,,,,,,,,
2005-12-11,,,,,,,,,,
2005-12-12,,,,,,,,,,
2005-12-13,,,,,,,,,,
2005-12-14,,,,,,,,,,
2005-12-15,,,,,,,,,,
2005-12-16,,,,,,,,,,
2005-12-17,,,,,,,,,,
2005-12-18,,,,,,,,,,
2005-12-19,,,,,,,,,,
2005-12-20,,,,,,,,,,
2005-12-21,,,,,,,,,,
2005-12-22,,,,,,,,,,
2005-12-23,,,,,,,,,,
2005-12-24,,,,,,,,,,
2005-12-25,,,,,,,,,,
2005-12-26,,,,,,,,,,
2005-12-27,,,,,,,,,,
2005-12-28,,,,,,,,,,
2005-12-29,,,,,,,,,,
2005-12-30,,,,,,,,,,
2005-12-31,,,,,,,,,,
2006-01-01,2006.0,1.0,1.0,1.0,,,,,,
2006-01-02,2006.0,2.0,1.0,2.0,,,,,,
2006-01-03,2006.0,3.0,1.0,3.0,,,,,,
2006-01-04,2006.0,4.0,1.0,4.0,,,,,,
2006-01-05,2006.0,5.0,1.0,5.0,,,,,,
2006-01-06,2006.0,6.0,1.0,6.0,-7.666666666666667,990.0666666666666,3.5,57.666666666666664,,106.022114235736
2006-01-07,2006.0,7.0,1.0,7.0,-8.029166666666667,986.5375,6.2875000000000005,66.60000000000001,,133.35330160218473
2006-01-08,2006.0,8.0,1.0,8.0,-7.9375,986.1166666666667,6.070833333333333,71.37083333333334,,133.2215783291755
2006-01-09,2006.0,9.0,1.0,9.0,-7.181818181818182,984.7833333333333,2.3291666666666666,60.39166666666667,,102.61337630139455
2006-01-10,2006.0,10.0,1.0,10.0,-10.604166666666666,982.7958333333332,2.6416666666666666,64.4375,,100.07513870819399
2006-01-11,2006.0,11.0,1.0,11.0,-11.5625,984.9458333333333,2.829166666666667,67.30416666666666,,121.09007673014726
2006-01-12,2006.0,12.0,1.0,12.0,-6.983333333333333,985.4041666666667,3.0041666666666664,76.76666666666667,,233.39483189820754
2006-01-13,2006.0,13.0,1.0,13.0,-5.2749999999999995,985.7708333333334,4.504166666666666,74.54583333333333,,217.68946246675043
2006-01-14,2006.0,14.0,1.0,14.0,-6.529166666666666,991.9166666666666,5.195833333333334,77.03333333333333,,141.75950429312084
2006-01-15,2006.0,15.0,1.0,15.0,-3.7541666666666664,989.8625000000001,6.183333333333334,81.63333333333334,,197.87012952854306
2006-01-16,2006.0,16.0,1.0,16.0,-5.1125,991.3625000000001,4.566666666666666,75.9304347826087,,133.48354600451663
2006-01-17,2006.0,17.0,1.0,17.0,-4.5,986.3625000000001,2.2916666666666665,72.89999999999999,,74.33112760389956
2006-01-18,2006.0,18.0,1.0,18.0,-7.266666666666667,986.8916666666668,8.012500000000001,87.17083333333333,,151.06142746124434
2006-01-19,2006.0,19.0,1.0,19.0,-9.291666666666666,990.4375,6.704166666666667,77.66666666666667,,197.03749077668675
2006-01-20,2006.0,20.0,1.0,20.0,-7.394736842105263,986.8166666666666,1.6708333333333334,54.46666666666667,,151.51729015315829
2006-01-21,2006.0,21.0,1.0,21.0,-6.7749999999999995,986.9333333333334,2.2083333333333335,63.38333333333333,,116.52124517379313
2006-01-22,2006.0,22.0,1.0,22.0,-6.759090909090909,986.4695652173913,2.482608695652174,73.25652173913043,,192.1903935587089
2006-01-23,2006.0,23.0,1.0,23.0,-6.083333333333333,982.1333333333333,6.458333333333333,70.28333333333333,,215.3830521253283
2006-01-24,2006.0,24.0,1.0,24.0,-5.2124999999999995,979.2333333333332,6.920833333333333,76.57916666666667,,230.4042941541444
2006-01-25,2006.0,25.0,1.0,25.0,-9.8125,983.7125,11.65,90.10833333333333,,200.41421251702673
2006-01-26,2006.0,26.0,1.0,26.0,-8.549999999999999,982.9499999999999,13.254166666666668,92.90416666666665,,225.8352475180028
2006-01-27,2006.0,27.0,1.0,27.0,-7.729166666666667,983.4416666666666,9.004166666666666,88.80416666666667,,215.36010325554224
2006-01-28,2006.0,28.0,1.0,28.0,-7.6499999999999995,985.4833333333332,8.85,89.5909090909091,,189.21276999616208
2006-01-29,2006.0,29.0,1.0,29.0,-8.025,989.1541666666667,7.933333333333334,89.92083333333333,,181.35835271194634
2006-01-30,2006.0,30.0,1.0,30.0,-11.377272727272727,988.5681818181819,3.0818181818181816,76.29545454545455,,204.16646533982643
2006-01-31,2006.0,31.0,1.0,31.0,-10.39,988.8409090909091,2.8363636363636364,66.5,,72.35236885340933
2006-02-01,2006.0,32.0,2.0,1.0,-11.930434782608694,992.8541666666666,3.095833333333333,70.85833333333333,,85.56784326142126
2006-02-02,2006.0,33.0,2.0,2.0,-10.004166666666666,993.6583333333333,2.775,74.95,,66.72027724996913
2006-02-03,2006.0,34.0,2.0,3.0,-6.663636363636363,993.0124999999999,2.216666666666667,71.28333333333333,,324.26230663412827
2006-02-04,2006.0,35.0,2.0,4.0,-3.1,992.5875,4.6000000000000005,89.47142857142858,,300.2846275404684
2006-02-05,2006.0,36.0,2.0,5.0,-6.683333333333334,993.8833333333333,6.0125,91.625,,210.786203966793
2006-02-06,2006.0,37.0,2.0,6.0,-11.666666666666666,990.7541666666666,8.116666666666667,86.45,,170.93761336462558
2006-02-07,2006.0,38.0,2.0,7.0,-13.045833333333334,987.475,4.075,71.47083333333333,,123.36398377745202
2006-02-08,2006.0,39.0,2.0,8.0,-15.216666666666667,985.0291666666667,6.104166666666667,70.83333333333333,,116.40224356984326
2006-02-09,2006.0,40.0,2.0,9.0,-13.9,983.0956521739131,5.4173913043478255,71.13913043478261,,173.3016757614262
2006-02-10,2006.0,41.0,2.0,10.0,-14.270833333333334,976.8791666666666,2.8375,67.84166666666667,,135.10040319023648
2006-02-11,2006.0,42.0,2.0,11.0,-17.849999999999998,972.8833333333333,2.904166666666667,60.27916666666667,,98.57729028181932
2006-02-12,2006.0,43.0,2.0,12.0,-13.331818181818182,976.5708333333333,6.258333333333333,76.10833333333333,,188.58767456684325
2006-02-13,2006.0,44.0,2.0,13.0,-14.045833333333334,976.3208333333333,8.770833333333334,85.2625,,201.19338469828486
2006-02-14,2006.0,45.0,2.0,14.0,-15.829411764705883,977.3583333333332,0.8958333333333334,71.65833333333333,,25.761196564920777
2006-02-15,2006.0,46.0,2.0,15.0,-14.975,983.7541666666666,2.6083333333333334,70.53750000000001,,137.3526402285328
2006-02-16,2006.0,47.0,2.0,16.0,-15.283333333333333,986.7208333333333,12.025,85.62083333333334,,192.21148601773658
2006-02-17,2006.0,48.0,2.0,17.0,-12.924999999999999,980.7333333333332,16.379166666666666,92.3,,209.752974441964
2006-02-18,2006.0,49.0,2.0,18.0,-9.475,975.4791666666666,6.120833333333334,75.10416666666667,,236.7387133413092
2006-02-19,2006.0,50.0,2.0,19.0,-7.591666666666666,978.8083333333334,4.208333333333333,72.04583333333333,,304.2014180091143
2006-02-20,2006.0,51.0,2.0,20.0,-10.637500000000001,986.1458333333334,2.841666666666667,83.60952380952381,,199.00543729298488
2006-02-21,2006.0,52.0,2.0,21.0,-12.991666666666667,986.4875000000001,2.183333333333333,81.2909090909091,,180.8931325176084
2006-02-22,2006.0,53.0,2.0,22.0,-9.85,989.6583333333333,3.1750000000000003,83.66250000000001,,75.89792784448065
2006-02-23,2006.0,54.0,2.0,23.0,-11.5,992.2916666666666,3.141666666666667,90.64583333333333,,183.21759620844475
2006-02-24,2006.0,55.0,2.0,24.0,-9.704166666666667,987.9208333333332,5.033333333333333,93.5086956521739,,75.87676449056353
2006-02-25,2006.0,56.0,2.0,25.0,-10.179166666666667,984.3000000000001,6.5249999999999995,84.07727272727273,,185.0749587158961
2006-02-26,2006.0,57.0,2.0,26.0,-14.275,990.8125,11.920833333333334,92.2,,182.94150443072473
2006-02-27,2006.0,58.0,2.0,27.0,-19.3,997.6791666666667,6.7875000000000005,86.74583333333334,,181.59870208212854
2006-02-28,2006.0,59.0,2.0,28.0,-18.070833333333333,993.9375,5.529166666666666,90.07826086956523,,158.92876201801923
2006-03-01,2006.0,60.0,3.0,1.0,-20.054166666666667,998.8833333333333,8.204166666666667,72.1125,,177.40063473957204
2006-03-02,2006.0,61.0,3.0,2.0,-23.104166666666668,997.0291666666667,4.425,66.35000000000001,,196.8662566320798
2006-03-03,2006.0,62.0,3.0,3.0,-24.09583333333333,993.5625,3.654166666666667,73.26666666666667,,182.70712674770252
2006-03-04,2006.0,63.0,3.0,4.0,-22.316666666666666,991.5708333333333,3.3874999999999997,73.91666666666667,,193.76318742791324
2006-03-05,2006.0,64.0,3.0,5.0,-18.55263157894737,986.0041666666666,2.0166666666666666,83.78750000000001,,94.80178147184866
2006-03-06,2006.0,65.0,3.0,6.0,-18.929166666666667,984.275,4.066666666666666,82.52499999999999,,140.67007187057527
2006-03-07,2006.0,66.0,3.0,7.0,-22.729166666666668,987.5291666666667,8.495833333333334,80.5625,,177.75060101285806
2006-03-08,2006.0,67.0,3.0,8.0,-24.025000000000002,993.5708333333333,5.195833333333334,72.05,,160.26759731077433
2006-03-09,2006.0,68.0,3.0,9.0,-22.53333333333333,999.9625,2.6958333333333333,74.22916666666667,,192.62934848783124
2006-03-10,2006.0,69.0,3.0,10.0,-20.683333333333334,994.2083333333334,6.583333333333333,84.81666666666668,,177.1966374695862
2006-03-11,2006.0,70.0,3.0,11.0,-18.275000000000002,985.8833333333333,9.4,89.21666666666665,,188.83190255666008
2006-03-12,2006.0,71.0,3.0,12.0,-21.837500000000002,987.7666666666668,9.7125,86.16250000000001,,179.70067039332903
2006-03-13,2006.0,72.0,3.0,13.0,-21.016666666666666,987.4125,13.125,87.24583333333334,,191.90977489032383
2006-03-14,2006.0,73.0,3.0,14.0,-20.125,987.0041666666666,8.525,86.29583333333333,,200.5790902505696
2006-03-15,2006.0,74.0,3.0,15.0,-24.275000000000002,990.0166666666668,8.533333333333333,82.39999999999999,,197.21261655858072
2006-03-16,2006.0,75.0,3.0,16.0,-27.900000000000002,991.5458333333332,5.033333333333333,78.28333333333333,,196.81685245231768
2006-03-17,2006.0,76.0,3.0,17.0,-23.983333333333334,985.0083333333333,5.4750000000000005,78.6375,,127.76141500782667
2006-03-18,2006.0,77.0,3.0,18.0,-25.883333333333336,984.2125,7.1499999999999995,77.85416666666667,,133.5855523848367
2006-03-19,2006.0,78.0,3.0,19.0,-25.558333333333334,982.0416666666666,5.141666666666667,79.075,,93.07246958081262
2006-03-20,2006.0,79.0,3.0,20.0,-23.962500000000002,978.5583333333334,9.237499999999999,84.34583333333333,,146.64925758583482
2006-03-21,2006.0,80.0,3.0,21.0,-22.729166666666668,981.725,10.145833333333334,86.09583333333335,,161.7155960732336
2006-03-22,2006.0,81.0,3.0,22.0,-23.791666666666668,979.6416666666668,3.779166666666667,85.12916666666666,,162.53673744337385
2006-03-23,2006.0,82.0,3.0,23.0,-27.004166666666666,980.9458333333333,3.65,81.3,,144.7221333809816
2006-03-24,2006.0,83.0,3.0,24.0,-31.504166666666666,984.9625,3.4166666666666665,76.5625,,137.5058672832198
2006-03-25,2006.0,84.0,3.0,25.0,-27.926315789473687,984.4,1.6666666666666667,83.82916666666667,,98.26228630409904
2006-03-26,2006.0,85.0,3.0,26.0,-24.28333333333333,980.4416666666666,3.7458333333333336,86.94583333333333,,192.72127149471416
2006-03-27,2006.0,86.0,3.0,27.0,-23.183333333333334,977.9708333333333,12.2125,85.99166666666667,,186.49964937498137
2006-03-28,2006.0,87.0,3.0,28.0,-24.333333333333332,984.15,6.2875000000000005,78.075,,181.1581706399059
2006-03-29,2006.0,88.0,3.0,29.0,-23.645833333333332,984.8291666666668,3.8041666666666667,82.04583333333333,,220.18242087812482
2006-03-30,2006.0,89.0,3.0,30.0,-25.224999999999998,980.4375,2.341666666666667,82.325,,150.67590695563985
2006-03-31,2006.0,90.0,3.0,31.0,-31.787499999999998,980.0500000000001,2.6833333333333336,76.17916666666666,,139.26094154522687
2006-04-01,2006.0,91.0,4.0,1.0,-25.695833333333336,976.3333333333334,5.604166666666667,83.87916666666666,,198.93840106063925
2006-04-02,2006.0,92.0,4.0,2.0,-24.129166666666666,974.8416666666667,9.420833333333333,81.06666666666666,,173.1873058901982
2006-04-03,2006.0,93.0,4.0,3.0,-32.86666666666667,982.9291666666667,6.3500000000000005,72.44583333333334,,185.97547049214748
2006-04-04,2006.0,94.0,4.0,4.0,-34.84583333333333,997.5916666666667,4.6125,69.8625,,193.0418632685693
2006-04-05,2006.0,95.0,4.0,5.0,-28.482608695652175,998.2791666666667,2.466666666666667,81.2625,,253.88565160253972
2006-04-06,2006.0,96.0,4.0,6.0,-32.5,989.8416666666667,1.3583333333333334,76.62916666666666,,182.96799379795112
2006-04-07,2006.0,97.0,4.0,7.0,-35.525,987.2958333333332,2.0,73.41666666666667,,191.72780450980295
2006-04-08,2006.0,98.0,4.0,8.0,-37.88095238095238,992.25,1.4208333333333334,70.52083333333333,,141.95848930819926
2006-04-09,2006.0,99.0,4.0,9.0,-34.81739130434782,996.5625,1.7833333333333332,73.8125,,197.99756696352426
2006-04-10,2006.0,100.0,4.0,10.0,-29.58695652173913,990.5,1.9208333333333334,80.25,,58.03099699964784
2006-04-11,2006.0,101.0,4.0,11.0,-31.3875,980.1833333333334,0.03333333333333333,78.75,,4.913133942024223
2006-04-12,2006.0,102.0,4.0,12.0,-32.949999999999996,991.775,3.1458333333333335,77.27916666666667,,118.98901781024438
2006-04-13,2006.0,103.0,4.0,13.0,-34.93478260869565,1006.5749999999999,4.454166666666667,74.18333333333334,,164.91341840936866
2006-04-14,2006.0,104.0,4.0,14.0,-25.770833333333332,996.9,3.341666666666667,84.89583333333333,,299.89133837532273
2006-04-15,2006.0,105.0,4.0,15.0,-29.34583333333333,986.4583333333334,3.1125000000000003,81.1875,,165.00748930844597
2006-04-16,2006.0,106.0,4.0,16.0,-32.704166666666666,988.6208333333334,7.279166666666666,76.96666666666667,,154.89239706067764
2006-04-17,2006.0,107.0,4.0,17.0,-45.29583333333333,994.3583333333332,3.3375,61.30416666666667,,145.84079274968613
2006-04-18,2006.0,108.0,4.0,18.0,-42.65,988.8333333333334,2.120833333333333,64.04166666666667,,118.24930289716472
2006-04-19,2006.0,109.0,4.0,19.0,-43.5,990.0749999999999,4.645833333333333,63.487500000000004,,158.19604740837846
2006-04-20,2006.0,110.0,4.0,20.0,-43.71666666666667,991.7916666666666,5.825,62.645833333333336,,148.06666589100143
2006-04-21,2006.0,111.0,4.0,21.0,-42.82916666666667,995.5583333333334,4.333333333333333,63.425000000000004,,153.48316438059766
2006-04-22,2006.0,112.0,4.0,22.0,-37.67916666666667,991.9250000000001,2.3291666666666666,70.16666666666667,,110.25604876662311
2006-04-23,2006.0,113.0,4.0,23.0,-37.27916666666667,989.2416666666667,4.483333333333333,70.8125,,139.21243921750903
2006-04-24,2006.0,114.0,4.0,24.0,-33.05652173913043,983.6,4.591304347826087,75.4695652173913,,201.9136614849282
2006-04-25,2006.0,115.0,4.0,25.0,-26.629166666666666,989.1708333333332,10.450000000000001,83.97083333333333,,185.62451635816842
2006-04-26,2006.0,116.0,4.0,26.0,-17.354166666666668,993.2166666666667,7.71304347826087,94.3875,,185.15652932150192
2006-04-27,2006.0,117.0,4.0,27.0,-19.995833333333334,986.525,5.016666666666667,91.91250000000001,,193.14333074505473
2006-04-28,2006.0,118.0,4.0,28.0,-24.804166666666664,990.6333333333333,9.975,86.44166666666666,,172.4660954371902
2006-04-29,2006.0,119.0,4.0,29.0,-25.191304347826087,987.2583333333333,1.7833333333333332,85.79166666666667,,186.76719595140034
2006-04-30,2006.0,120.0,4.0,30.0,-26.82608695652174,976.0791666666668,1.8499999999999999,84.05,,95.56859672588635
2006-05-01,2006.0,121.0,5.0,1.0,-22.979166666666668,972.1541666666667,5.708333333333333,88.27499999999999,,175.59227818558247
2006-05-02,2006.0,122.0,5.0,2.0,-18.891304347826086,979.3173913043478,7.043478260869565,92.8608695652174,,188.4756765124691
2006-05-03,2006.0,123.0,5.0,3.0,-27.241666666666664,985.7583333333333,2.9699999999999998,83.13333333333334,,321.70648232875243
2006-05-04,2006.0,124.0,5.0,4.0,-32.137499999999996,984.4499999999999,4.183333333333334,77.9875,,125.3766565885594
2006-05-05,2006.0,125.0,5.0,5.0,-37.61666666666667,980.9041666666667,3.4916666666666667,71.08333333333333,,158.50806339220517
2006-05-06,2006.0,126.0,5.0,6.0,-38.31666666666667,985.0458333333332,3.25,70.00416666666666,,162.91146661655588
2006-05-07,2006.0,127.0,5.0,7.0,-36.145833333333336,989.9375,2.85,72.375,,65.96373798384982
2006-05-08,2006.0,128.0,5.0,8.0,-32.475,983.3333333333334,2.4,77.19583333333334,,127.54791454542203
2006-05-09,2006.0,129.0,5.0,9.0,-35.770833333333336,983.5333333333333,1.1666666666666667,72.77916666666667,,105.25375339403136
2006-05-10,2006.0,130.0,5.0,10.0,-38.94166666666667,987.4541666666668,9.266666666666667,69.42083333333333,,164.4954307597841
2006-05-11,2006.0,131.0,5.0,11.0,-41.708333333333336,985.1875,3.8208333333333333,65.72083333333333,,114.5236549306217
2006-05-12,2006.0,132.0,5.0,12.0,-39.62916666666667,978.8125,3.920833333333333,68.3125,,133.38786313775262
2006-05-13,2006.0,133.0,5.0,13.0,-42.666666666666664,991.5124999999999,3.5375,64.14583333333333,,100.93052635745174
2006-05-14,2006.0,134.0,5.0,14.0,-36.69583333333333,996.7458333333334,4.416666666666667,71.60833333333333,,213.88215375726756
2006-05-15,2006.0,135.0,5.0,15.0,-40.016666666666666,985.2666666666668,14.237499999999999,67.89583333333333,,180.7501547956928
2006-05-16,2006.0,136.0,5.0,16.0,-42.28333333333333,972.6,4.904166666666667,64.60000000000001,,178.26165354348643
2006-05-17,2006.0,137.0,5.0,17.0,-43.074999999999996,968.9166666666666,2.975,64.2625,,168.47991450797315
2006-05-18,2006.0,138.0,5.0,18.0,-39.97083333333333,972.8249999999999,2.676470588235294,67.82083333333334,,199.19078969134023
2006-05-19,2006.0,139.0,5.0,19.0,-32.9125,972.9250000000001,4.166666666666667,76.40416666666667,,168.9181138646882
2006-05-20,2006.0,140.0,5.0,20.0,-39.0875,977.7833333333333,4.716666666666667,69.1125,,168.8642375223337
2006-05-21,2006.0,141.0,5.0,21.0,-40.0,978.1416666666668,11.525,67.78750000000001,,177.82192864188661
2006-05-22,2006.0,142.0,5.0,22.0,-39.475,967.5708333333333,5.3545454545454545,67.94166666666666,,191.9276948261718
2006-05-23,2006.0,143.0,5.0,23.0,-34.0625,956.6791666666667,9.644444444444444,74.71249999999999,,226.5134488624853
2006-05-24,2006.0,144.0,5.0,24.0,-32.520833333333336,965.2624999999999,7.891666666666667,77.30416666666666,,180.80820067529757
2006-05-25,2006.0,145.0,5.0,25.0,-23.208333333333332,968.9541666666668,8.862499999999999,88.14999999999999,,206.00173119829768
2006-05-26,2006.0,146.0,5.0,26.0,-30.795833333333334,973.6833333333334,7.1000000000000005,79.4875,,193.2382708152571
2006-05-27,2006.0,147.0,5.0,27.0,-33.275,986.0541666666667,4.0,76.34583333333333,,216.08868543644323
2006-05-28,2006.0,148.0,5.0,28.0,-35.8375,983.2624999999999,3.4299999999999997,73.2375,,185.00927814145984
2006-05-29,2006.0,149.0,5.0,29.0,-43.18333333333334,982.4333333333334,4.266666666666667,63.775,,176.99588864810357
2006-05-30,2006.0,150.0,5.0,30.0,-28.683333333333334,972.8458333333333,11.2875,81.52499999999999,,196.60078096189568
2006-05-31,2006.0,151.0,5.0,31.0,-25.97083333333333,976.5749999999999,10.833333333333334,85.1375,,185.2597431758394
2006-06-01,2006.0,152.0,6.0,1.0,-24.150000000000002,987.5041666666666,11.091666666666667,87.075,,201.1663441043523
2006-06-02,2006.0,153.0,6.0,2.0,-22.508333333333336,986.3874999999999,15.516666666666666,88.64166666666667,,229.85906992308904
2006-06-03,2006.0,154.0,6.0,3.0,-14.029166666666667,972.6666666666666,20.125,96.85416666666667,,228.25642682478227
2006-06-04,2006.0,155.0,6.0,4.0,-18.483333333333334,968.4333333333334,12.15,87.57083333333333,,199.28760981026335
2006-06-05,2006.0,156.0,6.0,5.0,-16.7,965.7791666666667,15.762500000000001,94.25416666666666,,217.06116281958882
2006-06-06,2006.0,157.0,6.0,6.0,-25.2625,976.7666666666668,7.745833333333334,81.0,,207.3466373424854
2006-06-07,2006.0,158.0,6.0,7.0,-31.129166666666666,982.8208333333333,4.808333333333333,78.3875,,193.13842896356044
2006-06-08,2006.0,159.0,6.0,8.0,-35.391666666666666,986.7375000000001,3.125,72.84166666666667,,175.28436499557617
2006-06-09,2006.0,160.0,6.0,9.0,-37.82083333333333,990.5291666666667,3.025,70.70833333333333,,172.9735478225022
2006-06-10,2006.0,161.0,6.0,10.0,-34.75833333333333,990.1458333333334,8.166666666666666,73.91250000000001,,212.41445301386926
2006-06-11,2006.0,162.0,6.0,11.0,-16.741666666666667,970.5541666666667,19.7625,94.3125,,217.31803690655852
2006-06-12,2006.0,163.0,6.0,12.0,-16.058333333333334,982.5083333333333,9.166666666666666,95.32083333333333,,149.17400390107557
2006-06-13,2006.0,164.0,6.0,13.0,-16.858333333333334,1000.1166666666667,8.179166666666667,93.825,,101.54118777946886
2006-06-14,2006.0,165.0,6.0,14.0,-22.383333333333336,1008.6750000000001,12.620833333333332,88.78750000000001,,177.71956726048563
2006-06-15,2006.0,166.0,6.0,15.0,-20.366666666666667,1004.6208333333334,9.270833333333334,88.04583333333333,,173.25041016901378
2006-06-16,2006.0,167.0,6.0,16.0,-26.926086956521736,995.4173913043478,10.5625,82.79583333333333,,174.67487593361625
2006-06-17,2006.0,168.0,6.0,17.0,-31.22083333333333,992.5625,8.095,77.1375,,183.9887393554002
2006-06-18,2006.0,169.0,6.0,18.0,-24.65416666666667,989.0958333333333,3.2142857142857144,82.98333333333333,,285.28308350275154
2006-06-19,2006.0,170.0,6.0,19.0,-33.3125,990.7916666666666,3.2125,76.4375,,176.1028146967874
2006-06-20,2006.0,171.0,6.0,20.0,-33.079166666666666,990.7208333333333,6.6375,76.65416666666667,,185.63794721325667
2006-06-21,2006.0,172.0,6.0,21.0,-39.97083333333333,983.4875000000001,5.033333333333333,68.125,,178.764955010236
2006-06-22,2006.0,173.0,6.0,22.0,-43.6875,978.6583333333333,2.6833333333333336,63.125,0.0,189.23039176742742
2006-06-23,2006.0,174.0,6.0,23.0,-40.93333333333333,974.4375,1.3208333333333335,66.41666666666667,,138.2049034032267
2006-06-24,2006.0,175.0,6.0,24.0,-27.308333333333334,975.5333333333333,14.775,83.07916666666667,,193.93876047320487
2006-06-25,2006.0,176.0,6.0,25.0,-30.15416666666667,972.4125,3.9791666666666665,77.32916666666667,,181.5083293203316
2006-06-26,2006.0,177.0,6.0,26.0,-34.4125,967.1166666666667,5.2250000000000005,74.58333333333333,,181.95606344772443
2006-06-27,2006.0,178.0,6.0,27.0,-30.47826086956522,972.5391304347827,11.778260869565216,79.37391304347825,,203.4703870190421
2006-06-28,2006.0,179.0,6.0,28.0,-44.10909090909091,974.1818181818181,4.463636363636364,63.01363636363636,,171.31629565046356
2006-06-29,2006.0,180.0,6.0,29.0,-41.69130434782608,969.6625,1.7166666666666668,65.18333333333334,,155.77328488350622
2006-06-30,2006.0,181.0,6.0,30.0,-31.84166666666667,971.0124999999999,5.583333333333333,78.09166666666667,,236.94819689648142
2006-07-01,2006.0,182.0,7.0,1.0,-34.04347826086956,975.3000000000001,2.6923076923076925,75.3,,180.93250103033122
2006-07-02,2006.0,183.0,7.0,2.0,-41.36666666666667,979.8166666666666,3.170833333333333,66.47083333333333,,124.15635453475142
2006-07-03,2006.0,184.0,7.0,3.0,-47.60833333333333,981.0583333333334,2.1125,58.02916666666667,,142.54590558490438
2006-07-04,2006.0,185.0,7.0,4.0,-43.35,984.9250000000001,3.9958333333333336,63.09583333333333,,178.79369961300984
2006-07-05,2006.0,186.0,7.0,5.0,-45.0,986.4208333333332,3.465217391304348,60.90416666666667,,198.76647579594328
2006-07-06,2006.0,187.0,7.0,6.0,-38.09583333333333,982.2166666666667,1.3,69.66666666666667,,192.64856213027036
2006-07-07,2006.0,188.0,7.0,7.0,-38.608333333333334,979.1875,2.029166666666667,69.49583333333334,,179.46262718918666
2006-07-08,2006.0,189.0,7.0,8.0,-39.512499999999996,986.5666666666666,6.7,68.37083333333334,,168.92061042038958
2006-07-09,2006.0,190.0,7.0,9.0,-32.666666666666664,982.6833333333334,14.304166666666667,76.42916666666666,,208.48390333190622
2006-07-10,2006.0,191.0,7.0,10.0,-33.891666666666666,976.725,5.2749999999999995,72.16250000000001,,193.56203347617526
2006-07-11,2006.0,192.0,7.0,11.0,-35.36666666666667,980.2125,5.070833333333334,69.47083333333333,,189.09208993710084
2006-07-12,2006.0,193.0,7.0,12.0,-29.599999999999998,979.3291666666668,2.829166666666667,79.57083333333334,,282.26062193440566
2006-07-13,2006.0,194.0,7.0,13.0,-35.03333333333333,980.3434782608696,3.623076923076923,73.69166666666666,,271.49246717159997
2006-07-14,2006.0,195.0,7.0,14.0,-36.1625,982.4625,8.55,72.8,,176.858612155172
2006-07-15,2006.0,196.0,7.0,15.0,-35.145833333333336,968.6458333333334,2.5142857142857147,73.73333333333333,,53.702720773042124
2006-07-16,2006.0,197.0,7.0,16.0,-34.43333333333333,962.35,1.3125,74.96666666666667,,74.48719649521114
2006-07-17,2006.0,198.0,7.0,17.0,-37.145833333333336,969.5958333333333,6.554166666666667,71.47500000000001,,157.9564265929214
2006-07-18,2006.0,199.0,7.0,18.0,-37.19166666666667,979.85,7.541666666666667,71.36666666666666,,167.55306974500957
2006-07-19,2006.0,200.0,7.0,19.0,-43.675000000000004,983.3125,3.1833333333333336,63.0,,177.62890943265205
2006-07-20,2006.0,201.0,7.0,20.0,-40.13333333333333,984.6541666666667,5.583333333333333,67.175,,175.6816744636794
2006-07-21,2006.0,202.0,7.0,21.0,-37.891666666666666,981.4208333333332,1.3958333333333333,70.1125,,145.8435544641883
2006-07-22,2006.0,203.0,7.0,22.0,-40.15416666666667,976.2166666666667,3.091666666666667,67.22083333333333,,183.54165794740075
2006-07-23,2006.0,204.0,7.0,23.0,-36.40416666666667,959.275,5.920833333333333,72.425,,225.13939902209287
2006-07-24,2006.0,205.0,7.0,24.0,-32.333333333333336,951.725,4.0,77.51666666666667,,336.9704255901306
2006-07-25,2006.0,206.0,7.0,25.0,-39.5625,994.7291666666666,4.145833333333333,68.51666666666667,,153.28710690191267
2006-07-26,2006.0,207.0,7.0,26.0,-42.06666666666667,998.5083333333333,2.566666666666667,64.95416666666667,,183.72839981205226
2006-07-27,2006.0,208.0,7.0,27.0,-44.699999999999996,992.4958333333334,2.379166666666667,61.487500000000004,,166.2260455550761
2006-07-28,2006.0,209.0,7.0,28.0,-43.5875,994.1041666666666,2.841666666666667,62.69583333333333,,175.12006705229788
2006-07-29,2006.0,210.0,7.0,29.0,-39.81666666666667,983.8791666666666,2.4499999999999997,67.75833333333334,,166.76134809752685
2006-07-30,2006.0,211.0,7.0,30.0,-36.108333333333334,976.3625000000001,2.1875,72.12083333333334,,199.48343903343869
2006-07-31,2006.0,212.0,7.0,31.0,-23.116666666666664,978.4583333333334,10.4125,87.88333333333333,,194.3639905680273
2006-08-01,2006.0,213.0,8.0,1.0,-17.020833333333332,978.5749999999999,19.595833333333335,94.74583333333334,,207.08284463770948
2006-08-02,2006.0,214.0,8.0,2.0,-15.908333333333333,969.275,18.108333333333334,95.60833333333333,,220.10170090980708
2006-08-03,2006.0,215.0,8.0,3.0,-20.629166666666666,976.6291666666666,13.862499999999999,90.86666666666667,,212.37642115376244
2006-08-04,2006.0,216.0,8.0,4.0,-20.758333333333333,980.7833333333333,8.020833333333334,90.95416666666667,,248.3375339270719
2006-08-05,2006.0,217.0,8.0,5.0,-20.087500000000002,985.2833333333333,15.758333333333333,90.60833333333333,,231.38065784177212
2006-08-06,2006.0,218.0,8.0,6.0,-26.1375,995.0625,8.354166666666666,84.85000000000001,,234.99422829097915
2006-08-07,2006.0,219.0,8.0,7.0,-27.358333333333334,995.6374999999999,7.216666666666666,83.425,,206.73009137985704
2006-08-08,2006.0,220.0,8.0,8.0,-27.079166666666666,999.4583333333334,2.764705882352941,84.55833333333334,,113.66522387420198
2006-08-09,2006.0,221.0,8.0,9.0,-29.525000000000002,1003.6875,2.5500000000000003,80.93333333333334,,159.66362102113223
2006-08-10,2006.0,222.0,8.0,10.0,-33.84166666666667,1001.275,0.2,75.99166666666666,,176.0
2006-08-11,2006.0,223.0,8.0,11.0,-27.308333333333334,1000.9458333333333,5.128571428571429,83.7,,219.38028429370738
2006-08-12,2006.0,224.0,8.0,12.0,-21.8,1002.7083333333334,10.533333333333333,89.10833333333333,,222.68883777553899
2006-08-13,2006.0,225.0,8.0,13.0,-25.958333333333332,1001.5625,7.916666666666667,82.41250000000001,,221.09625014760698
2006-08-14,2006.0,226.0,8.0,14.0,-28.775000000000002,1001.0791666666668,5.4375,80.74166666666666,,231.43948581031773
2006-08-15,2006.0,227.0,8.0,15.0,-20.145833333333332,993.6916666666666,7.75,84.59166666666667,,235.63934738919698
2006-08-16,2006.0,228.0,8.0,16.0,-24.77916666666667,991.4083333333333,12.929166666666667,82.1125,,230.4662791971976
2006-08-17,2006.0,229.0,8.0,17.0,-26.354166666666668,1002.3375,14.891666666666666,82.22083333333333,,209.18251616712604
2006-08-18,2006.0,230.0,8.0,18.0,-21.041666666666668,1003.4333333333334,12.820833333333333,88.30833333333334,,176.04382801465457
2006-08-19,2006.0,231.0,8.0,19.0,-24.620833333333334,1006.0416666666666,9.25,84.41250000000001,,158.41390066362882
2006-08-20,2006.0,232.0,8.0,20.0,-24.645833333333332,1004.3208333333333,3.4625,76.62916666666666,,173.24981237297746
2006-08-21,2006.0,233.0,8.0,21.0,-25.083333333333332,994.0625,5.25,78.6375,,88.04725629709161
2006-08-22,2006.0,234.0,8.0,22.0,-29.133333333333336,986.8000000000001,2.9291666666666667,80.8875,,164.27997450061963
2006-08-23,2006.0,235.0,8.0,23.0,-30.679166666666664,983.8041666666667,6.383333333333333,79.35833333333333,,125.0821380553382
2006-08-24,2006.0,236.0,8.0,24.0,-26.316666666666666,988.0541666666667,14.783333333333333,84.52499999999999,,187.28426201286257
2006-08-25,2006.0,237.0,8.0,25.0,-18.275000000000002,985.5875,12.65,91.92916666666667,,211.51036197557687
2006-08-26,2006.0,238.0,8.0,26.0,-27.491666666666664,979.7458333333334,6.283333333333334,76.10000000000001,,222.01584126322948
2006-08-27,2006.0,239.0,8.0,27.0,-31.1875,978.0,9.029166666666667,76.75416666666666,,205.76844310688654
2006-08-28,2006.0,240.0,8.0,28.0,-27.229166666666668,985.4125,11.558333333333332,82.41250000000001,,206.53749689801796
2006-08-29,2006.0,241.0,8.0,29.0,-30.483333333333334,989.9958333333334,8.5625,78.93333333333334,,201.84787529862436
2006-08-30,2006.0,242.0,8.0,30.0,-35.19583333333333,984.5875,3.5541666666666667,72.8375,,204.32902327715854
2006-08-31,2006.0,243.0,8.0,31.0,-35.21666666666667,980.4583333333334,7.895833333333333,73.8875,,211.99584331022115
2006-09-01,2006.0,244.0,9.0,1.0,-38.80416666666667,979.3249999999999,7.054166666666667,69.5,,210.3881212354671
2006-09-02,2006.0,245.0,9.0,2.0,-40.020833333333336,971.1750000000001,2.2125,67.65833333333333,,131.85946527510868
2006-09-03,2006.0,246.0,9.0,3.0,-30.979166666666668,966.975,5.154166666666667,79.09166666666667,,270.903123462627
2006-09-04,2006.0,247.0,9.0,4.0,-29.0625,968.025,5.133333333333334,79.8625,,231.3745600433936
2006-09-05,2006.0,248.0,9.0,5.0,-27.25,970.4625,4.834782608695653,82.16666666666667,,245.4975902501376
2006-09-06,2006.0,249.0,9.0,6.0,-35.6,971.6166666666667,3.35,73.1375,,183.0326115144049
2006-09-07,2006.0,250.0,9.0,7.0,-39.775,967.2291666666666,7.929166666666667,68.70833333333333,,195.60850575769481
2006-09-08,2006.0,251.0,9.0,8.0,-28.575,967.9041666666667,12.012500000000001,79.57916666666667,,212.726374189918
2006-09-09,2006.0,252.0,9.0,9.0,-22.8125,976.7916666666666,17.104166666666668,86.14999999999999,,209.09328419579987
2006-09-10,2006.0,253.0,9.0,10.0,-30.837500000000002,978.3249999999999,7.691666666666666,73.27083333333333,,194.2076203886516
2006-09-11,2006.0,254.0,9.0,11.0,-35.141666666666666,978.4458333333333,5.375,70.51666666666667,,179.4138897165542
2006-09-12,2006.0,255.0,9.0,12.0,-32.895833333333336,978.3416666666667,2.8541666666666665,76.70416666666667,,188.99878024226703
2006-09-13,2006.0,256.0,9.0,13.0,-36.608333333333334,978.9833333333332,4.954166666666667,71.46249999999999,,168.46985371982763
2006-09-14,2006.0,257.0,9.0,14.0,-36.550000000000004,984.225,7.570833333333333,69.83749999999999,,175.69879096116267
2006-09-15,2006.0,258.0,9.0,15.0,-35.30833333333333,991.7333333333332,13.5625,73.05416666666666,,179.54499358865252
2006-09-16,2006.0,259.0,9.0,16.0,-28.675,986.75,19.5625,80.8875,,202.3430000246027
2006-09-17,2006.0,260.0,9.0,17.0,-20.391666666666666,980.8625000000001,18.695833333333333,89.96666666666665,,211.21217804703824
2006-09-18,2006.0,261.0,9.0,18.0,-14.445833333333333,980.8625000000001,20.033333333333335,96.175,,216.0062031158517
2006-09-19,2006.0,262.0,9.0,19.0,-15.8375,985.525,16.566666666666666,94.70416666666667,,219.16766320912225
2006-09-20,2006.0,263.0,9.0,20.0,-13.295833333333334,987.4458333333333,20.591666666666665,97.8,,222.01635124764167
2006-09-21,2006.0,264.0,9.0,21.0,-15.950000000000001,1004.8458333333333,15.845833333333333,94.83333333333333,,211.48704123576059
2006-09-22,2006.0,265.0,9.0,22.0,-19.587500000000002,1006.0791666666668,12.0625,88.25,,216.80236315787243
2006-09-23,2006.0,266.0,9.0,23.0,-28.129166666666666,1008.9625,5.879166666666666,75.07916666666667,0.0,208.45728211296148
2006-09-24,2006.0,267.0,9.0,24.0,-30.150000000000002,1006.3916666666668,5.191666666666666,73.60416666666667,,201.31592247243185
2006-09-25,2006.0,268.0,9.0,25.0,-27.316666666666666,1006.3541666666666,6.404166666666666,74.38333333333334,,163.2901439732395
2006-09-26,2006.0,269.0,9.0,26.0,-29.325,1004.4583333333334,13.020833333333334,79.175,,202.1178181297411
2006-09-27,2006.0,270.0,9.0,27.0,-26.945833333333336,991.0791666666668,15.258333333333333,81.35416666666667,,214.83765715178055
2006-09-28,2006.0,271.0,9.0,28.0,-23.558333333333334,981.0375,6.716666666666666,75.39166666666667,,233.86261050654048
2006-09-29,2006.0,272.0,9.0,29.0,-20.1875,982.0124999999999,10.220833333333333,85.22916666666667,,217.34274453418828
2006-09-30,2006.0,273.0,9.0,30.0,-29.5125,983.6750000000001,7.7875000000000005,73.50416666666666,,197.4554523658595
2006-10-01,2006.0,274.0,10.0,1.0,-32.7125,982.7521739130434,6.825,67.75,,199.26323504386716
2006-10-02,2006.0,275.0,10.0,2.0,-30.120833333333334,983.0869565217391,8.4625,67.47500000000001,,210.51760253891473
2006-10-03,2006.0,276.0,10.0,3.0,-19.404166666666665,982.2791666666667,11.033333333333333,88.5,,186.3514855382291
2006-10-04,2006.0,277.0,10.0,4.0,-15.904166666666667,992.2458333333334,12.387500000000001,91.50833333333333,,165.0942352817142
2006-10-05,2006.0,278.0,10.0,5.0,-21.329166666666666,990.275,9.566666666666666,84.92916666666666,,158.1197173854922
2006-10-06,2006.0,279.0,10.0,6.0,-22.84166666666667,991.1041666666666,7.345833333333334,82.3625,,168.93747251218292
2006-10-07,2006.0,280.0,10.0,7.0,-26.491666666666664,991.2791666666667,5.666666666666667,75.08749999999999,,171.41302727795204
2006-10-08,2006.0,281.0,10.0,8.0,-29.462500000000002,987.4583333333334,7.254166666666666,70.1875,,168.2891922019746
2006-10-09,2006.0,282.0,10.0,9.0,-29.858333333333334,974.7333333333332,9.612499999999999,72.83333333333333,,158.249440082497
2006-10-10,2006.0,283.0,10.0,10.0,-27.420833333333334,972.9791666666666,13.233333333333334,79.88333333333334,,190.76317670044924
2006-10-11,2006.0,284.0,10.0,11.0,-29.266666666666666,973.1,6.904347826086957,72.39583333333333,,188.32134338719143
2006-10-12,2006.0,285.0,10.0,12.0,-27.977272727272727,968.9208333333332,0.0,70.87916666666668,,0.0
2006-10-13,2006.0,286.0,10.0,13.0,-23.536363636363635,968.8874999999999,,78.19583333333334,,
2006-10-14,2006.0,287.0,10.0,14.0,-21.516666666666666,975.1333333333333,,79.93333333333334,,
2006-10-15,2006.0,288.0,10.0,15.0,-24.53333333333333,978.5,,75.52916666666667,,
2006-10-16,2006.0,289.0,10.0,16.0,-26.870833333333334,983.5625,,74.44583333333334,,
2006-10-17,2006.0,290.0,10.0,17.0,-24.629166666666666,975.0958333333333,4.258333333333334,76.52916666666667,,215.20370474981192
2006-10-18,2006.0,291.0,10.0,18.0,-26.575,970.5041666666666,7.125,74.72083333333333,,200.52166202956124
2006-10-19,2006.0,292.0,10.0,19.0,-30.15833333333333,975.9875000000001,3.8666666666666667,64.41666666666667,,178.98688850463796
2006-10-20,2006.0,293.0,10.0,20.0,-28.2,974.025,14.241666666666667,75.73333333333333,,198.05897445584247
2006-10-21,2006.0,294.0,10.0,21.0,-25.391666666666666,970.6416666666668,15.008333333333333,80.85833333333333,,218.47601328817555
2006-10-22,2006.0,295.0,10.0,22.0,-20.920833333333334,968.2708333333334,10.200000000000001,77.04583333333333,,214.33644313421317
2006-10-23,2006.0,296.0,10.0,23.0,-23.59583333333333,971.6083333333332,6.654166666666666,67.59166666666667,,209.69529771601924
2006-10-24,2006.0,297.0,10.0,24.0,-26.96666666666667,970.9958333333334,4.9750000000000005,65.89166666666667,,213.9339468786612
2006-10-25,2006.0,298.0,10.0,25.0,-26.287499999999998,969.85,4.175,61.56666666666666,,205.59775757217702
2006-10-26,2006.0,299.0,10.0,26.0,-26.454166666666666,975.6916666666666,4.833333333333333,62.4125,,218.76842853518286
2006-10-27,2006.0,300.0,10.0,27.0,-26.650000000000002,971.4083333333333,3.5375,60.333333333333336,,181.18630844298042
2006-10-28,2006.0,301.0,10.0,28.0,-23.474999999999998,969.3347826086957,2.4791666666666665,63.69583333333333,,202.2225293469616
2006-10-29,2006.0,302.0,10.0,29.0,-22.474999999999998,977.195652173913,3.1833333333333336,66.19583333333334,,244.4476047490964
2006-10-30,2006.0,303.0,10.0,30.0,-21.791666666666668,977.3000000000001,7.333333333333333,68.5125,,199.10124907350686
2006-10-31,2006.0,304.0,10.0,31.0,-24.679166666666664,974.2125,3.9958333333333336,59.24583333333334,,198.58381122179912
2006-11-01,2006.0,305.0,11.0,1.0,-25.63181818181818,982.275,4.320833333333334,57.88333333333333,,204.08904611441315
2006-11-02,2006.0,306.0,11.0,2.0,-18.962500000000002,982.8291666666668,2.8541666666666665,71.19583333333334,,267.9522963231256
2006-11-03,2006.0,307.0,11.0,3.0,-18.141666666666666,986.1125000000001,2.9416666666666664,69.25416666666666,,218.89813931581182
2006-11-04,2006.0,308.0,11.0,4.0,-19.45714285714286,987.1999999999999,3.108333333333333,64.6125,,183.9586983109586
2006-11-05,2006.0,309.0,11.0,5.0,-14.2,983.725,2.441666666666667,66.51666666666667,,354.7737444025627
2006-11-06,2006.0,310.0,11.0,6.0,-16.779166666666665,983.6083333333332,4.804166666666666,63.92083333333333,,195.8106194561472
2006-11-07,2006.0,311.0,11.0,7.0,-16.279166666666665,982.2291666666666,3.0,50.59130434782608,,202.86014813293974
2006-11-08,2006.0,312.0,11.0,8.0,-18.004166666666666,983.8166666666666,3.8708333333333336,66.55833333333334,,191.7536603580962
2006-11-09,2006.0,313.0,11.0,9.0,-20.099999999999998,987.1541666666667,4.8,68.94166666666666,,172.59401934667824
2006-11-10,2006.0,314.0,11.0,10.0,-18.454166666666666,988.1458333333334,4.895833333333333,68.39999999999999,,168.79915433198053
2006-11-11,2006.0,315.0,11.0,11.0,-19.716666666666665,988.1708333333332,5.620833333333334,62.55416666666667,,178.8713154869694
2006-11-12,2006.0,316.0,11.0,12.0,-20.429166666666667,983.8916666666668,5.866666666666667,60.50416666666666,,183.1375922193063
2006-11-13,2006.0,317.0,11.0,13.0,-19.941666666666666,979.7708333333334,11.570833333333333,73.07083333333334,,194.39891907200092
2006-11-14,2006.0,318.0,11.0,14.0,-16.9875,971.8166666666666,5.9125000000000005,61.887499999999996,,222.93386694712152
2006-11-15,2006.0,319.0,11.0,15.0,-9.891666666666667,967.3583333333332,8.020833333333334,72.9375,,229.25404466860334
2006-11-16,2006.0,320.0,11.0,16.0,-10.241666666666667,971.7083333333334,12.291666666666666,91.375,,200.92318018815425
2006-11-17,2006.0,321.0,11.0,17.0,-10.15,970.5833333333334,8.208333333333334,75.41666666666667,,211.83265721377336
2006-11-18,2006.0,322.0,11.0,18.0,-10.424999999999999,968.5375,11.291666666666666,90.5,,200.22259203936315
2006-11-19,2006.0,323.0,11.0,19.0,-10.345833333333333,965.4791666666666,9.775,86.75416666666666,,177.92801902487335
2006-11-20,2006.0,324.0,11.0,20.0,-13.308333333333332,970.5500000000001,12.145833333333334,84.25833333333334,,186.88088182691192
2006-11-21,2006.0,325.0,11.0,21.0,-10.508333333333335,972.7791666666667,13.379166666666668,87.77916666666665,,209.5830302586076
2006-11-22,2006.0,326.0,11.0,22.0,-9.741666666666667,975.1374999999999,7.208333333333333,73.375,,203.84710680633705
2006-11-23,2006.0,327.0,11.0,23.0,-9.4,981.4416666666666,8.450000000000001,85.27083333333333,,180.00332408764507
2006-11-24,2006.0,328.0,11.0,24.0,-9.333333333333334,983.2875,6.270833333333333,80.68333333333332,,181.43133816863806
2006-11-25,2006.0,329.0,11.0,25.0,-8.604166666666666,985.7791666666667,6.425,81.70416666666667,,178.29678942223768
2006-11-26,2006.0,330.0,11.0,26.0,-8.700000000000001,983.225,4.404166666666667,67.8875,,194.43194996044724
2006-11-27,2006.0,331.0,11.0,27.0,-9.920833333333333,980.3874999999999,2.6666666666666665,66.13333333333334,,184.7858600080452
2006-11-28,2006.0,332.0,11.0,28.0,-6.88,979.5434782608696,1.0958333333333334,52.87916666666666,,200.47971842157014
2006-11-29,2006.0,333.0,11.0,29.0,-9.291666666666666,984.4708333333333,5.05,71.93333333333334,,199.2385061218765
2006-11-30,2006.0,334.0,11.0,30.0,-7.716666666666666,983.5,2.7916666666666665,75.72916666666667,,180.06915892709335
2006-12-01,2006.0,335.0,12.0,1.0,-6.329166666666667,982.3625000000001,7.2,78.17272727272727,,197.59615973943482
2006-12-02,2006.0,336.0,12.0,2.0,-8.795652173913044,983.5666666666666,3.65,67.8875,,154.9022396251326
2006-12-03,2006.0,337.0,12.0,3.0,-11.395833333333334,986.7791666666667,3.975,67.20416666666667,,135.20532201100428
2006-12-04,2006.0,338.0,12.0,4.0,-10.125,989.8625000000001,4.55,71.27083333333333,,143.85587284528287
2006-12-05,2006.0,339.0,12.0,5.0,-7.5874999999999995,987.35,3.756521739130435,62.9125,,208.08565644224532
2006-12-06,2006.0,340.0,12.0,6.0,-5.733333333333333,982.8041666666667,7.1499999999999995,68.39583333333333,,165.00305185419967
2006-12-07,2006.0,341.0,12.0,7.0,-5.845833333333334,981.0333333333333,6.841666666666666,65.5125,,154.58426270316193
2006-12-08,2006.0,342.0,12.0,8.0,-7.320833333333333,982.5541666666667,3.7291666666666665,64.96666666666667,,131.406961735314
2006-12-09,2006.0,343.0,12.0,9.0,-7.579166666666667,986.6041666666666,6.183333333333334,77.64999999999999,,110.97981150382556
2006-12-10,2006.0,344.0,12.0,10.0,-7.713636363636363,985.9958333333334,2.783333333333333,77.31666666666666,,121.04725199465697
2006-12-11,2006.0,345.0,12.0,11.0,-3.760869565217391,983.8708333333334,2.4125,70.95,,286.8644751661857
2006-12-12,2006.0,346.0,12.0,12.0,-7.695833333333333,985.3083333333334,4.633333333333334,78.60833333333333,,130.95686355176133
2006-12-13,2006.0,347.0,12.0,13.0,-9.491666666666667,985.1583333333333,5.925,79.15416666666667,,133.37789431436667
2006-12-14,2006.0,348.0,12.0,14.0,-9.808695652173913,983.9791666666666,4.429166666666666,67.69583333333334,,125.70733776190589
2006-12-15,2006.0,349.0,12.0,15.0,-6.542857142857143,983.3791666666666,2.095833333333333,61.895833333333336,,327.8830686223987
2006-12-16,2006.0,350.0,12.0,16.0,-7.595652173913043,986.3125,3.2541666666666664,66.77727272727272,,147.61370686148453
2006-12-17,2006.0,351.0,12.0,17.0,-9.745833333333334,985.6374999999999,3.0708333333333333,80.79583333333333,,88.99329266394444
2006-12-18,2006.0,352.0,12.0,18.0,-5.95,982.8458333333333,3.6916666666666664,78.22916666666667,,354.872848372509
2006-12-19,2006.0,353.0,12.0,19.0,-9.0625,986.85,5.804166666666667,80.675,,148.3518749081942
2006-12-20,2006.0,354.0,12.0,20.0,-6.933333333333334,987.2166666666667,3.2083333333333335,74.19166666666666,,77.428501096492
2006-12-21,2006.0,355.0,12.0,21.0,-3.658333333333333,984.7416666666667,4.854166666666667,71.5125,,276.7082905698016
2006-12-22,2006.0,356.0,12.0,22.0,-8.620833333333334,982.5083333333333,4.420833333333333,71.5625,,135.0647772297893
2006-12-23,2006.0,357.0,12.0,23.0,-8.808333333333334,984.3291666666668,4.841666666666667,67.96666666666667,,110.63051450135042
2006-12-24,2006.0,358.0,12.0,24.0,-9.279166666666667,983.4208333333332,4.3125,74.79583333333333,,34.7785859204295
2006-12-25,2006.0,359.0,12.0,25.0,-10.829166666666666,985.2833333333333,6.9875,77.46249999999999,,126.44992141318421
2006-12-26,2006.0,360.0,12.0,26.0,-11.129166666666668,985.5,4.579166666666667,63.875,,136.395343443187
2006-12-27,2006.0,361.0,12.0,27.0,-10.637500000000001,986.8833333333333,8.083333333333334,78.47916666666667,,145.46138976164775
2006-12-28,2006.0,362.0,12.0,28.0,-8.552173913043477,989.5666666666666,2.9333333333333336,60.03333333333333,,107.2969094314417
2006-12-29,2006.0,363.0,12.0,29.0,-7.091666666666666,981.6791666666667,5.645833333333333,61.975,,199.61908167903158
2006-12-30,2006.0,364.0,12.0,30.0,-6.7124999999999995,972.1583333333333,11.345833333333333,86.175,,219.37957124069627
2006-12-31,2006.0,365.0,12.0,31.0,-4.7625,967.1833333333334,13.716666666666667,86.92857142857143,,221.53854835895422
2007-01-01,2007.0,1.0,1.0,1.0,-5.125,979.5124999999999,11.991666666666667,90.2695652173913,,216.35941612814335
2007-01-02,2007.0,2.0,1.0,2.0,-5.166666666666667,976.2541666666666,11.166666666666666,82.86666666666666,,219.9288404077358
2007-01-03,2007.0,3.0,1.0,3.0,-5.375,974.1083333333332,9.116666666666667,77.85000000000001,,212.20916182307062
2007-01-04,2007.0,4.0,1.0,4.0,-5.5125,976.6416666666668,13.929166666666667,89.41666666666667,,215.41527622285267
2007-01-05,2007.0,5.0,1.0,5.0,-5.4375,981.5625,13.416666666666666,94.24347826086957,,214.45981278268823
2007-01-06,2007.0,6.0,1.0,6.0,-5.2043478260869565,985.8125,6.141666666666667,83.43333333333334,,190.98319404959028
2007-01-07,2007.0,7.0,1.0,7.0,-4.121052631578947,981.5458333333332,1.5250000000000001,73.125,,0.3721484579832913
2007-01-08,2007.0,8.0,1.0,8.0,-4.695833333333334,983.3208333333333,2.6833333333333336,79.89583333333333,,31.26263739817953
2007-01-09,2007.0,9.0,1.0,9.0,-5.205,986.6208333333334,2.2708333333333335,64.45416666666667,,150.10211154227682
2007-01-10,2007.0,10.0,1.0,10.0,-3.3200000000000003,985.9833333333332,1.7,62.87083333333334,,226.66869167270121
2007-01-11,2007.0,11.0,1.0,11.0,-4.542857142857143,990.0333333333333,3.7291666666666665,65.20833333333333,,190.89115335145513
2007-01-12,2007.0,12.0,1.0,12.0,-1.9375,992.5291666666667,2.3375,66.31904761904762,,229.46511970550563
2007-01-13,2007.0,13.0,1.0,13.0,-4.020833333333333,985.7666666666668,4.079166666666667,61.354166666666664,,196.1749421495537
2007-01-14,2007.0,14.0,1.0,14.0,-8.35,982.125,8.141666666666667,80.06666666666666,,168.74577396662153
2007-01-15,2007.0,15.0,1.0,15.0,-7.208333333333333,987.9375,7.2875000000000005,80.31666666666666,,181.35316769935602
2007-01-16,2007.0,16.0,1.0,16.0,-6.183333333333334,990.9333333333334,7.45,80.98333333333333,,193.3309606746914
2007-01-17,2007.0,17.0,1.0,17.0,-5.3999999999999995,995.6750000000001,6.333333333333333,80.02083333333333,,194.5065027388402
2007-01-18,2007.0,18.0,1.0,18.0,-5.645833333333333,997.1374999999999,10.054166666666667,89.3,,184.34836889490217
2007-01-19,2007.0,19.0,1.0,19.0,-5.495833333333334,994.2083333333334,10.0375,88.89166666666667,,205.49899484198076
2007-01-20,2007.0,20.0,1.0,20.0,-5.6000000000000005,985.4875000000001,9.862499999999999,86.39166666666667,,194.17940208567165
2007-01-21,2007.0,21.0,1.0,21.0,-6.216666666666666,983.2333333333332,5.7250000000000005,75.21249999999999,,201.39834801548193
2007-01-22,2007.0,22.0,1.0,22.0,-3.3782608695652177,985.3666666666667,2.1666666666666665,58.979166666666664,,255.25875263637053
2007-01-23,2007.0,23.0,1.0,23.0,-2.143478260869565,985.4083333333333,2.716666666666667,76.34347826086957,,242.38935944635438
2007-01-24,2007.0,24.0,1.0,24.0,-4.734782608695652,980.1166666666667,2.529166666666667,77.51111111111112,,124.91331591014944
2007-01-25,2007.0,25.0,1.0,25.0,-7.758333333333333,986.9208333333332,3.6999999999999997,82.03888888888889,,154.58892277061668
2007-01-26,2007.0,26.0,1.0,26.0,-6.804166666666667,992.7458333333334,2.7125,70.67916666666666,,218.10778475334226
2007-01-27,2007.0,27.0,1.0,27.0,-7.5,992.4,1.7416666666666665,62.73333333333333,,170.9649963034315
2007-01-28,2007.0,28.0,1.0,28.0,-7.306666666666667,995.65,1.8,60.80869565217391,,202.50649715464425
2007-01-29,2007.0,29.0,1.0,29.0,-3.4956521739130437,1002.125,2.9416666666666664,72.2,,322.17573384375316
2007-01-30,2007.0,30.0,1.0,30.0,-3.9,998.0041666666666,2.7083333333333335,82.03888888888889,,26.2742810527729
2007-01-31,2007.0,31.0,1.0,31.0,-5.465217391304348,991.7666666666668,2.1416666666666666,74.78999999999999,,58.51239760940503
2007-02-01,2007.0,32.0,2.0,1.0,-8.445,987.6913043478262,5.143478260869565,79.24782608695652,,117.15644677499877
2007-02-02,2007.0,33.0,2.0,2.0,-13.104545454545455,989.8727272727273,4.818181818181818,83.16363636363636,,170.1468479136386
2007-02-03,2007.0,34.0,2.0,3.0,-13.538095238095238,986.4952380952382,5.957142857142857,79.06190476190476,,172.0401520230448
2007-02-04,2007.0,35.0,2.0,4.0,-10.4,982.0130434782608,10.143478260869566,86.39565217391304,,210.67346057176
2007-02-05,2007.0,36.0,2.0,5.0,-11.387500000000001,983.0583333333334,3.7916666666666665,81.7375,,201.237768097167
2007-02-06,2007.0,37.0,2.0,6.0,-11.2125,986.2041666666668,8.904166666666667,85.35416666666667,,202.95579463163568
2007-02-07,2007.0,38.0,2.0,7.0,-10.35,988.4125,11.704166666666666,87.96249999999999,,207.88089195475308
2007-02-08,2007.0,39.0,2.0,8.0,-12.133333333333333,988.85,4.320833333333334,70.72083333333333,,131.42796168899108
2007-02-09,2007.0,40.0,2.0,9.0,-11.012500000000001,989.4583333333334,7.479166666666667,87.31666666666666,,200.81869136462552
2007-02-10,2007.0,41.0,2.0,10.0,-14.730434782608697,987.1999999999999,5.078260869565217,74.41304347826087,,165.6880960950308
2007-02-11,2007.0,42.0,2.0,11.0,-17.645454545454545,980.2227272727273,3.963636363636364,64.16363636363636,,186.33132878974823
2007-02-12,2007.0,43.0,2.0,12.0,-12.441666666666668,980.7541666666666,5.6625000000000005,72.39166666666667,,185.91839700702528
2007-02-13,2007.0,44.0,2.0,13.0,-8.141666666666667,984.7791666666667,11.895833333333334,90.2375,,217.80942173590276
2007-02-14,2007.0,45.0,2.0,14.0,-7.679166666666667,986.775,6.9375,87.175,,196.79608369519858
2007-02-15,2007.0,46.0,2.0,15.0,-8.833333333333334,981.6374999999999,2.0083333333333333,74.75833333333334,0.0,162.20708351539608
2007-02-16,2007.0,47.0,2.0,16.0,-8.283333333333333,978.8291666666668,8.083333333333334,87.5952380952381,,208.3928256638716
2007-02-17,2007.0,48.0,2.0,17.0,-9.829166666666667,981.2166666666667,12.445833333333333,94.39500000000001,,204.56030795550532
2007-02-18,2007.0,49.0,2.0,18.0,-11.620833333333332,985.9499999999999,6.058333333333334,87.38333333333333,,186.72617234742458
2007-02-19,2007.0,50.0,2.0,19.0,-12.479166666666666,991.0130434782608,4.395833333333333,81.69583333333334,,188.129039520848
2007-02-20,2007.0,51.0,2.0,20.0,-14.158333333333333,989.1208333333334,4.629166666666666,81.40833333333333,,145.5236900410968
2007-02-21,2007.0,52.0,2.0,21.0,-16.787499999999998,979.9291666666667,6.7250000000000005,82.4875,,144.259599929859
2007-02-22,2007.0,53.0,2.0,22.0,-18.825,982.2916666666666,6.308333333333334,74.02916666666667,,153.13665563772196
2007-02-23,2007.0,54.0,2.0,23.0,-22.579166666666666,983.5541666666667,4.254166666666666,78.14166666666667,,169.2120021489007
2007-02-24,2007.0,55.0,2.0,24.0,-21.247826086956522,978.7624999999999,5.920833333333333,73.45416666666667,,112.18207989759178
2007-02-25,2007.0,56.0,2.0,25.0,-21.616666666666664,979.7291666666666,6.116666666666667,78.29166666666667,,148.64887192060723
2007-02-26,2007.0,57.0,2.0,26.0,-19.891304347826086,981.1875,7.220833333333334,81.60833333333333,,140.06785313044685
2007-02-27,2007.0,58.0,2.0,27.0,-22.645833333333332,981.0208333333334,2.8541666666666665,71.64999999999999,,129.5305194696602
2007-02-28,2007.0,59.0,2.0,28.0,-16.433333333333334,977.4499999999999,3.9250000000000003,76.5625,,100.25244055815273
2007-03-01,2007.0,60.0,3.0,1.0,-21.0,987.9125,11.729166666666666,81.775,,180.19454118096724
2007-03-02,2007.0,61.0,3.0,2.0,-23.429166666666664,988.5583333333334,8.320833333333333,74.18333333333334,,208.96159165268148
2007-03-03,2007.0,62.0,3.0,3.0,-20.754166666666666,987.7916666666666,3.4,67.39999999999999,,229.41901631147613
2007-03-04,2007.0,63.0,3.0,4.0,-9.508333333333333,993.1583333333333,7.120833333333334,81.10588235294118,,223.80673800605086
2007-03-05,2007.0,64.0,3.0,5.0,-8.254166666666666,986.4291666666667,6.879166666666666,85.12083333333334,,274.91938149617863
2007-03-06,2007.0,65.0,3.0,6.0,-15.941666666666668,979.8041666666667,9.354166666666666,88.67083333333333,,191.44175347258687
2007-03-07,2007.0,66.0,3.0,7.0,-22.854166666666668,989.8833333333333,10.091666666666667,79.30833333333334,,195.91403722463178
2007-03-08,2007.0,67.0,3.0,8.0,-26.358333333333334,995.8874999999999,7.216666666666666,66.62916666666666,,195.4253891692959
2007-03-09,2007.0,68.0,3.0,9.0,-28.9375,992.2041666666668,3.204166666666667,69.74583333333334,,113.53784510640843
2007-03-10,2007.0,69.0,3.0,10.0,-19.604166666666668,990.2541666666666,3.3333333333333335,77.04166666666667,,255.5243024555553
2007-03-11,2007.0,70.0,3.0,11.0,-24.541666666666668,995.2125,3.845833333333333,76.32083333333334,,137.57302605427023
2007-03-12,2007.0,71.0,3.0,12.0,-23.608333333333334,993.85,6.570833333333333,81.25833333333334,,175.87799455033465
2007-03-13,2007.0,72.0,3.0,13.0,-19.412499999999998,995.8666666666667,2.908333333333333,75.08333333333333,,278.8388779942386
2007-03-14,2007.0,73.0,3.0,14.0,-24.045833333333334,1005.0583333333334,7.9624999999999995,79.74583333333332,,173.57578091216496
2007-03-15,2007.0,74.0,3.0,15.0,-25.766666666666666,1011.1875,9.866666666666667,78.37083333333334,,189.05750183309888
2007-03-16,2007.0,75.0,3.0,16.0,-19.895833333333332,1006.1291666666666,2.908333333333333,81.00416666666666,,272.44293413152093
2007-03-17,2007.0,76.0,3.0,17.0,-23.84166666666667,1002.9541666666668,3.4375,82.33749999999999,,161.67098773294643
2007-03-18,2007.0,77.0,3.0,18.0,-30.0625,999.8083333333334,3.1999999999999997,72.5,,173.81477412232442
2007-03-19,2007.0,78.0,3.0,19.0,-20.575,986.6833333333334,6.854166666666667,77.66666666666667,,208.87925640394928
2007-03-20,2007.0,79.0,3.0,20.0,-16.741666666666667,979.9499999999999,10.483333333333333,78.575,,188.42066666971766
2007-03-21,2007.0,80.0,3.0,21.0,-23.15416666666667,980.3916666666668,5.2,81.12083333333334,,201.55077789744215
2007-03-22,2007.0,81.0,3.0,22.0,-14.333333333333334,985.1875,3.170833333333333,88.54583333333333,,228.17314835263596
2007-03-23,2007.0,82.0,3.0,23.0,-15.191666666666668,989.1291666666666,3.4958333333333336,86.5125,,44.82932043423267
2007-03-24,2007.0,83.0,3.0,24.0,-17.991666666666667,986.5041666666666,6.995833333333334,84.97916666666667,,193.95512745150896
2007-03-25,2007.0,84.0,3.0,25.0,-23.495833333333334,992.7208333333333,9.229166666666666,85.22916666666667,,175.9553863153772
2007-03-26,2007.0,85.0,3.0,26.0,-26.8875,989.25,7.4125000000000005,79.99166666666666,,203.25521629520836
2007-03-27,2007.0,86.0,3.0,27.0,-28.349999999999998,984.1791666666667,8.283333333333333,75.28750000000001,,193.46229603475808
2007-03-28,2007.0,87.0,3.0,28.0,-27.7,977.4625,2.2583333333333333,75.97916666666667,,241.84362575335854
2007-03-29,2007.0,88.0,3.0,29.0,-29.829166666666666,985.3666666666667,7.6875,76.77499999999999,,192.32274783042726
2007-03-30,2007.0,89.0,3.0,30.0,-27.162499999999998,992.4625,7.691666666666666,79.21249999999999,,189.5236909202104
2007-03-31,2007.0,90.0,3.0,31.0,-30.287499999999998,997.4,5.8500000000000005,71.20833333333333,,188.52718083418586
2007-04-01,2007.0,91.0,4.0,1.0,-26.995833333333334,1000.1,1.9916666666666665,80.2375,,163.1160546162882
2007-04-02,2007.0,92.0,4.0,2.0,-22.224999999999998,1000.5208333333334,2.5208333333333335,88.40416666666665,,200.92234460494078
2007-04-03,2007.0,93.0,4.0,3.0,-26.90416666666667,997.9708333333333,6.216666666666666,78.16666666666667,,162.67211503879153
2007-04-04,2007.0,94.0,4.0,4.0,-30.054166666666664,994.9041666666667,10.6,78.12916666666666,,173.8343774674353
2007-04-05,2007.0,95.0,4.0,5.0,-33.63333333333333,992.7624999999999,7.429166666666667,74.14583333333333,,191.3774226392922
2007-04-06,2007.0,96.0,4.0,6.0,-20.7,981.1652173913043,6.469565217391305,82.15652173913043,,264.1475208880899
2007-04-07,2007.0,97.0,4.0,7.0,-20.454166666666666,980.0083333333333,4.279166666666667,86.95833333333333,,238.01371119607558
2007-04-08,2007.0,98.0,4.0,8.0,-25.816666666666666,987.0541666666667,3.1833333333333336,84.95833333333333,,182.16723215290983
2007-04-09,2007.0,99.0,4.0,9.0,-23.85217391304348,986.4250000000001,0.5666666666666667,87.00833333333333,,37.45778107230416
2007-04-10,2007.0,100.0,4.0,10.0,-25.558333333333334,987.6374999999999,5.941666666666666,85.67083333333333,,143.13320159054152
2007-04-11,2007.0,101.0,4.0,11.0,-25.520833333333332,985.6333333333333,4.566666666666666,85.57916666666667,,170.97726272857838
2007-04-12,2007.0,102.0,4.0,12.0,-27.766666666666666,995.6,3.1999999999999997,83.07083333333334,,173.49973521180618
2007-04-13,2007.0,103.0,4.0,13.0,-31.275000000000002,999.8375,3.091666666666667,78.82083333333334,,95.50241001224755
2007-04-14,2007.0,104.0,4.0,14.0,-28.191666666666666,993.4791666666666,4.1000000000000005,82.53333333333333,,150.57178488995552
2007-04-15,2007.0,105.0,4.0,15.0,-32.675000000000004,995.0124999999999,5.558333333333334,77.11666666666666,,136.8848271462737
2007-04-16,2007.0,106.0,4.0,16.0,-37.74583333333333,987.8041666666667,5.6125,71.03333333333333,,183.62870730855664
2007-04-17,2007.0,107.0,4.0,17.0,-38.891666666666666,975.1041666666666,1.9666666666666668,69.01666666666667,,113.23531183573027
2007-04-18,2007.0,108.0,4.0,18.0,-34.09583333333333,965.375,1.0999999999999999,75.24583333333334,,337.7603904583509
2007-04-19,2007.0,109.0,4.0,19.0,-45.20869565217391,974.8541666666666,1.3916666666666666,61.550000000000004,,162.72540856018836
2007-04-20,2007.0,110.0,4.0,20.0,-29.991666666666664,979.6916666666666,2.6,79.8125,,169.4680397249373
2007-04-21,2007.0,111.0,4.0,21.0,-27.054166666666664,968.0708333333333,2.9583333333333335,83.46249999999999,,235.8360291855937
2007-04-22,2007.0,112.0,4.0,22.0,-17.604166666666668,960.9333333333334,15.716666666666667,94.22500000000001,,213.47206698986045
2007-04-23,2007.0,113.0,4.0,23.0,-21.412499999999998,963.225,11.012500000000001,90.45416666666667,,198.9464420163868
2007-04-24,2007.0,114.0,4.0,24.0,-23.21666666666667,973.1541666666667,14.254166666666668,88.05833333333334,,203.06325108351942
2007-04-25,2007.0,115.0,4.0,25.0,-18.833333333333332,984.2125,19.679166666666667,92.86666666666667,,209.41761431649502
2007-04-26,2007.0,116.0,4.0,26.0,-25.041666666666668,996.1041666666666,9.158333333333333,84.30416666666666,,207.6662140266245
2007-04-27,2007.0,117.0,4.0,27.0,-30.070833333333336,999.8041666666667,9.104166666666666,76.02083333333333,,210.5869360219622
2007-04-28,2007.0,118.0,4.0,28.0,-32.979166666666664,996.2083333333334,6.216666666666666,70.89999999999999,,215.7185466715124
2007-04-29,2007.0,119.0,4.0,29.0,-34.81304347826087,984.5791666666668,2.8125,74.03333333333333,,185.79069997990678
2007-04-30,2007.0,120.0,4.0,30.0,-20.820833333333333,993.1333333333333,9.033333333333333,89.9375,,244.07711467872508
2007-05-01,2007.0,121.0,5.0,1.0,-20.820833333333333,995.0708333333333,7.05,88.00833333333333,,199.33118961805442
2007-05-02,2007.0,122.0,5.0,2.0,-24.625,987.9250000000001,7.191666666666666,82.65416666666667,,205.87611709891812
2007-05-03,2007.0,123.0,5.0,3.0,-19.891666666666666,983.9499999999999,7.754166666666666,84.27727272727272,,236.87021349726734
2007-05-04,2007.0,124.0,5.0,4.0,-18.208333333333332,986.9499999999999,12.2875,92.83478260869565,,204.64038489160416
2007-05-05,2007.0,125.0,5.0,5.0,-21.279166666666665,990.7083333333334,10.762500000000001,88.57083333333333,,197.0013432456052
2007-05-06,2007.0,126.0,5.0,6.0,-27.09583333333333,986.9043478260869,4.625,82.825,,220.71580424265727
2007-05-07,2007.0,127.0,5.0,7.0,-19.808333333333334,989.2416666666667,6.795833333333333,86.38333333333333,,210.6446762100285
2007-05-08,2007.0,128.0,5.0,8.0,-23.71666666666667,987.2916666666666,3.4583333333333335,83.02083333333333,,133.80504560584794
2007-05-09,2007.0,129.0,5.0,9.0,-22.6375,987.0500000000001,5.333333333333333,86.38333333333333,,180.2521645008878
2007-05-10,2007.0,130.0,5.0,10.0,-21.629166666666666,979.2416666666667,9.133333333333333,87.52916666666665,,214.764804402851
2007-05-11,2007.0,131.0,5.0,11.0,-21.06086956521739,977.9541666666668,11.225,89.86666666666667,,225.37698660579085
2007-05-12,2007.0,132.0,5.0,12.0,-28.025000000000002,985.0541666666667,5.816666666666666,79.04166666666667,,223.85736888268988
2007-05-13,2007.0,133.0,5.0,13.0,-27.03333333333333,988.6041666666666,5.629166666666666,79.74166666666666,,223.11956199299007
2007-05-14,2007.0,134.0,5.0,14.0,-29.662499999999998,989.9208333333332,2.1458333333333335,73.58749999999999,0.0,168.19429591227717
2007-05-15,2007.0,135.0,5.0,15.0,-37.104166666666664,992.0083333333333,2.5,71.60000000000001,,191.20781370726814
2007-05-16,2007.0,136.0,5.0,16.0,-37.512499999999996,996.1541666666667,2.658333333333333,71.22083333333333,,220.61069479692924
2007-05-17,2007.0,137.0,5.0,17.0,-30.97083333333333,990.3249999999999,3.0625,79.75,,295.5646248153412
2007-05-18,2007.0,138.0,5.0,18.0,-38.43333333333333,996.2416666666667,2.8000000000000003,69.85833333333333,,200.11531755362947
2007-05-19,2007.0,139.0,5.0,19.0,-37.11666666666667,992.1875,2.5875,71.375,,200.0575382234922
2007-05-20,2007.0,140.0,5.0,20.0,-35.958333333333336,983.8916666666668,4.5,72.97083333333333,,217.41125336636375
2007-05-21,2007.0,141.0,5.0,21.0,-26.84583333333333,980.4708333333333,13.9375,82.2,,217.2679248637664
2007-05-22,2007.0,142.0,5.0,22.0,-27.983333333333334,989.3083333333334,7.7250000000000005,80.60000000000001,,201.1084468478114
2007-05-23,2007.0,143.0,5.0,23.0,-33.96666666666667,992.6541666666667,4.083333333333333,75.22500000000001,,209.1062124760438
2007-05-24,2007.0,144.0,5.0,24.0,-32.704166666666666,989.4625,2.158333333333333,76.71666666666667,,215.99546444246712
2007-05-25,2007.0,145.0,5.0,25.0,-31.72083333333333,992.1416666666668,3.8958333333333335,78.20833333333333,,223.68511425049388
2007-05-26,2007.0,146.0,5.0,26.0,-28.925,989.9208333333332,6.233333333333333,81.52499999999999,,201.49431950814974
2007-05-27,2007.0,147.0,5.0,27.0,-25.508333333333336,985.5166666666668,3.9333333333333336,82.86666666666666,,222.9016708032412
2007-05-28,2007.0,148.0,5.0,28.0,-26.099999999999998,985.1083333333332,7.370833333333334,75.42916666666666,,208.47591217538488
2007-05-29,2007.0,149.0,5.0,29.0,-18.783333333333335,984.1999999999999,7.079166666666667,83.47500000000001,,188.3096922897016
2007-05-30,2007.0,150.0,5.0,30.0,-20.154166666666665,986.0333333333333,10.0875,90.82916666666667,,187.69966659869448
2007-05-31,2007.0,151.0,5.0,31.0,-21.991666666666664,984.525,12.270833333333334,87.72916666666667,,211.8319624083296
2007-06-01,2007.0,152.0,6.0,1.0,-22.066666666666666,983.2624999999999,15.383333333333333,85.36666666666667,,211.34418598509458
2007-06-02,2007.0,153.0,6.0,2.0,-27.633333333333336,982.2333333333332,7.820833333333333,76.9875,,197.69058132275623
2007-06-03,2007.0,154.0,6.0,3.0,-28.558333333333334,981.4958333333334,4.7749999999999995,81.53333333333333,,171.22186290572904
2007-06-04,2007.0,155.0,6.0,4.0,-24.995833333333334,979.0833333333334,2.8083333333333336,86.175,,236.8031065755651
2007-06-05,2007.0,156.0,6.0,5.0,-24.77916666666667,977.1,8.55,86.79583333333333,,204.03539794904867
2007-06-06,2007.0,157.0,6.0,6.0,-19.930434782608696,975.7217391304347,14.91304347826087,91.27272727272727,,208.36427875309082
2007-06-07,2007.0,158.0,6.0,7.0,-19.066666666666666,984.0958333333333,17.029166666666665,92.42083333333333,,217.32874128509425
2007-06-08,2007.0,159.0,6.0,8.0,-24.087500000000002,984.5166666666668,11.450000000000001,84.41666666666667,,197.6133029820236
2007-06-09,2007.0,160.0,6.0,9.0,-27.833333333333332,985.5708333333333,6.325,82.875,,163.39606430321024
2007-06-10,2007.0,161.0,6.0,10.0,-22.541666666666668,993.5083333333333,10.833333333333334,84.66250000000001,,189.6022288437561
2007-06-11,2007.0,162.0,6.0,11.0,-22.125,978.3583333333332,11.520833333333334,84.59166666666667,,212.6922163017586
2007-06-12,2007.0,163.0,6.0,12.0,-24.599999999999998,975.4208333333332,3.983333333333333,81.75833333333334,,208.8038246048864
2007-06-13,2007.0,164.0,6.0,13.0,-21.679166666666664,982.7916666666666,11.391666666666666,82.72083333333333,,199.22353547070188
2007-06-14,2007.0,165.0,6.0,14.0,-26.469565217391303,987.1086956521739,13.208695652173914,77.62173913043478,,201.11318641397276
2007-06-15,2007.0,166.0,6.0,15.0,-31.622727272727275,988.9363636363636,5.75,66.93181818181819,,204.11915697977855
2007-06-16,2007.0,167.0,6.0,16.0,-28.474999999999998,992.6833333333334,7.9750000000000005,64.43333333333334,,198.5608619258802
2007-06-17,2007.0,168.0,6.0,17.0,-23.620833333333334,994.8666666666667,14.0625,60.9625,,208.5381207317508
2007-06-18,2007.0,169.0,6.0,18.0,-27.820833333333336,996.625,11.241666666666667,63.475,,188.03368770976235
2007-06-19,2007.0,170.0,6.0,19.0,-25.754166666666666,996.5291666666667,15.991666666666667,68.57083333333334,,198.75862276040098
2007-06-20,2007.0,171.0,6.0,20.0,-22.891666666666666,983.9499999999999,17.791666666666668,73.68333333333334,,207.04210304585
2007-06-21,2007.0,172.0,6.0,21.0,-20.175,959.5291666666667,14.458333333333334,72.74166666666666,,215.6377717635765
2007-06-22,2007.0,173.0,6.0,22.0,-26.01304347826087,977.0652173913044,12.569565217391306,84.17826086956521,,236.35812513283526
2007-06-23,2007.0,174.0,6.0,23.0,-28.985714285714288,1004.2285714285714,13.485714285714286,80.98181818181818,,247.24266456308777
2007-06-24,2007.0,175.0,6.0,24.0,-33.6,1001.0749999999999,5.4375,75.65833333333333,,214.38807521861028
2007-06-25,2007.0,176.0,6.0,25.0,-33.63333333333333,994.2208333333333,3.3125,76.175,,103.44572663601959
2007-06-26,2007.0,177.0,6.0,26.0,-32.19583333333333,992.1458333333334,0.9375,77.29166666666667,,141.34854077657744
2007-06-27,2007.0,178.0,6.0,27.0,-41.050000000000004,987.5541666666667,2.1374999999999997,67.06666666666666,,191.0720530949049
2007-06-28,2007.0,179.0,6.0,28.0,-43.375,991.4250000000001,4.033333333333333,63.487500000000004,,210.5907900523579
2007-06-29,2007.0,180.0,6.0,29.0,-41.479166666666664,998.4791666666666,2.5208333333333335,65.575,,234.62514732863283
2007-06-30,2007.0,181.0,6.0,30.0,-35.55652173913043,997.4608695652173,9.504347826086956,73.36521739130436,,224.3471599837936
2007-07-01,2007.0,182.0,7.0,1.0,-33.63333333333333,982.4958333333334,3.0833333333333335,75.08333333333333,,277.76392501800035
2007-07-02,2007.0,183.0,7.0,2.0,-30.84583333333333,984.9625,3.875,78.78333333333333,,211.15799245799164
2007-07-03,2007.0,184.0,7.0,3.0,-19.420833333333334,989.8249999999999,19.120833333333334,92.25416666666666,,231.8766136644208
2007-07-04,2007.0,185.0,7.0,4.0,-22.03333333333333,980.7791666666667,13.975,85.1375,,241.5030426174206
2007-07-05,2007.0,186.0,7.0,5.0,-19.383333333333333,983.6750000000001,6.9375,91.3125,,255.14703221547956
2007-07-06,2007.0,187.0,7.0,6.0,-24.941666666666666,989.625,3.7624999999999997,86.18333333333334,,222.45443550589485
2007-07-07,2007.0,188.0,7.0,7.0,-26.0125,983.6916666666666,5.633333333333333,84.3625,,296.0648848040968
2007-07-08,2007.0,189.0,7.0,8.0,-34.743478260869566,991.804347826087,2.5304347826086953,74.84782608695652,,153.61898472577673
2007-07-09,2007.0,190.0,7.0,9.0,-28.983333333333334,976.85,2.5208333333333335,81.92083333333333,,7.924378252008455
2007-07-10,2007.0,191.0,7.0,10.0,-30.84166666666667,989.5625,3.9875000000000003,79.61666666666666,,164.4834066910309
2007-07-11,2007.0,192.0,7.0,11.0,-37.62916666666667,1002.8000000000001,7.129166666666666,71.34583333333333,,171.08970091631403
2007-07-12,2007.0,193.0,7.0,12.0,-45.42916666666667,1003.4875000000001,3.15,61.0875,,157.38451316132097
2007-07-13,2007.0,194.0,7.0,13.0,-39.36666666666667,1002.0041666666666,8.004166666666666,68.33333333333333,,181.78902147308054
2007-07-14,2007.0,195.0,7.0,14.0,-24.34583333333333,986.875,12.558333333333332,82.15833333333333,,184.03652417481757
2007-07-15,2007.0,196.0,7.0,15.0,-16.820833333333333,978.8083333333334,10.6875,94.2625,,175.29749032352723
2007-07-16,2007.0,197.0,7.0,16.0,-18.204166666666666,1001.2666666666668,10.2125,93.39999999999999,,179.12822592519808
2007-07-17,2007.0,198.0,7.0,17.0,-21.349999999999998,1004.525,1.4166666666666667,90.39583333333333,,276.5029345657356
2007-07-18,2007.0,199.0,7.0,18.0,-21.495833333333334,995.9833333333332,0.08333333333333333,90.30416666666667,,359.0510278850337
2007-07-19,2007.0,200.0,7.0,19.0,-25.729166666666668,990.4916666666667,8.866666666666667,84.98333333333333,,154.5384712329234
2007-07-20,2007.0,201.0,7.0,20.0,-34.25,992.775,4.6875,73.99166666666666,,135.92369766432333
2007-07-21,2007.0,202.0,7.0,21.0,-37.4375,1000.1958333333333,5.2250000000000005,70.80833333333334,,178.7439926485426
2007-07-22,2007.0,203.0,7.0,22.0,-30.099999999999998,1006.6041666666666,14.212499999999999,78.66666666666667,,203.36068308321288
2007-07-23,2007.0,204.0,7.0,23.0,-27.729166666666668,1013.5666666666666,16.35833333333333,81.40833333333333,,213.70473174539603
2007-07-24,2007.0,205.0,7.0,24.0,-30.645833333333332,1023.0500000000001,9.841666666666667,74.12083333333334,,211.160370473275
2007-07-25,2007.0,206.0,7.0,25.0,-31.40833333333333,1021.9708333333333,2.6958333333333333,70.85000000000001,,170.9481688245185
2007-07-26,2007.0,207.0,7.0,26.0,-35.17916666666667,1014.1833333333334,4.204166666666667,73.7,,189.80846291686936
2007-07-27,2007.0,208.0,7.0,27.0,-35.0875,1011.875,7.533333333333332,73.94583333333334,,203.78884472393403
2007-07-28,2007.0,209.0,7.0,28.0,-29.52916666666667,1012.1875,11.108333333333334,76.575,,206.18325477971803
2007-07-29,2007.0,210.0,7.0,29.0,-31.8,1014.3636363636364,14.427272727272726,76.04545454545455,,204.89812386274266
2007-07-30,2007.0,211.0,7.0,30.0,,,,,,
2007-07-31,2007.0,212.0,7.0,31.0,,,,,,
2007-08-01,,,,,,,,,,
2007-08-02,,,,,,,,,,
2007-08-03,,,,,,,,,,
2007-08-04,,,,,,,,,,
2007-08-05,,,,,,,,,,
2007-08-06,,,,,,,,,,
2007-08-07,,,,,,,,,,
2007-08-08,,,,,,,,,,
2007-08-09,,,,,,,,,,
2007-08-10,,,,,,,,,,
2007-08-11,,,,,,,,,,
2007-08-12,,,,,,,,,,
2007-08-13,,,,,,,,,,
2007-08-14,,,,,,,,,,
2007-08-15,,,,,,,,,,
2007-08-16,,,,,,,,,,
2007-08-17,,,,,,,,,,
2007-08-18,,,,,,,,,,
2007-08-19,,,,,,,,,,
2007-08-20,,,,,,,,,,
2007-08-21,,,,,,,,,,
2007-08-22,,,,,,,,,,
2007-08-23,,,,,,,,,,
2007-08-24,,,,,,,,,,
2007-08-25,,,,,,,,,,
2007-08-26,,,,,,,,,,
2007-08-27,,,,,,,,,,
2007-08-28,,,,,,,,,,
2007-08-29,,,,,,,,,,
2007-08-30,,,,,,,,,,
2007-08-31,,,,,,,,,,
2007-09-01,,,,,,,,,,
2007-09-02,,,,,,,,,,
2007-09-03,,,,,,,,,,
2007-09-04,,,,,,,,,,
2007-09-05,,,,,,,,,,
2007-09-06,,,,,,,,,,
2007-09-07,,,,,,,,,,
2007-09-08,,,,,,,,,,
2007-09-09,,,,,,,,,,
2007-09-10,,,,,,,,,,
2007-09-11,,,,,,,,,,
2007-09-12,,,,,,,,,,
2007-09-13,,,,,,,,,,
2007-09-14,,,,,,,,,,
2007-09-15,,,,,,,,,,
2007-09-16,,,,,,,,,,
2007-09-17,,,,,,,,,,
2007-09-18,,,,,,,,,,
2007-09-19,,,,,,,,,,
2007-09-20,,,,,,,,,,
2007-09-21,,,,,,,,,,
2007-09-22,,,,,,,,,,
2007-09-23,,,,,,,,,,
2007-09-24,,,,,,,,,,
2007-09-25,,,,,,,,,,
2007-09-26,,,,,,,,,,
2007-09-27,,,,,,,,,,
2007-09-28,,,,,,,,,,
2007-09-29,,,,,,,,,,
2007-09-30,,,,,,,,,,
2007-10-01,,,,,,,,,,
2007-10-02,,,,,,,,,,
2007-10-03,,,,,,,,,,
2007-10-04,,,,,,,,,,
2007-10-05,,,,,,,,,,
2007-10-06,,,,,,,,,,
2007-10-07,,,,,,,,,,
2007-10-08,,,,,,,,,,
2007-10-09,,,,,,,,,,
2007-10-10,,,,,,,,,,
2007-10-11,,,,,,,,,,
2007-10-12,,,,,,,,,,
2007-10-13,,,,,,,,,,
2007-10-14,,,,,,,,,,
2007-10-15,,,,,,,,,,
2007-10-16,,,,,,,,,,
2007-10-17,,,,,,,,,,
2007-10-18,,,,,,,,,,
2007-10-19,,,,,,,,,,
2007-10-20,,,,,,,,,,
2007-10-21,,,,,,,,,,
2007-10-22,,,,,,,,,,
2007-10-23,,,,,,,,,,
2007-10-24,,,,,,,,,,
2007-10-25,,,,,,,,,,
2007-10-26,,,,,,,,,,
2007-10-27,,,,,,,,,,
2007-10-28,,,,,,,,,,
2007-10-29,,,,,,,,,,
2007-10-30,,,,,,,,,,
2007-10-31,,,,,,,,,,
2007-11-01,,,,,,,,,,
2007-11-02,,,,,,,,,,
2007-11-03,,,,,,,,,,
2007-11-04,,,,,,,,,,
2007-11-05,,,,,,,,,,
2007-11-06,,,,,,,,,,
2007-11-07,,,,,,,,,,
2007-11-08,,,,,,,,,,
2007-11-09,,,,,,,,,,
2007-11-10,,,,,,,,,,
2007-11-11,,,,,,,,,,
2007-11-12,,,,,,,,,,
2007-11-13,,,,,,,,,,
2007-11-14,,,,,,,,,,
2007-11-15,,,,,,,,,,
2007-11-16,,,,,,,,,,
2007-11-17,,,,,,,,,,
2007-11-18,,,,,,,,,,
2007-11-19,,,,,,,,,,
2007-11-20,,,,,,,,,,
2007-11-21,,,,,,,,,,
2007-11-22,,,,,,,,,,
2007-11-23,,,,,,,,,,
2007-11-24,,,,,,,,,,
2007-11-25,,,,,,,,,,
2007-11-26,,,,,,,,,,
2007-11-27,,,,,,,,,,
2007-11-28,,,,,,,,,,
2007-11-29,,,,,,,,,,
2007-11-30,,,,,,,,,,
2007-12-01,,,,,,,,,,
2007-12-02,,,,,,,,,,
2007-12-03,,,,,,,,,,
2007-12-04,,,,,,,,,,
2007-12-05,,,,,,,,,,
2007-12-06,,,,,,,,,,
2007-12-07,,,,,,,,,,
2007-12-08,,,,,,,,,,
2007-12-09,,,,,,,,,,
2007-12-10,,,,,,,,,,
2007-12-11,,,,,,,,,,
2007-12-12,,,,,,,,,,
2007-12-13,,,,,,,,,,
2007-12-14,,,,,,,,,,
2007-12-15,,,,,,,,,,
2007-12-16,,,,,,,,,,
2007-12-17,,,,,,,,,,
2007-12-18,,,,,,,,,,
2007-12-19,,,,,,,,,,
2007-12-20,,,,,,,,,,
2007-12-21,,,,,,,,,,
2007-12-22,,,,,,,,,,
2007-12-23,,,,,,,,,,
2007-12-24,,,,,,,,,,
2007-12-25,,,,,,,,,,
2007-12-26,,,,,,,,,,
2007-12-27,,,,,,,,,,
2007-12-28,,,,,,,,,,
2007-12-29,,,,,,,,,,
2007-12-30,,,,,,,,,,
2007-12-31,,,,,,,,,,
2008-01-01,2008.0,1.0,1.0,1.0,,,,,,
2008-01-02,2008.0,2.0,1.0,2.0,,,,,,
2008-01-03,2008.0,3.0,1.0,3.0,,,,,,
2008-01-04,2008.0,4.0,1.0,4.0,,,,,,
2008-01-05,2008.0,5.0,1.0,5.0,,,,,,
2008-01-06,2008.0,6.0,1.0,6.0,,,,,,
2008-01-07,2008.0,7.0,1.0,7.0,-3.0,978.45,4.8,57.95,,239.5
2008-01-08,2008.0,8.0,1.0,8.0,-3.2708333333333335,979.8958333333334,8.641666666666667,86.435,,202.75322975208854
2008-01-09,2008.0,9.0,1.0,9.0,-2.2375000000000003,986.0541666666667,9.604166666666666,96.64999999999999,,182.73925259666217
2008-01-10,2008.0,10.0,1.0,10.0,-2.0791666666666666,995.3916666666668,8.870833333333334,92.84285714285714,,176.12231909631527
2008-01-11,2008.0,11.0,1.0,11.0,-4.1875,991.4666666666667,7.191666666666666,92.88235294117646,,178.48896600633418
2008-01-12,2008.0,12.0,1.0,12.0,-6.529166666666666,987.75,7.879166666666666,89.99166666666667,,200.83026210698182
2008-01-13,2008.0,13.0,1.0,13.0,-8.991666666666667,984.75,3.8249999999999997,70.82916666666667,,204.9188613650338
2008-01-14,2008.0,14.0,1.0,14.0,-8.825000000000001,975.7541666666666,5.8,66.05,,212.51677710378644
2008-01-15,2008.0,15.0,1.0,15.0,-5.108333333333333,968.7916666666666,10.237499999999999,76.9952380952381,,217.22792922448733
2008-01-16,2008.0,16.0,1.0,16.0,-2.4166666666666665,971.9291666666667,10.945833333333333,92.91,,214.56386865236726
2008-01-17,2008.0,17.0,1.0,17.0,-1.7083333333333333,974.4791666666666,7.704166666666667,85.8157894736842,,211.56706388707778
2008-01-18,2008.0,18.0,1.0,18.0,-4.0625,975.5124999999999,4.808333333333334,76.47500000000001,,215.562127277872
2008-01-19,2008.0,19.0,1.0,19.0,-6.804166666666667,977.1625,3.2458333333333336,67.04166666666667,,221.9716271496193
2008-01-20,2008.0,20.0,1.0,20.0,-6.041666666666667,978.3000000000001,2.25,66.44583333333334,,196.79703142105836
2008-01-21,2008.0,21.0,1.0,21.0,-5.966666666666666,978.3249999999999,3.8499999999999996,70.04583333333333,,153.16035195267082
2008-01-22,2008.0,22.0,1.0,22.0,-4.983333333333333,977.6750000000001,4.691666666666666,79.21666666666667,,215.3798005081111
2008-01-23,2008.0,23.0,1.0,23.0,-6.279166666666666,979.0958333333333,7.795833333333333,89.5625,,223.62711807243733
2008-01-24,2008.0,24.0,1.0,24.0,-6.133333333333333,981.1750000000001,11.654166666666667,92.37222222222222,,225.17063470331402
2008-01-25,2008.0,25.0,1.0,25.0,-7.4750000000000005,979.5416666666666,10.866666666666667,90.47916666666667,,220.2961728737936
2008-01-26,2008.0,26.0,1.0,26.0,-6.9125000000000005,979.025,9.220833333333333,87.59166666666665,,218.93035976556197
2008-01-27,2008.0,27.0,1.0,27.0,-7.020833333333333,980.8125,5.0375000000000005,75.22916666666667,,155.27453106226463
2008-01-28,2008.0,28.0,1.0,28.0,-9.652380952380952,981.4375,4.204166666666667,70.96666666666667,,143.49980076086834
2008-01-29,2008.0,29.0,1.0,29.0,-10.029166666666667,979.3458333333333,2.6125000000000003,56.84583333333333,,230.79134787322363
2008-01-30,2008.0,30.0,1.0,30.0,-9.654166666666667,975.2083333333334,2.725,78.58749999999999,,204.56267014533677
2008-01-31,2008.0,31.0,1.0,31.0,-12.025,975.3333333333334,3.6208333333333336,76.51666666666667,,200.94448155597135
2008-02-01,2008.0,32.0,2.0,1.0,-13.479166666666666,980.2624999999999,5.091666666666667,77.23333333333333,,204.97955842129085
2008-02-02,2008.0,33.0,2.0,2.0,-11.604166666666666,980.7916666666666,2.9875000000000003,71.49166666666666,,185.46313317094635
2008-02-03,2008.0,34.0,2.0,3.0,-9.833333333333334,980.9208333333332,2.095833333333333,56.175000000000004,,176.45891953340495
2008-02-04,2008.0,35.0,2.0,4.0,-12.391666666666666,981.0875,2.3874999999999997,66.99583333333334,,177.08613133617726
2008-02-05,2008.0,36.0,2.0,5.0,-11.329166666666666,979.7083333333334,6.916666666666667,82.83749999999999,,205.73981691614853
2008-02-06,2008.0,37.0,2.0,6.0,-11.916666666666666,976.475,4.5625,78.04166666666667,,143.19794137481716
2008-02-07,2008.0,38.0,2.0,7.0,-14.283333333333333,979.9,7.041666666666667,86.44583333333333,,191.08150398368753
2008-02-08,2008.0,39.0,2.0,8.0,-14.129166666666668,979.1791666666667,5.308333333333334,84.50416666666666,,182.00282321877674
2008-02-09,2008.0,40.0,2.0,9.0,-20.004166666666666,979.9875000000001,7.120833333333334,77.25833333333334,,201.3800899279297
2008-02-10,2008.0,41.0,2.0,10.0,-20.162499999999998,976.7208333333333,9.25,80.06666666666668,,214.51383692785654
2008-02-11,2008.0,42.0,2.0,11.0,-19.529166666666665,978.35,7.054166666666667,75.6375,,181.5546330080238
2008-02-12,2008.0,43.0,2.0,12.0,-16.575,973.0666666666666,5.395833333333333,78.8625,,215.78498769571738
2008-02-13,2008.0,44.0,2.0,13.0,-20.73913043478261,978.6750000000001,6.066666666666666,73.74583333333334,,173.22699090924738
2008-02-14,2008.0,45.0,2.0,14.0,-20.854166666666668,983.1791666666667,3.6750000000000003,68.22916666666667,,163.43766498254521
2008-02-15,2008.0,46.0,2.0,15.0,-20.633333333333333,984.8000000000001,8.916666666666666,79.34166666666667,,192.61592423797634
2008-02-16,2008.0,47.0,2.0,16.0,-21.912499999999998,983.1625,5.320833333333334,77.00416666666666,,178.2430335749873
2008-02-17,2008.0,48.0,2.0,17.0,-13.895833333333334,981.85,3.6374999999999997,74.4304347826087,,69.87714896866606
2008-02-18,2008.0,49.0,2.0,18.0,-15.083333333333334,986.8916666666668,9.191666666666666,81.3,,185.49082625756196
2008-02-19,2008.0,50.0,2.0,19.0,-18.175,982.0,14.4375,88.73333333333333,,212.2499001199691
2008-02-20,2008.0,51.0,2.0,20.0,-19.025000000000002,974.7583333333333,11.279166666666667,85.42916666666667,,223.1698588395657
2008-02-21,2008.0,52.0,2.0,21.0,-13.569565217391306,971.8125,4.2375,71.4375,,310.7186234064476
2008-02-22,2008.0,53.0,2.0,22.0,-13.566666666666668,979.4375,13.145833333333334,87.67083333333333,,202.25408732528538
2008-02-23,2008.0,54.0,2.0,23.0,-9.875,975.6625,10.458333333333334,85.91666666666667,,219.98163770943205
2008-02-24,2008.0,55.0,2.0,24.0,-12.174999999999999,977.8375,9.591666666666667,82.66250000000001,,210.1287298279025
2008-02-25,2008.0,56.0,2.0,25.0,-13.0875,981.525,12.049999999999999,85.7375,,215.82783881855462
2008-02-26,2008.0,57.0,2.0,26.0,-14.804166666666667,985.6625,13.225,83.89166666666667,,211.4704596605033
2008-02-27,2008.0,58.0,2.0,27.0,-16.179166666666667,993.6666666666666,10.575,90.00833333333333,,215.83226936853802
2008-02-28,2008.0,59.0,2.0,28.0,-14.858333333333334,991.3625000000001,3.5041666666666664,76.77083333333333,,194.1900224130663
2008-02-29,2008.0,60.0,2.0,29.0,-15.008333333333333,986.9833333333332,3.6125000000000003,85.84166666666665,,131.60520076401218
2008-03-01,2008.0,61.0,3.0,1.0,-17.779166666666665,992.625,3.775,87.625,,143.21979541012385
2008-03-02,2008.0,62.0,3.0,2.0,-15.98695652173913,989.0083333333333,1.6083333333333334,88.925,,26.481343879917343
2008-03-03,2008.0,63.0,3.0,3.0,-11.9625,979.9458333333333,3.4333333333333336,88.5625,,241.27528050183327
2008-03-04,2008.0,64.0,3.0,4.0,-11.275,976.5625,5.454166666666667,89.39,,267.11826481823
2008-03-05,2008.0,65.0,3.0,5.0,-13.9125,982.8416666666667,10.083333333333334,94.65833333333335,,227.4627667735738
2008-03-06,2008.0,66.0,3.0,6.0,-15.975,982.9833333333332,2.1666666666666665,90.06521739130434,,231.44886012620478
2008-03-07,2008.0,67.0,3.0,7.0,-19.6875,985.475,1.2428571428571427,84.21249999999999,,328.47170194768387
2008-03-08,2008.0,68.0,3.0,8.0,-19.358333333333334,986.6666666666666,0.0,84.75,,0.0
2008-03-09,2008.0,69.0,3.0,9.0,-12.0625,984.9333333333334,4.083333333333333,90.0125,,349.29429839008003
2008-03-10,2008.0,70.0,3.0,10.0,-14.421739130434782,984.8583333333332,1.7791666666666668,88.04347826086956,,199.97670878216215
2008-03-11,2008.0,71.0,3.0,11.0,-17.32916666666667,984.5749999999999,2.4166666666666665,87.05416666666667,,223.3699645764063
2008-03-12,2008.0,72.0,3.0,12.0,-17.63181818181818,980.3416666666667,1.0208333333333333,86.8913043478261,,353.77978794090274
2008-03-13,2008.0,73.0,3.0,13.0,-23.308333333333334,988.4208333333332,7.795833333333333,84.27499999999999,,208.87231015543776
2008-03-14,2008.0,74.0,3.0,14.0,-24.008333333333336,990.7624999999999,3.7291666666666665,79.84583333333333,,157.27032030040323
2008-03-15,2008.0,75.0,3.0,15.0,-26.758333333333336,990.25,4.3999999999999995,79.04166666666667,,201.88058588373258
2008-03-16,2008.0,76.0,3.0,16.0,-31.037499999999998,992.4041666666667,3.579166666666667,75.7625,,180.0202538265598
2008-03-17,2008.0,77.0,3.0,17.0,-30.804166666666664,989.25,7.095833333333334,75.51666666666667,,222.10291696685783
2008-03-18,2008.0,78.0,3.0,18.0,-26.420833333333334,983.2208333333333,5.908333333333334,74.81666666666666,,277.4043387164132
2008-03-19,2008.0,79.0,3.0,19.0,-22.058333333333334,983.9666666666667,4.945833333333334,81.66250000000001,,335.26794012858016
2008-03-20,2008.0,80.0,3.0,20.0,-29.741666666666664,984.2416666666667,3.2375000000000003,76.31666666666666,,176.78609954401938
2008-03-21,2008.0,81.0,3.0,21.0,-21.991666666666664,977.3416666666667,4.904166666666667,83.38333333333334,,328.84212725088594
2008-03-22,2008.0,82.0,3.0,22.0,-28.90833333333333,985.3166666666666,3.9375,78.5125,,212.09710303320836
2008-03-23,2008.0,83.0,3.0,23.0,-17.479166666666668,969.7916666666666,15.991666666666667,92.97916666666667,,217.3808818742488
2008-03-24,2008.0,84.0,3.0,24.0,-16.224999999999998,976.6125000000001,16.283333333333335,92.84583333333335,,215.39301807741174
2008-03-25,2008.0,85.0,3.0,25.0,-18.9875,987.25,9.616666666666667,82.6875,,221.2121448527934
2008-03-26,2008.0,86.0,3.0,26.0,-24.6375,989.7375000000001,3.5625,81.46666666666667,,201.37277349462497
2008-03-27,2008.0,87.0,3.0,27.0,-23.05,986.6291666666666,3.579166666666667,81.72916666666667,,221.22155693712432
2008-03-28,2008.0,88.0,3.0,28.0,-25.954166666666666,986.0583333333334,3.783333333333333,76.84166666666667,,185.88117942799624
2008-03-29,2008.0,89.0,3.0,29.0,-25.608333333333334,993.125,3.8208333333333333,78.325,,104.84987697355717
2008-03-30,2008.0,90.0,3.0,30.0,-32.32083333333333,998.6347826086956,4.070833333333334,76.80416666666666,,186.25467389870772
2008-03-31,2008.0,91.0,3.0,31.0,-26.525000000000002,1001.9,5.608333333333333,75.71249999999999,,106.07809026070433
2008-04-01,2008.0,92.0,4.0,1.0,-30.283333333333335,993.8833333333333,1.5458333333333334,76.9875,,114.60681137695003
2008-04-02,2008.0,93.0,4.0,2.0,-27.191666666666666,980.5916666666667,2.404166666666667,78.49166666666666,,153.3073279917825
2008-04-03,2008.0,94.0,4.0,3.0,-31.495652173913044,974.75,1.9625000000000001,79.12083333333334,,168.44764800569308
2008-04-04,2008.0,95.0,4.0,4.0,-26.425,975.3083333333334,4.075,84.66666666666667,,188.85557296211473
2008-04-05,2008.0,96.0,4.0,5.0,-24.854166666666668,977.3666666666667,2.908333333333333,86.15416666666665,,264.3347869997911
2008-04-06,2008.0,97.0,4.0,6.0,-22.9875,986.1999999999999,7.0,88.90416666666665,,204.14980069990543
2008-04-07,2008.0,98.0,4.0,7.0,-32.3125,995.8625000000001,8.387500000000001,78.09583333333333,,183.0806752524837
2008-04-08,2008.0,99.0,4.0,8.0,-31.854166666666668,992.9541666666668,6.7,78.79583333333333,,189.17236667717518
2008-04-09,2008.0,100.0,4.0,9.0,-31.316666666666666,989.6666666666666,6.041666666666667,77.64166666666667,,215.4535138609367
2008-04-10,2008.0,101.0,4.0,10.0,-28.866666666666664,992.8416666666667,10.379166666666666,80.41250000000001,,205.13190219815826
2008-04-11,2008.0,102.0,4.0,11.0,-28.866666666666664,995.0333333333333,5.783333333333334,76.34166666666667,,176.16453200035804
2008-04-12,2008.0,103.0,4.0,12.0,-28.433333333333334,979.275,4.4875,76.26666666666667,,162.84551539246277
2008-04-13,2008.0,104.0,4.0,13.0,-30.230434782608693,970.0375,2.404347826086956,80.32608695652173,,241.56181640263603
2008-04-14,2008.0,105.0,4.0,14.0,-16.283333333333335,961.5041666666666,13.795833333333334,92.75555555555555,,246.54040764712224
2008-04-15,2008.0,106.0,4.0,15.0,-16.491666666666667,974.8291666666668,12.508333333333333,92.58333333333333,,217.40692510933224
2008-04-16,2008.0,107.0,4.0,16.0,-17.404166666666665,979.8125,11.5875,93.25,,216.94898919472624
2008-04-17,2008.0,108.0,4.0,17.0,-24.795833333333334,990.4041666666667,3.3541666666666665,85.52499999999999,,256.73315070309496
2008-04-18,2008.0,109.0,4.0,18.0,-25.041666666666668,991.9125,2.033333333333333,85.0625,,205.8334086963949
2008-04-19,2008.0,110.0,4.0,19.0,-31.104166666666668,986.5875,4.358333333333333,78.94583333333334,,195.19509509841103
2008-04-20,2008.0,111.0,4.0,20.0,-30.366666666666664,979.9125,4.979166666666667,80.33749999999999,,241.15902549506058
2008-04-21,2008.0,112.0,4.0,21.0,-30.204166666666666,978.3208333333333,7.504166666666666,76.45416666666667,,209.73592794837754
2008-04-22,2008.0,113.0,4.0,22.0,-31.212500000000002,980.7291666666666,6.529166666666666,71.16666666666667,,227.57391522247025
2008-04-23,2008.0,114.0,4.0,23.0,-29.3125,987.0124999999999,9.95,79.77083333333333,,199.7548306926083
2008-04-24,2008.0,115.0,4.0,24.0,-26.71666666666667,995.4499999999999,12.391666666666666,82.46666666666667,,204.11751396355612
2008-04-25,2008.0,116.0,4.0,25.0,-16.55,992.7958333333332,16.833333333333332,85.35833333333333,,214.3145000845817
2008-04-26,2008.0,117.0,4.0,26.0,-16.045833333333334,996.5083333333333,14.608333333333334,86.79166666666667,,214.12076850000147
2008-04-27,2008.0,118.0,4.0,27.0,-23.579166666666666,998.875,5.770833333333333,73.7625,,213.264373047685
2008-04-28,2008.0,119.0,4.0,28.0,-28.179166666666664,1004.1166666666667,5.241666666666666,74.55,,225.01846693428377
2008-04-29,2008.0,120.0,4.0,29.0,-25.829166666666666,1004.35,4.179166666666666,83.17916666666666,,138.01841872653765
2008-04-30,2008.0,121.0,4.0,30.0,-25.895833333333332,993.2125,8.674999999999999,85.325,,184.884390809927
2008-05-01,2008.0,122.0,5.0,1.0,-24.491666666666664,985.4083333333333,10.808333333333332,84.86666666666666,,206.36340874797477
2008-05-02,2008.0,123.0,5.0,2.0,-24.516666666666666,985.1208333333334,8.908333333333333,76.95833333333333,,225.02476301223587
2008-05-03,2008.0,124.0,5.0,3.0,-19.041666666666668,981.6416666666668,10.612499999999999,82.51666666666667,,232.9405320030222
2008-05-04,2008.0,125.0,5.0,4.0,-17.641666666666666,985.8249999999999,14.395833333333334,83.14999999999999,,213.17420094768562
2008-05-05,2008.0,126.0,5.0,5.0,-16.654166666666665,990.1125000000001,9.866666666666667,70.85833333333333,,220.8305185409562
2008-05-06,2008.0,127.0,5.0,6.0,-20.641666666666666,1002.8541666666666,11.125,84.92083333333333,,205.71512724441658
2008-05-07,2008.0,128.0,5.0,7.0,-25.791666666666668,1000.4250000000001,5.0125,78.78333333333333,,170.14126852267572
2008-05-08,2008.0,129.0,5.0,8.0,-31.15833333333333,998.6,4.625,75.04166666666667,,204.24851566260222
2008-05-09,2008.0,130.0,5.0,9.0,-32.30416666666667,1001.3958333333334,2.129166666666667,73.92916666666666,,180.27473805981836
2008-05-10,2008.0,131.0,5.0,10.0,-26.141666666666666,994.6791666666667,1.6333333333333335,84.25,,229.5201376768937
2008-05-11,2008.0,132.0,5.0,11.0,-30.541666666666668,986.1541666666667,4.729166666666667,80.0125,,212.82756164198472
2008-05-12,2008.0,133.0,5.0,12.0,-25.52916666666667,978.3916666666668,3.404166666666667,85.75,,337.3373366481393
2008-05-13,2008.0,134.0,5.0,13.0,-28.254166666666666,983.4083333333333,7.929166666666667,82.75416666666666,,220.49048407058032
2008-05-14,2008.0,135.0,5.0,14.0,-29.420833333333334,991.2958333333332,7.75,81.65833333333333,,213.54011331223037
2008-05-15,2008.0,136.0,5.0,15.0,-27.233333333333334,979.0833333333334,3.5375,84.34166666666667,,336.95117551630574
2008-05-16,2008.0,137.0,5.0,16.0,-32.266666666666666,981.2583333333333,5.5625,77.95,,186.61987455103423
2008-05-17,2008.0,138.0,5.0,17.0,-26.337500000000002,983.6208333333334,5.058333333333334,84.74166666666666,,259.53064394650175
2008-05-18,2008.0,139.0,5.0,18.0,-26.4875,988.7875,5.191666666666666,85.10416666666667,,327.7000794377724
2008-05-19,2008.0,140.0,5.0,19.0,-32.12083333333333,981.4875000000001,2.370833333333333,78.32916666666667,,164.88316554306869
2008-05-20,2008.0,141.0,5.0,20.0,-33.15416666666667,984.525,4.679166666666666,76.92916666666666,,217.78667614782225
2008-05-21,2008.0,142.0,5.0,21.0,-38.44583333333333,989.4208333333332,2.533333333333333,70.35000000000001,,163.94784582352463
2008-05-22,2008.0,143.0,5.0,22.0,-34.775,984.6541666666667,7.329166666666667,74.60833333333333,,215.9022043615196
2008-05-23,2008.0,144.0,5.0,23.0,-36.270833333333336,974.1875,2.4041666666666663,72.64166666666667,,219.84108012370314
2008-05-24,2008.0,145.0,5.0,24.0,-41.1875,977.6999999999999,2.0083333333333333,66.54583333333333,,161.91740015169535
2008-05-25,2008.0,146.0,5.0,25.0,-34.2125,987.9875000000001,3.6958333333333333,75.18333333333334,,251.4671365077778
2008-05-26,2008.0,147.0,5.0,26.0,-36.612500000000004,985.0291666666667,4.704166666666667,72.40416666666667,,212.77401855844803
2008-05-27,2008.0,148.0,5.0,27.0,-40.03333333333333,968.5416666666666,2.4916666666666667,67.85000000000001,0.0,226.21291295874494
2008-05-28,2008.0,149.0,5.0,28.0,-34.84166666666667,970.0625,4.470833333333333,74.40416666666667,,230.57314670155608
2008-05-29,2008.0,150.0,5.0,29.0,-28.708333333333332,979.2916666666666,9.75,82.05416666666666,,210.94116378490804
2008-05-30,2008.0,151.0,5.0,30.0,-33.449999999999996,981.2083333333334,11.454166666666666,76.3875,,197.64708961005414
2008-05-31,2008.0,152.0,5.0,31.0,-30.991666666666664,970.4458333333333,16.891666666666666,78.27499999999999,,213.52920480308225
2008-06-01,2008.0,153.0,6.0,1.0,-22.175,963.625,18.904166666666665,87.90416666666665,,219.52477088015598
2008-06-02,2008.0,154.0,6.0,2.0,-22.629166666666666,974.6333333333333,11.029166666666667,88.70416666666667,,199.02115172484196
2008-06-03,2008.0,155.0,6.0,3.0,-23.69583333333333,985.9291666666667,12.3125,88.0,,198.30819746054806
2008-06-04,2008.0,156.0,6.0,4.0,-18.67083333333333,981.6958333333333,18.079166666666666,93.03333333333335,,210.5006429490961
2008-06-05,2008.0,157.0,6.0,5.0,-16.795833333333334,978.4499999999999,19.0625,95.14999999999999,,215.46060788421647
2008-06-06,2008.0,158.0,6.0,6.0,-14.854166666666666,979.1041666666666,17.520833333333332,96.9590909090909,,218.95941921214938
2008-06-07,2008.0,159.0,6.0,7.0,-12.820833333333333,978.2583333333333,17.720833333333335,97.68181818181819,,220.7718046082615
2008-06-08,2008.0,160.0,6.0,8.0,-13.895833333333334,976.6208333333334,16.691666666666666,97.05909090909091,,214.54627467737373
2008-06-09,2008.0,161.0,6.0,9.0,-16.525000000000002,984.2458333333334,11.616666666666667,91.71666666666665,,197.41560661287846
2008-06-10,2008.0,162.0,6.0,10.0,-19.9875,987.1291666666666,5.833333333333333,85.62916666666666,,201.16124920695788
2008-06-11,2008.0,163.0,6.0,11.0,-18.6375,985.6583333333333,4.420833333333333,88.02083333333333,,218.93262185328223
2008-06-12,2008.0,164.0,6.0,12.0,-23.875,985.1958333333333,6.904166666666666,81.80833333333334,,216.64996422221932
2008-06-13,2008.0,165.0,6.0,13.0,-26.679166666666664,983.475,10.183333333333334,82.175,,217.02824797936714
2008-06-14,2008.0,166.0,6.0,14.0,-22.8,974.9499999999999,13.491666666666667,88.49583333333334,,208.9686477536707
2008-06-15,2008.0,167.0,6.0,15.0,-23.858333333333334,978.1999999999999,14.054166666666667,87.675,,215.20699036642603
2008-06-16,2008.0,168.0,6.0,16.0,-24.662499999999998,973.7333333333332,5.154166666666667,84.01666666666667,,199.77205432161776
2008-06-17,2008.0,169.0,6.0,17.0,-25.675,967.2833333333333,3.204166666666667,80.8,,224.61004157632593
2008-06-18,2008.0,170.0,6.0,18.0,-20.2375,963.8291666666668,5.029166666666667,90.32083333333333,,248.26349775082952
2008-06-19,2008.0,171.0,6.0,19.0,-26.479166666666668,967.7208333333333,9.4,83.65416666666667,,197.9063694126502
2008-06-20,2008.0,172.0,6.0,20.0,-23.358333333333334,969.6041666666666,4.5375,86.75416666666666,,242.3216184317629
2008-06-21,2008.0,173.0,6.0,21.0,-25.995833333333334,974.8208333333333,7.695833333333333,84.83749999999999,,197.52020941227343
2008-06-22,2008.0,174.0,6.0,22.0,-30.816666666666666,978.1875,9.5375,79.42083333333333,,212.72631730188252
2008-06-23,2008.0,175.0,6.0,23.0,-27.0125,977.9958333333334,3.8375,82.4875,,173.99179824595217
2008-06-24,2008.0,176.0,6.0,24.0,-30.704166666666666,991.6083333333332,7.233333333333333,77.92916666666666,,198.6126482061145
2008-06-25,2008.0,177.0,6.0,25.0,-29.03333333333333,995.7958333333332,17.054166666666667,80.7,,198.1272866723825
2008-06-26,2008.0,178.0,6.0,26.0,-29.729166666666668,982.2624999999999,16.825,80.17916666666666,,216.5145141491437
2008-06-27,2008.0,179.0,6.0,27.0,-29.391666666666666,968.4958333333334,4.183333333333334,80.98333333333333,,176.38182057305696
2008-06-28,2008.0,180.0,6.0,28.0,-26.495833333333334,971.7791666666667,5.470833333333334,79.74166666666666,,230.12789697540293
2008-06-29,2008.0,181.0,6.0,29.0,-36.99583333333333,980.3869565217392,4.341666666666667,69.83749999999999,,222.8992326903093
2008-06-30,2008.0,182.0,6.0,30.0,-40.729166666666664,983.025,2.733333333333333,67.30416666666666,,155.04743813409684
2008-07-01,2008.0,183.0,7.0,1.0,-32.112500000000004,983.35,1.925,78.27391304347826,,107.55615854067636
2008-07-02,2008.0,184.0,7.0,2.0,-40.975,996.8625000000001,3.9958333333333336,67.28750000000001,,192.50009970515902
2008-07-03,2008.0,185.0,7.0,3.0,-39.987500000000004,1005.9333333333334,2.1,68.10833333333333,,120.23936129995126
2008-07-04,2008.0,186.0,7.0,4.0,-34.041666666666664,1004.6458333333334,3.225,75.61666666666666,,330.92863883633197
2008-07-05,2008.0,187.0,7.0,5.0,-38.575,1003.9916666666667,9.158333333333333,70.1125,,202.66658380960698
2008-07-06,2008.0,188.0,7.0,6.0,-40.78333333333333,989.9208333333332,5.054166666666666,67.20416666666667,,200.60937388091364
2008-07-07,2008.0,189.0,7.0,7.0,-41.30416666666667,968.0041666666666,1.4875,66.83333333333333,,168.25872160022368
2008-07-08,2008.0,190.0,7.0,8.0,-39.833333333333336,966.9708333333333,3.3208333333333333,68.15416666666667,,242.3271353861752
2008-07-09,2008.0,191.0,7.0,9.0,-35.32083333333333,968.5749999999999,10.9,74.22500000000001,,228.58422345048376
2008-07-10,2008.0,192.0,7.0,10.0,-39.516666666666666,975.4083333333333,9.391666666666667,68.96666666666667,,210.4834649024301
2008-07-11,2008.0,193.0,7.0,11.0,-38.51304347826087,966.6565217391304,2.721739130434783,70.09130434782608,,229.94898318339992
2008-07-12,2008.0,194.0,7.0,12.0,-35.6625,967.8291666666668,5.4125000000000005,73.52083333333333,,272.18007219350125
2008-07-13,2008.0,195.0,7.0,13.0,-30.6875,975.5124999999999,14.754166666666668,79.88333333333334,,217.5899351950454
2008-07-14,2008.0,196.0,7.0,14.0,-32.11666666666667,966.7416666666667,3.1333333333333333,78.18333333333334,,259.01062770682665
2008-07-15,2008.0,197.0,7.0,15.0,-25.875,979.0500000000001,14.258333333333333,85.3125,,217.32401691402944
2008-07-16,2008.0,198.0,7.0,16.0,-33.50833333333333,982.1333333333333,4.483333333333333,76.58333333333333,,213.830077932786
2008-07-17,2008.0,199.0,7.0,17.0,-25.695833333333336,968.7291666666666,7.458333333333333,84.02499999999999,,233.76585747753762
2008-07-18,2008.0,200.0,7.0,18.0,-25.212500000000002,959.8333333333334,5.704166666666667,85.67391304347827,,243.60836818992652
2008-07-19,2008.0,201.0,7.0,19.0,-29.579166666666666,986.7416666666667,8.441666666666666,80.97391304347826,,221.43536897983563
2008-07-20,2008.0,202.0,7.0,20.0,-29.204166666666666,997.4791666666666,5.4375,81.84166666666667,,215.30821427350506
2008-07-21,2008.0,203.0,7.0,21.0,-32.34166666666667,991.4833333333332,6.179166666666667,77.4875,,231.91539688203008
2008-07-22,2008.0,204.0,7.0,22.0,-38.275,984.25,6.141666666666667,70.75833333333334,,208.242513850534
2008-07-23,2008.0,205.0,7.0,23.0,-41.8125,979.0208333333334,3.1666666666666665,66.15833333333333,,135.1174230177795
2008-07-24,2008.0,206.0,7.0,24.0,-38.61666666666667,972.2958333333332,2.4791666666666665,70.64583333333333,,50.53532041067628
2008-07-25,2008.0,207.0,7.0,25.0,-36.770833333333336,978.6583333333333,4.679166666666666,72.45,,211.63053736767947
2008-07-26,2008.0,208.0,7.0,26.0,-39.21666666666667,984.4125,2.7583333333333333,69.05,,216.24525985693808
2008-07-27,2008.0,209.0,7.0,27.0,-29.366666666666664,985.4958333333334,4.029166666666667,81.2,,239.22493719448093
2008-07-28,2008.0,210.0,7.0,28.0,-19.620833333333334,979.0208333333334,15.016666666666666,90.12083333333334,,219.24792158655686
2008-07-29,2008.0,211.0,7.0,29.0,-21.8875,983.0500000000001,14.225,84.41666666666667,0.0,220.36111399901307
2008-07-30,2008.0,212.0,7.0,30.0,-24.741666666666664,989.5500000000001,5.708333333333333,80.92916666666666,,222.12308197592043
2008-07-31,2008.0,213.0,7.0,31.0,-30.683333333333334,985.2875,6.6000000000000005,73.84166666666667,,225.08599866864543
2008-08-01,2008.0,214.0,8.0,1.0,-29.254166666666666,979.0291666666667,4.704166666666667,78.19166666666666,,246.03816887961474
2008-08-02,2008.0,215.0,8.0,2.0,-29.97083333333333,971.8916666666668,3.8708333333333336,79.66250000000001,,290.6060853208758
2008-08-03,2008.0,216.0,8.0,3.0,-29.883333333333336,978.9833333333332,8.470833333333333,80.82083333333334,,203.46489888240959
2008-08-04,2008.0,217.0,8.0,4.0,-35.829166666666666,986.6916666666666,4.020833333333333,73.68333333333334,,180.9033009074504
2008-08-05,2008.0,218.0,8.0,5.0,-39.68333333333333,990.6750000000001,3.3666666666666667,68.73333333333333,,162.01102824308245
2008-08-06,2008.0,219.0,8.0,6.0,-41.300000000000004,1000.4291666666667,3.5875,66.44583333333334,,196.9300580662832
2008-08-07,2008.0,220.0,8.0,7.0,-40.13333333333333,994.0041666666666,2.566666666666667,67.77916666666667,,142.74906646614426
2008-08-08,2008.0,221.0,8.0,8.0,-44.5625,989.1208333333334,2.8041666666666667,62.862500000000004,,197.91359402854587
2008-08-09,2008.0,222.0,8.0,9.0,-43.69583333333333,979.8458333333333,2.8166666666666664,63.55416666666667,,165.72652371889143
2008-08-10,2008.0,223.0,8.0,10.0,-48.94583333333333,981.1875,2.5833333333333335,56.887499999999996,,174.35122722930393
2008-08-11,2008.0,224.0,8.0,11.0,-46.824999999999996,986.1041666666666,1.9083333333333332,59.112500000000004,,123.43730025336822
2008-08-12,2008.0,225.0,8.0,12.0,-43.46666666666667,990.35,1.3583333333333334,63.6625,,127.09634498909455
2008-08-13,2008.0,226.0,8.0,13.0,-36.550000000000004,1002.6333333333333,2.7708333333333335,72.27916666666667,,159.73745984071272
2008-08-14,2008.0,227.0,8.0,14.0,-33.32083333333333,1000.6208333333334,4.870833333333334,76.075,,313.3835497143695
2008-08-15,2008.0,228.0,8.0,15.0,-42.03333333333333,988.0333333333333,6.904166666666666,66.10000000000001,,219.93102883816357
2008-08-16,2008.0,229.0,8.0,16.0,-35.637499999999996,985.3833333333333,4.4750000000000005,73.60416666666667,,312.4955022991106
2008-08-17,2008.0,230.0,8.0,17.0,-40.9625,966.4083333333333,6.883333333333333,67.10000000000001,,194.35770173425183
2008-08-18,2008.0,231.0,8.0,18.0,-42.00833333333333,980.2208333333333,4.983333333333333,65.44583333333334,,234.8782383496615
2008-08-19,2008.0,232.0,8.0,19.0,-34.74166666666667,989.8625000000001,2.475,74.8625,,343.3205680362013
2008-08-20,2008.0,233.0,8.0,20.0,-45.291666666666664,985.2041666666668,1.2166666666666666,61.770833333333336,,146.05600219217223
2008-08-21,2008.0,234.0,8.0,21.0,-43.333333333333336,981.9208333333332,7.204166666666667,63.987500000000004,,198.49102909970043
2008-08-22,2008.0,235.0,8.0,22.0,-48.15,987.1291666666666,4.533333333333333,57.525,,190.94467341784042
2008-08-23,2008.0,236.0,8.0,23.0,-46.949999999999996,984.7333333333332,2.625,58.87916666666666,0.0,224.5114899638959
2008-08-24,2008.0,237.0,8.0,24.0,-47.36086956521739,981.2869565217391,1.7434782608695654,58.18260869565218,,158.58103401681663
2008-08-25,2008.0,238.0,8.0,25.0,-46.30416666666667,977.2583333333333,1.8125,59.208333333333336,,225.05935626315556
2008-08-26,2008.0,239.0,8.0,26.0,-37.829166666666666,974.8583333333332,2.15,71.04583333333333,,350.4588347567661
2008-08-27,2008.0,240.0,8.0,27.0,-39.074999999999996,983.6875,3.879166666666667,69.5,,208.1525045932034
2008-08-28,2008.0,241.0,8.0,28.0,-40.729166666666664,990.0708333333333,5.583333333333333,67.50833333333334,,223.44103973308563
2008-08-29,2008.0,242.0,8.0,29.0,-45.31666666666666,981.7208333333333,5.533333333333334,61.21666666666667,,224.2915472945605
2008-08-30,2008.0,243.0,8.0,30.0,-45.25,965.7375000000001,2.129166666666667,61.5375,,206.9444327642565
2008-08-31,2008.0,244.0,8.0,31.0,-35.37916666666667,970.725,6.3999999999999995,73.89583333333333,,327.2281873441593
2008-09-01,2008.0,245.0,9.0,1.0,-38.97083333333333,1000.6541666666667,2.966666666666667,69.83333333333333,,169.81719153276563
2008-09-02,2008.0,246.0,9.0,2.0,-41.420833333333334,989.9666666666667,1.2666666666666666,66.74166666666666,,104.80494333945315
2008-09-03,2008.0,247.0,9.0,3.0,-43.708333333333336,980.2583333333333,0.8041666666666667,63.67083333333333,,145.6983012872932
2008-09-04,2008.0,248.0,9.0,4.0,-27.1875,958.0958333333333,5.741666666666667,83.83333333333333,,283.66533717147246
2008-09-05,2008.0,249.0,9.0,5.0,-21.391666666666666,961.3791666666666,14.366666666666667,90.76666666666667,,216.46482765404676
2008-09-06,2008.0,250.0,9.0,6.0,-24.099999999999998,972.5749999999999,14.716666666666667,87.59166666666665,,221.8943221536846
2008-09-07,2008.0,251.0,9.0,7.0,-24.704166666666666,979.3125,5.933333333333334,86.25833333333333,,224.96785437871313
2008-09-08,2008.0,252.0,9.0,8.0,-28.829166666666666,981.7291666666666,3.545833333333333,81.80416666666666,,247.94183267546242
2008-09-09,2008.0,253.0,9.0,9.0,-31.191666666666666,981.9541666666668,6.858333333333333,77.77916666666667,,209.23651228190207
2008-09-10,2008.0,254.0,9.0,10.0,-32.27916666666667,975.3833333333333,1.6791666666666665,77.24583333333334,,282.0572549456515
2008-09-11,2008.0,255.0,9.0,11.0,-21.091666666666665,972.1625,5.0375000000000005,90.67916666666667,,239.1261714557918
2008-09-12,2008.0,256.0,9.0,12.0,-14.108333333333334,970.1333333333333,11.433333333333332,96.5391304347826,,229.28309416653224
2008-09-13,2008.0,257.0,9.0,13.0,-21.770833333333332,978.3083333333334,9.3125,88.58333333333333,,201.12664776975578
2008-09-14,2008.0,258.0,9.0,14.0,-27.462500000000002,977.3083333333334,10.429166666666667,82.61666666666666,,195.81194637216805
2008-09-15,2008.0,259.0,9.0,15.0,-25.1375,979.0583333333334,11.279166666666667,85.56666666666666,,202.20280783616835
2008-09-16,2008.0,260.0,9.0,16.0,-26.34166666666667,976.4125,7.51111111111111,83.375,,210.54137575499325
2008-09-17,2008.0,261.0,9.0,17.0,-26.47391304347826,970.6541666666667,,80.4375,,
2008-09-18,2008.0,262.0,9.0,18.0,-18.420833333333334,967.25,14.666666666666666,91.65416666666665,,224.76768626308706
2008-09-19,2008.0,263.0,9.0,19.0,-16.537499999999998,974.1541666666667,20.474999999999998,94.58333333333333,,218.26265998124987
2008-09-20,2008.0,264.0,9.0,20.0,-27.416666666666668,973.7291666666666,9.753846153846153,78.65833333333333,,212.86766775067372
2008-09-21,2008.0,265.0,9.0,21.0,-20.2,964.7875,15.976190476190476,81.875,,221.32882501246314
2008-09-22,2008.0,266.0,9.0,22.0,-22.433333333333334,965.0666666666666,15.716666666666667,78.11666666666666,,212.72875131056725
2008-09-23,2008.0,267.0,9.0,23.0,-17.966666666666665,958.4833333333332,21.0125,88.55416666666667,,226.1168628021775
2008-09-24,2008.0,268.0,9.0,24.0,-20.0,960.1666666666666,19.154166666666665,87.49583333333334,,217.7953973336236
2008-09-25,2008.0,269.0,9.0,25.0,-23.366666666666664,962.1708333333332,10.6625,71.97083333333333,,210.3151896283356
2008-09-26,2008.0,270.0,9.0,26.0,-19.591666666666665,961.0083333333333,14.462499999999999,83.2625,,227.77847313433583
2008-09-27,2008.0,271.0,9.0,27.0,-21.316666666666666,974.9333333333334,14.6,88.79583333333333,,220.03236325209
2008-09-28,2008.0,272.0,9.0,28.0,-22.875,978.2875,10.347826086956522,81.07916666666667,,230.05648606068578
2008-09-29,2008.0,273.0,9.0,29.0,-25.11304347826087,974.7416666666667,11.608333333333334,77.0,,205.49940492232832
2008-09-30,2008.0,274.0,9.0,30.0,-21.829166666666666,972.1625,5.45,84.79166666666667,,295.10079823769274
2008-10-01,2008.0,275.0,10.0,1.0,-23.9875,970.4958333333334,6.270833333333333,83.1375,,242.53601362602188
2008-10-02,2008.0,276.0,10.0,2.0,-25.683333333333334,972.125,4.116666666666666,79.20833333333333,,260.6674735611952
2008-10-03,2008.0,277.0,10.0,3.0,-27.213636363636365,976.5583333333334,1.3916666666666666,79.825,,357.91930259822357
2008-10-04,2008.0,278.0,10.0,4.0,-27.1875,985.9416666666666,19.316666666666666,83.22500000000001,,211.93721190048936
2008-10-05,2008.0,279.0,10.0,5.0,-21.041666666666668,984.7166666666667,17.6375,88.41250000000001,,220.16661699686938
2008-10-06,2008.0,280.0,10.0,6.0,-18.654166666666665,977.4958333333334,10.595833333333333,87.94583333333333,,210.34665350957403
2008-10-07,2008.0,281.0,10.0,7.0,-21.7625,968.1833333333334,7.0,68.34166666666667,,183.46345512786007
2008-10-08,2008.0,282.0,10.0,8.0,-27.65416666666667,970.6999999999999,5.808333333333334,68.99583333333334,,211.0432244337356
2008-10-09,2008.0,283.0,10.0,9.0,-28.59583333333333,971.3958333333334,4.620833333333334,66.30416666666666,,205.1009707056579
2008-10-10,2008.0,284.0,10.0,10.0,-26.90416666666667,968.7666666666668,3.1166666666666667,69.56666666666666,,247.5925953557596
2008-10-11,2008.0,285.0,10.0,11.0,-16.3875,968.4375,9.475,82.21249999999999,,228.83924814957817
2008-10-12,2008.0,286.0,10.0,12.0,-16.983333333333334,977.3916666666668,6.3875,81.2875,,234.5771977874924
2008-10-13,2008.0,287.0,10.0,13.0,-20.516666666666666,981.7916666666666,3.2708333333333335,70.77916666666667,,99.9431327601411
2008-10-14,2008.0,288.0,10.0,14.0,-24.40833333333333,975.6166666666667,1.3916666666666666,71.125,,152.55097551906002
2008-10-15,2008.0,289.0,10.0,15.0,-24.03333333333333,967.8791666666666,6.208333333333333,75.71249999999999,,203.54008193538388
2008-10-16,2008.0,290.0,10.0,16.0,-28.3125,969.8916666666668,6.9875,70.38333333333334,,210.7270528499767
2008-10-17,2008.0,291.0,10.0,17.0,-25.08695652173913,975.5416666666666,4.641666666666667,73.14583333333333,,211.46976503477057
2008-10-18,2008.0,292.0,10.0,18.0,-19.599999999999998,975.0375,2.379166666666667,65.55416666666666,,270.61529219942554
2008-10-19,2008.0,293.0,10.0,19.0,-18.9375,978.4375,6.479166666666667,81.97916666666667,,212.96738976861948
2008-10-20,2008.0,294.0,10.0,20.0,-21.47083333333333,983.2125,5.125,75.64999999999999,,194.36756195434918
2008-10-21,2008.0,295.0,10.0,21.0,-22.530434782608697,982.2208333333333,1.9124999999999999,69.47083333333333,,133.61596631262978
2008-10-22,2008.0,296.0,10.0,22.0,-16.06086956521739,979.5791666666668,1.5666666666666667,72.65416666666667,,161.63897781581528
2008-10-23,2008.0,297.0,10.0,23.0,-19.6875,974.5958333333333,3.8000000000000003,75.3625,,232.70669707046574
2008-10-24,2008.0,298.0,10.0,24.0,-16.208333333333332,969.1958333333333,10.873913043478261,86.70833333333333,,205.37895671148914
2008-10-25,2008.0,299.0,10.0,25.0,-19.0625,974.6541666666667,8.141666666666667,81.40416666666667,,203.9777322518125
2008-10-26,2008.0,300.0,10.0,26.0,-20.270833333333332,976.5291666666667,3.025,70.89999999999999,,227.32656089489808
2008-10-27,2008.0,301.0,10.0,27.0,-18.791666666666668,975.65,2.85,67.31666666666666,,213.03492276339693
2008-10-28,2008.0,302.0,10.0,28.0,-17.791304347826088,974.5583333333334,2.3041666666666667,73.2625,,253.03561361968514
2008-10-29,2008.0,303.0,10.0,29.0,-15.179166666666667,972.4541666666668,4.8875,80.06666666666666,,288.4079688407038
2008-10-30,2008.0,304.0,10.0,30.0,-20.97826086956522,974.2416666666667,2.8874999999999997,67.33043478260869,,158.79696446674717
2008-10-31,2008.0,305.0,10.0,31.0,-19.643478260869564,979.5833333333334,2.9625,70.74166666666666,,161.5832633397696
2008-11-01,2008.0,306.0,11.0,1.0,-16.604166666666668,986.5541666666667,4.295833333333333,76.55833333333334,,150.70653219545133
2008-11-02,2008.0,307.0,11.0,2.0,-16.958333333333332,989.8583333333332,5.641666666666667,84.95833333333333,,188.67797151544084
2008-11-03,2008.0,308.0,11.0,3.0,-25.495833333333334,991.9416666666666,5.191666666666666,71.87083333333334,,168.43904735041488
2008-11-04,2008.0,309.0,11.0,4.0,-25.95,995.9791666666666,4.808333333333334,62.64166666666667,,182.59179889792821
2008-11-05,2008.0,310.0,11.0,5.0,-18.041666666666668,989.2416666666667,1.7916666666666667,66.33333333333333,,355.2984712991167
2008-11-06,2008.0,311.0,11.0,6.0,-19.343478260869563,990.8541666666666,4.925,68.83333333333333,,233.67117103908942
2008-11-07,2008.0,312.0,11.0,7.0,-18.016666666666666,987.8625000000001,3.6041666666666665,66.20833333333333,,220.02365838281165
2008-11-08,2008.0,313.0,11.0,8.0,-11.441666666666668,984.8583333333332,3.3208333333333333,68.0125,,330.6390562795963
2008-11-09,2008.0,314.0,11.0,9.0,-15.320833333333333,983.8041666666667,3.591666666666667,57.475,,227.7755275461319
2008-11-10,2008.0,315.0,11.0,10.0,-13.454166666666666,975.5124999999999,3.466666666666667,65.97500000000001,,327.13836873441466
2008-11-11,2008.0,316.0,11.0,11.0,-19.216666666666665,972.5,8.5875,74.34166666666667,,208.048571023941
2008-11-12,2008.0,317.0,11.0,12.0,-20.775000000000002,977.3208333333333,9.566666666666666,74.54166666666667,,213.14149573520308
2008-11-13,2008.0,318.0,11.0,13.0,-19.025000000000002,978.1541666666667,1.8416666666666668,58.24166666666667,,207.9564171781059
2008-11-14,2008.0,319.0,11.0,14.0,-16.1125,981.1791666666667,2.775,60.7875,,253.1197198349842
2008-11-15,2008.0,320.0,11.0,15.0,-13.620833333333332,986.1208333333334,5.1000000000000005,65.96249999999999,,245.35998184289969
2008-11-16,2008.0,321.0,11.0,16.0,-17.216666666666665,981.9250000000001,3.5500000000000003,73.17916666666666,,181.9555260864509
2008-11-17,2008.0,322.0,11.0,17.0,-14.075000000000001,978.1666666666666,2.5625,71.27916666666667,,148.0066478117858
2008-11-18,2008.0,323.0,11.0,18.0,-18.400000000000002,980.0124999999999,2.8041666666666667,60.31666666666666,,139.49416056588174
2008-11-19,2008.0,324.0,11.0,19.0,-13.460869565217392,977.7791666666667,1.7,57.083333333333336,,263.8440040533751
2008-11-20,2008.0,325.0,11.0,20.0,-12.216666666666667,974.2958333333332,2.2875,62.275,,212.05678018528747
2008-11-21,2008.0,326.0,11.0,21.0,-15.270833333333334,973.2708333333334,5.6125,71.78750000000001,,204.68811950968137
2008-11-22,2008.0,327.0,11.0,22.0,-14.641666666666666,975.7583333333333,2.275,61.237500000000004,,134.6631129043778
2008-11-23,2008.0,328.0,11.0,23.0,-11.766666666666666,979.3416666666667,1.425,58.06666666666666,,210.38606274726536
2008-11-24,2008.0,329.0,11.0,24.0,-11.375,978.3333333333334,4.458333333333333,65.52916666666667,,237.09854202821526
2008-11-25,2008.0,330.0,11.0,25.0,-12.466666666666667,973.4791666666666,6.370833333333334,69.79583333333333,,215.3675544345212
2008-11-26,2008.0,331.0,11.0,26.0,-14.35,970.3083333333334,7.283333333333334,76.16250000000001,,193.3652200013824
2008-11-27,2008.0,332.0,11.0,27.0,-12.941666666666668,966.9208333333332,12.116666666666667,83.96249999999999,,218.4924710414818
2008-11-28,2008.0,333.0,11.0,28.0,-8.279166666666667,961.1708333333332,18.120833333333334,94.55,,231.1576749346464
2008-11-29,2008.0,334.0,11.0,29.0,-8.875,964.0916666666667,14.270833333333334,90.5625,,219.842088278618
2008-11-30,2008.0,335.0,11.0,30.0,-6.930434782608696,974.4875000000001,6.091666666666666,68.63333333333334,,242.70503419116517
2008-12-01,2008.0,336.0,12.0,1.0,-6.529166666666666,973.9041666666667,4.3125,59.64166666666667,,91.59817638439681
2008-12-02,2008.0,337.0,12.0,2.0,-7.979166666666667,968.3416666666667,4.795833333333333,76.14166666666667,,210.05846606390645
2008-12-03,2008.0,338.0,12.0,3.0,-7.45,967.1875,2.5500000000000003,66.60833333333333,,70.17291333718072
2008-12-04,2008.0,339.0,12.0,4.0,-7.104347826086957,970.1666666666666,4.8125,76.97916666666667,,220.51516391833675
2008-12-05,2008.0,340.0,12.0,5.0,-10.254166666666666,975.7541666666666,6.395833333333333,78.75,,201.07472133099793
2008-12-06,2008.0,341.0,12.0,6.0,-11.670833333333334,974.1916666666666,5.529166666666666,73.49583333333334,,213.1701595781254
2008-12-07,2008.0,342.0,12.0,7.0,-7.1375,973.3249999999999,5.808333333333334,58.50416666666666,,252.43885474741114
2008-12-08,2008.0,343.0,12.0,8.0,-6.383333333333333,968.4625,3.9416666666666664,64.74583333333334,,301.98679759730476
2008-12-09,2008.0,344.0,12.0,9.0,-7.234782608695652,971.5666666666666,2.373913043478261,52.625,,199.300932095295
2008-12-10,2008.0,345.0,12.0,10.0,-7.808333333333334,973.8000000000001,3.4583333333333335,71.75416666666666,,217.7530842805438
2008-12-11,2008.0,346.0,12.0,11.0,-3.2875,973.9666666666667,4.7,70.44166666666666,,354.1202458829094
2008-12-12,2008.0,347.0,12.0,12.0,-5.008333333333334,977.5041666666666,2.4499999999999997,71.84583333333333,,180.73124192301944
2008-12-13,2008.0,348.0,12.0,13.0,-1.55,982.908695652174,1.5521739130434784,62.68695652173913,,122.61827609409063
2008-12-14,2008.0,349.0,12.0,14.0,-6.445833333333334,979.3375,3.783333333333333,78.28750000000001,,140.57081022450342
2008-12-15,2008.0,350.0,12.0,15.0,-10.98695652173913,982.8608695652174,7.717391304347826,78.34782608695652,,193.18066433111127
2008-12-16,2008.0,351.0,12.0,16.0,-5.870833333333334,982.725,2.1041666666666665,65.16250000000001,,329.7435739671293
2008-12-17,2008.0,352.0,12.0,17.0,-3.704166666666667,983.0791666666668,2.033333333333333,64.30416666666666,,321.19688004908124
2008-12-18,2008.0,353.0,12.0,18.0,-3.8454545454545452,986.5625,1.7708333333333333,52.84166666666667,,251.5599264177123
2008-12-19,2008.0,354.0,12.0,19.0,-8.366666666666667,989.6833333333334,3.658333333333333,66.7875,,191.04546715378842
2008-12-20,2008.0,355.0,12.0,20.0,-5.504347826086957,986.5583333333334,1.9958333333333333,62.90416666666667,,147.0911512387054
2008-12-21,2008.0,356.0,12.0,21.0,-4.8125,984.8416666666667,3.4791666666666665,68.76666666666667,,137.52359187106202
2008-12-22,2008.0,357.0,12.0,22.0,-6.420833333333333,985.7666666666668,5.641666666666667,63.90416666666667,,223.49814663831495
2008-12-23,2008.0,358.0,12.0,23.0,-7.308333333333334,988.1041666666666,8.116666666666667,75.77083333333333,,207.03093985222526
2008-12-24,2008.0,359.0,12.0,24.0,-7.033333333333334,991.4958333333334,6.704166666666667,77.575,,190.02291498344954
2008-12-25,2008.0,360.0,12.0,25.0,-4.954166666666667,990.6416666666668,6.754166666666666,71.37916666666666,,201.89987206640464
2008-12-26,2008.0,361.0,12.0,26.0,-4.879166666666666,991.9458333333333,10.179166666666667,84.8625,,204.86962093748792
2008-12-27,2008.0,362.0,12.0,27.0,-3.404166666666667,990.8791666666666,2.4583333333333335,66.70416666666667,,78.04004988458661
2008-12-28,2008.0,363.0,12.0,28.0,-1.6833333333333333,993.2166666666667,4.75,82.425,,331.5122040275687
2008-12-29,2008.0,364.0,12.0,29.0,-2.058333333333333,989.2833333333333,4.041666666666667,81.40833333333333,,328.88413691741675
2008-12-30,2008.0,365.0,12.0,30.0,-3.8,984.2624999999999,3.141666666666667,70.74166666666666,,344.08617026768025
2008-12-31,2008.0,366.0,12.0,31.0,-5.741666666666667,987.6374999999999,6.0874999999999995,83.42916666666666,,191.18438272162487
2009-01-01,2009.0,1.0,1.0,1.0,-5.05,989.5541666666667,2.8958333333333335,76.63636363636364,,140.91525388733768
2009-01-02,2009.0,2.0,1.0,2.0,-2.3260869565217392,984.5041666666666,3.6833333333333336,73.96249999999999,,322.1054745353221
2009-01-03,2009.0,3.0,1.0,3.0,-3.8625000000000003,988.1416666666668,2.0458333333333334,72.20833333333333,,105.17813977466749
2009-01-04,2009.0,4.0,1.0,4.0,-5.737500000000001,984.225,5.7625,74.2625,,218.47969999993956
2009-01-05,2009.0,5.0,1.0,5.0,-3.5875,976.975,4.1000000000000005,62.208333333333336,,254.43732009874878
2009-01-06,2009.0,6.0,1.0,6.0,-3.025,981.3916666666668,5.779166666666666,81.87826086956522,,241.8852524956987
2009-01-07,2009.0,7.0,1.0,7.0,-4.883333333333334,990.0666666666666,3.3333333333333335,75.39583333333333,,218.83838953932286
2009-01-08,2009.0,8.0,1.0,8.0,-4.020833333333333,986.1625,2.4166666666666665,72.7375,,234.74502744023033
2009-01-09,2009.0,9.0,1.0,9.0,-3.841666666666667,980.0416666666666,1.4166666666666667,60.722727272727276,,139.77973399615257
2009-01-10,2009.0,10.0,1.0,10.0,-3.6750000000000003,981.9375,3.2291666666666665,79.48333333333333,,93.60183505555631
2009-01-11,2009.0,11.0,1.0,11.0,-0.9041666666666667,982.1583333333333,3.0041666666666664,79.54347826086956,,47.20140446932573
2009-01-12,2009.0,12.0,1.0,12.0,-3.6125000000000003,979.8541666666666,3.529166666666667,83.87916666666666,,175.1026900733463
2009-01-13,2009.0,13.0,1.0,13.0,-5.0249999999999995,982.7791666666667,5.4750000000000005,88.33749999999999,,217.97681729400188
2009-01-14,2009.0,14.0,1.0,14.0,-5.433333333333334,980.7541666666666,4.141666666666667,84.88333333333334,,203.85413464948314
2009-01-15,2009.0,15.0,1.0,15.0,-6.8,978.5291666666667,4.695833333333334,81.46666666666667,,189.91713623585557
2009-01-16,2009.0,16.0,1.0,16.0,-8.320833333333333,981.1916666666666,2.595833333333333,72.91666666666667,,132.83606079222523
2009-01-17,2009.0,17.0,1.0,17.0,-6.745833333333334,980.4833333333332,1.8958333333333333,76.60416666666667,,122.9556832676453
2009-01-18,2009.0,18.0,1.0,18.0,-7.741666666666667,978.5291666666667,2.5208333333333335,70.97083333333333,,120.9072757746917
2009-01-19,2009.0,19.0,1.0,19.0,-7.6125,981.6,4.2,73.87083333333334,,167.62794785964064
2009-01-20,2009.0,20.0,1.0,20.0,-10.679166666666667,989.5875,10.333333333333334,87.35000000000001,,199.40914442046488
2009-01-21,2009.0,21.0,1.0,21.0,-10.666666666666666,986.2708333333334,7.179166666666667,79.60000000000001,,217.87106557307706
2009-01-22,2009.0,22.0,1.0,22.0,-4.239130434782608,973.0124999999999,2.9916666666666667,59.65833333333333,,335.60356639870116
2009-01-23,2009.0,23.0,1.0,23.0,-7.433333333333334,976.4666666666667,3.8625000000000003,63.39166666666667,,189.89813577536756
2009-01-24,2009.0,24.0,1.0,24.0,-5.9875,980.9916666666667,4.175,73.37083333333334,,274.89356865982717
2009-01-25,2009.0,25.0,1.0,25.0,-5.243478260869565,976.0375,4.045833333333333,71.06666666666666,,224.34345290492922
2009-01-26,2009.0,26.0,1.0,26.0,-10.225,978.8874999999999,4.916666666666667,83.32608695652173,,179.5938593860463
2009-01-27,2009.0,27.0,1.0,27.0,-9.543478260869565,981.2208333333333,2.9166666666666665,76.14166666666667,,205.76720736601138
2009-01-28,2009.0,28.0,1.0,28.0,-8.1,977.6999999999999,3.8708333333333336,71.89166666666667,,208.0884896276422
2009-01-29,2009.0,29.0,1.0,29.0,-10.987499999999999,975.4916666666667,3.2583333333333333,67.39583333333333,,203.3837401222323
2009-01-30,2009.0,30.0,1.0,30.0,-11.766666666666666,979.8416666666667,8.716666666666667,76.72083333333333,,201.52030213461097
2009-01-31,2009.0,31.0,1.0,31.0,-14.433333333333332,985.4250000000001,14.108333333333334,88.3875,,212.34346439816755
2009-02-01,2009.0,32.0,2.0,1.0,-11.345833333333333,987.0625,13.387500000000001,87.90416666666665,,219.25209885061605
2009-02-02,2009.0,33.0,2.0,2.0,-11.554166666666667,993.3416666666667,10.516666666666667,83.72916666666667,,213.33109664868718
2009-02-03,2009.0,34.0,2.0,3.0,-8.354166666666666,992.7791666666667,3.3958333333333335,72.09166666666667,,289.99351390251354
2009-02-04,2009.0,35.0,2.0,4.0,-3.6666666666666665,988.3583333333332,3.858333333333333,82.07083333333334,,340.87089424440313
2009-02-05,2009.0,36.0,2.0,5.0,-6.204166666666667,984.4583333333334,3.5875,81.775,,216.76669410631985
2009-02-06,2009.0,37.0,2.0,6.0,-10.470833333333333,976.1708333333332,9.833333333333334,93.33333333333333,,209.6606770132006
2009-02-07,2009.0,38.0,2.0,7.0,-11.725,983.0291666666667,4.995833333333334,79.46666666666667,,190.71477021643
2009-02-08,2009.0,39.0,2.0,8.0,-10.137500000000001,985.4166666666666,3.391666666666667,87.2625,,134.08395552945714
2009-02-09,2009.0,40.0,2.0,9.0,-11.679166666666667,991.9125,5.354166666666667,80.70833333333333,,187.40939017085554
2009-02-10,2009.0,41.0,2.0,10.0,-12.5375,994.4708333333333,3.658333333333333,74.62083333333334,,122.28744834061021
2009-02-11,2009.0,42.0,2.0,11.0,-14.9375,992.4625,3.0083333333333333,71.41666666666667,,114.28534300676
2009-02-12,2009.0,43.0,2.0,12.0,-12.85,989.4541666666668,3.8125,85.39166666666667,,164.167915381042
2009-02-13,2009.0,44.0,2.0,13.0,-15.329166666666667,987.1166666666667,6.4624999999999995,84.125,,198.85065442673505
2009-02-14,2009.0,45.0,2.0,14.0,-17.175,984.8708333333334,6.345833333333334,83.39166666666667,,180.60292156505955
2009-02-15,2009.0,46.0,2.0,15.0,-17.866666666666667,985.9291666666667,4.608333333333333,84.4875,,168.07073572136008
2009-02-16,2009.0,47.0,2.0,16.0,-17.141666666666666,989.4958333333334,6.845833333333334,77.70833333333333,,185.25874652566483
2009-02-17,2009.0,48.0,2.0,17.0,-17.662499999999998,989.9083333333333,8.325000000000001,80.08333333333333,,203.1770612794653
2009-02-18,2009.0,49.0,2.0,18.0,-19.366666666666667,991.1916666666666,8.270833333333334,81.85416666666667,,200.8656593005195
2009-02-19,2009.0,50.0,2.0,19.0,-24.625,997.0,8.320833333333333,74.92083333333333,,207.52833458189266
2009-02-20,2009.0,51.0,2.0,20.0,-25.108333333333334,995.9125,4.4125000000000005,66.0625,,175.97578307412468
2009-02-21,2009.0,52.0,2.0,21.0,-22.25,986.9,2.9333333333333336,63.237500000000004,,172.24668939202022
2009-02-22,2009.0,53.0,2.0,22.0,-25.875,983.9041666666667,4.933333333333334,74.6375,,173.2434901850096
2009-02-23,2009.0,54.0,2.0,23.0,-22.820833333333336,989.8166666666666,4.129166666666666,78.75416666666666,,146.62080285666192
2009-02-24,2009.0,55.0,2.0,24.0,-25.579166666666666,978.3041666666667,9.541666666666666,79.28750000000001,,201.41570213268028
2009-02-25,2009.0,56.0,2.0,25.0,-31.108333333333334,972.6374999999999,4.845833333333333,70.07916666666667,,183.041307885814
2009-02-26,2009.0,57.0,2.0,26.0,-20.191666666666666,976.5166666666668,9.404166666666667,78.97916666666667,,218.60783336220499
2009-02-27,2009.0,58.0,2.0,27.0,-16.408333333333335,975.9375,10.779166666666667,80.15416666666667,,216.89973198543996
2009-02-28,2009.0,59.0,2.0,28.0,-22.3125,975.3916666666668,5.6000000000000005,71.15833333333333,,199.0538382179233
2009-03-01,2009.0,60.0,3.0,1.0,-13.920833333333334,976.6416666666668,10.795833333333334,86.94583333333333,,228.07326978764397
2009-03-02,2009.0,61.0,3.0,2.0,-18.724999999999998,983.2083333333334,5.866666666666667,73.77916666666667,,177.82422596015013
2009-03-03,2009.0,62.0,3.0,3.0,-18.724999999999998,980.7583333333333,3.5416666666666665,78.6375,,170.22764370555322
2009-03-04,2009.0,63.0,3.0,4.0,-17.804166666666667,969.7291666666666,3.9124999999999996,84.16666666666667,,258.3491425141981
2009-03-05,2009.0,64.0,3.0,5.0,-24.520833333333332,980.2125,4.358333333333333,77.975,,181.12585030884708
2009-03-06,2009.0,65.0,3.0,6.0,-21.40833333333333,986.5541666666667,2.7916666666666665,80.02083333333333,,114.15227419841487
2009-03-07,2009.0,66.0,3.0,7.0,-18.5,987.6083333333332,3.6125000000000003,86.57916666666667,,152.9727218527286
2009-03-08,2009.0,67.0,3.0,8.0,-16.282608695652176,985.4416666666666,2.7916666666666665,88.5625,,153.43455583422084
2009-03-09,2009.0,68.0,3.0,9.0,-19.720833333333335,983.975,8.116666666666667,86.89166666666667,,209.18948591337548
2009-03-10,2009.0,69.0,3.0,10.0,-21.5625,981.6708333333332,9.075000000000001,86.3875,,194.4472899361178
2009-03-11,2009.0,70.0,3.0,11.0,-22.629166666666666,980.0166666666668,5.929166666666667,77.96249999999999,,188.61207999964668
2009-03-12,2009.0,71.0,3.0,12.0,-21.849999999999998,975.0791666666668,2.3375,84.45416666666667,,95.77067910412337
2009-03-13,2009.0,72.0,3.0,13.0,-28.866666666666664,978.0375,2.6791666666666667,73.84166666666667,,202.83486561140217
2009-03-14,2009.0,73.0,3.0,14.0,-27.604166666666668,978.9208333333332,3.716666666666667,78.40416666666667,,153.770640957209
2009-03-15,2009.0,74.0,3.0,15.0,-26.95,978.1541666666667,5.2250000000000005,74.12916666666666,,150.30843682731896
2009-03-16,2009.0,75.0,3.0,16.0,-28.233333333333334,972.8708333333334,8.579166666666667,78.85416666666667,,194.59009986274646
2009-03-17,2009.0,76.0,3.0,17.0,-28.554166666666664,974.4916666666667,13.045833333333334,79.71249999999999,,212.82378354932192
2009-03-18,2009.0,77.0,3.0,18.0,-32.125,987.5500000000001,3.5749999999999997,75.76666666666667,,148.65464148530955
2009-03-19,2009.0,78.0,3.0,19.0,-27.96666666666667,999.4958333333334,2.3333333333333335,73.46666666666667,,144.62991263228793
2009-03-20,2009.0,79.0,3.0,20.0,-25.6875,1002.7541666666666,2.3958333333333335,68.67083333333333,,129.0678665491153
2009-03-21,2009.0,80.0,3.0,21.0,-25.675,996.0416666666666,1.8541666666666667,81.15416666666667,,20.68802640017902
2009-03-22,2009.0,81.0,3.0,22.0,-27.916666666666668,982.4708333333333,2.6458333333333335,78.62083333333334,,163.52145899002107
2009-03-23,2009.0,82.0,3.0,23.0,-35.083333333333336,986.7458333333334,4.345833333333333,74.14583333333333,,165.0959612270271
2009-03-24,2009.0,83.0,3.0,24.0,-32.42916666666667,987.3083333333334,2.1374999999999997,75.375,,108.84935403855285
2009-03-25,2009.0,84.0,3.0,25.0,-31.945833333333336,988.6666666666666,2.1416666666666666,78.61666666666666,,164.68785224021636
2009-03-26,2009.0,85.0,3.0,26.0,-31.058333333333334,985.1291666666666,7.495833333333334,79.0625,,190.85061411094705
2009-03-27,2009.0,86.0,3.0,27.0,-23.2375,981.7833333333333,12.762500000000001,85.79583333333333,,214.30017786871247
2009-03-28,2009.0,87.0,3.0,28.0,-22.84166666666667,985.1416666666668,4.679166666666666,82.10416666666667,,220.08797194733904
2009-03-29,2009.0,88.0,3.0,29.0,-23.504166666666666,986.2666666666668,5.05,83.69583333333334,,221.10160803740422
2009-03-30,2009.0,89.0,3.0,30.0,-26.962500000000002,983.1958333333333,2.4791666666666665,77.99166666666666,,212.4760732164268
2009-03-31,2009.0,90.0,3.0,31.0,-26.266666666666666,977.275,7.070833333333333,82.23333333333333,,194.48557637944901
2009-04-01,2009.0,91.0,4.0,1.0,-21.47083333333333,969.6458333333334,9.370833333333334,88.24583333333334,,218.46036765724935
2009-04-02,2009.0,92.0,4.0,2.0,-20.654166666666665,967.7833333333333,2.625,86.92916666666667,,249.93533584581002
2009-04-03,2009.0,93.0,4.0,3.0,-25.275000000000002,984.2666666666668,9.641666666666667,84.875,,191.1821756376004
2009-04-04,2009.0,94.0,4.0,4.0,-25.895833333333332,991.4416666666666,12.279166666666667,82.77499999999999,,213.27164744943173
2009-04-05,2009.0,95.0,4.0,5.0,-23.8625,997.0833333333334,7.7749999999999995,81.96249999999999,,212.85266253393422
2009-04-06,2009.0,96.0,4.0,6.0,-24.791666666666668,994.9333333333334,7.666666666666667,84.89166666666667,,209.1222923825396
2009-04-07,2009.0,97.0,4.0,7.0,-21.78333333333333,986.25,11.333333333333334,87.89583333333333,,211.41091617376676
2009-04-08,2009.0,98.0,4.0,8.0,-23.579166666666666,980.7083333333334,9.333333333333334,80.95833333333333,,207.568080422154
2009-04-09,2009.0,99.0,4.0,9.0,-24.991666666666664,976.7083333333334,4.1,84.02499999999999,,204.96402022062267
2009-04-10,2009.0,100.0,4.0,10.0,-19.3,970.8375,5.983333333333333,91.78333333333335,,263.2675759974259
2009-04-11,2009.0,101.0,4.0,11.0,-22.983333333333334,969.75,13.866666666666667,87.47500000000001,,214.1547151165999
2009-04-12,2009.0,102.0,4.0,12.0,-15.2875,962.6583333333333,19.741666666666667,95.86190476190475,,230.84427722088316
2009-04-13,2009.0,103.0,4.0,13.0,-15.091666666666667,979.5375,13.958333333333334,96.42727272727274,,203.6447949952032
2009-04-14,2009.0,104.0,4.0,14.0,-23.066666666666666,992.0291666666667,4.683333333333334,88.53333333333335,,168.0501652995544
2009-04-15,2009.0,105.0,4.0,15.0,-25.0125,988.9583333333334,4.84,86.61666666666667,,194.72978677100673
2009-04-16,2009.0,106.0,4.0,16.0,-31.55,995.1625,5.3500000000000005,78.94583333333334,,190.98780271660286
2009-04-17,2009.0,107.0,4.0,17.0,-33.24166666666667,998.025,5.933333333333334,76.8875,,197.53879719480315
2009-04-18,2009.0,108.0,4.0,18.0,-33.1625,991.7458333333334,11.129166666666668,76.875,,206.25069212737594
2009-04-19,2009.0,109.0,4.0,19.0,-20.816666666666666,983.3208333333333,22.820833333333336,91.25416666666666,,220.7020084384195
2009-04-20,2009.0,110.0,4.0,20.0,-18.0625,984.5625,13.754166666666668,94.175,,214.5125457576697
2009-04-21,2009.0,111.0,4.0,21.0,-17.791666666666668,991.3375,8.387500000000001,93.94583333333333,,173.6454635680109
2009-04-22,2009.0,112.0,4.0,22.0,-17.733333333333334,983.6625,12.1625,93.97500000000001,,213.98645362482435
2009-04-23,2009.0,113.0,4.0,23.0,-18.616666666666667,982.2083333333334,16.4875,93.06666666666666,,211.07204383746503
2009-04-24,2009.0,114.0,4.0,24.0,-23.633333333333336,985.3541666666666,13.358333333333334,87.35833333333333,,215.08924792099307
2009-04-25,2009.0,115.0,4.0,25.0,-29.087500000000002,991.1458333333334,6.0600000000000005,81.12916666666666,,191.4978018538215
2009-04-26,2009.0,116.0,4.0,26.0,-29.745454545454546,985.1681818181819,8.890476190476189,80.94545454545454,,181.811044336634
2009-04-27,2009.0,117.0,4.0,27.0,-32.12083333333333,980.3625000000001,3.9583333333333335,78.31666666666666,,217.45095171086498
2009-04-28,2009.0,118.0,4.0,28.0,-27.520833333333332,983.3416666666667,4.791666666666667,82.87916666666666,,232.9800363658203
2009-04-29,2009.0,119.0,4.0,29.0,-17.858333333333334,979.6625,13.0625,90.41666666666667,,219.58491846916905
2009-04-30,2009.0,120.0,4.0,30.0,-17.287499999999998,987.3916666666668,15.408333333333333,88.0125,,226.53168249116112
2009-05-01,2009.0,121.0,5.0,1.0,-22.849999999999998,998.2833333333333,8.004166666666666,79.91250000000001,,217.66385102759278
2009-05-02,2009.0,122.0,5.0,2.0,-29.416666666666668,998.0291666666667,1.8791666666666667,80.52499999999999,,176.39861076786312
2009-05-03,2009.0,123.0,5.0,3.0,-25.233333333333334,992.1875,4.8,85.46249999999999,,207.83921416759893
2009-05-04,2009.0,124.0,5.0,4.0,-30.6375,992.4083333333333,4.304166666666666,79.6875,,217.8005900891533
2009-05-05,2009.0,125.0,5.0,5.0,-27.520833333333332,990.1083333333332,2.05,83.27499999999999,,233.98107492547246
2009-05-06,2009.0,126.0,5.0,6.0,-24.21666666666667,998.35,5.4125000000000005,87.07083333333333,,216.77042361195072
2009-05-07,2009.0,127.0,5.0,7.0,-27.558333333333334,1002.2083333333334,4.304166666666666,82.575,,212.79055738473107
2009-05-08,2009.0,128.0,5.0,8.0,-28.150000000000002,992.7583333333333,2.35,82.67083333333333,,286.8940986023391
2009-05-09,2009.0,129.0,5.0,9.0,-31.704166666666666,990.8791666666666,5.904166666666666,78.76666666666667,,190.49884016432182
2009-05-10,2009.0,130.0,5.0,10.0,-33.37083333333333,999.9,6.5125,76.44166666666666,,208.84479038886056
2009-05-11,2009.0,131.0,5.0,11.0,-30.349999999999998,996.6416666666668,2.0695652173913044,80.44583333333334,,27.274236206218742
2009-05-12,2009.0,132.0,5.0,12.0,-33.90416666666667,988.9541666666668,5.925,75.97916666666667,,253.09322114174262
2009-05-13,2009.0,133.0,5.0,13.0,-39.458333333333336,993.1208333333334,7.458333333333333,68.85833333333333,,162.1506281970087
2009-05-14,2009.0,134.0,5.0,14.0,-41.67916666666667,993.4791666666666,4.7375,65.825,,178.38251122354106
2009-05-15,2009.0,135.0,5.0,15.0,-43.958333333333336,1002.3000000000001,2.191666666666667,62.7875,,137.34528620324616
2009-05-16,2009.0,136.0,5.0,16.0,-41.512499999999996,1007.0083333333333,1.6624999999999999,65.57916666666667,,180.63089159277465
2009-05-17,2009.0,137.0,5.0,17.0,-39.083333333333336,1001.4333333333334,1.0083333333333333,69.08749999999999,,203.42357409195347
2009-05-18,2009.0,138.0,5.0,18.0,-36.99166666666667,996.2583333333333,6.366666666666667,71.57916666666667,,210.28091042265606
2009-05-19,2009.0,139.0,5.0,19.0,-31.018181818181816,981.9772727272727,5.995454545454546,79.34545454545454,,336.0635436346013
2009-05-20,2009.0,140.0,5.0,20.0,-39.041666666666664,972.5583333333334,4.620833333333334,69.37916666666666,,194.12205133611704
2009-05-21,2009.0,141.0,5.0,21.0,-41.44166666666667,987.725,2.058333333333333,66.325,,135.51377756412256
2009-05-22,2009.0,142.0,5.0,22.0,-34.612500000000004,984.6875,0.525,74.27916666666667,,254.32616281636956
2009-05-23,2009.0,143.0,5.0,23.0,-38.4,977.4916666666667,1.4833333333333334,69.76666666666667,,211.89141901556755
2009-05-24,2009.0,144.0,5.0,24.0,-32.074999999999996,982.9333333333334,7.670833333333333,78.125,,240.28360486682647
2009-05-25,2009.0,145.0,5.0,25.0,-25.47083333333333,988.8249999999999,13.558333333333332,85.45416666666667,,213.98383862297152
2009-05-26,2009.0,146.0,5.0,26.0,-26.833333333333332,983.3541666666666,8.616666666666667,83.79583333333333,,222.0300695656674
2009-05-27,2009.0,147.0,5.0,27.0,-22.462500000000002,986.875,10.108333333333333,83.71666666666667,,214.1804686057351
2009-05-28,2009.0,148.0,5.0,28.0,-24.59166666666667,981.5708333333333,8.629166666666666,83.77499999999999,,205.33931954543482
2009-05-29,2009.0,149.0,5.0,29.0,-25.729166666666668,992.1583333333333,8.637500000000001,83.60416666666667,,188.3087599104986
2009-05-30,2009.0,150.0,5.0,30.0,-29.875,992.1916666666666,5.291666666666667,79.64999999999999,,222.46112947250424
2009-05-31,2009.0,151.0,5.0,31.0,-31.474999999999998,984.7333333333332,3.35,78.80833333333334,,237.935582706381
2009-06-01,2009.0,152.0,6.0,1.0,-17.058333333333334,978.1666666666666,11.133333333333333,94.99166666666667,,228.8649036747604
2009-06-02,2009.0,153.0,6.0,2.0,-26.03333333333333,990.0541666666667,13.766666666666666,85.19583333333334,,217.19865334782023
2009-06-03,2009.0,154.0,6.0,3.0,-28.233333333333334,992.2875,8.1625,82.63333333333334,,210.85557921868096
2009-06-04,2009.0,155.0,6.0,4.0,-23.179166666666664,985.8416666666667,9.695833333333333,86.4375,,220.81729021709845
2009-06-05,2009.0,156.0,6.0,5.0,-26.008333333333336,985.9833333333332,7.4375,82.22916666666667,,211.0931620961618
2009-06-06,2009.0,157.0,6.0,6.0,-31.974999999999998,985.1791666666667,4.545833333333333,73.74166666666666,,208.76311112499218
2009-06-07,2009.0,158.0,6.0,7.0,-37.30833333333333,990.9916666666667,5.454166666666667,71.48333333333333,,201.35536040516524
2009-06-08,2009.0,159.0,6.0,8.0,-39.15,998.1833333333334,5.233333333333333,69.25416666666666,,207.027863674154
2009-06-09,2009.0,160.0,6.0,9.0,-42.12083333333333,993.1541666666667,5.2749999999999995,65.50416666666666,,206.17114231146155
2009-06-10,2009.0,161.0,6.0,10.0,-45.71666666666667,990.5500000000001,6.170833333333333,60.98333333333333,,198.83065018079986
2009-06-11,2009.0,162.0,6.0,11.0,-47.00416666666666,988.6458333333334,2.3874999999999997,58.98333333333333,,196.77736038049156
2009-06-12,2009.0,163.0,6.0,12.0,-37.729166666666664,987.4333333333334,3.0416666666666665,71.10000000000001,,68.08422479025425
2009-06-13,2009.0,164.0,6.0,13.0,-39.637499999999996,989.4041666666667,3.170833333333333,69.03750000000001,,251.70600945865567
2009-06-14,2009.0,165.0,6.0,14.0,-34.30833333333333,982.3541666666666,4.695833333333334,75.04583333333333,,245.70049592849904
2009-06-15,2009.0,166.0,6.0,15.0,-35.25833333333333,987.15,3.8041666666666667,73.75833333333334,,227.15612501104394
2009-06-16,2009.0,167.0,6.0,16.0,-26.8,991.5416666666666,8.266666666666667,78.68333333333334,,216.2114790779915
2009-06-17,2009.0,168.0,6.0,17.0,-30.1125,975.6708333333332,3.1958333333333333,74.09583333333333,,165.3125545259899
2009-06-18,2009.0,169.0,6.0,18.0,-27.366666666666664,978.2416666666667,7.2749999999999995,77.97083333333333,,228.74877238370644
2009-06-19,2009.0,170.0,6.0,19.0,-24.366666666666664,991.9083333333333,9.441666666666666,86.75,,192.4156144040791
2009-06-20,2009.0,171.0,6.0,20.0,-27.229166666666668,990.8791666666666,5.345833333333334,84.70416666666667,,9.165200808056797
2009-06-21,2009.0,172.0,6.0,21.0,-32.53333333333333,987.1958333333333,4.258333333333334,77.69166666666666,,181.0716055282479
2009-06-22,2009.0,173.0,6.0,22.0,-32.854166666666664,986.0166666666668,16.337500000000002,77.11666666666666,,208.71105189834716
2009-06-23,2009.0,174.0,6.0,23.0,-29.912499999999998,995.3874999999999,17.833333333333332,80.61666666666666,,213.4136712943456
2009-06-24,2009.0,175.0,6.0,24.0,-27.870833333333334,1005.9666666666667,13.666666666666666,82.35416666666667,,200.43553690790029
2009-06-25,2009.0,176.0,6.0,25.0,-23.554166666666664,1004.6416666666668,12.608333333333334,84.63333333333334,,217.14269798548932
2009-06-26,2009.0,177.0,6.0,26.0,-27.645833333333332,1002.525,6.645833333333333,75.42083333333333,,193.40744011057322
2009-06-27,2009.0,178.0,6.0,27.0,-28.05,992.8916666666668,5.845833333333334,81.24166666666666,,233.5965833146326
2009-06-28,2009.0,179.0,6.0,28.0,-27.6125,1002.8249999999999,13.825000000000001,77.2625,,209.35553391203024
2009-06-29,2009.0,180.0,6.0,29.0,-15.674999999999999,1000.3583333333332,10.808333333333332,86.20416666666667,,225.14585276414485
2009-06-30,2009.0,181.0,6.0,30.0,-14.129166666666668,1002.7875,10.295833333333333,89.00416666666666,,207.7016251064903
2009-07-01,2009.0,182.0,7.0,1.0,-18.087500000000002,1015.0583333333334,1.925,91.925,,73.40152823774966
2009-07-02,2009.0,183.0,7.0,2.0,-22.379166666666666,1003.5124999999999,1.5999999999999999,88.59583333333335,,171.31087655575442
2009-07-03,2009.0,184.0,7.0,3.0,-23.995833333333334,994.9375,0.8375,87.71249999999999,,269.74125286889745
2009-07-04,2009.0,185.0,7.0,4.0,-33.175000000000004,983.4625,4.958333333333333,77.10000000000001,,204.86087863621867
2009-07-05,2009.0,186.0,7.0,5.0,-26.854166666666668,977.7083333333334,7.391666666666667,84.27499999999999,,257.1949517462325
2009-07-06,2009.0,187.0,7.0,6.0,-28.7625,990.3625000000001,6.6125,77.34583333333333,,289.90762806041005
2009-07-07,2009.0,188.0,7.0,7.0,-35.21666666666667,1011.1583333333333,8.025,72.44583333333334,,200.2217531290425
2009-07-08,2009.0,189.0,7.0,8.0,-32.9,1010.4416666666666,6.920833333333333,68.3125,,195.71728719287236
2009-07-09,2009.0,190.0,7.0,9.0,-34.59583333333333,1010.3249999999999,6.75,73.40416666666667,,201.02759668629915
2009-07-10,2009.0,191.0,7.0,10.0,-37.56666666666667,1006.1291666666666,3.0833333333333335,71.38333333333334,,228.6219149199656
2009-07-11,2009.0,192.0,7.0,11.0,-37.449999999999996,996.9125,3.525,71.35000000000001,,197.2580643876572
2009-07-12,2009.0,193.0,7.0,12.0,-32.954166666666666,1000.4166666666666,11.829166666666666,76.075,,202.52495143148442
2009-07-13,2009.0,194.0,7.0,13.0,-34.949999999999996,994.85,2.0875,73.34166666666667,,126.47473646467637
2009-07-14,2009.0,195.0,7.0,14.0,-36.84583333333333,993.7791666666667,4.2124999999999995,72.05,,223.3443210956526
2009-07-15,2009.0,196.0,7.0,15.0,-29.075,988.0458333333332,10.804166666666667,74.10833333333333,,206.58164934968067
2009-07-16,2009.0,197.0,7.0,16.0,-32.42916666666667,985.025,8.1625,68.05416666666666,,212.37372477121926
2009-07-17,2009.0,198.0,7.0,17.0,-33.362500000000004,982.7666666666668,5.641666666666667,68.37916666666666,,219.9750779129451
2009-07-18,2009.0,199.0,7.0,18.0,-36.016666666666666,972.8708333333334,2.5875,71.38333333333334,,231.16530314642026
2009-07-19,2009.0,200.0,7.0,19.0,-29.025000000000002,973.8333333333334,4.104166666666667,81.96249999999999,,337.55827809764287
2009-07-20,2009.0,201.0,7.0,20.0,-35.829166666666666,987.6458333333334,9.054166666666667,73.3625,,183.9805668407978
2009-07-21,2009.0,202.0,7.0,21.0,-25.8125,979.4250000000001,22.25,81.05,,213.57484849564767
2009-07-22,2009.0,203.0,7.0,22.0,-14.929166666666667,967.9499999999999,18.120833333333334,97.1875,,216.373420334853
2009-07-23,2009.0,204.0,7.0,23.0,-13.941666666666668,966.2333333333332,16.070833333333333,96.47619047619048,,219.64090277633852
2009-07-24,2009.0,205.0,7.0,24.0,-21.1125,978.0041666666666,10.35,83.4375,,217.2722597133472
2009-07-25,2009.0,206.0,7.0,25.0,-24.133333333333336,993.2416666666667,8.583333333333334,82.90833333333333,,202.13935433726195
2009-07-26,2009.0,207.0,7.0,26.0,-33.083333333333336,997.2166666666667,3.7083333333333335,73.26666666666667,,172.5290948491531
2009-07-27,2009.0,208.0,7.0,27.0,-37.6,1000.725,4.558333333333334,71.15416666666667,,219.94491949252978
2009-07-28,2009.0,209.0,7.0,28.0,-32.583333333333336,997.6708333333332,2.7624999999999997,77.24166666666666,,348.0112730103068
2009-07-29,2009.0,210.0,7.0,29.0,-37.07083333333333,993.9666666666667,4.616666666666666,71.925,,195.33346577778715
2009-07-30,2009.0,211.0,7.0,30.0,-40.954166666666666,996.2208333333333,5.691666666666666,67.17916666666666,,219.53993899355862
2009-07-31,2009.0,212.0,7.0,31.0,-39.625,986.8333333333334,1.22,68.92916666666666,,171.35598548245605
2009-08-01,2009.0,213.0,8.0,1.0,-36.5,991.6791666666667,1.8208333333333335,72.27083333333333,,261.11297690636
2009-08-02,2009.0,214.0,8.0,2.0,-20.912499999999998,989.6666666666666,5.270833333333333,89.075,,206.2426160978759
2009-08-03,2009.0,215.0,8.0,3.0,-24.175,989.6416666666668,0.5833333333333334,87.28333333333335,,349.560968815341
2009-08-04,2009.0,216.0,8.0,4.0,-24.870833333333334,1002.7833333333333,4.625,85.18333333333334,,164.90959241721544
2009-08-05,2009.0,217.0,8.0,5.0,-23.145833333333332,998.3333333333334,12.870833333333332,88.19166666666666,,208.34672770776882
2009-08-06,2009.0,218.0,8.0,6.0,-24.387500000000003,1003.7083333333334,7.45,84.47916666666667,,224.0724990015865
2009-08-07,2009.0,219.0,8.0,7.0,-25.041666666666668,993.5666666666666,2.7125,85.57499999999999,,232.13584186678486
2009-08-08,2009.0,220.0,8.0,8.0,-32.266666666666666,985.6625,10.870833333333332,78.2375,,190.7536663507101
2009-08-09,2009.0,221.0,8.0,9.0,-36.90416666666667,975.7041666666668,8.3375,68.44583333333334,,208.8598417818974
2009-08-10,2009.0,222.0,8.0,10.0,-35.324999999999996,963.4416666666666,7.104166666666667,74.24583333333334,,205.69657411044278
2009-08-11,2009.0,223.0,8.0,11.0,-34.25416666666667,963.8666666666667,8.4,75.41250000000001,,197.1882103230766
2009-08-12,2009.0,224.0,8.0,12.0,-29.59166666666667,977.7291666666666,14.6,80.93333333333334,,204.03096374972552
2009-08-13,2009.0,225.0,8.0,13.0,-21.858333333333334,990.5583333333334,16.004166666666666,88.89166666666667,,219.3802233386626
2009-08-14,2009.0,226.0,8.0,14.0,-25.441666666666666,995.7125,11.512500000000001,79.45416666666667,,219.58647235015897
2009-08-15,2009.0,227.0,8.0,15.0,-30.979166666666668,1002.0166666666668,6.469565217391305,69.02916666666667,,227.3182513660181
2009-08-16,2009.0,228.0,8.0,16.0,-36.512499999999996,1004.7083333333334,3.0041666666666664,67.7625,,187.38120622599757
2009-08-17,2009.0,229.0,8.0,17.0,-34.90833333333333,1002.3833333333333,6.054166666666667,68.54166666666667,,203.49567124906488
2009-08-18,2009.0,230.0,8.0,18.0,-33.733333333333334,999.2083333333334,8.070833333333333,72.58749999999999,,216.05795443443125
2009-08-19,2009.0,231.0,8.0,19.0,-35.62916666666667,992.1333333333333,3.204166666666666,66.45833333333333,,166.0786407718092
2009-08-20,2009.0,232.0,8.0,20.0,-34.2875,984.375,3.5541666666666667,75.8875,,221.76677635467047
2009-08-21,2009.0,233.0,8.0,21.0,-43.137499999999996,992.8208333333333,3.190909090909091,64.14583333333333,,197.43034162425852
2009-08-22,2009.0,234.0,8.0,22.0,-45.7875,987.7583333333333,2.245833333333333,60.57916666666667,,184.64756696762296
2009-08-23,2009.0,235.0,8.0,23.0,-43.6625,987.4958333333334,2.1166666666666667,63.895833333333336,,173.6722091073518
2009-08-24,2009.0,236.0,8.0,24.0,-44.71739130434783,991.3708333333334,0.85,62.11666666666667,,158.17959912125534
2009-08-25,2009.0,237.0,8.0,25.0,-47.354166666666664,988.2083333333334,0.6916666666666668,58.42083333333333,,205.52515561134848
2009-08-26,2009.0,238.0,8.0,26.0,-34.85,989.1583333333333,5.979166666666667,74.58749999999999,,241.83542247799403
2009-08-27,2009.0,239.0,8.0,27.0,-32.34583333333333,984.1374999999999,4.1499999999999995,77.62083333333334,,223.9914334784126
2009-08-28,2009.0,240.0,8.0,28.0,-34.0375,976.1166666666667,1.9583333333333333,75.89999999999999,,248.4150543825192
2009-08-29,2009.0,241.0,8.0,29.0,-35.61666666666667,978.4666666666667,3.5875,73.90833333333333,,186.71402959441062
2009-08-30,2009.0,242.0,8.0,30.0,-40.46666666666667,990.1750000000001,6.204166666666667,67.59166666666667,,187.614397448249
2009-08-31,2009.0,243.0,8.0,31.0,-42.387499999999996,998.6208333333334,6.233333333333333,65.10833333333333,,215.0802856515595
2009-09-01,2009.0,244.0,9.0,1.0,-38.8375,1002.5208333333334,9.645833333333334,69.53333333333333,,200.75116785430447
2009-09-02,2009.0,245.0,9.0,2.0,-48.775,1001.6,11.008333333333333,57.2125,,208.91764693329802
2009-09-03,2009.0,246.0,9.0,3.0,-44.72083333333333,998.6416666666668,6.454166666666667,60.57083333333333,,203.98470507821352
2009-09-04,2009.0,247.0,9.0,4.0,-39.19565217391305,988.3791666666666,3.533333333333333,66.3125,,238.5491069714505
2009-09-05,2009.0,248.0,9.0,5.0,-40.46666666666667,969.1583333333333,6.207692307692308,68.03333333333333,,216.70186779857934
2009-09-06,2009.0,249.0,9.0,6.0,-38.62916666666667,969.125,2.316666666666667,70.22500000000001,,238.67277053189642
2009-09-07,2009.0,250.0,9.0,7.0,-23.295833333333334,975.5500000000001,14.079166666666666,87.85000000000001,,234.01187085835895
2009-09-08,2009.0,251.0,9.0,8.0,-30.4375,988.0375,4.0125,78.66250000000001,,173.9631698841863
2009-09-09,2009.0,252.0,9.0,9.0,-36.55833333333333,980.7208333333333,6.016666666666667,70.97916666666667,,197.9373173609755
2009-09-10,2009.0,253.0,9.0,10.0,-42.112500000000004,978.9208333333332,1.1875,64.52499999999999,,343.81963088201906
2009-09-11,2009.0,254.0,9.0,11.0,-41.083333333333336,974.625,0.9750000000000001,67.2375,,352.27184323861076
2009-09-12,2009.0,255.0,9.0,12.0,-20.9625,982.2916666666666,9.120833333333334,84.96666666666667,,221.87285057801014
2009-09-13,2009.0,256.0,9.0,13.0,-24.525000000000002,986.0833333333334,4.816666666666666,73.54166666666667,,240.9720852412188
2009-09-14,2009.0,257.0,9.0,14.0,-33.0,987.1750000000001,5.404166666666666,70.81666666666666,,198.2338234143406
2009-09-15,2009.0,258.0,9.0,15.0,-31.21666666666667,988.0666666666666,7.2875000000000005,67.33333333333333,,217.82488514809899
2009-09-16,2009.0,259.0,9.0,16.0,-27.608333333333334,985.3916666666668,9.558333333333334,65.85416666666667,,215.09652944674403
2009-09-17,2009.0,260.0,9.0,17.0,-32.63333333333333,987.0083333333333,6.795833333333333,69.28750000000001,,207.13665236671068
2009-09-18,2009.0,261.0,9.0,18.0,-31.650000000000002,988.3416666666667,10.354166666666666,65.50833333333334,,207.63997309254913
2009-09-19,2009.0,262.0,9.0,19.0,-30.066666666666666,990.8833333333333,9.704166666666667,58.6875,,205.17252790082506
2009-09-20,2009.0,263.0,9.0,20.0,-36.458333333333336,989.7208333333333,5.183333333333334,66.13333333333334,,193.30898804433454
2009-09-21,2009.0,264.0,9.0,21.0,-31.150000000000002,991.7375000000001,7.508333333333333,72.0125,,205.00678117048554
2009-09-22,2009.0,265.0,9.0,22.0,-27.97083333333333,998.5041666666666,5.654166666666666,73.27083333333333,,176.47895560258365
2009-09-23,2009.0,266.0,9.0,23.0,-29.90416666666667,999.0625,1.8958333333333333,74.34583333333333,,114.35184106013622
2009-09-24,2009.0,267.0,9.0,24.0,-33.5625,995.3625000000001,1.26,73.75833333333334,,213.1911508862715
2009-09-25,2009.0,268.0,9.0,25.0,-27.525000000000002,991.7083333333334,2.9499999999999997,80.12083333333334,,250.23272146836143
2009-09-26,2009.0,269.0,9.0,26.0,-29.150000000000002,982.7083333333334,2.875,75.1125,,277.4948915649641
2009-09-27,2009.0,270.0,9.0,27.0,-25.754166666666666,963.5458333333332,4.116666666666666,81.10416666666667,,315.71650802018667
2009-09-28,2009.0,271.0,9.0,28.0,-20.858333333333334,954.9250000000001,5.533333333333334,84.7,,215.82627582025407
2009-09-29,2009.0,272.0,9.0,29.0,-29.02916666666667,965.0625,7.033333333333334,75.34166666666667,,200.79490047621115
2009-09-30,2009.0,273.0,9.0,30.0,-33.0,974.3166666666666,2.2624999999999997,71.08333333333333,,138.52126917050805
2009-10-01,2009.0,274.0,10.0,1.0,-36.225,983.2083333333334,3.9125,70.99583333333334,,197.47030390525424
2009-10-02,2009.0,275.0,10.0,2.0,-37.1625,982.2208333333333,10.491666666666667,68.35416666666667,,194.4782672996078
2009-10-03,2009.0,276.0,10.0,3.0,-34.608333333333334,975.65,6.766666666666667,66.21249999999999,,208.2009245546308
2009-10-04,2009.0,277.0,10.0,4.0,-29.150000000000002,969.8666666666667,10.766666666666666,72.17083333333333,,210.92065037826765
2009-10-05,2009.0,278.0,10.0,5.0,-26.224999999999998,977.6041666666666,12.4625,73.675,,208.18027806413892
2009-10-06,2009.0,279.0,10.0,6.0,-31.191666666666666,977.6333333333333,5.070833333333334,63.84583333333333,,216.99705564337015
2009-10-07,2009.0,280.0,10.0,7.0,-30.304166666666664,972.7375000000001,1.9625000000000001,68.03750000000001,,140.7729045917537
2009-10-08,2009.0,281.0,10.0,8.0,-32.891666666666666,973.1125000000001,5.9692307692307685,60.43333333333333,,226.4437738090393
2009-10-09,2009.0,282.0,10.0,9.0,-26.15833333333333,974.7541666666666,10.708333333333334,75.12083333333334,,208.1023932855135
2009-10-10,2009.0,283.0,10.0,10.0,-19.591666666666665,966.4250000000001,16.883333333333333,81.67916666666666,,219.0820671806764
2009-10-11,2009.0,284.0,10.0,11.0,-17.575,970.5916666666667,18.058333333333334,90.1375,,203.7534120173849
2009-10-12,2009.0,285.0,10.0,12.0,-22.558333333333334,985.475,12.454166666666666,77.02916666666667,,214.40114025767735
2009-10-13,2009.0,286.0,10.0,13.0,-22.583333333333332,975.1458333333334,6.5181818181818185,61.291666666666664,,225.96629199206888
2009-10-14,2009.0,287.0,10.0,14.0,-24.652173913043477,966.4625,4.883333333333333,59.22083333333333,,216.98992448869595
2009-10-15,2009.0,288.0,10.0,15.0,-26.724999999999998,969.9041666666667,3.7874999999999996,59.275,,195.63978416947552
2009-10-16,2009.0,289.0,10.0,16.0,-25.8875,973.625,4.7875000000000005,68.95416666666667,,181.98929424638428
2009-10-17,2009.0,290.0,10.0,17.0,-25.383333333333336,980.6041666666666,2.5124999999999997,68.70833333333333,,156.81624855110363
2009-10-18,2009.0,291.0,10.0,18.0,-28.645833333333332,984.8249999999999,2.1791666666666667,64.92083333333333,,118.01388278705113
2009-10-19,2009.0,292.0,10.0,19.0,-26.754166666666666,987.6791666666667,2.8041666666666667,73.1375,,128.55803752923458
2009-10-20,2009.0,293.0,10.0,20.0,-29.866666666666664,990.9,9.825000000000001,75.79583333333333,,190.8876993561391
2009-10-21,2009.0,294.0,10.0,21.0,-27.933333333333334,987.2375000000001,17.224999999999998,79.75,,209.83642869417577
2009-10-22,2009.0,295.0,10.0,22.0,-26.84166666666667,978.3625000000001,2.6,61.96666666666667,,304.8680383614882
2009-10-23,2009.0,296.0,10.0,23.0,-27.241666666666664,978.5958333333333,3.18,57.46666666666667,,200.56276212425482
2009-10-24,2009.0,297.0,10.0,24.0,-21.504166666666666,982.4666666666667,,61.362500000000004,,
2009-10-25,2009.0,298.0,10.0,25.0,-21.45,988.2875,7.304347826086956,81.12083333333334,,189.32267804376673
2009-10-26,2009.0,299.0,10.0,26.0,-19.3125,977.8791666666666,5.825,73.50416666666668,,206.35801288178996
2009-10-27,2009.0,300.0,10.0,27.0,-20.825,968.65,3.3,67.58749999999999,,348.8038593608603
2009-10-28,2009.0,301.0,10.0,28.0,-24.520833333333332,976.4791666666666,11.39090909090909,72.13333333333334,,223.03633261511087
2009-10-29,2009.0,302.0,10.0,29.0,-22.733333333333334,979.35,14.866666666666667,76.425,,224.89670042249375
2009-10-30,2009.0,303.0,10.0,30.0,-21.679166666666664,975.65,4.25,48.5875,,243.90760274008306
2009-10-31,2009.0,304.0,10.0,31.0,-16.837500000000002,969.2666666666668,7.640000000000001,67.19166666666666,,218.62870279322053
2009-11-01,2009.0,305.0,11.0,1.0,-18.3125,968.6583333333333,9.875,75.3875,,211.16976892358255
2009-11-02,2009.0,306.0,11.0,2.0,-17.566666666666666,980.3791666666666,9.8375,68.43333333333334,,208.75494417466095
2009-11-03,2009.0,307.0,11.0,3.0,-18.2,981.7291666666666,14.1875,70.25,,217.05917013326544
2009-11-04,2009.0,308.0,11.0,4.0,-16.904166666666665,968.5458333333332,7.479166666666667,57.541666666666664,,226.27743795709185
2009-11-05,2009.0,309.0,11.0,5.0,-12.433333333333332,970.8916666666668,4.55,67.45416666666667,,327.001200201366
2009-11-06,2009.0,310.0,11.0,6.0,-14.7125,981.2541666666666,2.920833333333333,70.77499999999999,,349.57449847752116
2009-11-07,2009.0,311.0,11.0,7.0,-12.730434782608697,987.8874999999999,2.629166666666667,72.38333333333334,,190.58593936795123
2009-11-08,2009.0,312.0,11.0,8.0,-14.091666666666667,997.9291666666667,7.641666666666667,83.175,,212.38166784329636
2009-11-09,2009.0,313.0,11.0,9.0,-16.245833333333334,997.5541666666667,3.4416666666666664,68.325,,206.55204117507319
2009-11-10,2009.0,314.0,11.0,10.0,-15.366666666666667,994.7333333333332,9.766666666666667,73.22500000000001,,208.05569589134373
2009-11-11,2009.0,315.0,11.0,11.0,-14.458333333333334,991.2624999999999,14.745833333333332,78.83333333333333,,218.03589078480817
2009-11-12,2009.0,316.0,11.0,12.0,-10.070833333333335,987.0333333333333,17.979166666666668,86.04166666666667,,222.20678574009492
2009-11-13,2009.0,317.0,11.0,13.0,-4.9750000000000005,986.3291666666668,12.733333333333334,96.15833333333335,,208.8987417696645
2009-11-14,2009.0,318.0,11.0,14.0,-5.916666666666667,994.8791666666666,7.3125,91.95882352941176,,179.73895544514053
2009-11-15,2009.0,319.0,11.0,15.0,-6.0,995.5166666666668,10.158333333333333,83.88260869565217,,206.93453641349606
2009-11-16,2009.0,320.0,11.0,16.0,-8.534782608695652,993.2541666666666,4.395833333333333,59.03333333333333,,194.72888116083578
2009-11-17,2009.0,321.0,11.0,17.0,-10.258333333333333,990.5208333333334,2.2125,70.79166666666667,,100.54866313754017
2009-11-18,2009.0,322.0,11.0,18.0,-12.870833333333332,992.7166666666667,13.6,84.60000000000001,,210.33416344826108
2009-11-19,2009.0,323.0,11.0,19.0,-10.483333333333333,983.4541666666668,15.454166666666666,78.70833333333333,,224.7000623661457
2009-11-20,2009.0,324.0,11.0,20.0,-8.070833333333333,970.8000000000001,9.454166666666667,77.25,,224.13643575784994
2009-11-21,2009.0,325.0,11.0,21.0,-6.7749999999999995,971.6208333333334,7.5625,90.71052631578948,,210.9074321936143
2009-11-22,2009.0,326.0,11.0,22.0,-5.2124999999999995,971.9583333333334,6.875,83.375,,218.4229701597257
2009-11-23,2009.0,327.0,11.0,23.0,-4.533333333333333,970.3375,2.6875,79.32083333333334,,110.86009549896042
2009-11-24,2009.0,328.0,11.0,24.0,-6.829166666666667,976.725,11.658333333333333,87.61666666666667,,217.2496581911839
2009-11-25,2009.0,329.0,11.0,25.0,-8.02608695652174,978.9208333333332,5.616666666666667,70.33749999999999,,204.1085931417084
2009-11-26,2009.0,330.0,11.0,26.0,-9.054166666666667,979.3666666666667,5.879166666666666,64.6375,,208.74594352337945
2009-11-27,2009.0,331.0,11.0,27.0,-8.2125,984.8166666666666,10.316666666666666,77.41666666666667,,217.38305793138292
2009-11-28,2009.0,332.0,11.0,28.0,-7.983333333333333,983.6166666666667,10.766666666666666,85.125,,220.45739615485857
2009-11-29,2009.0,333.0,11.0,29.0,-8.299999999999999,979.7666666666668,9.795833333333333,73.49583333333334,,218.4322900238819
2009-11-30,2009.0,334.0,11.0,30.0,-8.320833333333333,981.0166666666668,11.4375,89.7,,215.04987414932125
2009-12-01,2009.0,335.0,12.0,1.0,-6.5125,982.0958333333333,6.1000000000000005,76.54583333333333,,200.24005398841337
2009-12-02,2009.0,336.0,12.0,2.0,-7.691666666666666,980.8458333333333,4.7124999999999995,66.09583333333333,,217.9294049006862
2009-12-03,2009.0,337.0,12.0,3.0,-5.004166666666666,973.0749999999999,5.766666666666667,63.60833333333333,,217.0344056515594
2009-12-04,2009.0,338.0,12.0,4.0,-5.104166666666667,971.2125,11.029166666666667,90.48695652173912,,213.14014921285894
2009-12-05,2009.0,339.0,12.0,5.0,-6.4624999999999995,977.5500000000001,5.429166666666667,81.16666666666667,,201.9388775682708
2009-12-06,2009.0,340.0,12.0,6.0,-3.85,982.4666666666667,7.133333333333333,63.63333333333333,,226.78778870200986
2009-12-07,2009.0,341.0,12.0,7.0,-4.391666666666667,982.2208333333333,7.279166666666666,67.35000000000001,,211.59025946890125
2009-12-08,2009.0,342.0,12.0,8.0,-6.333333333333333,982.0541666666667,6.254166666666666,73.85217391304347,,183.67752993577724
2009-12-09,2009.0,343.0,12.0,9.0,-6.8999999999999995,984.6458333333334,5.904166666666666,82.16666666666667,,216.87236909075963
2009-12-10,2009.0,344.0,12.0,10.0,-5.016666666666667,983.1125000000001,1.7125000000000001,67.57083333333334,,300.1343347471695
2009-12-11,2009.0,345.0,12.0,11.0,-5.7,983.0666666666666,2.3625000000000003,67.925,,153.74428422032182
2009-12-12,2009.0,346.0,12.0,12.0,-7.258333333333333,986.9375,3.4958333333333336,75.85416666666667,,177.2440238474963
2009-12-13,2009.0,347.0,12.0,13.0,-8.679166666666667,989.9541666666668,5.175,79.2625,,176.40795280138087
2009-12-14,2009.0,348.0,12.0,14.0,-5.241666666666666,986.5208333333334,1.8166666666666667,60.24166666666667,,89.31588294999916
2009-12-15,2009.0,349.0,12.0,15.0,-3.9958333333333336,984.3541666666666,1.5833333333333333,56.23333333333333,,248.74196322972125
2009-12-16,2009.0,350.0,12.0,16.0,-7.104347826086957,985.2875,3.0041666666666664,63.39166666666667,,232.1921853808265
2009-12-17,2009.0,351.0,12.0,17.0,-3.9375,979.9375,2.808333333333333,73.07083333333334,,293.00958794026
2009-12-18,2009.0,352.0,12.0,18.0,-3.182608695652174,975.35,2.4208333333333334,75.93333333333334,,291.6966914026262
2009-12-19,2009.0,353.0,12.0,19.0,-8.1625,981.4166666666666,6.145833333333333,77.06666666666666,,163.904242189861
2009-12-20,2009.0,354.0,12.0,20.0,-6.8374999999999995,985.1791666666667,3.3208333333333333,71.60416666666667,,66.64966540821756
2009-12-21,2009.0,355.0,12.0,21.0,-5.995833333333334,985.0375,3.8833333333333333,76.83333333333333,,60.84040727601982
2009-12-22,2009.0,356.0,12.0,22.0,-8.0,985.6374999999999,3.529166666666667,70.51666666666667,,119.20439624177362
2009-12-23,2009.0,357.0,12.0,23.0,-8.5,985.0083333333333,3.7458333333333336,82.05,,164.40052287047035
2009-12-24,2009.0,358.0,12.0,24.0,-5.829166666666667,986.0791666666668,2.966666666666667,73.15652173913043,,123.07619041743793
2009-12-25,2009.0,359.0,12.0,25.0,-8.950000000000001,984.9041666666667,2.904166666666667,78.32916666666667,,144.97502770884816
2009-12-26,2009.0,360.0,12.0,26.0,-4.6409090909090915,980.1708333333332,1.4958333333333333,57.93333333333334,,3.184497197023895
2009-12-27,2009.0,361.0,12.0,27.0,-4.908333333333333,978.8208333333333,2.9333333333333336,72.78181818181818,,271.5470865780093
2009-12-28,2009.0,362.0,12.0,28.0,-6.8374999999999995,983.3625000000001,4.854166666666667,80.92,,225.07894137331317
2009-12-29,2009.0,363.0,12.0,29.0,-4.85,987.7583333333333,4.595833333333333,82.25,,193.39291645843068
2009-12-30,2009.0,364.0,12.0,30.0,-3.1291666666666664,988.0500000000001,3.033333333333333,75.44583333333334,,23.30876914826112
2009-12-31,2009.0,365.0,12.0,31.0,-2.766666666666667,993.6958333333333,3.5,75.65833333333333,,347.5745338978364
2010-01-01,2010.0,1.0,1.0,1.0,-2.9958333333333336,1001.3166666666666,1.6708333333333334,59.775,,128.19944273396848
2010-01-02,2010.0,2.0,1.0,2.0,-6.179166666666667,1003.0291666666667,4.458333333333333,78.50833333333334,,171.47464776392172
2010-01-03,2010.0,3.0,1.0,3.0,-9.879166666666666,1000.4833333333332,5.7375,84.53750000000001,,179.93295322308532
2010-01-04,2010.0,4.0,1.0,4.0,-8.933333333333334,1000.9458333333333,7.445833333333333,82.94166666666666,,209.10781075630953
2010-01-05,2010.0,5.0,1.0,5.0,-7.3875,997.3583333333332,8.858333333333333,84.4375,,207.9913575322163
2010-01-06,2010.0,6.0,1.0,6.0,-7.541666666666667,997.6291666666666,10.416666666666666,92.11666666666667,,207.08377973318173
2010-01-07,2010.0,7.0,1.0,7.0,-5.7,1000.5958333333333,6.154166666666666,87.72500000000001,,174.31903644203922
2010-01-08,2010.0,8.0,1.0,8.0,-1.4208333333333334,998.2791666666667,3.1,85.41,,28.7311064713822
2010-01-09,2010.0,9.0,1.0,9.0,-3.7458333333333336,1000.3333333333334,2.5458333333333334,81.30416666666666,,11.859602505965293
2010-01-10,2010.0,10.0,1.0,10.0,-4.5826086956521745,996.5666666666666,1.6416666666666666,64.92608695652174,,141.6004905706655
2010-01-11,2010.0,11.0,1.0,11.0,-5.416666666666667,995.4541666666668,2.4583333333333335,73.825,,226.3615002699015
2010-01-12,2010.0,12.0,1.0,12.0,-2.8833333333333333,994.6958333333333,3.1833333333333336,74.06666666666666,,75.45734682618482
2010-01-13,2010.0,13.0,1.0,13.0,-4.8130434782608695,993.8708333333334,3.0124999999999997,76.6125,,163.51314371359695
2010-01-14,2010.0,14.0,1.0,14.0,-4.758333333333334,995.2833333333333,2.566666666666667,75.55,,99.46267739597049
2010-01-15,2010.0,15.0,1.0,15.0,-4.8826086956521735,992.2583333333333,2.2375000000000003,68.8,,359.14427782147413
2010-01-16,2010.0,16.0,1.0,16.0,-6.168181818181818,984.6916666666666,1.75,62.6625,,98.82186849911723
2010-01-17,2010.0,17.0,1.0,17.0,-7.520833333333333,980.5791666666668,5.7625,82.36666666666666,,227.05989884294812
2010-01-18,2010.0,18.0,1.0,18.0,-7.733333333333333,990.5375,5.679166666666667,84.09166666666667,,201.77754546986577
2010-01-19,2010.0,19.0,1.0,19.0,-2.629166666666667,995.2791666666667,3.9875000000000003,78.80416666666666,,9.923297216906759
2010-01-20,2010.0,20.0,1.0,20.0,-6.270833333333333,991.2833333333333,5.5375000000000005,78.88333333333334,,226.48067182703
2010-01-21,2010.0,21.0,1.0,21.0,-2.566666666666667,995.2958333333332,3.091666666666667,74.29166666666667,,17.33340899676627
2010-01-22,2010.0,22.0,1.0,22.0,-3.670833333333333,997.2291666666666,2.704166666666667,79.07777777777778,,209.80749531416674
2010-01-23,2010.0,23.0,1.0,23.0,-9.091666666666667,997.6666666666666,8.691666666666666,86.77499999999999,,202.04067963083077
2010-01-24,2010.0,24.0,1.0,24.0,-3.1166666666666667,996.5708333333333,4.729166666666667,80.74583333333334,,17.36122203322644
2010-01-25,2010.0,25.0,1.0,25.0,-6.078260869565218,1000.1875,4.658333333333333,82.425,,215.86613381060073
2010-01-26,2010.0,26.0,1.0,26.0,-8.041666666666666,1000.8916666666668,2.858333333333333,80.87916666666666,,138.08889065920425
2010-01-27,2010.0,27.0,1.0,27.0,-3.795833333333333,995.6791666666667,2.4458333333333333,82.02608695652175,,55.07972462992027
2010-01-28,2010.0,28.0,1.0,28.0,-11.866666666666667,998.0291666666667,5.470833333333334,84.59583333333333,,173.85507770597948
2010-01-29,2010.0,29.0,1.0,29.0,-10.069565217391304,998.7041666666668,2.766666666666667,73.90833333333333,,106.8793307419393
2010-01-30,2010.0,30.0,1.0,30.0,-6.783333333333334,995.4,3.045833333333333,84.46249999999999,,200.35545203540025
2010-01-31,2010.0,31.0,1.0,31.0,-10.8125,991.2833333333333,7.0625,81.01666666666667,,186.3180766626034
2010-02-01,2010.0,32.0,2.0,1.0,-11.620833333333335,989.1875,3.6750000000000003,76.47916666666667,,123.09969080085682
2010-02-02,2010.0,33.0,2.0,2.0,-10.158333333333333,989.4041666666667,4.1375,82.93333333333334,,153.03197517590317
2010-02-03,2010.0,34.0,2.0,3.0,-11.533333333333333,987.0041666666666,4.229166666666667,75.47083333333333,,203.54934201085086
2010-02-04,2010.0,35.0,2.0,4.0,-8.716666666666667,986.7958333333332,6.816666666666666,88.29166666666667,,204.6233309135573
2010-02-05,2010.0,36.0,2.0,5.0,-7.670833333333333,997.6583333333333,9.754166666666666,92.38823529411764,,205.14353869022506
2010-02-06,2010.0,37.0,2.0,6.0,-8.529166666666667,1003.0833333333334,8.595833333333333,92.17777777777778,,197.66642699965556
2010-02-07,2010.0,38.0,2.0,7.0,-5.325,996.8583333333332,2.620833333333333,74.58260869565218,,50.44558688478977
2010-02-08,2010.0,39.0,2.0,8.0,-9.704166666666667,991.5708333333333,5.466666666666666,79.25833333333334,,202.8572543478099
2010-02-09,2010.0,40.0,2.0,9.0,-12.225,998.3291666666668,7.641666666666667,85.92083333333333,,211.68911953964525
2010-02-10,2010.0,41.0,2.0,10.0,-11.866666666666667,1000.5124999999999,10.1625,90.1375,,200.12510767722512
2010-02-11,2010.0,42.0,2.0,11.0,-11.387500000000001,1000.9208333333332,10.991666666666667,86.17916666666667,,213.87106565874467
2010-02-12,2010.0,43.0,2.0,12.0,-10.595833333333333,1001.3000000000001,8.108333333333333,83.55,,209.76751359279794
2010-02-13,2010.0,44.0,2.0,13.0,-13.7125,996.1541666666667,8.174999999999999,83.7375,,193.36229922597533
2010-02-14,2010.0,45.0,2.0,14.0,-17.683333333333334,998.7624999999999,5.316666666666666,81.03333333333333,,179.9500973763449
2010-02-15,2010.0,46.0,2.0,15.0,-14.137500000000001,995.6125000000001,5.483333333333333,86.69166666666666,,183.62627587405274
2010-02-16,2010.0,47.0,2.0,16.0,-14.358333333333334,994.7125,7.345833333333334,88.22500000000001,,216.85905908626222
2010-02-17,2010.0,48.0,2.0,17.0,-14.945833333333333,996.6541666666667,4.845833333333333,86.2,,194.03056548962203
2010-02-18,2010.0,49.0,2.0,18.0,-15.783333333333333,997.7333333333332,6.358333333333333,85.60833333333333,,181.0823518848315
2010-02-19,2010.0,50.0,2.0,19.0,-18.183333333333334,994.7125,6.7875000000000005,81.79583333333333,,192.27283094459287
2010-02-20,2010.0,51.0,2.0,20.0,-20.224999999999998,988.8208333333333,4.079166666666667,74.05833333333334,,167.767348057293
2010-02-21,2010.0,52.0,2.0,21.0,-17.583333333333332,985.2791666666667,4.383333333333334,78.2875,,138.73094309166524
2010-02-22,2010.0,53.0,2.0,22.0,-15.816666666666668,984.5625,3.2458333333333336,79.83749999999999,,190.96335058397594
2010-02-23,2010.0,54.0,2.0,23.0,-9.366666666666667,980.9541666666668,3.9,76.82916666666667,,326.7410032441739
2010-02-24,2010.0,55.0,2.0,24.0,-11.258333333333333,985.1,3.5749999999999997,76.36666666666666,,349.8790006168007
2010-02-25,2010.0,56.0,2.0,25.0,-12.673913043478262,979.9708333333333,7.4875,86.72083333333335,,196.17989177621095
2010-02-26,2010.0,57.0,2.0,26.0,-18.0,976.9958333333334,15.008333333333333,90.54166666666667,,210.57613461765916
2010-02-27,2010.0,58.0,2.0,27.0,-14.166666666666666,968.3625000000001,18.695833333333333,95.62916666666666,,226.33088459848716
2010-02-28,2010.0,59.0,2.0,28.0,-13.716666666666667,970.7041666666668,18.716666666666665,95.075,,221.2595031170339
2010-03-01,2010.0,60.0,3.0,1.0,-13.320833333333333,978.1958333333333,14.454166666666666,92.33333333333333,,214.43768428582538
2010-03-02,2010.0,61.0,3.0,2.0,-17.170833333333334,987.2041666666668,8.5625,86.06666666666666,,221.306424023822
2010-03-03,2010.0,62.0,3.0,3.0,-16.804166666666667,992.6333333333333,6.125,79.83333333333333,,195.87637188537724
2010-03-04,2010.0,63.0,3.0,4.0,-20.0,992.3666666666667,2.8541666666666665,73.08333333333333,,162.61627913097314
2010-03-05,2010.0,64.0,3.0,5.0,-22.34166666666667,987.7708333333334,3.5041666666666664,68.08333333333333,,162.76900486370425
2010-03-06,2010.0,65.0,3.0,6.0,-17.425,974.625,5.804166666666667,84.40416666666667,,150.7349587393089
2010-03-07,2010.0,66.0,3.0,7.0,-25.224999999999998,968.7666666666668,2.254166666666667,81.25833333333334,,139.08513344636913
2010-03-08,2010.0,67.0,3.0,8.0,-23.1375,967.8333333333334,3.6208333333333336,72.20833333333333,,128.06418184832214
2010-03-09,2010.0,68.0,3.0,9.0,-21.675,967.5749999999999,5.4375,84.6125,,168.9993951778326
2010-03-10,2010.0,69.0,3.0,10.0,-18.754166666666666,979.1750000000001,7.2,85.875,,171.23332542560752
2010-03-11,2010.0,70.0,3.0,11.0,-19.191666666666666,981.4958333333334,5.091666666666667,87.84583333333335,,196.154533255186
2010-03-12,2010.0,71.0,3.0,12.0,-20.55,986.5,5.670833333333333,88.52083333333333,,188.21064248951907
2010-03-13,2010.0,72.0,3.0,13.0,-18.841666666666665,994.9375,3.8833333333333333,85.22500000000001,,191.4664243945386
2010-03-14,2010.0,73.0,3.0,14.0,-15.9,999.3874999999999,2.8375,91.7,,98.12976725455866
2010-03-15,2010.0,74.0,3.0,15.0,-22.53333333333333,998.9875000000001,6.295833333333333,83.91666666666667,,190.97164207337
2010-03-16,2010.0,75.0,3.0,16.0,-27.1125,996.2041666666668,5.308333333333334,77.51666666666667,,217.8100861808047
2010-03-17,2010.0,76.0,3.0,17.0,-20.316666666666666,992.8583333333332,15.420833333333334,87.27916666666665,,212.71120015696468
2010-03-18,2010.0,77.0,3.0,18.0,-12.15,982.4958333333334,19.175,95.17083333333333,,215.657200837038
2010-03-19,2010.0,78.0,3.0,19.0,-10.233333333333333,984.1041666666666,12.404166666666667,84.925,,214.55722434855812
2010-03-20,2010.0,79.0,3.0,20.0,-14.058333333333332,986.9583333333334,9.9,85.22083333333333,,210.79040958636907
2010-03-21,2010.0,80.0,3.0,21.0,-16.662499999999998,982.6,7.691666666666666,81.94583333333334,,216.37714549188425
2010-03-22,2010.0,81.0,3.0,22.0,-20.641666666666666,984.4916666666667,7.245833333333334,79.425,,207.7573452310885
2010-03-23,2010.0,82.0,3.0,23.0,-27.59583333333333,987.6541666666667,6.720833333333334,68.79166666666667,,206.2945016057141
2010-03-24,2010.0,83.0,3.0,24.0,-33.079166666666666,989.3874999999999,3.408333333333333,71.47500000000001,,182.59082868894453
2010-03-25,2010.0,84.0,3.0,25.0,-33.72083333333333,993.8958333333334,3.933333333333333,71.28750000000001,,196.01969262633224
2010-03-26,2010.0,85.0,3.0,26.0,-31.354166666666668,990.8458333333333,11.516666666666666,74.825,,213.06499550981533
2010-03-27,2010.0,86.0,3.0,27.0,-39.07083333333333,985.8249999999999,4.704166666666667,66.81666666666666,,181.92532029327478
2010-03-28,2010.0,87.0,3.0,28.0,-31.599999999999998,986.4541666666668,2.0083333333333333,76.38333333333334,,116.4898144534063
2010-03-29,2010.0,88.0,3.0,29.0,-25.462500000000002,985.7833333333333,2.8166666666666664,83.09583333333333,,312.70354749499353
2010-03-30,2010.0,89.0,3.0,30.0,-25.962500000000002,980.3916666666668,2.766666666666667,84.05416666666666,,238.84875609325525
2010-03-31,2010.0,90.0,3.0,31.0,-28.96666666666667,988.6166666666667,5.008333333333333,75.07916666666667,,203.90544218309262
2010-04-01,2010.0,91.0,4.0,1.0,-34.6625,992.9875000000001,2.8708333333333336,72.25,,190.60352473616436
2010-04-02,2010.0,92.0,4.0,2.0,-33.25416666666667,993.4291666666667,1.8166666666666667,76.37083333333334,,218.43161175739402
2010-04-03,2010.0,93.0,4.0,3.0,-33.38333333333333,989.4791666666666,4.333333333333333,76.20833333333333,,219.00721424873376
2010-04-04,2010.0,94.0,4.0,4.0,-28.129166666666666,979.3208333333333,4.016666666666667,73.90416666666667,,228.55743926410491
2010-04-05,2010.0,95.0,4.0,5.0,-23.075,968.3000000000001,8.283333333333333,83.03750000000001,,189.77676431152582
2010-04-06,2010.0,96.0,4.0,6.0,-34.50416666666667,981.5833333333334,7.020833333333333,73.74166666666666,,173.9165571206124
2010-04-07,2010.0,97.0,4.0,7.0,-29.941666666666666,991.5375,10.033333333333333,79.74166666666666,,212.8911183277952
2010-04-08,2010.0,98.0,4.0,8.0,-25.141666666666666,982.8125,5.654166666666666,83.70416666666667,,246.39273549278872
2010-04-09,2010.0,99.0,4.0,9.0,-24.616666666666664,973.6041666666666,11.379166666666668,84.32916666666667,,215.10425711459527
2010-04-10,2010.0,100.0,4.0,10.0,-24.604166666666668,973.3291666666668,12.5375,84.61666666666666,,205.50498537031064
2010-04-11,2010.0,101.0,4.0,11.0,-20.974999999999998,971.6583333333333,13.004166666666668,90.67083333333333,,221.32653233178817
2010-04-12,2010.0,102.0,4.0,12.0,-20.604166666666668,969.0124999999999,14.454166666666666,89.6125,,209.86731391791545
2010-04-13,2010.0,103.0,4.0,13.0,-27.270833333333332,974.1750000000001,7.304166666666667,77.1125,,208.974232220476
2010-04-14,2010.0,104.0,4.0,14.0,-26.974999999999998,979.9125,1.7333333333333334,74.99583333333334,,177.76941968052836
2010-04-15,2010.0,105.0,4.0,15.0,-31.537499999999998,982.2333333333332,4.7749999999999995,75.07916666666667,,167.99814020727743
2010-04-16,2010.0,106.0,4.0,16.0,-30.695833333333336,978.3000000000001,13.395833333333334,79.24583333333334,,205.44898361828143
2010-04-17,2010.0,107.0,4.0,17.0,-22.770833333333332,981.0291666666667,13.383333333333333,87.65833333333335,,216.6670911344107
2010-04-18,2010.0,108.0,4.0,18.0,-26.3125,986.6708333333332,9.075000000000001,78.20416666666667,,227.5820362542224
2010-04-19,2010.0,109.0,4.0,19.0,-27.65416666666667,989.9416666666666,7.470833333333332,79.17916666666666,,216.827245613754
2010-04-20,2010.0,110.0,4.0,20.0,-28.0,988.1958333333333,4.066666666666666,77.65833333333333,,201.6805029241126
2010-04-21,2010.0,111.0,4.0,21.0,-29.675,991.8416666666667,3.0933333333333333,78.75833333333334,,114.92744804031064
2010-04-22,2010.0,112.0,4.0,22.0,-29.916666666666668,987.6166666666667,8.487499999999999,79.74166666666666,,189.87612324455947
2010-04-23,2010.0,113.0,4.0,23.0,-24.145833333333332,977.8541666666666,11.483333333333334,82.27916666666667,,211.71831889686956
2010-04-24,2010.0,114.0,4.0,24.0,-21.195833333333333,973.9791666666666,10.179166666666667,86.425,,200.21849833002474
2010-04-25,2010.0,115.0,4.0,25.0,-19.491666666666667,974.9708333333333,6.3625,92.35000000000001,,214.37259451820245
2010-04-26,2010.0,116.0,4.0,26.0,-17.587500000000002,976.8125,5.008333333333334,94.95833333333333,,225.97566518577622
2010-04-27,2010.0,117.0,4.0,27.0,-23.175,983.4625,3.7916666666666665,86.45833333333333,,208.68783949234225
2010-04-28,2010.0,118.0,4.0,28.0,-26.6875,983.6958333333333,5.733333333333333,78.57916666666667,,201.35314201810573
2010-04-29,2010.0,119.0,4.0,29.0,-25.445833333333336,985.5666666666666,6.5125,81.25,,187.06022640002936
2010-04-30,2010.0,120.0,4.0,30.0,-31.016666666666666,983.2833333333333,5.241666666666666,77.77916666666667,,224.26742505868603
2010-05-01,2010.0,121.0,5.0,1.0,-29.675,981.1833333333334,10.520833333333334,77.33333333333333,,206.1328145010066
2010-05-02,2010.0,122.0,5.0,2.0,-28.479166666666668,977.4916666666667,6.55,70.66250000000001,,236.17927612723042
2010-05-03,2010.0,123.0,5.0,3.0,-24.270833333333332,976.4291666666667,9.554166666666667,74.82083333333334,,224.02327089758754
2010-05-04,2010.0,124.0,5.0,4.0,-23.8625,983.975,7.7124999999999995,85.925,,226.47065985366393
2010-05-05,2010.0,125.0,5.0,5.0,-28.333333333333332,992.1374999999999,5.908333333333334,82.45,,204.48874515274798
2010-05-06,2010.0,126.0,5.0,6.0,-24.7,995.7666666666668,9.737499999999999,86.24166666666667,,191.52190235851813
2010-05-07,2010.0,127.0,5.0,7.0,-22.825,997.3583333333332,11.833333333333334,84.7625,,206.66204474522158
2010-05-08,2010.0,128.0,5.0,8.0,-24.59166666666667,996.0916666666667,9.799999999999999,84.6375,,204.4021870118239
2010-05-09,2010.0,129.0,5.0,9.0,-26.808333333333334,990.3958333333334,6.865,79.64166666666667,,209.1979994510991
2010-05-10,2010.0,130.0,5.0,10.0,-33.30416666666667,988.8874999999999,2.9,76.30833333333334,,196.25826184733458
2010-05-11,2010.0,131.0,5.0,11.0,-31.945833333333336,994.9875000000001,2.8625000000000003,77.7375,,168.37539256021168
2010-05-12,2010.0,132.0,5.0,12.0,-33.47083333333333,1002.725,5.316666666666666,69.41666666666667,,204.34030945261782
2010-05-13,2010.0,133.0,5.0,13.0,-38.77916666666667,1001.6291666666666,2.8347826086956522,68.04166666666667,,144.43796897468786
2010-05-14,2010.0,134.0,5.0,14.0,-35.579166666666666,992.7291666666666,4.25,72.59166666666667,,181.93006034298537
2010-05-15,2010.0,135.0,5.0,15.0,-45.37083333333334,991.8874999999999,2.1625,61.4375,,206.8593075531895
2010-05-16,2010.0,136.0,5.0,16.0,-45.32916666666667,979.9333333333334,1.375,61.00416666666666,,121.18662025698056
2010-05-17,2010.0,137.0,5.0,17.0,-47.18333333333334,972.1374999999999,1.3,58.333333333333336,,168.33716036367326
2010-05-18,2010.0,138.0,5.0,18.0,-47.93333333333334,981.7458333333334,2.7375000000000003,57.35833333333333,,198.42068760135518
2010-05-19,2010.0,139.0,5.0,19.0,-40.61666666666667,983.0500000000001,2.379166666666667,66.3875,,254.4181802859409
2010-05-20,2010.0,140.0,5.0,20.0,-47.00416666666666,975.5708333333333,2.65,59.32083333333333,,174.26551530491884
2010-05-21,2010.0,141.0,5.0,21.0,-38.00833333333333,965.2624999999999,6.970833333333334,70.48333333333333,,225.15595882818056
2010-05-22,2010.0,142.0,5.0,22.0,-31.579166666666666,966.125,7.545833333333333,78.27499999999999,,249.68541292404217
2010-05-23,2010.0,143.0,5.0,23.0,-24.8125,974.6666666666666,9.329166666666667,86.10833333333333,,211.23924073547616
2010-05-24,2010.0,144.0,5.0,24.0,-22.65416666666667,975.0583333333334,7.7749999999999995,83.35000000000001,,215.7835311168245
2010-05-25,2010.0,145.0,5.0,25.0,-30.462500000000002,976.1208333333334,4.441666666666666,79.77083333333333,,230.0636812369455
2010-05-26,2010.0,146.0,5.0,26.0,-35.84166666666667,979.2916666666666,3.295833333333333,73.60833333333333,,226.0026959299434
2010-05-27,2010.0,147.0,5.0,27.0,-38.90833333333333,978.2958333333332,2.7125,69.48333333333333,,204.78108802768625
2010-05-28,2010.0,148.0,5.0,28.0,-33.4625,979.5666666666666,3.779166666666667,75.85833333333333,,248.170989733164
2010-05-29,2010.0,149.0,5.0,29.0,-20.604166666666668,979.9250000000001,8.779166666666667,83.8,,232.79889209509153
2010-05-30,2010.0,150.0,5.0,30.0,-26.97083333333333,980.3666666666667,10.6,82.15416666666667,,204.3774425234336
2010-05-31,2010.0,151.0,5.0,31.0,-37.108333333333334,978.1,3.65,71.97500000000001,,181.61309487415517
2010-06-01,2010.0,152.0,6.0,1.0,-40.25,985.0291666666667,5.854166666666667,67.925,,192.30782454403214
2010-06-02,2010.0,153.0,6.0,2.0,-40.36666666666667,988.6458333333334,2.6333333333333333,67.55833333333334,,203.53337076231944
2010-06-03,2010.0,154.0,6.0,3.0,-38.229166666666664,984.5208333333334,7.933333333333334,70.22916666666667,,196.9892867733637
2010-06-04,2010.0,155.0,6.0,4.0,-31.212500000000002,975.525,10.637500000000001,69.79583333333333,,213.07568633066722
2010-06-05,2010.0,156.0,6.0,5.0,-25.962500000000002,976.4708333333333,9.237499999999999,78.625,,216.63293602970376
2010-06-06,2010.0,157.0,6.0,6.0,-30.995833333333334,984.4333333333334,10.191666666666666,69.07083333333334,,215.73609218426503
2010-06-07,2010.0,158.0,6.0,7.0,-35.62083333333333,978.2541666666666,2.220833333333333,73.77083333333333,,191.01138821335948
2010-06-08,2010.0,159.0,6.0,8.0,-37.69166666666667,975.7416666666667,3.3833333333333333,70.69166666666666,,223.62273457792278
2010-06-09,2010.0,160.0,6.0,9.0,-31.162499999999998,978.3291666666668,5.2375,78.53333333333333,,248.08739142889186
2010-06-10,2010.0,161.0,6.0,10.0,-24.3875,978.525,9.2125,87.02083333333333,,216.81245314944158
2010-06-11,2010.0,162.0,6.0,11.0,-36.4375,978.9208333333332,4.841666666666667,72.87916666666666,,215.8960108143993
2010-06-12,2010.0,163.0,6.0,12.0,-35.5875,983.8208333333333,5.533333333333334,73.62083333333334,,211.60104614730892
2010-06-13,2010.0,164.0,6.0,13.0,-32.50833333333333,979.3375,10.283333333333333,76.60416666666667,,199.60723783636845
2010-06-14,2010.0,165.0,6.0,14.0,-34.77916666666667,971.25,3.4250000000000003,71.6125,,196.367427917959
2010-06-15,2010.0,166.0,6.0,15.0,-38.425000000000004,972.3791666666666,3.545833333333333,70.425,,252.27534522040372
2010-06-16,2010.0,167.0,6.0,16.0,-35.24166666666667,981.7583333333333,13.704166666666666,74.07083333333334,,199.8947844739189
2010-06-17,2010.0,168.0,6.0,17.0,-35.875,988.6208333333334,7.758333333333333,68.50833333333334,,222.06525292271743
2010-06-18,2010.0,169.0,6.0,18.0,-39.833333333333336,981.5416666666666,2.642857142857143,68.13333333333334,,207.2669897921693
2010-06-19,2010.0,170.0,6.0,19.0,-32.05416666666667,969.4875000000001,3.283333333333333,77.95,,260.8617385968807
2010-06-20,2010.0,171.0,6.0,20.0,-33.074999999999996,971.85,8.012500000000001,76.78333333333333,,190.61645561262017
2010-06-21,2010.0,172.0,6.0,21.0,-35.15833333333333,972.5583333333334,5.075,74.1375,,210.37841015164352
2010-06-22,2010.0,173.0,6.0,22.0,-38.583333333333336,972.5583333333334,2.0083333333333333,69.93333333333334,,199.37392578440975
2010-06-23,2010.0,174.0,6.0,23.0,-29.95,969.3583333333332,7.5125,80.39583333333333,,223.72618049490464
2010-06-24,2010.0,175.0,6.0,24.0,-30.58695652173913,969.4347826086956,6.717391304347826,79.86521739130436,,203.29155444572098
2010-06-25,2010.0,176.0,6.0,25.0,-25.325,979.5541666666667,6.954166666666667,85.80416666666667,,210.09486957772512
2010-06-26,2010.0,177.0,6.0,26.0,-16.708333333333332,983.4625,11.091666666666667,90.7625,,222.2497614345111
2010-06-27,2010.0,178.0,6.0,27.0,-21.629166666666666,981.6458333333334,9.450000000000001,81.36666666666666,,216.6141274542761
2010-06-28,2010.0,179.0,6.0,28.0,-31.6875,979.5291666666667,2.1708333333333334,77.18333333333334,,172.95310399111676
2010-06-29,2010.0,180.0,6.0,29.0,-34.358333333333334,978.9041666666667,2.6416666666666666,75.15833333333333,,195.7944884354891
2010-06-30,2010.0,181.0,6.0,30.0,-38.24166666666667,976.875,2.566666666666667,70.34583333333333,,219.81697965972168
2010-07-01,2010.0,182.0,7.0,1.0,-29.625,976.0458333333332,10.333333333333334,80.95833333333333,,200.25645922375523
2010-07-02,2010.0,183.0,7.0,2.0,-39.225,977.3125,4.6625000000000005,67.77916666666667,,221.55160333572007
2010-07-03,2010.0,184.0,7.0,3.0,-34.012499999999996,977.25,7.079166666666667,70.69166666666666,,211.25264707124785
2010-07-04,2010.0,185.0,7.0,4.0,-27.679166666666664,971.8416666666667,6.575,82.25,,229.50399986487696
2010-07-05,2010.0,186.0,7.0,5.0,-31.316666666666666,966.8958333333334,3.204166666666667,79.22500000000001,,280.740814886213
2010-07-06,2010.0,187.0,7.0,6.0,-28.15833333333333,967.7291666666666,16.954166666666666,82.84166666666667,,210.88086683893502
2010-07-07,2010.0,188.0,7.0,7.0,-17.966666666666665,961.0958333333333,13.825000000000001,94.0625,,234.7422241732338
2010-07-08,2010.0,189.0,7.0,8.0,-21.349999999999998,959.0875,7.466666666666666,89.76666666666667,,213.93232690949904
2010-07-09,2010.0,190.0,7.0,9.0,-26.020833333333332,970.0541666666667,10.541666666666666,85.3,,201.34701770952128
2010-07-10,2010.0,191.0,7.0,10.0,-27.7375,971.275,9.475,82.55,,217.1541223007824
2010-07-11,2010.0,192.0,7.0,11.0,-26.15833333333333,973.1125000000001,10.620833333333334,80.76666666666667,,226.22753380064557
2010-07-12,2010.0,193.0,7.0,12.0,-30.133333333333336,976.0708333333333,6.420833333333333,74.425,,230.68737337886958
2010-07-13,2010.0,194.0,7.0,13.0,-34.57083333333333,976.8791666666666,1.633333333333333,73.84583333333333,,192.83736796213546
2010-07-14,2010.0,195.0,7.0,14.0,-33.916666666666664,983.5291666666667,3.942857142857143,75.87083333333334,,235.09830085131983
2010-07-15,2010.0,196.0,7.0,15.0,-39.69166666666667,976.375,3.753333333333333,68.825,,182.71437678304804
2010-07-16,2010.0,197.0,7.0,16.0,-42.354166666666664,968.9458333333333,6.577272727272727,65.17916666666666,,188.3558380087269
2010-07-17,2010.0,198.0,7.0,17.0,-53.44166666666666,968.9083333333333,4.170833333333333,51.770833333333336,,180.98576782964926
2010-07-18,2010.0,199.0,7.0,18.0,-49.23333333333333,973.6708333333332,2.5291666666666663,55.574999999999996,,220.6906353496365
2010-07-19,2010.0,200.0,7.0,19.0,-43.975,966.75,2.125,62.32916666666667,,297.1278264888126
2010-07-20,2010.0,201.0,7.0,20.0,-27.675,954.5916666666667,4.716666666666667,83.19583333333334,,208.11290206770988
2010-07-21,2010.0,202.0,7.0,21.0,-33.5875,954.6958333333333,9.166666666666666,76.45833333333333,,186.72984139901166
2010-07-22,2010.0,203.0,7.0,22.0,-31.558333333333334,964.8958333333334,4.479166666666667,78.70833333333333,,253.96271795096462
2010-07-23,2010.0,204.0,7.0,23.0,-36.5,957.8958333333334,0.5583333333333333,73.04166666666667,,58.17254485656777
2010-07-24,2010.0,205.0,7.0,24.0,-40.2875,958.6083333333332,5.983333333333333,67.93333333333332,,202.59502707960272
2010-07-25,2010.0,206.0,7.0,25.0,-37.112500000000004,970.1166666666667,8.237499999999999,71.64999999999999,,220.4676140560768
2010-07-26,2010.0,207.0,7.0,26.0,-34.75416666666667,973.0500000000001,10.433333333333334,74.44583333333334,,211.89453843646672
2010-07-27,2010.0,208.0,7.0,27.0,-34.2125,976.6,8.158333333333333,75.44583333333334,,199.53826630439772
2010-07-28,2010.0,209.0,7.0,28.0,-39.225,981.0041666666666,8.262500000000001,69.27499999999999,,207.61206140032297
2010-07-29,2010.0,210.0,7.0,29.0,-41.93333333333333,981.8416666666667,4.095833333333333,65.41250000000001,,190.78123036482953
2010-07-30,2010.0,211.0,7.0,30.0,-41.71666666666667,972.2375000000001,4.804166666666666,66.53750000000001,,202.11731255203247
2010-07-31,2010.0,212.0,7.0,31.0,-45.854166666666664,985.1999999999999,4.483333333333333,60.574999999999996,,148.90046414551944
2010-08-01,2010.0,213.0,8.0,1.0,-45.39166666666667,984.0500000000001,4.2043478260869565,60.80833333333334,,204.44398149560064
2010-08-02,2010.0,214.0,8.0,2.0,-40.449999999999996,970.9208333333332,3.204166666666667,67.33333333333333,,231.72739252916327
2010-08-03,2010.0,215.0,8.0,3.0,-39.516666666666666,960.2166666666667,2.629166666666667,68.43333333333332,,260.9063287119384
2010-08-04,2010.0,216.0,8.0,4.0,-27.52916666666667,954.6625,9.791666666666666,83.62083333333334,,258.00795693421765
2010-08-05,2010.0,217.0,8.0,5.0,-27.15833333333333,971.3375,8.333333333333334,83.92083333333333,,231.75576926758836
2010-08-06,2010.0,218.0,8.0,6.0,-22.84583333333333,975.2666666666668,13.75,88.79583333333333,,215.09131744616332
2010-08-07,2010.0,219.0,8.0,7.0,-26.433333333333334,982.6416666666668,13.354166666666666,82.325,,211.54570147011577
2010-08-08,2010.0,220.0,8.0,8.0,-33.895833333333336,977.7375000000001,6.554166666666667,75.39166666666667,,227.6155046575657
2010-08-09,2010.0,221.0,8.0,9.0,-34.00833333333333,970.4375,7.2749999999999995,75.82083333333334,,225.6833013666669
2010-08-10,2010.0,222.0,8.0,10.0,-34.4375,972.3708333333334,7.866666666666667,75.1875,,207.39150548698473
2010-08-11,2010.0,223.0,8.0,11.0,-26.729166666666668,966.2708333333334,6.004166666666666,84.175,,223.15300783894477
2010-08-12,2010.0,224.0,8.0,12.0,-39.90416666666667,971.0375,5.291666666666667,68.5625,,154.30944047193935
2010-08-13,2010.0,225.0,8.0,13.0,-45.2875,962.7208333333333,3.6166666666666667,61.90416666666667,,186.8880757957577
2010-08-14,2010.0,226.0,8.0,14.0,-40.112500000000004,979.1083333333332,10.229166666666666,67.78333333333333,,212.97892106622132
2010-08-15,2010.0,227.0,8.0,15.0,-38.141666666666666,979.3458333333333,3.1374999999999997,70.89999999999999,,220.787298909408
2010-08-16,2010.0,228.0,8.0,16.0,-29.270833333333332,977.1374999999999,3.2416666666666667,80.60833333333333,,266.7587403540332
2010-08-17,2010.0,229.0,8.0,17.0,-33.645833333333336,956.7166666666667,4.945833333333334,76.3625,,183.95416809936881
2010-08-18,2010.0,230.0,8.0,18.0,-34.979166666666664,958.2958333333332,10.2875,74.66666666666667,,196.67297915418627
2010-08-19,2010.0,231.0,8.0,19.0,-33.324999999999996,962.4458333333333,1.8083333333333333,76.425,,249.69525040348262
2010-08-20,2010.0,232.0,8.0,20.0,-34.083333333333336,968.1999999999999,3.0208333333333335,75.66250000000001,,84.21518421595587
2010-08-21,2010.0,233.0,8.0,21.0,-39.30416666666667,979.125,2.3833333333333333,69.11666666666666,,125.52160617768992
2010-08-22,2010.0,234.0,8.0,22.0,-34.045833333333334,985.0833333333334,2.125,75.325,,114.30567351030797
2010-08-23,2010.0,235.0,8.0,23.0,-29.925,985.9833333333332,6.120833333333334,80.67083333333333,,187.56729225908197
2010-08-24,2010.0,236.0,8.0,24.0,-34.237500000000004,975.5666666666666,2.8791666666666664,75.70833333333333,,29.587963208153408
2010-08-25,2010.0,237.0,8.0,25.0,-32.083333333333336,984.5291666666667,12.241666666666667,78.10416666666667,,205.61943679208758
2010-08-26,2010.0,238.0,8.0,26.0,-30.150000000000002,989.75,3.7708333333333335,80.8125,,103.58652715421393
2010-08-27,2010.0,239.0,8.0,27.0,-33.762499999999996,992.25,2.7600000000000002,76.19166666666666,,205.19262341586642
2010-08-28,2010.0,240.0,8.0,28.0,-36.987500000000004,989.2791666666667,0.0,71.91666666666667,,0.0
2010-08-29,2010.0,241.0,8.0,29.0,-35.324999999999996,975.3416666666667,0.0,73.96666666666667,,0.0
2010-08-30,2010.0,242.0,8.0,30.0,-42.141666666666666,977.9333333333334,0.0,65.50416666666666,,0.0
2010-08-31,2010.0,243.0,8.0,31.0,-38.79565217391304,981.7624999999999,0.0,69.96249999999999,,0.0
2010-09-01,2010.0,244.0,9.0,1.0,-41.77727272727273,980.7608695652174,0.0,66.1608695652174,,0.0
2010-09-02,2010.0,245.0,9.0,2.0,-40.775,972.8958333333334,0.0,66.94583333333334,,0.0
2010-09-03,2010.0,246.0,9.0,3.0,-29.945833333333336,971.3375,6.858333333333333,80.625,,237.90312941917827
2010-09-04,2010.0,247.0,9.0,4.0,-34.97083333333333,986.1833333333334,8.137500000000001,74.69166666666666,,192.14538960911423
2010-09-05,2010.0,248.0,9.0,5.0,-41.9125,977.3375,0.0,65.61666666666666,,0.0
2010-09-06,2010.0,249.0,9.0,6.0,-41.32272727272727,954.2583333333333,1.2791666666666668,67.79583333333333,,353.1083498112712
2010-09-07,2010.0,250.0,9.0,7.0,-38.112500000000004,974.3249999999999,11.270833333333334,70.47083333333333,,197.19191907298853
2010-09-08,2010.0,251.0,9.0,8.0,-36.25,971.0166666666668,6.254166666666666,72.73333333333333,,252.51938982135243
2010-09-09,2010.0,252.0,9.0,9.0,-38.15,954.7916666666666,4.220833333333333,71.21249999999999,,326.8028528011944
2010-09-10,2010.0,253.0,9.0,10.0,-39.170833333333334,985.6916666666666,10.238888888888889,69.28750000000001,,189.20651412644105
2010-09-11,2010.0,254.0,9.0,11.0,-32.449999999999996,995.1458333333334,3.175,77.48333333333333,,355.5043559020675
2010-09-12,2010.0,255.0,9.0,12.0,-37.21666666666667,981.6625,11.945833333333333,71.50416666666666,,197.95179706685607
2010-09-13,2010.0,256.0,9.0,13.0,-39.979166666666664,973.3708333333334,10.833333333333334,66.46666666666667,,222.849875256261
2010-09-14,2010.0,257.0,9.0,14.0,-44.583333333333336,977.6625,3.1916666666666664,59.76666666666667,,234.05729148624204
2010-09-15,2010.0,258.0,9.0,15.0,-28.65833333333333,981.2666666666668,5.858333333333333,77.27083333333333,,234.589940807276
2010-09-16,2010.0,259.0,9.0,16.0,-22.462500000000002,984.0458333333332,10.762500000000001,85.45833333333333,,204.1249446969426
2010-09-17,2010.0,260.0,9.0,17.0,-28.875,982.9875000000001,10.808333333333332,75.97500000000001,,194.7894300394111
2010-09-18,2010.0,261.0,9.0,18.0,-34.1875,984.1916666666666,7.995833333333334,71.73333333333333,,193.22548536744912
2010-09-19,2010.0,262.0,9.0,19.0,-34.84166666666667,981.7375000000001,11.629166666666668,71.00416666666666,,211.5620550590225
2010-09-20,2010.0,263.0,9.0,20.0,-26.224999999999998,978.3916666666668,19.079166666666666,83.47916666666667,,217.25627431909788
2010-09-21,2010.0,264.0,9.0,21.0,-20.033333333333335,977.3249999999999,15.691666666666668,90.8,,215.25096995254066
2010-09-22,2010.0,265.0,9.0,22.0,-21.724999999999998,988.2416666666667,4.476190476190476,87.25416666666666,,212.65023155702335
2010-09-23,2010.0,266.0,9.0,23.0,-24.883333333333336,996.7416666666667,,83.62083333333334,,
2010-09-24,2010.0,267.0,9.0,24.0,-30.458333333333332,993.6291666666666,,78.0125,,
2010-09-25,2010.0,268.0,9.0,25.0,-30.133333333333336,995.025,,75.22500000000001,,
2010-09-26,2010.0,269.0,9.0,26.0,-32.0,999.5666666666666,,72.90416666666667,,
2010-09-27,2010.0,270.0,9.0,27.0,-37.483333333333334,1000.0124999999999,,68.1875,,
2010-09-28,2010.0,271.0,9.0,28.0,-29.854166666666668,993.6666666666666,,72.27499999999999,,
2010-09-29,2010.0,272.0,9.0,29.0,-29.275000000000002,982.4125,,76.49583333333334,,
2010-09-30,2010.0,273.0,9.0,30.0,-31.275000000000002,972.0916666666667,,73.8,,
2010-10-01,2010.0,274.0,10.0,1.0,-26.570833333333336,973.6458333333334,15.200000000000001,80.53750000000001,,213.65741448933088
2010-10-02,2010.0,275.0,10.0,2.0,-22.504166666666666,975.1750000000001,14.458333333333334,86.34166666666665,,218.27567191872734
2010-10-03,2010.0,276.0,10.0,3.0,-21.045833333333334,975.1208333333334,9.708333333333334,85.77083333333333,,210.54824853750662
2010-10-04,2010.0,277.0,10.0,4.0,-20.270833333333332,973.5208333333334,12.029166666666667,83.78333333333333,,211.65561039695828
2010-10-05,2010.0,278.0,10.0,5.0,-24.325,978.3458333333333,15.15,83.25,,211.7680282450463
2010-10-06,2010.0,279.0,10.0,6.0,-15.262500000000001,986.7833333333333,10.904166666666667,88.2375,,234.2310884381983
2010-10-07,2010.0,280.0,10.0,7.0,-19.545833333333334,996.2166666666667,6.9750000000000005,87.125,,209.9602811875853
2010-10-08,2010.0,281.0,10.0,8.0,-18.087500000000002,990.4083333333333,5.583333333333333,84.52499999999999,,219.2063195899035
2010-10-09,2010.0,282.0,10.0,9.0,-21.008333333333333,976.4125,7.625,79.45833333333333,,203.7440937246328
2010-10-10,2010.0,283.0,10.0,10.0,-24.766666666666666,971.9250000000001,7.045833333333333,75.59166666666667,,182.32404193215842
2010-10-11,2010.0,284.0,10.0,11.0,-25.675,966.8166666666666,6.8374999999999995,80.19166666666666,,223.3376092385824
2010-10-12,2010.0,285.0,10.0,12.0,-27.920833333333334,963.7208333333333,8.320833333333333,74.29583333333333,,195.2154495385764
2010-10-13,2010.0,286.0,10.0,13.0,-21.8125,970.2791666666667,11.108333333333334,83.77499999999999,,206.86101518680354
2010-10-14,2010.0,287.0,10.0,14.0,-24.504166666666666,979.9125,6.933333333333334,74.82083333333334,,208.45463273591983
2010-10-15,2010.0,288.0,10.0,15.0,-26.339130434782607,978.2291666666666,,65.21666666666667,,
2010-10-16,2010.0,289.0,10.0,16.0,-24.813636363636363,970.3625000000001,,77.10000000000001,,
2010-10-17,2010.0,290.0,10.0,17.0,-27.650000000000002,977.0458333333332,6.642857142857143,62.15833333333333,,192.2841485063664
2010-10-18,2010.0,291.0,10.0,18.0,-28.337500000000002,981.775,5.220833333333333,62.06666666666666,,222.53641035112898
2010-10-19,2010.0,292.0,10.0,19.0,-26.391666666666666,979.0958333333333,3.108333333333333,59.07916666666667,,230.0975361236367
2010-10-20,2010.0,293.0,10.0,20.0,-17.4375,974.1,5.870833333333334,79.96249999999999,,246.10917045354205
2010-10-21,2010.0,294.0,10.0,21.0,-17.370833333333334,972.9625,3.5500000000000003,79.59166666666667,,287.75139869821714
2010-10-22,2010.0,295.0,10.0,22.0,-17.845833333333335,973.2791666666667,3.079166666666667,80.675,,234.7301413615266
2010-10-23,2010.0,296.0,10.0,23.0,-23.213043478260868,971.0083333333333,1.8333333333333333,74.16250000000001,,165.98609174521619
2010-10-24,2010.0,297.0,10.0,24.0,-23.6125,972.2333333333332,2.591666666666667,78.84166666666667,,176.66658130928036
2010-10-25,2010.0,298.0,10.0,25.0,-25.695833333333336,978.3791666666666,3.0208333333333335,70.87083333333334,,155.5771644192286
2010-10-26,2010.0,299.0,10.0,26.0,-23.7,978.1750000000001,2.629166666666667,75.03333333333333,,149.0837843561884
2010-10-27,2010.0,300.0,10.0,27.0,-22.291666666666668,969.3125,3.2875,70.65416666666667,,177.4171335766333
2010-10-28,2010.0,301.0,10.0,28.0,-22.75,971.4375,3.975,75.78333333333333,,235.5323231396411
2010-10-29,2010.0,302.0,10.0,29.0,-21.14782608695652,979.1083333333332,3.341666666666667,71.8875,,282.34935223788193
2010-10-30,2010.0,303.0,10.0,30.0,-22.645833333333332,975.6791666666667,3.1333333333333333,68.47500000000001,,255.0901025577552
2010-10-31,2010.0,304.0,10.0,31.0,-17.995833333333334,963.5458333333332,4.125,72.29565217391304,,30.528792696703196
2010-11-01,2010.0,305.0,11.0,1.0,-20.666666666666668,960.4583333333334,15.4,78.71666666666667,,211.1927344392031
2010-11-02,2010.0,306.0,11.0,2.0,-17.695833333333333,974.7291666666666,14.4375,75.95416666666667,,223.34461823225874
2010-11-03,2010.0,307.0,11.0,3.0,-14.112499999999999,979.3958333333334,12.129166666666668,68.82083333333334,,227.00414103296944
2010-11-04,2010.0,308.0,11.0,4.0,-16.608333333333334,982.0291666666667,15.633333333333333,79.52083333333333,,211.70018409904372
2010-11-05,2010.0,309.0,11.0,5.0,-15.570833333333333,984.3583333333332,14.9625,69.12916666666666,,225.59308616055122
2010-11-06,2010.0,310.0,11.0,6.0,-10.995833333333332,972.8249999999999,12.820833333333333,66.95833333333333,,232.88235673314875
2010-11-07,2010.0,311.0,11.0,7.0,-12.520833333333334,969.0500000000001,6.2625,60.29583333333333,,221.84262336888534
2010-11-08,2010.0,312.0,11.0,8.0,-12.141666666666666,984.0541666666667,6.5625,71.42916666666666,,232.87525029002614
2010-11-09,2010.0,313.0,11.0,9.0,-11.93913043478261,988.6625,2.3333333333333335,61.787499999999994,,234.99091862574227
2010-11-10,2010.0,314.0,11.0,10.0,-10.439130434782609,978.2125,5.0625,68.59166666666667,,226.68574130498874
2010-11-11,2010.0,315.0,11.0,11.0,-9.808333333333334,970.6291666666666,5.158333333333333,75.74166666666666,,249.38128799311613
2010-11-12,2010.0,316.0,11.0,12.0,-11.666666666666666,973.1125000000001,2.525,61.666666666666664,,188.40620457459084
2010-11-13,2010.0,317.0,11.0,13.0,-10.829166666666666,971.2416666666667,5.379166666666666,72.10000000000001,,226.50826715860643
2010-11-14,2010.0,318.0,11.0,14.0,-13.391666666666666,971.5666666666666,9.979166666666666,69.125,,217.45241723621686
2010-11-15,2010.0,319.0,11.0,15.0,-15.870833333333332,969.5208333333334,8.725,74.37083333333334,,209.51417898084748
2010-11-16,2010.0,320.0,11.0,16.0,-11.219047619047618,971.3874999999999,1.5791666666666666,54.550000000000004,,110.73987238902991
2010-11-17,2010.0,321.0,11.0,17.0,-9.245833333333334,976.5124999999999,2.1625,62.020833333333336,,279.95316969525066
2010-11-18,2010.0,322.0,11.0,18.0,-8.647826086956522,979.3249999999999,3.295833333333333,62.262499999999996,,230.7117913640126
2010-11-19,2010.0,323.0,11.0,19.0,-14.945833333333333,976.3583333333332,3.4625,68.57083333333334,,154.411251860403
2010-11-20,2010.0,324.0,11.0,20.0,-17.091666666666665,974.1,4.416666666666667,74.15416666666667,,203.69570459334363
2010-11-21,2010.0,325.0,11.0,21.0,-13.979166666666666,971.2624999999999,5.804166666666667,61.87083333333334,,209.98411261425846
2010-11-22,2010.0,326.0,11.0,22.0,-13.700000000000001,974.5416666666666,4.054166666666666,60.145833333333336,,228.42683274647587
2010-11-23,2010.0,327.0,11.0,23.0,-12.862499999999999,976.9708333333333,2.620833333333333,51.63333333333333,,214.6711404990383
2010-11-24,2010.0,328.0,11.0,24.0,-13.987499999999999,976.9333333333334,2.908333333333333,54.84166666666667,,193.8405193477926
2010-11-25,2010.0,329.0,11.0,25.0,-8.178260869565218,977.2791666666667,1.625,63.626086956521746,,48.29013368617467
2010-11-26,2010.0,330.0,11.0,26.0,-11.121739130434783,975.7583333333333,4.4125000000000005,71.39583333333333,,226.6243574281659
2010-11-27,2010.0,331.0,11.0,27.0,-12.804166666666667,976.2583333333333,4.808333333333334,66.95833333333333,,208.98953036565914
2010-11-28,2010.0,332.0,11.0,28.0,-9.904347826086957,969.5333333333333,1.6166666666666665,46.57083333333333,,104.30399221129133
2010-11-29,2010.0,333.0,11.0,29.0,-11.6625,967.15,4.704166666666667,68.60416666666667,,164.54845958546875
2010-11-30,2010.0,334.0,11.0,30.0,-15.0375,968.7541666666666,4.325,61.92916666666667,,207.47853056655342
2010-12-01,2010.0,335.0,12.0,1.0,-12.916666666666666,970.9875000000001,14.487499999999999,86.14999999999999,,221.37449410177578
2010-12-02,2010.0,336.0,12.0,2.0,-12.316666666666668,974.3249999999999,10.845833333333333,79.30416666666666,,216.72270744987972
2010-12-03,2010.0,337.0,12.0,3.0,-9.137500000000001,977.3916666666668,12.120833333333332,90.43333333333334,,216.33103552204628
2010-12-04,2010.0,338.0,12.0,4.0,-9.0625,981.0749999999999,11.008333333333333,90.19166666666666,,215.36772909180823
2010-12-05,2010.0,339.0,12.0,5.0,-9.116666666666667,985.9708333333333,10.170833333333333,87.37083333333334,,208.08483814196856
2010-12-06,2010.0,340.0,12.0,6.0,-9.799999999999999,989.9333333333334,6.9125000000000005,72.2625,,216.5839626230641
2010-12-07,2010.0,341.0,12.0,7.0,-7.616666666666667,997.4333333333334,10.0375,70.8125,,228.23801765723528
2010-12-08,2010.0,342.0,12.0,8.0,-7.7250000000000005,1006.2375000000001,10.924999999999999,75.97500000000001,,212.46802089914473
2010-12-09,2010.0,343.0,12.0,9.0,-5.0260869565217385,1006.1208333333334,5.2625,68.10000000000001,,266.797904699753
2010-12-10,2010.0,344.0,12.0,10.0,-3.5124999999999997,985.1833333333334,8.1,63.083333333333336,,226.51026405875217
2010-12-11,2010.0,345.0,12.0,11.0,-4.583333333333333,980.4958333333334,7.504166666666666,63.37916666666666,,221.30943186594686
2010-12-12,2010.0,346.0,12.0,12.0,-6.2375,986.8916666666668,11.066666666666668,83.77499999999999,,209.1862897048545
2010-12-13,2010.0,347.0,12.0,13.0,-5.7875000000000005,991.4125,3.2541666666666664,66.25,,187.70357715232555
2010-12-14,2010.0,348.0,12.0,14.0,-3.430434782608696,989.5416666666666,2.225,65.69166666666666,,309.94911979086123
2010-12-15,2010.0,349.0,12.0,15.0,-8.683333333333334,993.9958333333334,9.170833333333333,80.60833333333333,,204.57822734478773
2010-12-16,2010.0,350.0,12.0,16.0,-5.029166666666667,990.2541666666666,4.820833333333334,77.47083333333333,,299.28011754771967
2010-12-17,2010.0,351.0,12.0,17.0,-2.5375,985.3791666666666,4.404166666666667,79.91666666666667,,350.1331069812388
2010-12-18,2010.0,352.0,12.0,18.0,-5.965217391304347,989.3249999999999,1.9875,64.92083333333333,,157.09133963453982
2010-12-19,2010.0,353.0,12.0,19.0,-4.127272727272727,986.625,1.3333333333333333,65.87916666666666,,185.16043673046818
2010-12-20,2010.0,354.0,12.0,20.0,-1.366666666666667,983.9833333333332,3.15,71.10833333333333,,339.0043994798824
2010-12-21,2010.0,355.0,12.0,21.0,-4.409523809523809,985.2833333333333,1.8708333333333333,60.49166666666667,,195.32514880913837
2010-12-22,2010.0,356.0,12.0,22.0,-5.233333333333333,989.2541666666666,1.9166666666666667,74.09166666666667,,149.91129808379145
2010-12-23,2010.0,357.0,12.0,23.0,-6.216666666666666,993.8958333333334,2.625,77.10416666666667,,149.18940516613614
2010-12-24,2010.0,358.0,12.0,24.0,-6.033333333333334,995.4708333333333,2.225,68.74166666666666,,207.82102564580853
2010-12-25,2010.0,359.0,12.0,25.0,-5.554166666666667,994.5291666666667,5.125,73.89999999999999,,196.1147007672271
2010-12-26,2010.0,360.0,12.0,26.0,-7.533333333333334,994.2624999999999,5.916666666666667,82.21304347826087,,169.68865327253403
2010-12-27,2010.0,361.0,12.0,27.0,-3.973913043478261,992.7041666666668,3.85,72.94166666666666,,174.03395136220485
2010-12-28,2010.0,362.0,12.0,28.0,-4.308333333333334,994.9166666666666,4.058333333333334,78.52499999999999,,159.64063342852373
2010-12-29,2010.0,363.0,12.0,29.0,-5.05,991.0291666666667,2.720833333333333,64.59583333333333,,170.2930626284903
2010-12-30,2010.0,364.0,12.0,30.0,-8.370833333333334,989.8583333333332,4.729166666666667,80.76666666666667,,173.08237464472356
2010-12-31,2010.0,365.0,12.0,31.0,-7.291666666666667,990.2125,3.9958333333333336,75.17083333333333,,199.79886337485982
2011-01-01,2011.0,1.0,1.0,1.0,-6.7272727272727275,988.8666666666667,2.5833333333333335,60.74166666666667,,167.40698350148122
2011-01-02,2011.0,2.0,1.0,2.0,-5.9375,990.475,3.0749999999999997,73.42916666666666,,120.08549547695067
2011-01-03,2011.0,3.0,1.0,3.0,-5.0625,988.2624999999999,2.3041666666666667,73.19583333333334,,134.73052648637452
2011-01-04,2011.0,4.0,1.0,4.0,-5.6000000000000005,984.3874999999999,1.7916666666666667,66.82083333333334,,201.69085695130977
2011-01-05,2011.0,5.0,1.0,5.0,-4.670833333333333,983.7833333333333,2.9416666666666664,78.98260869565217,,163.4149707155953
2011-01-06,2011.0,6.0,1.0,6.0,-5.004166666666666,986.1208333333334,2.5875,72.1086956521739,,193.0082279377199
2011-01-07,2011.0,7.0,1.0,7.0,-6.386956521739131,988.475,3.7875,74.60833333333333,,203.26063880235066
2011-01-08,2011.0,8.0,1.0,8.0,-7.3500000000000005,990.0625,6.416666666666667,81.35000000000001,,209.09490226162265
2011-01-09,2011.0,9.0,1.0,9.0,-3.8208333333333333,991.5749999999999,2.3916666666666666,74.75833333333334,,114.43969557166103
2011-01-10,2011.0,10.0,1.0,10.0,-4.8545454545454545,991.1541666666667,3.1625,67.7,,167.78520354724674
2011-01-11,2011.0,11.0,1.0,11.0,-8.133333333333333,994.2541666666666,5.620833333333334,72.925,,205.50798794012616
2011-01-12,2011.0,12.0,1.0,12.0,-7.408333333333334,988.3541666666666,8.016666666666667,83.0625,,208.38426453584154
2011-01-13,2011.0,13.0,1.0,13.0,-5.541666666666667,984.9041666666667,8.658333333333333,90.45714285714286,,203.37379156330516
2011-01-14,2011.0,14.0,1.0,14.0,-5.779166666666666,991.6208333333334,8.270833333333334,90.22173913043478,,195.13708661799595
2011-01-15,2011.0,15.0,1.0,15.0,-7.25,996.7458333333334,6.541666666666667,84.37916666666666,,192.86518186919213
2011-01-16,2011.0,16.0,1.0,16.0,-6.5125,995.4958333333334,8.1625,75.19166666666666,,214.99234374420598
2011-01-17,2011.0,17.0,1.0,17.0,-4.891666666666667,999.5749999999999,4.358333333333333,65.49583333333334,,207.58646058779766
2011-01-18,2011.0,18.0,1.0,18.0,-4.4399999999999995,1000.5291666666667,2.191666666666667,62.520833333333336,,255.46075438257853
2011-01-19,2011.0,19.0,1.0,19.0,-4.7,1000.5625,1.7125000000000001,67.01666666666667,,242.27612886868934
2011-01-20,2011.0,20.0,1.0,20.0,-3.895652173913043,997.1583333333333,1.7375,75.82083333333334,,67.11304403896311
2011-01-21,2011.0,21.0,1.0,21.0,-7.2749999999999995,992.9458333333333,3.920833333333333,76.13333333333334,,172.01434138461295
2011-01-22,2011.0,22.0,1.0,22.0,-10.704166666666666,988.5416666666666,4.329166666666667,73.07083333333334,,114.88344606407313
2011-01-23,2011.0,23.0,1.0,23.0,-12.9,989.7958333333332,3.9499999999999997,81.60000000000001,,142.6861020190866
2011-01-24,2011.0,24.0,1.0,24.0,-13.622727272727273,990.0375,1.8083333333333333,69.53333333333333,,112.71198908728
2011-01-25,2011.0,25.0,1.0,25.0,-12.820833333333333,990.625,3.483333333333333,77.94583333333334,,127.33516567615938
2011-01-26,2011.0,26.0,1.0,26.0,-11.987499999999999,995.8958333333334,6.529166666666666,85.53333333333335,,181.19457700664208
2011-01-27,2011.0,27.0,1.0,27.0,-8.012500000000001,995.6374999999999,1.5875000000000001,69.91666666666667,,304.494762783699
2011-01-28,2011.0,28.0,1.0,28.0,-7.1521739130434785,988.7083333333334,1.7583333333333335,73.00416666666666,,119.47042842687533
2011-01-29,2011.0,29.0,1.0,29.0,-10.799999999999999,989.0500000000001,3.8666666666666667,76.9875,,166.00262094084147
2011-01-30,2011.0,30.0,1.0,30.0,-11.608333333333334,992.5083333333333,4.841666666666667,84.62916666666666,,195.70700056637347
2011-01-31,2011.0,31.0,1.0,31.0,-14.566666666666668,993.5333333333333,4.079166666666667,80.9375,,155.79489849124792
2011-02-01,2011.0,32.0,2.0,1.0,-17.070833333333333,991.9208333333332,2.404166666666667,73.45,,157.0396987756536
2011-02-02,2011.0,33.0,2.0,2.0,-15.016666666666666,988.4,2.529166666666667,70.24166666666666,,134.76346176175022
2011-02-03,2011.0,34.0,2.0,3.0,-15.975,989.4583333333334,4.016666666666667,74.90416666666667,,188.61399999410685
2011-02-04,2011.0,35.0,2.0,4.0,-13.391304347826088,986.0708333333333,1.945833333333333,60.00833333333333,,195.82249597077657
2011-02-05,2011.0,36.0,2.0,5.0,-12.388235294117647,984.8916666666668,1.7083333333333333,58.75,,213.84042116073007
2011-02-06,2011.0,37.0,2.0,6.0,-12.487499999999999,991.7333333333332,5.579166666666667,75.72500000000001,,195.25925501335567
2011-02-07,2011.0,38.0,2.0,7.0,-7.217391304347826,986.4333333333334,4.1499999999999995,77.60000000000001,,58.77097752421898
2011-02-08,2011.0,39.0,2.0,8.0,-10.229166666666666,985.4458333333333,6.916666666666667,87.24166666666667,,162.80742509739983
2011-02-09,2011.0,40.0,2.0,9.0,-13.286363636363637,986.7583333333333,3.0416666666666665,76.45,,185.45654827565207
2011-02-10,2011.0,41.0,2.0,10.0,-15.670833333333334,982.3458333333333,3.8000000000000003,79.0,,149.03388312531487
2011-02-11,2011.0,42.0,2.0,11.0,-19.479166666666668,989.9625,3.6833333333333336,76.9375,,183.64478821733454
2011-02-12,2011.0,43.0,2.0,12.0,-18.4125,994.4958333333334,2.5166666666666666,68.22500000000001,,185.56748550700652
2011-02-13,2011.0,44.0,2.0,13.0,-19.6375,990.9,3.5375,68.08749999999999,,189.40547889152117
2011-02-14,2011.0,45.0,2.0,14.0,-18.016666666666666,985.2708333333334,4.375,63.74583333333334,,198.04762292887148
2011-02-15,2011.0,46.0,2.0,15.0,-17.520833333333332,990.6875,6.904166666666666,78.27916666666667,,189.48488568169327
2011-02-16,2011.0,47.0,2.0,16.0,-13.108333333333334,986.6500000000001,5.2124999999999995,72.02083333333333,,226.58546446456967
2011-02-17,2011.0,48.0,2.0,17.0,-13.133333333333333,975.2458333333334,5.816666666666666,71.84166666666667,,235.53424836461494
2011-02-18,2011.0,49.0,2.0,18.0,-14.775,971.775,10.2875,86.04583333333333,,197.02983296919825
2011-02-19,2011.0,50.0,2.0,19.0,-12.929166666666667,982.9250000000001,8.658333333333333,90.90416666666665,,203.33315287657678
2011-02-20,2011.0,51.0,2.0,20.0,-12.118181818181819,985.0583333333334,2.533333333333333,79.7,,297.1912758647601
2011-02-21,2011.0,52.0,2.0,21.0,-13.5875,989.5041666666666,8.6,86.33333333333333,,202.3317639445175
2011-02-22,2011.0,53.0,2.0,22.0,-15.591666666666667,985.25,17.983333333333334,93.60833333333333,,198.99595066751897
2011-02-23,2011.0,54.0,2.0,23.0,-14.879166666666668,980.2458333333334,14.6875,92.47083333333335,,219.99622511160572
2011-02-24,2011.0,55.0,2.0,24.0,-16.59130434782609,975.7624999999999,3.358333333333333,86.07916666666667,,208.26774220315448
2011-02-25,2011.0,56.0,2.0,25.0,-23.61904761904762,979.5708333333333,0.008333333333333333,71.33333333333333,,2.4803448073150425
2011-02-26,2011.0,57.0,2.0,26.0,-24.879166666666666,985.8208333333333,0.0,76.47500000000001,,0.0
2011-02-27,2011.0,58.0,2.0,27.0,-26.308333333333334,986.0791666666668,0.0,69.41250000000001,,0.0
2011-02-28,2011.0,59.0,2.0,28.0,-25.816666666666666,987.4958333333334,3.5500000000000003,73.89583333333333,,331.3601564184799
2011-03-01,2011.0,60.0,3.0,1.0,-19.733333333333334,994.9541666666668,10.266666666666667,86.50416666666666,,201.86212842620844
2011-03-02,2011.0,61.0,3.0,2.0,-21.454166666666666,995.3333333333334,4.0874999999999995,72.7625,,187.0796622092858
2011-03-03,2011.0,62.0,3.0,3.0,-22.462500000000002,981.8833333333333,4.841666666666667,76.15416666666667,,190.66899852426653
2011-03-04,2011.0,63.0,3.0,4.0,-20.666666666666668,973.1333333333333,3.1999999999999997,75.97500000000001,,179.66069431829413
2011-03-05,2011.0,64.0,3.0,5.0,-19.495,974.1791666666667,1.075,80.91250000000001,,90.0353605955235
2011-03-06,2011.0,65.0,3.0,6.0,-18.320833333333333,981.4791666666666,2.5124999999999997,81.99166666666666,,135.5804390198194
2011-03-07,2011.0,66.0,3.0,7.0,-20.454166666666666,985.9416666666666,11.049999999999999,87.27499999999999,,195.28640286823781
2011-03-08,2011.0,67.0,3.0,8.0,-20.508333333333333,994.6083333333332,8.125,80.425,,219.66318822420678
2011-03-09,2011.0,68.0,3.0,9.0,-22.633333333333336,996.0416666666666,5.829166666666667,73.94583333333334,,195.6795883514569
2011-03-10,2011.0,69.0,3.0,10.0,-23.520833333333332,987.75,5.904166666666666,76.90833333333333,,202.27368886834662
2011-03-11,2011.0,70.0,3.0,11.0,-17.400000000000002,977.2208333333333,6.483333333333333,85.14999999999999,,219.82609702000715
2011-03-12,2011.0,71.0,3.0,12.0,-18.287499999999998,976.7958333333332,6.308333333333334,82.38333333333334,,298.6853726453642
2011-03-13,2011.0,72.0,3.0,13.0,-23.754166666666666,983.15,7.3999999999999995,83.78750000000001,,169.18799798469303
2011-03-14,2011.0,73.0,3.0,14.0,-30.070833333333336,982.5625,5.904166666666666,75.38333333333334,,199.47136870031758
2011-03-15,2011.0,74.0,3.0,15.0,-29.912499999999998,985.8666666666667,4.008333333333334,69.96666666666667,,212.58247980497555
2011-03-16,2011.0,75.0,3.0,16.0,-27.141666666666666,994.7666666666668,2.8249999999999997,67.96666666666667,,120.87873651043567
2011-03-17,2011.0,76.0,3.0,17.0,-21.525000000000002,993.1291666666666,2.4625,80.87083333333334,,223.32338665836187
2011-03-18,2011.0,77.0,3.0,18.0,-27.5,994.9833333333332,8.225,77.83749999999999,,195.5754939061482
2011-03-19,2011.0,78.0,3.0,19.0,-27.4375,997.6958333333333,15.504166666666668,81.44583333333334,,212.9009685597723
2011-03-20,2011.0,79.0,3.0,20.0,-25.425,992.7541666666666,17.258333333333333,84.43333333333334,,215.19359935904473
2011-03-21,2011.0,80.0,3.0,21.0,-17.283333333333335,989.5,15.283333333333333,92.79583333333333,,217.08800733915288
2011-03-22,2011.0,81.0,3.0,22.0,-16.779166666666665,992.2791666666667,12.5625,88.68333333333334,,214.3223377234676
2011-03-23,2011.0,82.0,3.0,23.0,-15.875,992.65,12.870833333333332,90.73333333333333,,210.50172648053842
2011-03-24,2011.0,83.0,3.0,24.0,-16.75,1001.6166666666667,9.5875,84.82083333333334,,219.39214398373628
2011-03-25,2011.0,84.0,3.0,25.0,-23.054166666666664,1007.6458333333334,4.720833333333333,80.14166666666667,,198.82418709089626
2011-03-26,2011.0,85.0,3.0,26.0,-21.61304347826087,998.2083333333334,2.1374999999999997,87.60000000000001,,200.74401818176267
2011-03-27,2011.0,86.0,3.0,27.0,-26.1375,996.6458333333334,6.95,77.79166666666667,,218.16162537774122
2011-03-28,2011.0,87.0,3.0,28.0,-27.75,996.775,2.9583333333333335,73.175,,247.1766689685593
2011-03-29,2011.0,88.0,3.0,29.0,-25.21666666666667,995.3375,2.8000000000000003,76.91250000000001,,196.20873598298797
2011-03-30,2011.0,89.0,3.0,30.0,-27.15416666666667,1000.125,5.591666666666666,74.25833333333334,,218.9160561387739
2011-03-31,2011.0,90.0,3.0,31.0,-24.65416666666667,999.6958333333333,7.858333333333333,83.83333333333333,,197.36111501102877
2011-04-01,2011.0,91.0,4.0,1.0,-29.358333333333334,993.0375,3.1166666666666667,80.07083333333334,,168.72590316064142
2011-04-02,2011.0,92.0,4.0,2.0,-26.75833333333333,994.475,5.816666666666666,82.12916666666666,,169.61431694586886
2011-04-03,2011.0,93.0,4.0,3.0,-29.537499999999998,1002.0333333333333,1.825,79.5375,,206.510338162893
2011-04-04,2011.0,94.0,4.0,4.0,-30.754166666666666,997.375,1.9916666666666665,79.41666666666667,,147.0103139158607
2011-04-05,2011.0,95.0,4.0,5.0,-32.704166666666666,995.2083333333334,1.7125000000000001,77.44583333333334,,188.44167485500816
2011-04-06,2011.0,96.0,4.0,6.0,-33.50416666666667,994.9499999999999,1.8708333333333333,76.28333333333333,,135.05244679308558
2011-04-07,2011.0,97.0,4.0,7.0,-33.31666666666667,998.3375,2.9250000000000003,75.94166666666666,,247.4850945133881
2011-04-08,2011.0,98.0,4.0,8.0,-31.84166666666667,991.4708333333333,5.1125,78.44166666666666,,136.3548021203003
2011-04-09,2011.0,99.0,4.0,9.0,-26.27916666666667,971.0583333333334,15.679166666666667,84.72916666666667,,231.2212694923068
2011-04-10,2011.0,100.0,4.0,10.0,-19.583333333333332,960.0458333333332,9.191666666666666,90.3875,,316.6637926901432
2011-04-11,2011.0,101.0,4.0,11.0,-24.575,979.1625,4.945833333333334,86.72083333333335,,21.014166819655582
2011-04-12,2011.0,102.0,4.0,12.0,-23.45,991.2041666666668,11.325000000000001,87.50833333333333,,207.7794063799711
2011-04-13,2011.0,103.0,4.0,13.0,-17.258333333333333,977.6041666666666,16.041666666666668,92.13157894736842,,220.5826988338036
2011-04-14,2011.0,104.0,4.0,14.0,-7.729166666666667,983.3291666666668,8.275,,,204.79171525578334
2011-04-15,2011.0,105.0,4.0,15.0,-8.995833333333334,996.5041666666666,10.7875,94.78333333333335,,212.1121224005461
2011-04-16,2011.0,106.0,4.0,16.0,-14.637500000000001,992.0416666666666,4.233333333333333,90.97916666666667,,182.58115687279252
2011-04-17,2011.0,107.0,4.0,17.0,-17.570833333333333,984.6374999999999,4.8374999999999995,86.45416666666667,,143.07506074249793
2011-04-18,2011.0,108.0,4.0,18.0,-24.920833333333334,990.4166666666666,6.6375,84.50833333333334,,161.67677096371304
2011-04-19,2011.0,109.0,4.0,19.0,-23.954166666666666,996.75,2.829166666666667,84.175,,124.38391483813372
2011-04-20,2011.0,110.0,4.0,20.0,-22.15833333333333,993.1083333333332,3.5083333333333333,88.81666666666666,,205.25720288804396
2011-04-21,2011.0,111.0,4.0,21.0,-34.637499999999996,992.0541666666667,7.654166666666666,75.62083333333334,,192.7903557481969
2011-04-22,2011.0,112.0,4.0,22.0,-37.72083333333333,996.9416666666666,5.829166666666667,68.67916666666666,,233.56999017697098
2011-04-23,2011.0,113.0,4.0,23.0,-35.573913043478264,997.0124999999999,3.029166666666667,72.83333333333333,,243.45410633119423
2011-04-24,2011.0,114.0,4.0,24.0,-34.82083333333333,990.7666666666668,5.9624999999999995,73.70416666666667,,222.75730077063122
2011-04-25,2011.0,115.0,4.0,25.0,-23.979166666666668,986.125,9.229166666666666,82.72916666666667,,225.976065248764
2011-04-26,2011.0,116.0,4.0,26.0,-23.766666666666666,986.8874999999999,10.158333333333333,86.53333333333335,,213.32178745383027
2011-04-27,2011.0,117.0,4.0,27.0,-34.520833333333336,984.0749999999999,3.22,75.46666666666667,,210.26318476264896
2011-04-28,2011.0,118.0,4.0,28.0,-27.962500000000002,984.8333333333334,6.664999999999999,82.83333333333333,,193.67063664570898
2011-04-29,2011.0,119.0,4.0,29.0,-30.099999999999998,987.725,6.7375,78.50416666666666,,204.36848874349087
2011-04-30,2011.0,120.0,4.0,30.0,-42.9125,992.5458333333332,2.28125,65.20416666666667,,182.75896672089743
2011-05-01,2011.0,121.0,5.0,1.0,-30.666666666666668,993.8249999999999,2.17,80.47500000000001,,318.53545998085633
2011-05-02,2011.0,122.0,5.0,2.0,-34.4625,992.5916666666667,3.141666666666667,75.75833333333334,,182.5952473079406
2011-05-03,2011.0,123.0,5.0,3.0,-34.625,992.1083333333332,2.8541666666666665,75.2375,,162.19594223203885
2011-05-04,2011.0,124.0,5.0,4.0,-35.92916666666667,989.8916666666668,4.666666666666667,73.79166666666667,,180.70350329493
2011-05-05,2011.0,125.0,5.0,5.0,-41.225,987.7083333333334,4.441666666666666,66.83749999999999,,179.45971523451698
2011-05-06,2011.0,126.0,5.0,6.0,-36.15,979.3708333333334,3.8000000000000003,73.45416666666667,,258.02205040677273
2011-05-07,2011.0,127.0,5.0,7.0,-35.1875,970.7958333333332,2.1625,74.825,,272.1779633311077
2011-05-08,2011.0,128.0,5.0,8.0,-25.3875,973.375,8.025,86.20833333333333,,227.97797968159207
2011-05-09,2011.0,129.0,5.0,9.0,-23.729166666666668,970.8874999999999,10.704166666666666,87.7,,210.94553209886232
2011-05-10,2011.0,130.0,5.0,10.0,-20.98333333333333,981.7458333333334,11.916666666666666,88.42916666666667,,221.09298208497066
2011-05-11,2011.0,131.0,5.0,11.0,-23.075,988.2125,8.254166666666666,81.3875,,212.79657843920128
2011-05-12,2011.0,132.0,5.0,12.0,-32.06956521739131,987.3541666666666,4.027777777777778,75.47500000000001,,170.79028655048987
2011-05-13,2011.0,133.0,5.0,13.0,-30.708333333333332,988.4708333333333,5.88,79.27916666666667,,205.77155931454925
2011-05-14,2011.0,134.0,5.0,14.0,-32.24166666666667,988.7708333333334,4.2625,74.12916666666666,,194.8905456769871
2011-05-15,2011.0,135.0,5.0,15.0,-28.304166666666664,984.1208333333334,1.5615384615384615,82.04166666666667,,89.68279386534061
2011-05-16,2011.0,136.0,5.0,16.0,-25.9375,984.2624999999999,1.7166666666666668,85.97083333333335,,285.95606723383986
2011-05-17,2011.0,137.0,5.0,17.0,-27.695833333333336,983.5625,12.016666666666666,83.8125,,193.18642275572972
2011-05-18,2011.0,138.0,5.0,18.0,-25.856521739130436,974.2391304347826,16.247826086956522,85.20869565217392,,214.66705012710483
2011-05-19,2011.0,139.0,5.0,19.0,-19.900000000000002,958.5166666666668,14.737499999999999,89.57083333333333,,218.05255364672112
2011-05-20,2011.0,140.0,5.0,20.0,-14.0625,955.3521739130434,16.712500000000002,98.92916666666667,,218.30247099016708
2011-05-21,2011.0,141.0,5.0,21.0,-15.483333333333334,959.6541666666667,12.362499999999999,96.8,,215.35001411227677
2011-05-22,2011.0,142.0,5.0,22.0,-21.483333333333334,964.1625,12.200000000000001,90.64166666666667,,196.52148865259906
2011-05-23,2011.0,143.0,5.0,23.0,-24.229166666666668,969.0124999999999,3.7416666666666667,87.58749999999999,,179.95196811153585
2011-05-24,2011.0,144.0,5.0,24.0,-27.91304347826087,973.8541666666666,1.425,83.89999999999999,,3.871806579359423
2011-05-25,2011.0,145.0,5.0,25.0,-27.233333333333334,977.9041666666667,10.25,84.58749999999999,,219.55023965326652
2011-05-26,2011.0,146.0,5.0,26.0,-25.441666666666666,970.5625,6.533333333333334,84.2625,,214.11857977340404
2011-05-27,2011.0,147.0,5.0,27.0,-30.77916666666667,973.6041666666666,2.5791666666666666,77.10416666666667,,185.93504681677103
2011-05-28,2011.0,148.0,5.0,28.0,-34.645833333333336,988.4083333333333,3.1208333333333336,72.27499999999999,,183.50601538035062
2011-05-29,2011.0,149.0,5.0,29.0,-34.391666666666666,986.2083333333334,2.620833333333333,75.3125,,230.4548972655684
2011-05-30,2011.0,150.0,5.0,30.0,-30.258333333333336,981.3166666666666,2.5833333333333335,80.70833333333333,,231.11425398829292
2011-05-31,2011.0,151.0,5.0,31.0,-21.545833333333334,982.8125,7.229166666666667,90.90416666666665,,211.5129590180113
2011-06-01,2011.0,152.0,6.0,1.0,-23.974999999999998,982.6875,10.729166666666666,88.27083333333333,,200.20107040459288
2011-06-02,2011.0,153.0,6.0,2.0,-27.891666666666666,982.1166666666667,10.9,83.72500000000001,,182.38236600524732
2011-06-03,2011.0,154.0,6.0,3.0,-26.59583333333333,978.6833333333334,9.533333333333333,84.22916666666667,,199.8977397267001
2011-06-04,2011.0,155.0,6.0,4.0,-23.0,983.1791666666667,6.716666666666666,86.23333333333333,,230.3257280314678
2011-06-05,2011.0,156.0,6.0,5.0,-21.34166666666667,982.0625,4.358333333333333,90.94166666666666,,248.43016892386643
2011-06-06,2011.0,157.0,6.0,6.0,-23.729166666666668,978.1291666666666,4.8875,87.79166666666667,,324.72886804620697
2011-06-07,2011.0,158.0,6.0,7.0,-26.900000000000002,978.5625,11.766666666666666,84.87916666666666,,219.85974202520293
2011-06-08,2011.0,159.0,6.0,8.0,-16.554166666666667,969.8375,9.15,95.47500000000001,,235.47396817124894
2011-06-09,2011.0,160.0,6.0,9.0,-17.295833333333334,970.1791666666667,12.4,95.27499999999999,,213.8798637408452
2011-06-10,2011.0,161.0,6.0,10.0,-18.945833333333333,981.4833333333332,13.366666666666667,93.8608695652174,,213.9417214095106
2011-06-11,2011.0,162.0,6.0,11.0,-18.041666666666668,981.7624999999999,17.5625,94.58749999999999,,219.6779833142023
2011-06-12,2011.0,163.0,6.0,12.0,-18.60833333333333,978.2958333333332,16.583333333333332,94.10833333333333,,215.59664391406434
2011-06-13,2011.0,164.0,6.0,13.0,-19.691666666666666,977.1541666666667,12.616666666666667,92.01666666666667,,208.5085596971816
2011-06-14,2011.0,165.0,6.0,14.0,-20.904166666666665,981.7875,11.516666666666666,90.4875,,209.11503769876222
2011-06-15,2011.0,166.0,6.0,15.0,-16.408333333333335,985.9791666666666,14.354166666666666,95.39166666666667,,210.65729686398006
2011-06-16,2011.0,167.0,6.0,16.0,-13.383333333333333,998.6208333333334,11.920833333333334,95.87083333333334,,214.84560502414539
2011-06-17,2011.0,168.0,6.0,17.0,-23.462500000000002,1002.4708333333333,3.6166666666666667,84.58749999999999,,192.46984597756452
2011-06-18,2011.0,169.0,6.0,18.0,-24.254166666666666,1001.2583333333333,6.204166666666667,84.20416666666667,,175.99847595518668
2011-06-19,2011.0,170.0,6.0,19.0,-30.979166666666668,1007.7666666666668,2.8791666666666664,80.075,,164.28679178122235
2011-06-20,2011.0,171.0,6.0,20.0,-23.1125,1006.8958333333334,3.3625000000000003,88.90416666666665,,84.15941421939482
2011-06-21,2011.0,172.0,6.0,21.0,-29.879166666666666,991.5083333333333,4.408333333333333,81.1375,,175.95377530129068
2011-06-22,2011.0,173.0,6.0,22.0,-34.9625,991.125,5.6000000000000005,74.3125,,182.83736598223777
2011-06-23,2011.0,174.0,6.0,23.0,-36.80416666666667,1000.1833333333334,2.829166666666667,72.91666666666667,,222.44879975325304
2011-06-24,2011.0,175.0,6.0,24.0,-41.4125,1003.6708333333332,1.1041666666666667,66.85000000000001,,104.78006413263128
2011-06-25,2011.0,176.0,6.0,25.0,-39.012499999999996,990.0541666666667,1.2666666666666666,70.05,,161.12163540249463
2011-06-26,2011.0,177.0,6.0,26.0,-42.987500000000004,987.2041666666668,1.8166666666666667,64.81666666666666,,184.94951473922833
2011-06-27,2011.0,178.0,6.0,27.0,-32.94166666666667,982.9833333333332,2.125,77.27916666666667,,294.03330351357226
2011-06-28,2011.0,179.0,6.0,28.0,-36.84166666666667,989.225,5.3,72.77083333333333,,225.18403986024464
2011-06-29,2011.0,180.0,6.0,29.0,-41.68333333333333,991.7666666666668,2.7875,66.825,,206.9484365055438
2011-06-30,2011.0,181.0,6.0,30.0,-43.979166666666664,986.7791666666667,3.4250000000000003,63.4375,,217.06158889104404
2011-07-01,2011.0,182.0,7.0,1.0,-44.52916666666667,982.1625,3.1958333333333333,62.67083333333333,,233.3558573286163
2011-07-02,2011.0,183.0,7.0,2.0,-41.375,973.8708333333334,3.7708333333333335,66.49166666666666,,231.5516036478841
2011-07-03,2011.0,184.0,7.0,3.0,-24.508333333333336,964.7375000000001,8.0875,87.45833333333333,,197.22693619511605
2011-07-04,2011.0,185.0,7.0,4.0,-34.80416666666667,981.7791666666667,2.3125,75.52916666666667,,92.2348220471011
2011-07-05,2011.0,186.0,7.0,5.0,-29.337500000000002,974.6625,3.9625,82.03333333333333,,338.6705852458872
2011-07-06,2011.0,187.0,7.0,6.0,-37.53333333333333,976.3083333333334,0.6,72.04583333333333,,320.5139687137697
2011-07-07,2011.0,188.0,7.0,7.0,-35.74583333333333,988.0583333333334,0.7944444444444445,74.07083333333334,,312.53056281832875
2011-07-08,2011.0,189.0,7.0,8.0,-26.4875,986.4499999999999,3.782608695652174,85.30833333333334,,218.66090823336862
2011-07-09,2011.0,190.0,7.0,9.0,-27.004166666666666,988.4791666666666,3.2583333333333333,84.71666666666667,,201.80210875334487
2011-07-10,2011.0,191.0,7.0,10.0,-32.291666666666664,996.2583333333333,3.658333333333333,78.60000000000001,,228.87826135338142
2011-07-11,2011.0,192.0,7.0,11.0,-28.587500000000002,986.2624999999999,9.825000000000001,82.97500000000001,,203.32345680396182
2011-07-12,2011.0,193.0,7.0,12.0,-34.454166666666666,975.9,2.345833333333333,75.875,,184.49169926722712
2011-07-13,2011.0,194.0,7.0,13.0,-37.175000000000004,986.8249999999999,1.7375,72.1875,,183.36444905919743
2011-07-14,2011.0,195.0,7.0,14.0,-23.2625,985.3833333333333,3.670833333333333,88.77083333333333,,261.98593653657696
2011-07-15,2011.0,196.0,7.0,15.0,-24.329166666666666,981.75,8.6625,87.83749999999999,,208.21901807841903
2011-07-16,2011.0,197.0,7.0,16.0,-21.608333333333334,978.1374999999999,19.733333333333334,90.97083333333335,,219.9229528736442
2011-07-17,2011.0,198.0,7.0,17.0,-15.116666666666667,969.2458333333334,18.066666666666666,95.86,,229.947476258158
2011-07-18,2011.0,199.0,7.0,18.0,-15.987499999999999,976.3000000000001,6.754166666666666,95.295,,193.93569272479877
2011-07-19,2011.0,200.0,7.0,19.0,-18.133333333333333,983.8125,11.8,94.56666666666666,,197.7104222885401
2011-07-20,2011.0,201.0,7.0,20.0,-15.387500000000001,986.2958333333332,14.816666666666668,97.07391304347826,,215.51019041947205
2011-07-21,2011.0,202.0,7.0,21.0,-20.375,994.6041666666666,9.541666666666666,91.62083333333334,,188.48341578335965
2011-07-22,2011.0,203.0,7.0,22.0,-23.09583333333333,996.4291666666667,6.061111111111111,87.80416666666667,,197.08383017641512
2011-07-23,2011.0,204.0,7.0,23.0,-25.55,987.3916666666668,6.755,83.64583333333333,,169.5632371124419
2011-07-24,2011.0,205.0,7.0,24.0,-25.8625,996.1541666666667,11.691666666666668,86.01666666666667,,198.5230744551708
2011-07-25,2011.0,206.0,7.0,25.0,-26.099999999999998,997.1041666666666,12.929166666666667,85.325,,210.07651215341937
2011-07-26,2011.0,207.0,7.0,26.0,-27.8,986.0500000000001,11.354166666666666,82.47083333333333,,218.0141351727495
2011-07-27,2011.0,208.0,7.0,27.0,-14.4,965.225,20.170833333333334,96.66111111111111,,227.9908198345599
2011-07-28,2011.0,209.0,7.0,28.0,-17.662499999999998,983.8541666666666,17.729166666666668,95.25833333333333,,222.13223733690637
2011-07-29,2011.0,210.0,7.0,29.0,-18.783333333333335,996.9333333333334,7.325,92.16250000000001,,236.08220388406852
2011-07-30,2011.0,211.0,7.0,30.0,-21.758333333333336,1003.9583333333334,10.129166666666666,90.77916666666665,,217.4480540003649
2011-07-31,2011.0,212.0,7.0,31.0,-15.0,996.3291666666668,16.145833333333332,97.9875,,218.49258073773268
2011-08-01,2011.0,213.0,8.0,1.0,-13.279166666666667,1008.3333333333334,12.720833333333333,98.56923076923077,,212.79837702611917
2011-08-02,2011.0,214.0,8.0,2.0,-17.333333333333332,1019.7458333333334,10.254166666666666,90.55909090909091,,207.84479625258288
2011-08-03,2011.0,215.0,8.0,3.0,-28.5625,1021.1958333333333,0.5875,81.73333333333333,,349.8636714475498
2011-08-04,2011.0,216.0,8.0,4.0,-26.6875,1012.8666666666667,0.9791666666666666,85.27499999999999,,352.88444748407187
2011-08-05,2011.0,217.0,8.0,5.0,-29.175,998.4666666666667,3.345833333333333,82.55416666666666,,220.16974127704736
2011-08-06,2011.0,218.0,8.0,6.0,-30.808333333333334,984.0749999999999,1.3333333333333333,80.74583333333334,,204.75730725164317
2011-08-07,2011.0,219.0,8.0,7.0,-38.55833333333333,982.7125,1.9000000000000001,71.11666666666666,,191.17713530656394
2011-08-08,2011.0,220.0,8.0,8.0,-38.06666666666667,987.4916666666667,2.5391304347826087,71.575,,191.01449956682336
2011-08-09,2011.0,221.0,8.0,9.0,-36.72083333333333,993.6791666666667,1.5,73.03333333333333,,159.97849839935066
2011-08-10,2011.0,222.0,8.0,10.0,-35.725,1002.6583333333333,0.0,74.075,,0.0
2011-08-11,2011.0,223.0,8.0,11.0,-32.416666666666664,985.9291666666667,0.025000000000000005,78.1875,,355.8915327206289
2011-08-12,2011.0,224.0,8.0,12.0,-35.612500000000004,983.4625,1.5458333333333334,74.33333333333333,,333.63624134166196
2011-08-13,2011.0,225.0,8.0,13.0,-23.412499999999998,995.5583333333334,10.566666666666666,87.99583333333334,,215.51846644514535
2011-08-14,2011.0,226.0,8.0,14.0,-25.8125,1002.4541666666668,6.166666666666667,80.59166666666667,,212.43064076606524
2011-08-15,2011.0,227.0,8.0,15.0,-35.420833333333334,996.9333333333334,2.733333333333333,74.80833333333334,,185.3662603098332
2011-08-16,2011.0,228.0,8.0,16.0,-33.475,993.2125,3.358333333333333,76.7375,,174.19879199412765
2011-08-17,2011.0,229.0,8.0,17.0,-29.1125,990.9291666666667,3.4916666666666667,82.22500000000001,,16.576664680236178
2011-08-18,2011.0,230.0,8.0,18.0,-31.84166666666667,990.6875,6.591666666666666,79.03750000000001,,181.84291751393192
2011-08-19,2011.0,231.0,8.0,19.0,-36.875,989.1125000000001,6.4750000000000005,72.95,,193.5289643221139
2011-08-20,2011.0,232.0,8.0,20.0,-41.425000000000004,977.25,2.1,67.28750000000001,,204.7223095884618
2011-08-21,2011.0,233.0,8.0,21.0,-40.170833333333334,979.8416666666667,1.625,68.84583333333333,,254.20757444458224
2011-08-22,2011.0,234.0,8.0,22.0,-33.475,975.7791666666667,2.9416666666666664,77.0125,,272.7259777996487
2011-08-23,2011.0,235.0,8.0,23.0,-22.087500000000002,953.9625,9.420833333333333,90.16666666666667,,234.91671765959336
2011-08-24,2011.0,236.0,8.0,24.0,-21.3875,970.1333333333333,10.458333333333334,91.15416666666665,,213.2482942240469
2011-08-25,2011.0,237.0,8.0,25.0,-20.766666666666666,975.9416666666666,11.008333333333333,91.69583333333333,,213.07167558774702
2011-08-26,2011.0,238.0,8.0,26.0,-16.558333333333334,969.4416666666666,6.316666666666666,92.14999999999999,,261.7919271115687
2011-08-27,2011.0,239.0,8.0,27.0,-22.704166666666666,968.2333333333332,3.1999999999999997,88.69166666666666,,338.0445578016755
2011-08-28,2011.0,240.0,8.0,28.0,-24.291666666666668,980.2791666666667,2.9250000000000003,88.2,,290.21887015432156
2011-08-29,2011.0,241.0,8.0,29.0,-20.0,984.3625000000001,6.758333333333333,91.58095238095238,,217.63886247524908
2011-08-30,2011.0,242.0,8.0,30.0,-19.558333333333334,981.0291666666667,13.158333333333333,92.8608695652174,,210.86106086878578
2011-08-31,2011.0,243.0,8.0,31.0,-19.908333333333335,980.3833333333333,12.354166666666666,92.35416666666667,,209.9273243839562
2011-09-01,2011.0,244.0,9.0,1.0,-18.879166666666666,979.625,15.525,92.3125,,217.1661680566844
2011-09-02,2011.0,245.0,9.0,2.0,-21.275000000000002,983.2791666666667,13.233333333333334,86.90833333333335,,213.38858757416412
2011-09-03,2011.0,246.0,9.0,3.0,-24.5625,990.125,10.708333333333334,83.37083333333334,,214.91712580464537
2011-09-04,2011.0,247.0,9.0,4.0,-34.4125,993.6125000000001,3.4791666666666665,74.46249999999999,,219.13753478127003
2011-09-05,2011.0,248.0,9.0,5.0,-33.208333333333336,1000.7291666666666,1.5791666666666666,77.59583333333333,,210.76310312211467
2011-09-06,2011.0,249.0,9.0,6.0,-27.44545454545454,995.3249999999999,5.261538461538462,83.94166666666666,,340.64607778046235
2011-09-07,2011.0,250.0,9.0,7.0,-29.09583333333333,990.4916666666667,7.941666666666666,82.54166666666667,,220.31690055388424
2011-09-08,2011.0,251.0,9.0,8.0,-25.86086956521739,983.3521739130434,20.52173913043478,86.22608695652174,,214.8181974842377
2011-09-09,2011.0,252.0,9.0,9.0,-17.4875,981.5291666666667,18.216666666666665,95.325,,216.29137911489732
2011-09-10,2011.0,253.0,9.0,10.0,-15.8375,991.3125,14.625,96.46249999999999,,206.8455474859225
2011-09-11,2011.0,254.0,9.0,11.0,-18.145833333333332,996.3375,10.216666666666667,92.82083333333333,,199.29841991762277
2011-09-12,2011.0,255.0,9.0,12.0,-20.533333333333335,992.8458333333333,10.0,88.52083333333333,,205.7731579126431
2011-09-13,2011.0,256.0,9.0,13.0,-24.7,993.1083333333332,5.009090909090909,80.30833333333334,,203.14113702248946
2011-09-14,2011.0,257.0,9.0,14.0,-23.358333333333334,992.6875,,85.05833333333334,,
2011-09-15,2011.0,258.0,9.0,15.0,-26.47083333333333,996.8708333333334,,83.31666666666666,,
2011-09-16,2011.0,259.0,9.0,16.0,-30.116666666666664,1003.4333333333334,,74.66250000000001,,
2011-09-17,2011.0,260.0,9.0,17.0,-37.8125,1003.6666666666666,,68.35416666666667,,
2011-09-18,2011.0,261.0,9.0,18.0,-33.016666666666666,993.9250000000001,,77.41250000000001,,
2011-09-19,2011.0,262.0,9.0,19.0,-40.78333333333333,995.8333333333334,,68.18333333333334,,
2011-09-20,2011.0,263.0,9.0,20.0,-37.65416666666667,991.2916666666666,13.200000000000001,70.90416666666667,,201.33746312054336
2011-09-21,2011.0,264.0,9.0,21.0,-42.19583333333333,995.8791666666666,3.8125,66.18333333333334,,331.87523235758533
2011-09-22,2011.0,265.0,9.0,22.0,-40.62916666666667,987.3291666666668,,64.99583333333334,,
2011-09-23,2011.0,266.0,9.0,23.0,-40.233333333333334,987.975,12.620000000000001,68.82083333333334,,189.56443658516446
2011-09-24,2011.0,267.0,9.0,24.0,-45.20416666666667,993.6416666666668,9.725,60.59583333333333,,212.04628325813147
2011-09-25,2011.0,268.0,9.0,25.0,-38.016666666666666,979.3166666666666,1.65,66.72500000000001,,283.5
2011-09-26,2011.0,269.0,9.0,26.0,-29.320833333333336,976.1625,3.1791666666666667,75.14583333333333,,315.49318389846695
2011-09-27,2011.0,270.0,9.0,27.0,-23.162499999999998,974.7291666666666,4.366666666666666,85.2,,226.08553102351962
2011-09-28,2011.0,271.0,9.0,28.0,-26.958333333333332,983.0208333333334,4.666666666666667,79.0,,209.10928919095093
2011-09-29,2011.0,272.0,9.0,29.0,-29.579166666666666,990.0291666666667,4.620833333333334,75.9875,,139.28814488763044
2011-09-30,2011.0,273.0,9.0,30.0,-28.724999999999998,990.4,5.858333333333333,78.39999999999999,,179.83779103763678
2011-10-01,2011.0,274.0,10.0,1.0,-31.839130434782607,987.8083333333334,2.066666666666667,73.3125,,285.94385158868744
2011-10-02,2011.0,275.0,10.0,2.0,-19.466666666666665,973.5749999999999,6.0125,84.27083333333333,,325.19390214933134
2011-10-03,2011.0,276.0,10.0,3.0,-26.875,983.7125,5.883333333333333,80.11666666666666,,220.76786902794885
2011-10-04,2011.0,277.0,10.0,4.0,-24.504166666666666,974.0500000000001,3.1,81.65833333333333,,331.5786565786016
2011-10-05,2011.0,278.0,10.0,5.0,-22.90833333333333,989.4958333333334,5.4375,79.32916666666667,,186.3128054999703
2011-10-06,2011.0,279.0,10.0,6.0,-13.025,994.5833333333334,12.875,94.36,,215.92984319022773
2011-10-07,2011.0,280.0,10.0,7.0,-16.241666666666667,999.0291666666667,9.573684210526316,87.675,,217.1674534231854
2011-10-08,2011.0,281.0,10.0,8.0,-21.191666666666666,990.9541666666668,5.158333333333333,80.54166666666667,,202.12201071374452
2011-10-09,2011.0,282.0,10.0,9.0,-26.195833333333336,990.6916666666666,2.158333333333333,73.27499999999999,,216.60564182440746
2011-10-10,2011.0,283.0,10.0,10.0,-18.6125,982.2875,6.1875,86.16250000000001,,90.58580326372562
2011-10-11,2011.0,284.0,10.0,11.0,-22.96666666666667,981.9583333333334,5.029166666666667,81.1375,,200.6431167687652
2011-10-12,2011.0,285.0,10.0,12.0,-23.962500000000002,975.0875,7.341666666666666,83.20833333333333,,217.37476621093097
2011-10-13,2011.0,286.0,10.0,13.0,-22.458333333333332,969.8125,8.75,75.55,,223.39019844643926
2011-10-14,2011.0,287.0,10.0,14.0,-28.795833333333334,967.9666666666667,5.816666666666666,70.31666666666666,,218.72346238176297
2011-10-15,2011.0,288.0,10.0,15.0,-24.150000000000002,973.8874999999999,5.908333333333334,61.770833333333336,,216.63112237085784
2011-10-16,2011.0,289.0,10.0,16.0,-25.669565217391302,981.1916666666666,2.2291666666666665,70.52916666666667,,350.29778085521144
2011-10-17,2011.0,290.0,10.0,17.0,-31.441666666666666,981.6458333333334,2.9375,63.02916666666667,,207.45478676318905
2011-10-18,2011.0,291.0,10.0,18.0,-28.691304347826087,974.1416666666668,2.091666666666667,66.60000000000001,,190.1363395358443
2011-10-19,2011.0,292.0,10.0,19.0,-29.333333333333332,972.2666666666668,3.6666666666666665,73.925,,201.47660651425306
2011-10-20,2011.0,293.0,10.0,20.0,-21.68695652173913,970.5541666666667,4.795833333333333,71.83333333333333,,312.38470343483726
2011-10-21,2011.0,294.0,10.0,21.0,-24.454166666666666,974.9291666666667,2.2041666666666666,71.75,,243.36755955424195
2011-10-22,2011.0,295.0,10.0,22.0,-22.675,974.9416666666666,1.7874999999999999,74.50833333333334,,283.3537388232892
2011-10-23,2011.0,296.0,10.0,23.0,-24.679166666666664,973.1333333333333,2.370833333333333,69.34583333333333,,207.24717561200978
2011-10-24,2011.0,297.0,10.0,24.0,-25.604166666666668,968.0124999999999,2.654166666666667,68.48333333333333,,240.78200823869918
2011-10-25,2011.0,298.0,10.0,25.0,-22.337500000000002,973.1666666666666,11.637500000000001,79.04583333333333,,201.4026706042147
2011-10-26,2011.0,299.0,10.0,26.0,-17.983333333333334,973.65,13.991666666666667,80.94583333333334,,215.88869671787666
2011-10-27,2011.0,300.0,10.0,27.0,-18.6375,977.4833333333332,8.386956521739132,67.44166666666666,,219.6260699143378
2011-10-28,2011.0,301.0,10.0,28.0,-22.441666666666666,982.1458333333334,4.270833333333333,63.520833333333336,,182.4902995866792
2011-10-29,2011.0,302.0,10.0,29.0,-20.704166666666666,982.2083333333334,4.25,67.79583333333333,,203.3200697502157
2011-10-30,2011.0,303.0,10.0,30.0,-21.583333333333332,982.4291666666667,7.145833333333333,71.95416666666667,,205.75700799688292
2011-10-31,2011.0,304.0,10.0,31.0,-21.84583333333333,981.7458333333334,14.058333333333332,83.29166666666667,,202.93305633150672
2011-11-01,2011.0,305.0,11.0,1.0,-16.779166666666665,982.6166666666667,13.075000000000001,84.58333333333333,,210.46330631214883
2011-11-02,2011.0,306.0,11.0,2.0,-15.554166666666667,995.0291666666667,11.541666666666666,75.99583333333334,,212.95972782500178
2011-11-03,2011.0,307.0,11.0,3.0,-18.8875,1009.3166666666666,7.5125,68.41666666666667,,217.96259151544567
2011-11-04,2011.0,308.0,11.0,4.0,-16.39166666666667,1005.3874999999999,7.266666666666667,55.333333333333336,,212.94216220452188
2011-11-05,2011.0,309.0,11.0,5.0,-12.5625,999.2624999999999,10.958333333333334,77.39583333333333,,211.72261275228988
2011-11-06,2011.0,310.0,11.0,6.0,-14.258333333333333,994.6750000000001,11.5625,79.3875,,208.92945532778705
2011-11-07,2011.0,311.0,11.0,7.0,-11.700000000000001,994.9916666666667,13.241666666666667,77.97916666666667,,216.54928968674477
2011-11-08,2011.0,312.0,11.0,8.0,-11.987499999999999,988.3791666666666,9.583333333333334,68.83333333333333,,215.88235100154827
2011-11-09,2011.0,313.0,11.0,9.0,-12.891666666666666,983.8541666666666,9.65,80.19166666666666,,214.79553922047515
2011-11-10,2011.0,314.0,11.0,10.0,-16.0625,985.4499999999999,5.891666666666667,73.94583333333334,,191.64175885370722
2011-11-11,2011.0,315.0,11.0,11.0,-14.262500000000001,982.5625,10.85,75.32083333333334,,208.65874641486562
2011-11-12,2011.0,316.0,11.0,12.0,-13.933333333333332,980.8791666666666,8.554166666666667,76.34166666666667,,212.26579487400798
2011-11-13,2011.0,317.0,11.0,13.0,-11.820833333333333,988.3708333333334,8.3375,63.225,,222.14029409662567
2011-11-14,2011.0,318.0,11.0,14.0,-9.358333333333333,991.0833333333334,6.670833333333333,60.1,,221.35508854103298
2011-11-15,2011.0,319.0,11.0,15.0,-10.924999999999999,992.1750000000001,3.579166666666667,60.875,,216.49070521269232
2011-11-16,2011.0,320.0,11.0,16.0,-12.230434782608697,993.2666666666668,1.8875,57.1625,,185.55276004480027
2011-11-17,2011.0,321.0,11.0,17.0,-13.554166666666667,994.5083333333333,2.8666666666666667,59.69166666666666,,206.0825972901535
2011-11-18,2011.0,322.0,11.0,18.0,-12.929166666666667,990.9541666666668,2.129166666666667,51.5875,,196.29645323389832
2011-11-19,2011.0,323.0,11.0,19.0,-11.954545454545455,986.6166666666667,2.8666666666666667,65.13333333333334,,151.3278468678203
2011-11-20,2011.0,324.0,11.0,20.0,-13.143478260869566,984.3958333333334,3.625,72.2625,,180.01231911797925
2011-11-21,2011.0,325.0,11.0,21.0,-8.945833333333333,979.5124999999999,4.054166666666666,84.87083333333332,,249.7275820780111
2011-11-22,2011.0,326.0,11.0,22.0,-8.633333333333333,979.1333333333333,3.9749999999999996,79.70416666666667,,265.93860147680897
2011-11-23,2011.0,327.0,11.0,23.0,-7.383333333333333,974.0083333333333,7.5249999999999995,91.14166666666667,,240.97535038205817
2011-11-24,2011.0,328.0,11.0,24.0,-10.495833333333334,972.6416666666668,11.441666666666668,91.30869565217391,,213.56229345212967
2011-11-25,2011.0,329.0,11.0,25.0,-9.829166666666667,981.9916666666667,13.1875,92.0409090909091,,222.15311591650138
2011-11-26,2011.0,330.0,11.0,26.0,-9.737499999999999,982.3958333333334,8.704166666666667,76.26666666666667,,221.39059943375494
2011-11-27,2011.0,331.0,11.0,27.0,-8.108333333333333,979.5291666666667,10.933333333333332,84.50416666666666,,222.1341798695662
2011-11-28,2011.0,332.0,11.0,28.0,-7.3,974.4083333333333,6.4375,70.225,,229.69477089242227
2011-11-29,2011.0,333.0,11.0,29.0,-5.177777777777778,969.9041666666667,1.4416666666666667,57.45238095238095,,352.53354306185
2011-11-30,2011.0,334.0,11.0,30.0,-8.031818181818181,971.3583333333332,2.0124999999999997,58.34166666666667,,172.7481569150159
2011-12-01,2011.0,335.0,12.0,1.0,-6.652380952380952,969.1125000000001,1.4791666666666667,66.0625,,169.8124206210668
2011-12-02,2011.0,336.0,12.0,2.0,-7.4,966.975,1.3541666666666667,54.89166666666667,,170.06054612309867
2011-12-03,2011.0,337.0,12.0,3.0,-6.8,969.3333333333334,8.908333333333333,77.66666666666667,,204.9939558685895
2011-12-04,2011.0,338.0,12.0,4.0,-6.375,976.0166666666668,9.004166666666666,86.84583333333335,,216.81145405755805
2011-12-05,2011.0,339.0,12.0,5.0,-5.3625,974.5583333333334,5.4750000000000005,80.02916666666667,,244.6931442289325
2011-12-06,2011.0,340.0,12.0,6.0,-4.75,968.1750000000001,4.416666666666667,76.27499999999999,,250.430843530184
2011-12-07,2011.0,341.0,12.0,7.0,-5.454166666666667,967.8333333333334,8.433333333333334,84.82631578947368,,226.59881975494545
2011-12-08,2011.0,342.0,12.0,8.0,-6.5125,972.8041666666667,4.783333333333333,82.97083333333333,,203.41169579624705
2011-12-09,2011.0,343.0,12.0,9.0,-4.569565217391304,971.1916666666666,2.1999999999999997,77.575,,308.57325056954096
2011-12-10,2011.0,344.0,12.0,10.0,-6.604166666666667,970.5541666666667,2.5124999999999997,75.30416666666666,,220.3087076759688
2011-12-11,2011.0,345.0,12.0,11.0,-6.7625,975.1208333333334,2.8041666666666667,79.72083333333333,,156.29754772718147
2011-12-12,2011.0,346.0,12.0,12.0,-7.920833333333333,979.8208333333333,3.0041666666666664,74.55,,153.56150228940177
2011-12-13,2011.0,347.0,12.0,13.0,-7.241666666666667,976.5583333333334,7.083333333333333,83.29583333333333,,204.17179744247397
2011-12-14,2011.0,348.0,12.0,14.0,-6.116666666666667,976.7458333333334,3.2375000000000003,72.27499999999999,,144.999453939308
2011-12-15,2011.0,349.0,12.0,15.0,-5.004166666666666,977.5458333333332,3.608333333333333,68.3875,,145.57497990562695
2011-12-16,2011.0,350.0,12.0,16.0,-8.433333333333334,983.5083333333333,4.929166666666666,75.55,,189.94985861767123
2011-12-17,2011.0,351.0,12.0,17.0,-8.330434782608695,986.4958333333334,3.3166666666666664,62.80833333333334,,182.4967213494026
2011-12-18,2011.0,352.0,12.0,18.0,-9.683333333333334,990.9333333333334,5.079166666666667,73.94166666666668,,171.77790442475575
2011-12-19,2011.0,353.0,12.0,19.0,-7.808695652173912,985.0958333333333,5.183333333333334,66.78750000000001,,177.70908761652058
2011-12-20,2011.0,354.0,12.0,20.0,-4.8875,975.5458333333332,3.0375,60.17916666666667,,280.18629399631044
2011-12-21,2011.0,355.0,12.0,21.0,-3.970833333333333,973.8291666666668,4.825,67.30416666666666,,269.136131686775
2011-12-22,2011.0,356.0,12.0,22.0,-5.6875,982.4958333333334,9.883333333333333,85.12727272727273,,225.69280161083933
2011-12-23,2011.0,357.0,12.0,23.0,-5.136363636363637,977.6625,2.725,68.21249999999999,,123.33864122074353
2011-12-24,2011.0,358.0,12.0,24.0,-2.4727272727272727,981.3458333333333,2.4125,69.59583333333333,,296.50920826227946
2011-12-25,2011.0,359.0,12.0,25.0,-2.4545454545454546,981.9208333333332,1.8541666666666667,69.20833333333333,,291.69060978335403
2011-12-26,2011.0,360.0,12.0,26.0,-1.2173913043478262,979.0458333333332,1.6833333333333333,69.03750000000001,,353.52410353547833
2011-12-27,2011.0,361.0,12.0,27.0,-0.875,980.6,2.9416666666666664,78.375,,128.10821813554537
2011-12-28,2011.0,362.0,12.0,28.0,-4.566666666666666,982.9625,3.970833333333333,80.01363636363637,,173.40107605348578
2011-12-29,2011.0,363.0,12.0,29.0,-2.859090909090909,979.1708333333332,3.1625,74.09583333333333,,308.5405208281845
2011-12-30,2011.0,364.0,12.0,30.0,-3.341666666666667,977.4791666666666,3.5124999999999997,64.83749999999999,,208.74395294105696
2011-12-31,2011.0,365.0,12.0,31.0,-1.6869565217391307,975.7333333333332,1.8333333333333333,56.770833333333336,,294.95429525371827
2012-01-01,2012.0,1.0,1.0,1.0,-5.640909090909091,978.3166666666666,2.1666666666666665,65.19583333333334,,213.20527285302816
2012-01-02,2012.0,2.0,1.0,2.0,-5.366666666666667,982.9166666666666,3.6208333333333336,72.81666666666666,,223.1656419061304
2012-01-03,2012.0,3.0,1.0,3.0,-4.245833333333334,980.6833333333334,8.070833333333333,81.52000000000001,,229.8250924830924
2012-01-04,2012.0,4.0,1.0,4.0,-5.6625000000000005,978.875,7.158333333333334,89.52916666666665,,215.98437642180048
2012-01-05,2012.0,5.0,1.0,5.0,-6.7749999999999995,974.975,4.295833333333333,76.80416666666666,,199.71034613558973
2012-01-06,2012.0,6.0,1.0,6.0,-4.379166666666666,969.4,6.5625,71.92916666666666,,240.73773945439564
2012-01-07,2012.0,7.0,1.0,7.0,-4.420833333333333,968.9333333333334,5.979166666666667,82.3,,220.6983829723481
2012-01-08,2012.0,8.0,1.0,8.0,-4.554545454545455,975.0166666666668,3.904166666666667,78.43333333333332,,200.56811080536153
2012-01-09,2012.0,9.0,1.0,9.0,-4.325,983.6125000000001,3.720833333333333,70.3,,229.14162968363627
2012-01-10,2012.0,10.0,1.0,10.0,-3.4458333333333333,986.5083333333333,2.2916666666666665,69.85000000000001,,73.75631667463094
2012-01-11,2012.0,11.0,1.0,11.0,-1.0833333333333333,985.9416666666666,2.316666666666667,74.55,,22.046334130812788
2012-01-12,2012.0,12.0,1.0,12.0,-5.531818181818182,982.4958333333334,4.958333333333333,77.00909090909092,,216.2605736104864
2012-01-13,2012.0,13.0,1.0,13.0,-5.2700000000000005,982.2375000000001,2.4875000000000003,66.39166666666667,,276.7278118486392
2012-01-14,2012.0,14.0,1.0,14.0,-5.21578947368421,982.3625000000001,1.7833333333333332,67.0125,,141.89447263087644
2012-01-15,2012.0,15.0,1.0,15.0,-2.2916666666666665,981.0875,1.9083333333333332,69.02083333333333,,100.10090551208792
2012-01-16,2012.0,16.0,1.0,16.0,-8.920833333333333,984.3541666666666,4.270833333333333,70.6875,,184.28540867173754
2012-01-17,2012.0,17.0,1.0,17.0,-6.178947368421053,981.9833333333332,1.3791666666666667,59.958333333333336,,94.88605858381048
2012-01-18,2012.0,18.0,1.0,18.0,-4.790909090909091,979.2041666666668,3.8833333333333333,74.11666666666666,,243.79546226462014
2012-01-19,2012.0,19.0,1.0,19.0,-9.354166666666666,980.75,2.908333333333333,69.71666666666667,,151.76218722297222
2012-01-20,2012.0,20.0,1.0,20.0,-6.022222222222222,978.7833333333333,1.1291666666666667,57.30416666666667,,29.58500550323061
2012-01-21,2012.0,21.0,1.0,21.0,-4.629166666666666,977.3791666666666,2.0500000000000003,68.00833333333334,,271.64320007567073
2012-01-22,2012.0,22.0,1.0,22.0,-7.2749999999999995,976.0,3.1666666666666665,75.64782608695653,,179.59093564633946
2012-01-23,2012.0,23.0,1.0,23.0,-6.2250000000000005,973.8291666666668,4.691666666666666,76.82380952380952,,146.3700374408793
2012-01-24,2012.0,24.0,1.0,24.0,-12.095833333333333,976.8083333333334,11.125,86.16666666666667,,201.21404925663697
2012-01-25,2012.0,25.0,1.0,25.0,-13.608333333333334,979.5124999999999,8.941666666666666,81.3875,,210.0017216260848
2012-01-26,2012.0,26.0,1.0,26.0,-9.450000000000001,977.5666666666666,7.054166666666667,68.97083333333333,,223.85375637762243
2012-01-27,2012.0,27.0,1.0,27.0,-8.341666666666667,975.3708333333334,9.0,84.575,,209.02401767528028
2012-01-28,2012.0,28.0,1.0,28.0,-8.4125,974.4666666666667,8.9125,85.39999999999999,,216.72369609398135
2012-01-29,2012.0,29.0,1.0,29.0,-6.378260869565217,971.7875,3.891666666666667,71.54166666666667,,313.11981164464044
2012-01-30,2012.0,30.0,1.0,30.0,-7.509090909090909,970.6208333333334,2.75,69.64999999999999,,178.728099171796
2012-01-31,2012.0,31.0,1.0,31.0,-11.670833333333334,970.8791666666666,3.0041666666666664,68.96249999999999,,147.80892963221177
2012-02-01,2012.0,32.0,2.0,1.0,-10.5,969.3458333333333,2.704166666666667,75.43333333333334,,157.53289768875263
2012-02-02,2012.0,33.0,2.0,2.0,-8.779166666666667,971.8208333333333,9.8375,88.47826086956522,,219.32976678734167
2012-02-03,2012.0,34.0,2.0,3.0,-7.666666666666667,970.6791666666667,4.795833333333333,83.97777777777777,,168.2479163323576
2012-02-04,2012.0,35.0,2.0,4.0,-9.4625,972.3916666666668,4.045833333333333,80.3,,197.4596351938308
2012-02-05,2012.0,36.0,2.0,5.0,-11.241666666666667,978.4166666666666,5.416666666666667,80.09166666666667,,181.71315497232425
2012-02-06,2012.0,37.0,2.0,6.0,-10.924999999999999,986.1791666666667,7.904166666666666,83.78750000000001,,206.72634803812275
2012-02-07,2012.0,38.0,2.0,7.0,-10.520833333333334,990.7166666666667,5.375,70.37083333333334,,220.88782960928148
2012-02-08,2012.0,39.0,2.0,8.0,-12.983333333333334,986.6374999999999,4.3875,66.48333333333333,,194.29591926871467
2012-02-09,2012.0,40.0,2.0,9.0,-14.054166666666667,987.9333333333334,3.533333333333333,70.45,,166.2842505335692
2012-02-10,2012.0,41.0,2.0,10.0,-13.870833333333332,985.1458333333334,2.6625,64.8125,,204.34868417928945
2012-02-11,2012.0,42.0,2.0,11.0,-9.694736842105263,977.2083333333334,2.5875,73.58749999999999,,91.94092539545592
2012-02-12,2012.0,43.0,2.0,12.0,-12.204347826086956,987.6791666666667,4.608333333333333,84.20416666666667,,186.089501373304
2012-02-13,2012.0,44.0,2.0,13.0,-14.658333333333333,1004.3583333333332,4.379166666666666,79.77083333333333,,174.28848907318854
2012-02-14,2012.0,45.0,2.0,14.0,-12.904166666666667,1003.3541666666666,3.591666666666667,76.60416666666667,,157.52829373506438
2012-02-15,2012.0,46.0,2.0,15.0,-17.929166666666667,998.9958333333334,4.391666666666667,67.33333333333333,,202.89320560377936
2012-02-16,2012.0,47.0,2.0,16.0,-19.087500000000002,996.9291666666667,7.191666666666666,71.61666666666666,,207.79323027244402
2012-02-17,2012.0,48.0,2.0,17.0,-14.995833333333332,989.1875,11.25,84.325,,218.15216962316464
2012-02-18,2012.0,49.0,2.0,18.0,-7.620833333333334,984.75,11.282608695652174,88.8,,207.03098070422075
2012-02-19,2012.0,50.0,2.0,19.0,-3.4958333333333336,993.375,7.654166666666666,96.62222222222222,,196.79209130992842
2012-02-20,2012.0,51.0,2.0,20.0,-5.116666666666666,983.4666666666667,11.4625,92.34444444444445,,215.83914106999987
2012-02-21,2012.0,52.0,2.0,21.0,-12.674999999999999,982.15,10.770833333333334,81.6875,,216.00374326164075
2012-02-22,2012.0,53.0,2.0,22.0,-16.066666666666666,983.1999999999999,5.529166666666666,72.99583333333334,,230.11850966542056
2012-02-23,2012.0,54.0,2.0,23.0,-12.783333333333333,978.7083333333334,4.0,79.075,,149.00452548230024
2012-02-24,2012.0,55.0,2.0,24.0,-14.512500000000001,978.4541666666668,4.0625,77.46666666666667,,208.80720498300641
2012-02-25,2012.0,56.0,2.0,25.0,-16.6125,987.7083333333334,9.243478260869566,86.38260869565217,,224.99859261712282
2012-02-26,2012.0,57.0,2.0,26.0,-14.470833333333333,990.6958333333333,9.379166666666666,92.66250000000001,,197.48076005196847
2012-02-27,2012.0,58.0,2.0,27.0,-14.6,985.4833333333332,4.9375,86.00833333333333,,122.35649523551523
2012-02-28,2012.0,59.0,2.0,28.0,-19.654166666666665,987.7458333333334,5.145833333333333,76.62916666666666,,197.78938177642203
2012-02-29,2012.0,60.0,2.0,29.0,-22.412499999999998,986.6625,4.825,78.875,,167.29714734012163
2012-03-01,2012.0,61.0,3.0,1.0,-21.662499999999998,990.9916666666667,4.233333333333333,71.63333333333334,,157.7748062929561
2012-03-02,2012.0,62.0,3.0,2.0,-23.724999999999998,993.9958333333334,6.0375000000000005,73.37083333333334,,207.06706444478294
2012-03-03,2012.0,63.0,3.0,3.0,-24.604166666666668,993.0416666666666,4.370833333333334,72.15833333333333,,173.9760531418882
2012-03-04,2012.0,64.0,3.0,4.0,-19.295833333333334,990.1416666666668,7.316666666666666,78.4875,,221.08460868017772
2012-03-05,2012.0,65.0,3.0,5.0,-18.370833333333334,986.5458333333332,9.279166666666667,86.64999999999999,,217.81589648832033
2012-03-06,2012.0,66.0,3.0,6.0,-18.030434782608694,979.9833333333332,0.09166666666666667,71.99583333333334,,352.1228980385913
2012-03-07,2012.0,67.0,3.0,7.0,-21.65416666666667,978.4208333333332,7.908333333333334,85.14583333333333,,229.66618645396653
2012-03-08,2012.0,68.0,3.0,8.0,-23.166666666666668,981.3375,8.320833333333333,81.6125,,209.93432205937196
2012-03-09,2012.0,69.0,3.0,9.0,-24.337500000000002,984.7416666666667,4.508333333333334,70.83749999999999,,213.3452007600893
2012-03-10,2012.0,70.0,3.0,10.0,-21.458333333333332,982.1,1.425,78.52499999999999,,207.81796146568166
2012-03-11,2012.0,71.0,3.0,11.0,-14.525,975.3958333333334,8.170833333333333,89.095,,214.81016105001885
2012-03-12,2012.0,72.0,3.0,12.0,-16.1,974.7624999999999,6.6375,90.08749999999999,,192.29998668155633
2012-03-13,2012.0,73.0,3.0,13.0,-16.220833333333335,979.4041666666667,10.966666666666667,93.41666666666667,,202.38677507564267
2012-03-14,2012.0,74.0,3.0,14.0,-14.233333333333334,978.2916666666666,7.195833333333333,93.94166666666666,,209.43932195070758
2012-03-15,2012.0,75.0,3.0,15.0,-17.808333333333334,980.525,4.254166666666666,79.05833333333334,,219.9013675960077
2012-03-16,2012.0,76.0,3.0,16.0,-22.837500000000002,984.0833333333334,4.25,78.62083333333334,,199.763990370229
2012-03-17,2012.0,77.0,3.0,17.0,-22.379166666666666,987.5041666666666,4.175,83.43333333333334,,182.43088298252368
2012-03-18,2012.0,78.0,3.0,18.0,-25.037499999999998,991.7083333333334,4.6499999999999995,77.16250000000001,,180.11209603907614
2012-03-19,2012.0,79.0,3.0,19.0,-27.3875,988.475,5.0125,71.1875,,123.33932148414964
2012-03-20,2012.0,80.0,3.0,20.0,-31.525000000000002,981.8000000000001,4.841666666666667,75.44583333333334,,184.59791344013286
2012-03-21,2012.0,81.0,3.0,21.0,-30.616666666666664,993.0791666666668,6.533333333333334,77.75833333333334,,176.26944018476243
2012-03-22,2012.0,82.0,3.0,22.0,-29.629166666666666,991.0833333333334,1.7166666666666668,76.90833333333333,,1.7045425212404874
2012-03-23,2012.0,83.0,3.0,23.0,-27.483333333333334,988.625,4.2749999999999995,83.99583333333334,,129.42540288862384
2012-03-24,2012.0,84.0,3.0,24.0,-34.92916666666667,994.5124999999999,4.204166666666667,74.16666666666667,,186.0836422896149
2012-03-25,2012.0,85.0,3.0,25.0,-31.3,995.3958333333334,2.85,79.02499999999999,,138.8436975203831
2012-03-26,2012.0,86.0,3.0,26.0,-27.195833333333336,984.7375000000001,11.583333333333334,81.825,,205.7216089507
2012-03-27,2012.0,87.0,3.0,27.0,-22.912499999999998,972.5666666666666,10.570833333333333,82.49583333333334,,217.44339597377893
2012-03-28,2012.0,88.0,3.0,28.0,-20.195833333333333,967.9958333333334,11.125,80.22083333333333,,214.85656147749876
2012-03-29,2012.0,89.0,3.0,29.0,-15.112499999999999,969.4291666666667,14.137500000000001,92.85652173913043,,227.48553706267055
2012-03-30,2012.0,90.0,3.0,30.0,-15.6875,978.4458333333333,10.7125,96.72500000000001,,210.40538927487563
2012-03-31,2012.0,91.0,3.0,31.0,-17.766666666666666,988.6541666666667,9.0875,94.05416666666667,,216.08428481661812
2012-04-01,2012.0,92.0,4.0,1.0,-17.983333333333334,993.9875000000001,5.691666666666666,93.22500000000001,,226.36337214747243
2012-04-02,2012.0,93.0,4.0,2.0,-21.520833333333332,996.2583333333333,7.233333333333333,86.25416666666666,,219.04841290689325
2012-04-03,2012.0,94.0,4.0,3.0,-25.183333333333334,1000.4083333333333,6.270833333333333,79.05416666666666,,235.95588908903215
2012-04-04,2012.0,95.0,4.0,4.0,-28.883333333333336,999.1208333333334,6.441666666666666,76.10000000000001,,222.7089833072716
2012-04-05,2012.0,96.0,4.0,5.0,-29.683333333333334,994.0666666666666,8.454166666666667,76.02499999999999,,219.37658803999545
2012-04-06,2012.0,97.0,4.0,6.0,-32.541666666666664,992.1374999999999,4.7375,70.325,,206.51969466602554
2012-04-07,2012.0,98.0,4.0,7.0,-38.40833333333333,994.1833333333334,1.8208333333333335,68.49583333333334,,119.42635501245601
2012-04-08,2012.0,99.0,4.0,8.0,-39.57727272727273,995.5041666666666,1.4875,69.15833333333333,,149.3752189851124
2012-04-09,2012.0,100.0,4.0,9.0,-36.54090909090909,997.6125000000001,2.254166666666667,72.82916666666667,,312.29360377746286
2012-04-10,2012.0,101.0,4.0,10.0,-34.125,984.7708333333334,5.004166666666666,75.81666666666666,,275.3207479057725
2012-04-11,2012.0,102.0,4.0,11.0,-22.820833333333336,976.9333333333334,15.104166666666666,89.27083333333333,,214.5335646592732
2012-04-12,2012.0,103.0,4.0,12.0,-24.320833333333336,976.6,5.925,83.15833333333333,,191.93287090309164
2012-04-13,2012.0,104.0,4.0,13.0,-28.849999999999998,974.7333333333332,5.116666666666666,75.72500000000001,,188.31884599449577
2012-04-14,2012.0,105.0,4.0,14.0,-35.07272727272727,976.5666666666666,1.8458333333333332,74.05833333333334,,130.30110617191121
2012-04-15,2012.0,106.0,4.0,15.0,-33.05652173913043,982.2833333333333,1.5708333333333335,77.39166666666667,,212.3610607774714
2012-04-16,2012.0,107.0,4.0,16.0,-28.02916666666667,985.8833333333333,5.008333333333334,83.53333333333333,,228.1208070804402
2012-04-17,2012.0,108.0,4.0,17.0,-27.304166666666664,981.4041666666667,3.1624999999999996,84.24583333333334,,242.73684167560873
2012-04-18,2012.0,109.0,4.0,18.0,-22.008333333333336,977.6708333333332,2.275,90.36666666666667,,283.27749480594457
2012-04-19,2012.0,110.0,4.0,19.0,-27.929166666666664,979.6208333333334,6.554166666666667,83.60833333333333,,203.97126050275162
2012-04-20,2012.0,111.0,4.0,20.0,-27.070833333333336,977.0583333333334,3.882608695652174,83.73333333333333,,220.6618175079432
2012-04-21,2012.0,112.0,4.0,21.0,-21.633333333333336,962.8708333333334,8.641666666666667,90.32272727272726,,262.04855507794605
2012-04-22,2012.0,113.0,4.0,22.0,-19.4375,962.4333333333334,9.3375,91.70416666666667,,207.90903191829338
2012-04-23,2012.0,114.0,4.0,23.0,-20.3875,971.7624999999999,7.0625,91.02916666666665,,221.53192840815498
2012-04-24,2012.0,115.0,4.0,24.0,-18.114285714285714,954.8913043478261,8.6,92.93684210526315,,224.2870919096147
2012-04-25,2012.0,116.0,4.0,25.0,-20.158333333333335,962.9250000000001,14.5,92.73333333333333,,213.67355791071697
2012-04-26,2012.0,117.0,4.0,26.0,-26.883333333333336,972.4499999999999,6.077777777777778,84.41250000000001,,184.33694428960564
2012-04-27,2012.0,118.0,4.0,27.0,-22.05,982.3833333333333,10.861904761904762,90.40416666666665,,210.71854550536955
2012-04-28,2012.0,119.0,4.0,28.0,-30.224999999999998,989.0791666666668,6.845833333333332,81.00833333333334,,217.07892347982497
2012-04-29,2012.0,120.0,4.0,29.0,-30.566666666666666,988.7875,2.809090909090909,80.625,,200.61720433411466
2012-04-30,2012.0,121.0,4.0,30.0,-31.65416666666667,995.1,6.7875,78.84583333333333,,210.89669979864757
2012-05-01,2012.0,122.0,5.0,1.0,-34.525,992.8708333333334,4.191666666666666,74.46249999999999,,218.05995938941905
2012-05-02,2012.0,123.0,5.0,2.0,-40.81666666666667,977.6750000000001,,67.95,,
2012-05-03,2012.0,124.0,5.0,3.0,-33.229166666666664,969.475,,76.87083333333334,,
2012-05-04,2012.0,125.0,5.0,4.0,-20.9375,957.7375000000001,10.656521739130435,91.825,,234.05727475036457
2012-05-05,2012.0,126.0,5.0,5.0,-22.458333333333332,964.5666666666666,14.6,90.27083333333333,,216.0022552667487
2012-05-06,2012.0,127.0,5.0,6.0,-16.445833333333333,965.775,13.5875,94.9375,,217.20976677096104
2012-05-07,2012.0,128.0,5.0,7.0,-12.725,962.5958333333333,17.508333333333333,98.25454545454545,,220.51047087453534
2012-05-08,2012.0,129.0,5.0,8.0,-16.779166666666665,985.7375000000001,13.8375,94.72916666666667,,218.00717196844573
2012-05-09,2012.0,130.0,5.0,9.0,-18.208333333333332,988.6708333333332,12.012500000000001,89.7625,,211.8736371524972
2012-05-10,2012.0,131.0,5.0,10.0,-17.816666666666666,988.4,10.670833333333334,92.80434782608695,,218.4349309656668
2012-05-11,2012.0,132.0,5.0,11.0,-11.008333333333333,981.275,18.2125,88.52083333333333,,222.92482406380176
2012-05-12,2012.0,133.0,5.0,12.0,-18.45416666666667,982.025,11.383333333333333,77.675,,219.56771443772453
2012-05-13,2012.0,134.0,5.0,13.0,-27.650000000000002,986.6791666666667,5.166666666666667,77.59583333333333,,196.42866297684992
2012-05-14,2012.0,135.0,5.0,14.0,-24.233333333333334,989.85,8.28695652173913,86.52499999999999,,219.78403794288317
2012-05-15,2012.0,136.0,5.0,15.0,-20.783333333333335,986.85,9.466666666666667,90.85000000000001,,194.7405889638784
2012-05-16,2012.0,137.0,5.0,16.0,-20.383333333333333,985.6291666666666,6.2,90.47500000000001,,178.25755952246018
2012-05-17,2012.0,138.0,5.0,17.0,-27.55,993.5291666666667,11.691666666666668,84.02916666666667,,185.31404899454407
2012-05-18,2012.0,139.0,5.0,18.0,-25.599999999999998,986.1916666666666,12.958333333333334,85.825,,214.96911011496545
2012-05-19,2012.0,140.0,5.0,19.0,-25.704166666666666,979.3125,6.070833333333333,84.57916666666667,,229.59019499190399
2012-05-20,2012.0,141.0,5.0,20.0,-23.179166666666664,984.6791666666667,3.391666666666667,88.72083333333335,,159.98563654109986
2012-05-21,2012.0,142.0,5.0,21.0,-23.358333333333334,983.7666666666668,17.454166666666666,89.08333333333333,,209.88371637872203
2012-05-22,2012.0,143.0,5.0,22.0,-22.099999999999998,981.4916666666667,17.533333333333335,90.45,,218.76875474078048
2012-05-23,2012.0,144.0,5.0,23.0,-22.170833333333334,968.1416666666668,8.200000000000001,87.8625,,246.12637314669868
2012-05-24,2012.0,145.0,5.0,24.0,-27.758333333333336,959.7458333333334,,84.12083333333334,,
2012-05-25,2012.0,146.0,5.0,25.0,-28.84166666666667,982.1458333333334,7.172727272727273,82.59166666666667,,186.08399244399632
2012-05-26,2012.0,147.0,5.0,26.0,-24.233333333333334,993.2958333333332,10.591666666666667,87.10000000000001,,209.38937545168375
2012-05-27,2012.0,148.0,5.0,27.0,-26.316666666666666,987.1458333333334,2.35,83.55416666666666,,170.06182283368148
2012-05-28,2012.0,149.0,5.0,28.0,-30.125,984.4499999999999,13.7125,80.71249999999999,,197.94763839140884
2012-05-29,2012.0,150.0,5.0,29.0,-25.02916666666667,969.4291666666667,15.341666666666667,81.275,,225.18194821930103
2012-05-30,2012.0,151.0,5.0,30.0,-23.441666666666666,968.975,9.279166666666667,80.07083333333334,,207.49915559573685
2012-05-31,2012.0,152.0,5.0,31.0,-25.616666666666664,975.6125000000001,3.641666666666667,82.5625,,192.4645619473174
2012-06-01,2012.0,153.0,6.0,1.0,-27.8875,978.1041666666666,2.933333333333333,82.55833333333334,,164.80271784744957
2012-06-02,2012.0,154.0,6.0,2.0,-31.358333333333334,978.475,6.879166666666666,79.175,,241.92433372159087
2012-06-03,2012.0,155.0,6.0,3.0,-37.19583333333333,989.2125,4.5375000000000005,72.2,,189.07135446370194
2012-06-04,2012.0,156.0,6.0,4.0,-37.358333333333334,986.275,1.2208333333333334,72.27083333333333,,62.310465583284454
2012-06-05,2012.0,157.0,6.0,5.0,-38.28333333333333,977.9916666666667,4.425,70.60000000000001,,191.80539998410242
2012-06-06,2012.0,158.0,6.0,6.0,-36.708333333333336,986.3625000000001,6.7,72.64999999999999,,198.31056367227578
2012-06-07,2012.0,159.0,6.0,7.0,-35.791666666666664,997.2208333333333,2.4291666666666667,73.91250000000001,,316.183054866969
2012-06-08,2012.0,160.0,6.0,8.0,-37.175000000000004,1009.1625,9.375,71.87916666666666,,186.95711717415557
2012-06-09,2012.0,161.0,6.0,9.0,-37.487500000000004,1011.7791666666667,10.979166666666666,71.19583333333334,,205.16382425893352
2012-06-10,2012.0,162.0,6.0,10.0,-35.21666666666667,1002.4375,15.241666666666667,74.425,,214.7475231513484
2012-06-11,2012.0,163.0,6.0,11.0,-33.416666666666664,1006.1458333333334,6.966666666666666,72.45833333333333,,218.21484635824885
2012-06-12,2012.0,164.0,6.0,12.0,-35.34583333333333,1010.7375000000001,2.2285714285714286,73.67083333333333,,294.5328424115576
2012-06-13,2012.0,165.0,6.0,13.0,-40.324999999999996,1002.3874999999999,1.6458333333333333,68.20416666666667,,142.1967181327152
2012-06-14,2012.0,166.0,6.0,14.0,-36.5625,981.1291666666666,2.9958333333333336,72.88333333333334,,119.67403606021459
2012-06-15,2012.0,167.0,6.0,15.0,-30.316666666666666,973.9083333333333,10.466666666666667,80.60416666666667,,217.53409821803086
2012-06-16,2012.0,168.0,6.0,16.0,-23.2625,980.2333333333332,16.558333333333334,88.69583333333333,,213.95444278730858
2012-06-17,2012.0,169.0,6.0,17.0,-20.708333333333332,993.8458333333333,11.866666666666667,88.33749999999999,,213.3618929172373
2012-06-18,2012.0,170.0,6.0,18.0,-25.96666666666667,987.6,1.7083333333333333,84.98333333333333,,71.75292074893605
2012-06-19,2012.0,171.0,6.0,19.0,-31.71666666666667,978.3249999999999,4.641666666666667,79.25,,194.8166047249673
2012-06-20,2012.0,172.0,6.0,20.0,-38.13333333333333,975.1999999999999,2.3958333333333335,70.9375,,228.88004076637125
2012-06-21,2012.0,173.0,6.0,21.0,-38.487500000000004,982.4875000000001,1.7,70.7375,,253.6875740304702
2012-06-22,2012.0,174.0,6.0,22.0,-32.449999999999996,980.5083333333333,7.177272727272728,78.28333333333333,,242.20939489613187
2012-06-23,2012.0,175.0,6.0,23.0,-37.0625,990.3375,5.529166666666666,72.57083333333334,,223.5552612956343
2012-06-24,2012.0,176.0,6.0,24.0,-37.8125,992.2458333333334,2.84,71.425,,242.1396161625246
2012-06-25,2012.0,177.0,6.0,25.0,-33.862500000000004,995.1833333333334,2.3523809523809525,76.14166666666667,,253.98608559673073
2012-06-26,2012.0,178.0,6.0,26.0,-28.054166666666664,1001.0333333333333,3.5666666666666664,83.5125,,292.38519431481785
2012-06-27,2012.0,179.0,6.0,27.0,-29.070833333333336,1001.0666666666666,,81.91250000000001,,
2012-06-28,2012.0,180.0,6.0,28.0,-32.1,1006.6750000000001,7.5,78.27499999999999,,214.20519140686312
2012-06-29,2012.0,181.0,6.0,29.0,-29.75,1013.1583333333333,10.058333333333334,72.83333333333333,,201.927129939293
2012-06-30,2012.0,182.0,6.0,30.0,-34.8125,1011.4916666666667,3.3272727272727276,72.21666666666667,,244.72120815514597
2012-07-01,2012.0,183.0,7.0,1.0,-40.13333333333333,1006.6833333333334,,68.24583333333332,,
2012-07-02,2012.0,184.0,7.0,2.0,-37.70869565217391,999.5166666666668,,71.52499999999999,,
2012-07-03,2012.0,185.0,7.0,3.0,-35.84166666666667,1003.9666666666667,,73.48333333333333,,
2012-07-04,2012.0,186.0,7.0,4.0,-36.69166666666667,1005.6541666666667,,72.27499999999999,,
2012-07-05,2012.0,187.0,7.0,5.0,-39.729166666666664,997.725,,68.88333333333334,,
2012-07-06,2012.0,188.0,7.0,6.0,-44.23333333333333,989.15,,63.0625,,
2012-07-07,2012.0,189.0,7.0,7.0,-40.229166666666664,992.0791666666668,4.156521739130435,67.91666666666667,,198.28577716982278
2012-07-08,2012.0,190.0,7.0,8.0,-39.06666666666667,991.85,4.8428571428571425,69.4375,,198.9587603355959
2012-07-09,2012.0,191.0,7.0,9.0,-32.1125,978.8083333333334,2.965217391304348,77.89999999999999,,256.94706670437165
2012-07-10,2012.0,192.0,7.0,10.0,-23.204166666666666,972.3125,11.875,88.9875,,216.20613187087503
2012-07-11,2012.0,193.0,7.0,11.0,-29.079166666666666,979.2833333333333,9.020833333333334,82.50416666666666,,211.63756155346357
2012-07-12,2012.0,194.0,7.0,12.0,-31.254166666666666,972.7291666666666,1.7874999999999999,79.3875,,264.59647086891516
2012-07-13,2012.0,195.0,7.0,13.0,-33.75833333333333,973.0041666666666,5.266666666666667,76.60416666666667,,213.50020684025282
2012-07-14,2012.0,196.0,7.0,14.0,-38.99166666666667,977.2416666666667,2.8454545454545457,69.94583333333334,,149.0095237142343
2012-07-15,2012.0,197.0,7.0,15.0,-42.583333333333336,977.6083333333332,1.8,65.45833333333333,,182.99999999999997
2012-07-16,2012.0,198.0,7.0,16.0,-38.145833333333336,969.4208333333332,11.05,70.24583333333334,,178.5
2012-07-17,2012.0,199.0,7.0,17.0,-33.44166666666667,970.1416666666668,7.2,76.675,,208.73204560898213
2012-07-18,2012.0,200.0,7.0,18.0,-35.65,972.0208333333334,1.3583333333333334,74.20416666666667,,240.98465019502407
2012-07-19,2012.0,201.0,7.0,19.0,-34.4695652173913,973.5541666666667,5.104166666666667,75.34583333333333,,34.845472053237316
2012-07-20,2012.0,202.0,7.0,20.0,-30.662499999999998,973.15,15.174999999999999,80.2375,,213.9095571441739
2012-07-21,2012.0,203.0,7.0,21.0,-34.62083333333333,969.725,3.125,75.05,,192.88014313275892
2012-07-22,2012.0,204.0,7.0,22.0,-37.854166666666664,970.1374999999999,3.9916666666666667,71.41250000000001,,223.41369408054888
2012-07-23,2012.0,205.0,7.0,23.0,-28.891666666666666,971.8458333333333,5.308333333333334,82.1875,,228.07570436421838
2012-07-24,2012.0,206.0,7.0,24.0,-27.55,979.15,10.9375,83.7375,,209.06036613512435
2012-07-25,2012.0,207.0,7.0,25.0,-25.9875,975.1708333333332,11.8375,85.21666666666667,,214.76806914082965
2012-07-26,2012.0,208.0,7.0,26.0,-28.791666666666668,976.2916666666666,9.341666666666667,81.40833333333333,,196.6643058984234
2012-07-27,2012.0,209.0,7.0,27.0,-22.016666666666666,976.9,7.329166666666667,90.13333333333333,,242.1204970368069
2012-07-28,2012.0,210.0,7.0,28.0,-27.21666666666667,977.4375,6.754166666666666,82.62083333333332,,201.60378961951326
2012-07-29,2012.0,211.0,7.0,29.0,-36.09583333333333,975.0333333333333,2.7541666666666664,73.66666666666667,,194.9536950975815
2012-07-30,2012.0,212.0,7.0,30.0,-33.43333333333333,972.5208333333334,2.4785714285714286,77.09166666666667,,297.04885322467703
2012-07-31,2012.0,213.0,7.0,31.0,-30.525000000000002,980.1125000000001,11.383333333333333,80.39999999999999,,210.4191600686699
2012-08-01,2012.0,214.0,8.0,1.0,-31.270833333333332,980.5749999999999,6.570833333333333,76.76666666666667,,238.08780308943815
2012-08-02,2012.0,215.0,8.0,2.0,-20.8125,978.6583333333333,14.391666666666666,90.48333333333333,,220.57564555356552
2012-08-03,2012.0,216.0,8.0,3.0,-32.5625,983.3333333333334,2.6041666666666665,76.71666666666667,,184.8525057282131
2012-08-04,2012.0,217.0,8.0,4.0,-30.675,976.4666666666667,3.3249999999999997,80.41666666666667,,291.37263967070476
2012-08-05,2012.0,218.0,8.0,5.0,-38.71666666666667,981.6,2.0749999999999997,70.47916666666667,,249.1858306704121
2012-08-06,2012.0,219.0,8.0,6.0,-37.82083333333333,985.9791666666666,2.2333333333333334,71.57916666666667,,99.13135986283085
2012-08-07,2012.0,220.0,8.0,7.0,-39.53333333333333,995.1166666666667,1.7791666666666668,69.08749999999999,,230.0586615588291
2012-08-08,2012.0,221.0,8.0,8.0,-33.87083333333333,986.3291666666668,2.245833333333333,76.0,,283.9204904548728
2012-08-09,2012.0,222.0,8.0,9.0,-41.02916666666667,995.25,2.619047619047619,67.29166666666667,,181.93723768275456
2012-08-10,2012.0,223.0,8.0,10.0,-45.8125,1001.6750000000001,1.7999999999999998,60.958333333333336,,168.49705422313906
2012-08-11,2012.0,224.0,8.0,11.0,-36.62916666666667,993.7541666666666,9.3125,72.54166666666667,,205.43499129481404
2012-08-12,2012.0,225.0,8.0,12.0,-43.375,984.1125000000001,5.877777777777777,64.39583333333333,,174.65715040140694
2012-08-13,2012.0,226.0,8.0,13.0,-46.1625,983.1041666666666,2.553846153846154,60.65416666666667,,161.4447280630687
2012-08-14,2012.0,227.0,8.0,14.0,-39.67916666666667,977.8125,5.5249999999999995,68.62083333333334,,202.7884164020004
2012-08-15,2012.0,228.0,8.0,15.0,-41.40833333333333,974.9083333333333,1.5416666666666667,66.98333333333333,,300.0496018414943
2012-08-16,2012.0,229.0,8.0,16.0,-42.083333333333336,986.7833333333333,1.9846153846153847,65.8875,,193.72967254855362
2012-08-17,2012.0,230.0,8.0,17.0,-42.637499999999996,990.2083333333334,2.0375,65.0,,130.40803644248678
2012-08-18,2012.0,231.0,8.0,18.0,-38.920833333333334,982.5291666666667,3.2916666666666665,69.47083333333333,,160.03894249920808
2012-08-19,2012.0,232.0,8.0,19.0,-36.36666666666667,976.1208333333334,10.15,73.16666666666667,,185.86794501039392
2012-08-20,2012.0,233.0,8.0,20.0,-37.38333333333333,977.3125,8.145833333333334,71.79583333333333,,191.57169749253316
2012-08-21,2012.0,234.0,8.0,21.0,-30.008333333333336,963.1875,16.433333333333334,80.93333333333334,,199.36451381049102
2012-08-22,2012.0,235.0,8.0,22.0,-21.229166666666668,969.65,18.837500000000002,89.85833333333333,,220.88414434285485
2012-08-23,2012.0,236.0,8.0,23.0,-26.8875,980.1583333333333,9.1,82.29166666666667,,203.98547190258662
2012-08-24,2012.0,237.0,8.0,24.0,-27.141666666666666,977.2791666666667,16.345833333333335,84.49583333333334,,196.60289744100803
2012-08-25,2012.0,238.0,8.0,25.0,-28.3125,993.9791666666666,6.575,83.05833333333334,,208.80475070546046
2012-08-26,2012.0,239.0,8.0,26.0,-29.15833333333333,995.8166666666666,4.504166666666666,79.74166666666666,,211.87753533461972
2012-08-27,2012.0,240.0,8.0,27.0,-38.949999999999996,994.0541666666667,5.166666666666667,69.84166666666667,,209.16547497149398
2012-08-28,2012.0,241.0,8.0,28.0,-32.4125,990.4916666666667,8.65,77.89583333333333,,193.24809949974312
2012-08-29,2012.0,242.0,8.0,29.0,-27.604166666666668,988.0583333333333,11.804166666666667,83.87916666666666,,214.06692963821936
2012-08-30,2012.0,243.0,8.0,30.0,-24.145833333333332,981.5333333333333,1.9166666666666667,87.97500000000001,,310.085720421981
2012-08-31,2012.0,244.0,8.0,31.0,-21.8,981.4333333333334,7.095833333333334,90.70833333333333,,212.93619407358068
2012-09-01,2012.0,245.0,9.0,1.0,-18.779166666666665,985.2916666666666,8.459090909090909,92.79583333333333,,208.38298198383185
2012-09-02,2012.0,246.0,9.0,2.0,-28.810000000000002,982.7666666666668,,82.08333333333333,,
2012-09-03,2012.0,247.0,9.0,3.0,-23.95,976.4125,11.266666666666666,88.35416666666667,,220.68329263223663
2012-09-04,2012.0,248.0,9.0,4.0,-24.0,980.475,13.241666666666667,88.16666666666667,,216.6245519161873
2012-09-05,2012.0,249.0,9.0,5.0,-31.09130434782609,983.2916666666666,6.445454545454546,79.45,,219.1685005378925
2012-09-06,2012.0,250.0,9.0,6.0,-30.675,985.15,10.845833333333333,80.50833333333334,,202.53862106006758
2012-09-07,2012.0,251.0,9.0,7.0,-29.729166666666668,986.0458333333332,15.841666666666667,81.39999999999999,,214.9373621198454
2012-09-08,2012.0,252.0,9.0,8.0,-34.545833333333334,985.625,4.9125000000000005,70.58749999999999,,256.2569896815317
2012-09-09,2012.0,253.0,9.0,9.0,-35.375,984.9958333333334,3.5583333333333336,72.8125,,46.201599526517086
2012-09-10,2012.0,254.0,9.0,10.0,-30.391666666666666,984.9333333333334,15.533333333333333,80.19583333333334,,207.41706062020523
2012-09-11,2012.0,255.0,9.0,11.0,-23.275000000000002,976.0749999999999,21.204166666666666,89.10833333333333,,220.29979149863019
2012-09-12,2012.0,256.0,9.0,12.0,-19.754166666666666,970.8000000000001,14.408333333333333,92.78333333333335,,213.2827779873819
2012-09-13,2012.0,257.0,9.0,13.0,-25.357142857142858,968.6291666666666,2.4555555555555557,84.11666666666666,,273.5291181550517
2012-09-14,2012.0,258.0,9.0,14.0,-22.343478260869563,971.2624999999999,0.0,88.04166666666667,,0.0
2012-09-15,2012.0,259.0,9.0,15.0,-23.208333333333332,978.6541666666667,0.0,85.51666666666667,,0.0
2012-09-16,2012.0,260.0,9.0,16.0,-28.2375,976.625,0.0,81.48333333333333,,0.0
2012-09-17,2012.0,261.0,9.0,17.0,-28.662499999999998,973.5625,0.0,81.625,,0.0
2012-09-18,2012.0,262.0,9.0,18.0,-34.225,971.1041666666666,0.0,71.87083333333334,,0.0
2012-09-19,2012.0,263.0,9.0,19.0,-35.43636363636364,970.9083333333333,0.0,71.08333333333333,,0.0
2012-09-20,2012.0,264.0,9.0,20.0,-25.90833333333333,973.4083333333333,6.9375,78.16666666666667,,315.0714311653883
2012-09-21,2012.0,265.0,9.0,21.0,-21.241666666666667,986.5083333333333,9.0,85.075,,228.27606964905237
2012-09-22,2012.0,266.0,9.0,22.0,-20.208333333333332,998.9375,8.625,86.27083333333333,,215.84153267679682
2012-09-23,2012.0,267.0,9.0,23.0,-27.579166666666666,990.5291666666667,3.5,77.41666666666667,,205.47368735722793
2012-09-24,2012.0,268.0,9.0,24.0,-29.308333333333334,983.9666666666667,,74.64166666666667,,
2012-09-25,2012.0,269.0,9.0,25.0,-26.333333333333332,985.5708333333333,,75.75,,
2012-09-26,2012.0,270.0,9.0,26.0,-32.87083333333333,988.2333333333332,8.645454545454545,71.84583333333333,,201.26813704879345
2012-09-27,2012.0,271.0,9.0,27.0,-35.34583333333333,990.75,4.093333333333333,67.19166666666666,,210.71989933175138
2012-09-28,2012.0,272.0,9.0,28.0,-32.170833333333334,979.6625,,67.78750000000001,,
2012-09-29,2012.0,273.0,9.0,29.0,-34.74583333333333,967.2875,,69.87916666666666,,
2012-09-30,2012.0,274.0,9.0,30.0,-35.45652173913044,969.975,,66.45217391304348,,
2012-10-01,2012.0,275.0,10.0,1.0,-34.82083333333333,976.8166666666666,,67.33749999999999,,
2012-10-02,2012.0,276.0,10.0,2.0,-27.629166666666666,975.3458333333333,3.2458333333333336,78.5125,,205.87916819867073
2012-10-03,2012.0,277.0,10.0,3.0,-21.575,972.2041666666668,12.883333333333333,88.06666666666666,,210.41027099202125
2012-10-04,2012.0,278.0,10.0,4.0,-19.783333333333335,965.6208333333334,12.174999999999999,87.93333333333334,,218.2878334242374
2012-10-05,2012.0,279.0,10.0,5.0,-13.645833333333334,962.8000000000001,7.7375,87.6375,,245.49898539997733
2012-10-06,2012.0,280.0,10.0,6.0,-16.154166666666665,969.9166666666666,9.950000000000001,93.55,,216.07867233743661
2012-10-07,2012.0,281.0,10.0,7.0,-18.445833333333333,971.6708333333332,15.924999999999999,92.52499999999999,,211.28482442612096
2012-10-08,2012.0,282.0,10.0,8.0,-18.666666666666668,967.775,12.508333333333333,88.21666666666665,,228.94996664940376
2012-10-09,2012.0,283.0,10.0,9.0,-19.108333333333334,964.1291666666666,1.26,80.54583333333333,,323.5170549910244
2012-10-10,2012.0,284.0,10.0,10.0,-21.325,964.8041666666667,4.429166666666666,77.89166666666667,,228.11422972315478
2012-10-11,2012.0,285.0,10.0,11.0,-22.22083333333333,969.3375,11.154166666666667,82.74583333333332,,212.89896179798913
2012-10-12,2012.0,286.0,10.0,12.0,-22.958333333333332,967.2875,12.995833333333332,85.11666666666666,,221.12619483213783
2012-10-13,2012.0,287.0,10.0,13.0,-22.254166666666666,972.3000000000001,13.4125,85.23333333333333,,216.5167552306473
2012-10-14,2012.0,288.0,10.0,14.0,-20.304166666666667,976.4250000000001,10.966666666666667,81.95416666666667,,219.55565336215332
2012-10-15,2012.0,289.0,10.0,15.0,-25.461111111111112,979.3833333333333,4.444444444444445,66.1875,,197.72021611169495
2012-10-16,2012.0,290.0,10.0,16.0,-27.32857142857143,982.8916666666668,3.94,73.17916666666666,,208.87407831267515
2012-10-17,2012.0,291.0,10.0,17.0,-27.46,992.4875000000001,2.209090909090909,56.237500000000004,,190.58866645412206
2012-10-18,2012.0,292.0,10.0,18.0,-27.962500000000002,994.8375,4.920833333333333,68.24166666666666,,210.06545483922534
2012-10-19,2012.0,293.0,10.0,19.0,-25.5,982.9499999999999,2.9789473684210526,68.9375,,215.59498047611817
2012-10-20,2012.0,294.0,10.0,20.0,-26.135,976.2583333333333,,54.01666666666666,,
2012-10-21,2012.0,295.0,10.0,21.0,-17.904166666666665,982.4083333333333,2.475,71.68333333333334,,299.39208014013434
2012-10-22,2012.0,296.0,10.0,22.0,-14.366666666666667,986.8041666666667,4.7625,84.91250000000001,,326.9910490087989
2012-10-23,2012.0,297.0,10.0,23.0,-15.941666666666668,986.7041666666668,4.6375,82.97083333333333,,295.99636224808086
2012-10-24,2012.0,298.0,10.0,24.0,-20.45416666666667,988.7166666666667,6.391666666666667,81.975,,194.03654973245435
2012-10-25,2012.0,299.0,10.0,25.0,-16.9375,987.5124999999999,3.8958333333333335,69.2,,321.91661695326854
2012-10-26,2012.0,300.0,10.0,26.0,-16.854166666666668,985.225,2.6374999999999997,80.23333333333333,,185.63263759272002
2012-10-27,2012.0,301.0,10.0,27.0,-23.6375,993.3708333333334,7.158333333333334,76.35000000000001,,174.01168564756742
2012-10-28,2012.0,302.0,10.0,28.0,-23.288235294117644,987.625,1.1583333333333334,60.19166666666666,,148.13565335974363
2012-10-29,2012.0,303.0,10.0,29.0,-23.05,983.1666666666666,2.475,62.145833333333336,,132.46082823121532
2012-10-30,2012.0,304.0,10.0,30.0,-25.170833333333334,989.8791666666666,4.208333333333333,60.92083333333333,,184.02728585119746
2012-10-31,2012.0,305.0,10.0,31.0,-25.429166666666664,993.0875,2.0708333333333333,57.3375,,155.95276791042545
2012-11-01,2012.0,306.0,11.0,1.0,-24.445833333333336,997.1666666666666,7.1875,67.72916666666667,,200.0346009633292
2012-11-02,2012.0,307.0,11.0,2.0,-21.72083333333333,997.1708333333332,8.1,70.72916666666667,,202.21870158168537
2012-11-03,2012.0,308.0,11.0,3.0,-21.829166666666666,996.8208333333333,9.229166666666666,72.1875,,206.49303440729838
2012-11-04,2012.0,309.0,11.0,4.0,-20.725,995.6875,5.6000000000000005,59.354166666666664,,215.06323532380614
2012-11-05,2012.0,310.0,11.0,5.0,-19.51304347826087,992.4291666666667,2.35,53.262499999999996,,245.40986517915817
2012-11-06,2012.0,311.0,11.0,6.0,-16.541666666666668,988.8666666666667,2.8166666666666664,59.92083333333333,,237.25831628315638
2012-11-07,2012.0,312.0,11.0,7.0,-21.3625,987.0625,3.295833333333333,57.59166666666667,,192.09229959153433
2012-11-08,2012.0,313.0,11.0,8.0,-17.545833333333334,996.0666666666666,7.141666666666667,64.67083333333333,,205.5880206929732
2012-11-09,2012.0,314.0,11.0,9.0,-18.662499999999998,993.7875,4.783333333333333,62.37916666666666,,191.30109690504352
2012-11-10,2012.0,315.0,11.0,10.0,-16.233333333333334,992.2541666666666,7.108333333333333,71.06666666666666,,208.82833195459847
2012-11-11,2012.0,316.0,11.0,11.0,-17.466666666666665,994.0124999999999,7.541666666666667,79.53750000000001,,192.3660490531877
2012-11-12,2012.0,317.0,11.0,12.0,-16.258333333333333,995.4375,6.0625,69.86666666666666,,202.4309884693076
2012-11-13,2012.0,318.0,11.0,13.0,-14.779166666666667,987.0208333333334,3.9958333333333336,66.75833333333334,,215.94826662589207
2012-11-14,2012.0,319.0,11.0,14.0,-14.033333333333333,981.0875,7.608333333333333,79.52916666666667,,199.90387127763762
2012-11-15,2012.0,320.0,11.0,15.0,-8.833333333333334,981.1416666666668,11.220833333333333,78.71739130434783,,220.2294388007716
2012-11-16,2012.0,321.0,11.0,16.0,-12.0,990.1,7.691304347826088,81.45,,198.28174604931306
2012-11-17,2012.0,322.0,11.0,17.0,-9.19090909090909,985.3916666666668,2.8166666666666664,72.78333333333333,,295.8287337158757
2012-11-18,2012.0,323.0,11.0,18.0,-13.395833333333334,982.7208333333333,9.933333333333334,76.18333333333334,,206.58612103142423
2012-11-19,2012.0,324.0,11.0,19.0,-12.416666666666666,981.2875,8.870833333333334,70.32916666666667,,225.6212834929299
2012-11-20,2012.0,325.0,11.0,20.0,-9.029166666666667,980.8333333333334,8.283333333333333,79.72916666666667,,243.35373591566315
2012-11-21,2012.0,326.0,11.0,21.0,-9.008333333333333,985.3125,11.333333333333334,90.2304347826087,,229.4047285415662
2012-11-22,2012.0,327.0,11.0,22.0,-11.079166666666666,991.6208333333334,5.825,71.49166666666666,,219.0892063863492
2012-11-23,2012.0,328.0,11.0,23.0,-9.216666666666667,990.9875000000001,2.7708333333333335,66.83333333333333,,343.5652619176886
2012-11-24,2012.0,329.0,11.0,24.0,-8.745833333333334,985.7875,3.533333333333333,74.98333333333333,,232.44070347481073
2012-11-25,2012.0,330.0,11.0,25.0,-11.166666666666666,984.3458333333333,3.5708333333333333,76.90416666666667,,102.51593206062482
2012-11-26,2012.0,331.0,11.0,26.0,-10.738095238095237,985.4833333333332,2.0791666666666666,69.30416666666666,,162.32781114865028
2012-11-27,2012.0,332.0,11.0,27.0,-11.950000000000001,988.7208333333333,1.9541666666666666,57.37083333333334,,184.73325566871202
2012-11-28,2012.0,333.0,11.0,28.0,-13.691666666666668,985.8958333333334,7.425,75.96666666666667,,190.84145221499824
2012-11-29,2012.0,334.0,11.0,29.0,-14.5,983.725,4.983333333333333,65.71666666666667,,213.41908231702948
2012-11-30,2012.0,335.0,11.0,30.0,-11.326086956521738,983.2541666666666,2.1958333333333333,53.225,,226.96563648588074
2012-12-01,2012.0,336.0,12.0,1.0,-6.0874999999999995,986.7791666666667,4.441666666666666,76.87916666666666,,311.24257924307017
2012-12-02,2012.0,337.0,12.0,2.0,-5.86,988.6291666666666,1.9708333333333332,67.10000000000001,,291.534564404321
2012-12-03,2012.0,338.0,12.0,3.0,-7.929166666666667,983.7375000000001,5.091666666666667,72.89999999999999,,213.63533743616208
2012-12-04,2012.0,339.0,12.0,4.0,-5.7,979.0708333333333,12.725,91.94705882352942,,229.48925354676862
2012-12-05,2012.0,340.0,12.0,5.0,-3.7875,980.4833333333332,6.866666666666667,79.87083333333334,,211.9902202547832
2012-12-06,2012.0,341.0,12.0,6.0,-4.3875,981.7083333333334,3.8833333333333333,71.22500000000001,,232.18286860952168
2012-12-07,2012.0,342.0,12.0,7.0,-6.354166666666667,982.8249999999999,4.675,80.52272727272727,,188.8756121398424
2012-12-08,2012.0,343.0,12.0,8.0,-4.508333333333334,985.0124999999999,2.6999999999999997,66.56666666666666,,241.70970886674286
2012-12-09,2012.0,344.0,12.0,9.0,-4.929166666666666,987.4,2.3833333333333333,65.89999999999999,,220.66949557525567
2012-12-10,2012.0,345.0,12.0,10.0,-4.216666666666667,987.5583333333334,2.7375000000000003,74.60833333333333,,204.6482609969826
2012-12-11,2012.0,346.0,12.0,11.0,-3.817391304347826,986.3666666666667,2.566666666666667,76.94583333333334,,256.99109203134765
2012-12-12,2012.0,347.0,12.0,12.0,-1.8545454545454545,984.3375,1.7874999999999999,69.82083333333334,,320.6258726089694
2012-12-13,2012.0,348.0,12.0,13.0,-3.3875,989.7791666666667,1.5541666666666665,62.48333333333333,,113.91733490909132
2012-12-14,2012.0,349.0,12.0,14.0,-2.245833333333333,991.7583333333333,2.6916666666666664,83.35000000000001,,39.073333294759955
2012-12-15,2012.0,350.0,12.0,15.0,-1.05,993.4208333333332,1.6375,67.0125,,357.5605625751007
2012-12-16,2012.0,351.0,12.0,16.0,-2.790909090909091,994.0625,2.0166666666666666,70.0125,,322.5461250110511
2012-12-17,2012.0,352.0,12.0,17.0,-2.8733333333333335,994.4875000000001,0.8958333333333334,47.854166666666664,,98.98886904350881
2012-12-18,2012.0,353.0,12.0,18.0,-3.920833333333333,994.6374999999999,3.7416666666666667,74.79166666666667,,179.30404321434017
2012-12-19,2012.0,354.0,12.0,19.0,-5.354166666666667,996.1374999999999,2.7458333333333336,65.62083333333334,,183.46104562136554
2012-12-20,2012.0,355.0,12.0,20.0,-4.960869565217391,996.225,1.5250000000000001,62.36666666666667,,203.07198548294252
2012-12-21,2012.0,356.0,12.0,21.0,-6.995833333333334,988.8666666666667,2.234782608695652,69.06666666666666,,173.83945575294845
2012-12-22,2012.0,357.0,12.0,22.0,-5.0,986.1166666666667,3.3791666666666664,74.5125,,91.62414654032362
2012-12-23,2012.0,358.0,12.0,23.0,-7.633333333333333,997.6,10.095833333333333,84.49166666666666,,208.53685231724103
2012-12-24,2012.0,359.0,12.0,24.0,-6.120833333333334,995.2541666666666,11.004166666666668,89.15238095238095,,220.36902265849474
2012-12-25,2012.0,360.0,12.0,25.0,-4.925,994.7583333333333,4.3625,77.12916666666666,,169.22447049383766
2012-12-26,2012.0,361.0,12.0,26.0,-4.658333333333333,994.275,8.1,79.30416666666666,,210.19763872008542
2012-12-27,2012.0,362.0,12.0,27.0,-3.1166666666666667,993.2291666666666,6.045833333333333,69.9875,,225.24106737801324
2012-12-28,2012.0,363.0,12.0,28.0,-2.9250000000000003,990.0541666666667,3.0666666666666664,66.05416666666666,,185.9325097140608
2012-12-29,2012.0,364.0,12.0,29.0,-3.5500000000000003,987.2583333333333,5.320833333333334,72.82916666666667,,185.67906972739027
2012-12-30,2012.0,365.0,12.0,30.0,-4.675,987.2041666666668,5.533333333333332,79.77916666666667,,194.65015199267805
2012-12-31,2012.0,366.0,12.0,31.0,-1.1391304347826086,987.7166666666667,3.170833333333333,76.0,,7.854353304174931
2013-01-01,2013.0,1.0,1.0,1.0,-1.4208333333333334,989.8125,2.191666666666667,76.075,,354.11507417397127
2013-01-02,2013.0,2.0,1.0,2.0,-3.026315789473684,994.1416666666668,1.3,58.94166666666666,,141.0854466491453
2013-01-03,2013.0,3.0,1.0,3.0,-1.6833333333333333,999.6958333333333,2.3833333333333333,70.25416666666666,,51.96461094408273
2013-01-04,2013.0,4.0,1.0,4.0,-1.2333333333333334,998.7833333333333,2.9250000000000003,77.7,,116.26807457402592
2013-01-05,2013.0,5.0,1.0,5.0,-3.6565217391304343,989.6875,3.8333333333333335,78.89583333333333,,210.66858746733067
2013-01-06,2013.0,6.0,1.0,6.0,-1.8130434782608698,982.0333333333333,2.1166666666666667,71.60833333333333,,84.32853322893101
2013-01-07,2013.0,7.0,1.0,7.0,-2.2375,987.1750000000001,0.9666666666666667,53.84583333333333,,48.78896753522596
2013-01-08,2013.0,8.0,1.0,8.0,-2.756521739130435,991.9916666666667,1.3541666666666667,72.59166666666667,,13.112249799624555
2013-01-09,2013.0,9.0,1.0,9.0,-3.4565217391304346,988.3125,1.6458333333333333,74.4375,,110.37179339407817
2013-01-10,2013.0,10.0,1.0,10.0,-4.066666666666666,987.4875000000001,3.6999999999999997,74.7375,,196.6301072293297
2013-01-11,2013.0,11.0,1.0,11.0,-5.016666666666667,982.4625,2.370833333333333,70.98333333333333,,151.61437086728256
2013-01-12,2013.0,12.0,1.0,12.0,-8.879166666666666,979.6958333333333,6.45,82.2375,,203.96581727239882
2013-01-13,2013.0,13.0,1.0,13.0,-4.5874999999999995,979.9416666666666,4.4875,87.4,,261.62038601951565
2013-01-14,2013.0,14.0,1.0,14.0,-2.6416666666666666,986.7666666666668,3.295833333333333,81.4090909090909,,320.4158764564071
2013-01-15,2013.0,15.0,1.0,15.0,-4.75,989.5583333333334,4.070833333333334,80.95416666666667,,233.8885406676324
2013-01-16,2013.0,16.0,1.0,16.0,-3.5041666666666664,983.0916666666667,1.7333333333333334,72.875,,303.7061011379072
2013-01-17,2013.0,17.0,1.0,17.0,-1.482608695652174,987.4583333333334,1.5999999999999999,73.4375,,357.7466717909882
2013-01-18,2013.0,18.0,1.0,18.0,-4.816666666666666,997.8333333333334,7.0,86.9578947368421,,175.65550247633237
2013-01-19,2013.0,19.0,1.0,19.0,-7.029166666666666,996.2791666666667,10.083333333333334,92.59473684210526,,217.00635307334986
2013-01-20,2013.0,20.0,1.0,20.0,-6.029166666666666,990.5875,6.770833333333333,88.5611111111111,,206.88485875155354
2013-01-21,2013.0,21.0,1.0,21.0,-9.458333333333334,988.5458333333332,6.9125000000000005,83.60833333333333,,212.65865212042578
2013-01-22,2013.0,22.0,1.0,22.0,-9.15,983.8083333333334,6.616666666666667,66.39166666666667,,216.6412203363011
2013-01-23,2013.0,23.0,1.0,23.0,-5.704761904761905,977.9458333333333,2.5375,54.4,,198.5798681750063
2013-01-24,2013.0,24.0,1.0,24.0,-9.055555555555555,979.3708333333334,1.5958333333333332,57.025,,134.21183107772146
2013-01-25,2013.0,25.0,1.0,25.0,-8.266666666666667,991.0791666666668,2.345833333333333,65.20416666666667,,157.38230291904762
2013-01-26,2013.0,26.0,1.0,26.0,-5.904166666666666,989.5749999999999,7.183333333333334,86.97058823529412,,151.0667063230465
2013-01-27,2013.0,27.0,1.0,27.0,-5.8999999999999995,986.1791666666667,5.9750000000000005,86.37647058823529,,172.80470515592634
2013-01-28,2013.0,28.0,1.0,28.0,-8.170833333333333,982.2083333333334,2.5208333333333335,79.19583333333334,,151.26129846902566
2013-01-29,2013.0,29.0,1.0,29.0,-8.5625,980.3291666666668,6.158333333333334,85.08749999999999,,175.5567604109319
2013-01-30,2013.0,30.0,1.0,30.0,-11.466666666666667,982.4708333333333,3.7624999999999997,74.80416666666666,,196.6695220587203
2013-01-31,2013.0,31.0,1.0,31.0,-14.333333333333334,986.8083333333334,3.1208333333333336,73.2,,172.37188570100085
2013-02-01,2013.0,32.0,2.0,1.0,-12.34,984.725,1.4041666666666668,57.89166666666667,,138.01827233878709
2013-02-02,2013.0,33.0,2.0,2.0,-9.347619047619048,984.8416666666667,1.8458333333333332,66.04166666666667,,91.4115732597622
2013-02-03,2013.0,34.0,2.0,3.0,-8.165000000000001,983.3166666666666,2.6,83.5,,200.1130603324071
2013-02-04,2013.0,35.0,2.0,4.0,-12.179166666666667,980.475,7.2250000000000005,83.72916666666667,,197.88014918495324
2013-02-05,2013.0,36.0,2.0,5.0,-15.15,979.1125000000001,7.1875,78.6375,,204.25989183201153
2013-02-06,2013.0,37.0,2.0,6.0,-13.31304347826087,978.8291666666668,2.9291666666666667,68.84583333333333,,174.2184939274574
2013-02-07,2013.0,38.0,2.0,7.0,-14.950000000000001,976.275,5.0125,76.44166666666666,,172.5950213810362
2013-02-08,2013.0,39.0,2.0,8.0,-16.709090909090907,975.0749999999999,2.6958333333333333,65.95416666666667,,178.4754818160706
2013-02-09,2013.0,40.0,2.0,9.0,-14.643478260869566,977.6625,2.095833333333333,70.06666666666666,,130.3698966355151
2013-02-10,2013.0,41.0,2.0,10.0,-14.700000000000001,981.5916666666667,4.420833333333333,77.57916666666667,,173.04548072609117
2013-02-11,2013.0,42.0,2.0,11.0,-19.070833333333333,987.6958333333333,4.3875,70.42083333333333,,202.1883762928621
2013-02-12,2013.0,43.0,2.0,12.0,-18.108333333333334,988.5833333333334,3.9333333333333336,65.9375,,147.216303555088
2013-02-13,2013.0,44.0,2.0,13.0,-20.591666666666665,989.525,6.1375,71.875,,206.70673936642672
2013-02-14,2013.0,45.0,2.0,14.0,-19.837500000000002,989.0375,9.254166666666666,79.5625,,201.58424417628834
2013-02-15,2013.0,46.0,2.0,15.0,-15.791666666666666,981.5166666666668,8.666666666666666,78.5625,,223.23563082843495
2013-02-16,2013.0,47.0,2.0,16.0,-16.266666666666666,972.8375,4.970833333333333,70.27916666666667,,231.20813226852425
2013-02-17,2013.0,48.0,2.0,17.0,-11.320833333333333,971.2869565217391,8.395833333333334,85.71304347826087,,222.11243946559964
2013-02-18,2013.0,49.0,2.0,18.0,-9.468181818181819,978.4681818181817,10.15,92.58,,222.50857997503147
2013-02-19,2013.0,50.0,2.0,19.0,-11.008333333333333,979.5458333333332,11.604166666666666,91.74444444444444,,223.67076008365464
2013-02-20,2013.0,51.0,2.0,20.0,-10.450000000000001,970.0833333333334,8.920833333333333,86.15238095238095,,229.5456883699895
2013-02-21,2013.0,52.0,2.0,21.0,-8.670833333333333,966.1416666666668,4.6875,89.81666666666666,,235.93662322359674
2013-02-22,2013.0,53.0,2.0,22.0,-11.908333333333333,967.5375,9.475,94.97500000000001,,203.69869244940335
2013-02-23,2013.0,54.0,2.0,23.0,-11.391304347826088,978.9416666666666,4.841666666666667,87.445,,205.02897084039748
2013-02-24,2013.0,55.0,2.0,24.0,-10.195833333333333,984.9125,3.3083333333333336,85.68333333333334,,340.03858488636115
2013-02-25,2013.0,56.0,2.0,25.0,-12.950000000000001,984.6541666666667,5.445833333333333,84.80833333333334,,185.40448102414345
2013-02-26,2013.0,57.0,2.0,26.0,-16.770833333333332,979.2608695652174,3.817391304347826,84.30434782608695,,190.68219432145062
2013-02-27,2013.0,58.0,2.0,27.0,-16.6375,977.4125,5.233333333333333,84.8625,,186.59771938258467
2013-02-28,2013.0,59.0,2.0,28.0,-22.495652173913044,980.6958333333333,3.6125000000000003,71.05833333333334,,197.94441417933527
2013-03-01,2013.0,60.0,3.0,1.0,-16.058333333333334,977.0375,5.220833333333333,85.07083333333334,,116.919037734255
2013-03-02,2013.0,61.0,3.0,2.0,-21.608333333333334,977.225,3.4916666666666667,80.04166666666667,,168.00211668755324
2013-03-03,2013.0,62.0,3.0,3.0,-24.654545454545453,983.0,2.0458333333333334,73.88333333333334,,199.02830980494298
2013-03-04,2013.0,63.0,3.0,4.0,-19.962500000000002,986.1083333333332,9.058333333333334,84.80416666666666,,198.34410689370299
2013-03-05,2013.0,64.0,3.0,5.0,-21.229166666666668,975.7166666666667,6.441666666666666,85.95416666666667,,180.05639680806618
2013-03-06,2013.0,65.0,3.0,6.0,-19.533333333333335,970.5958333333333,4.079166666666667,86.3875,,183.9044798737745
2013-03-07,2013.0,66.0,3.0,7.0,-20.724999999999998,974.5166666666668,1.9166666666666667,81.7625,,36.45488604204138
2013-03-08,2013.0,67.0,3.0,8.0,-17.577272727272728,975.75,1.7583333333333335,88.84583333333335,,7.1770431941331925
2013-03-09,2013.0,68.0,3.0,9.0,-18.98421052631579,974.0458333333332,0.0,88.24166666666667,,0.0
2013-03-10,2013.0,69.0,3.0,10.0,-25.115000000000002,975.8583333333332,0.37916666666666665,80.325,,8.856106403484588
2013-03-11,2013.0,70.0,3.0,11.0,-21.579166666666666,980.8958333333334,2.1625,82.7375,,196.52246112843739
2013-03-12,2013.0,71.0,3.0,12.0,-18.05,981.8000000000001,7.020833333333333,88.42916666666667,,188.45786894933488
2013-03-13,2013.0,72.0,3.0,13.0,-14.717391304347826,971.3583333333332,1.8916666666666666,89.60000000000001,,286.97476267294246
2013-03-14,2013.0,73.0,3.0,14.0,-20.808695652173913,974.5333333333333,2.475,86.55833333333334,,200.47748774707105
2013-03-15,2013.0,74.0,3.0,15.0,-11.316666666666668,978.9250000000001,11.495833333333332,95.58666666666666,,219.3356495511731
2013-03-16,2013.0,75.0,3.0,16.0,-12.629166666666668,972.4208333333332,13.041666666666666,96.78125,,222.82894062360268
2013-03-17,2013.0,76.0,3.0,17.0,-11.2125,959.6958333333333,9.791666666666666,91.07777777777778,,231.80341666228898
2013-03-18,2013.0,77.0,3.0,18.0,-13.2875,959.0875,13.5,98.10909090909091,,228.5514815808663
2013-03-19,2013.0,78.0,3.0,19.0,-13.799999999999999,975.0208333333334,10.208333333333334,97.53333333333335,,215.80143078235417
2013-03-20,2013.0,79.0,3.0,20.0,-19.175,974.3166666666666,5.691666666666666,90.71666666666665,,194.72095048551415
2013-03-21,2013.0,80.0,3.0,21.0,-22.40833333333333,976.0124999999999,4.379166666666666,80.49583333333334,,155.81711322188514
2013-03-22,2013.0,81.0,3.0,22.0,-23.691666666666666,983.3333333333334,4.920833333333333,84.02916666666667,,138.82893192372413
2013-03-23,2013.0,82.0,3.0,23.0,-19.858333333333334,992.1750000000001,2.4625,84.33749999999999,,33.68125586972004
2013-03-24,2013.0,83.0,3.0,24.0,-20.545833333333334,987.0958333333333,2.7874999999999996,86.62916666666666,,133.40835424520952
2013-03-25,2013.0,84.0,3.0,25.0,-26.141666666666666,979.7708333333334,7.458333333333333,83.37083333333334,,202.79690793057176
2013-03-26,2013.0,85.0,3.0,26.0,-32.09583333333333,984.1625,9.045833333333333,77.45416666666667,,205.14688639789998
2013-03-27,2013.0,86.0,3.0,27.0,-30.8625,982.9250000000001,8.029166666666667,78.34583333333333,,215.34765614181688
2013-03-28,2013.0,87.0,3.0,28.0,-32.31666666666667,976.0958333333333,2.364705882352941,75.16250000000001,,173.42640100414846
2013-03-29,2013.0,88.0,3.0,29.0,-28.40416666666667,969.2041666666668,9.285714285714286,79.47500000000001,,329.50127250999475
2013-03-30,2013.0,89.0,3.0,30.0,-26.412499999999998,982.7666666666668,5.091666666666667,81.3625,,185.4990017242815
2013-03-31,2013.0,90.0,3.0,31.0,-34.03333333333333,991.3958333333334,2.1,72.9375,,149.02015564446197
2013-04-01,2013.0,91.0,4.0,1.0,-28.379166666666666,980.5,3.6125000000000003,80.85416666666667,,218.49808334525915
2013-04-02,2013.0,92.0,4.0,2.0,-37.5,971.5791666666668,4.316666666666666,70.48333333333333,,194.12758986253743
2013-04-03,2013.0,93.0,4.0,3.0,-26.912499999999998,964.8333333333334,3.6125000000000003,80.21249999999999,,349.28348161242775
2013-04-04,2013.0,94.0,4.0,4.0,-30.208333333333332,971.125,5.583333333333333,79.21249999999999,,186.28595233158157
2013-04-05,2013.0,95.0,4.0,5.0,-28.587500000000002,973.0375,2.1374999999999997,81.82083333333334,,247.3270706818551
2013-04-06,2013.0,96.0,4.0,6.0,-26.224999999999998,972.0500000000001,4.9875,80.31666666666666,,226.1077094471204
2013-04-07,2013.0,97.0,4.0,7.0,-29.983333333333334,985.1083333333332,3.904166666666667,75.68333333333334,,215.26060996474823
2013-04-08,2013.0,98.0,4.0,8.0,-21.958333333333332,989.6750000000001,4.354166666666667,84.97083333333333,,251.97950646555003
2013-04-09,2013.0,99.0,4.0,9.0,-33.395833333333336,978.0916666666667,2.6333333333333333,76.16250000000001,,217.67840733150118
2013-04-10,2013.0,100.0,4.0,10.0,-32.17916666666667,977.3874999999999,3.1041666666666665,78.7375,,227.32142534543047
2013-04-11,2013.0,101.0,4.0,11.0,-31.5625,976.3375,4.245833333333334,79.55833333333334,,192.85912088698387
2013-04-12,2013.0,102.0,4.0,12.0,-32.926086956521736,979.9333333333334,1.5125,77.8625,,191.68972599253553
2013-04-13,2013.0,103.0,4.0,13.0,-27.516666666666666,983.3249999999999,2.9458333333333333,83.93333333333334,,99.5906262275949
2013-04-14,2013.0,104.0,4.0,14.0,-33.479166666666664,991.1125000000001,6.55,76.98333333333333,,186.81563128099026
2013-04-15,2013.0,105.0,4.0,15.0,-32.87916666666667,997.1826086956522,8.965217391304348,77.56666666666666,,202.66587997397676
2013-04-16,2013.0,106.0,4.0,16.0,-34.40416666666667,995.4625,3.65,75.23333333333333,,162.42853136506565
2013-04-17,2013.0,107.0,4.0,17.0,-35.604166666666664,990.1791666666667,6.941666666666666,73.91250000000001,,223.54194580289303
2013-04-18,2013.0,108.0,4.0,18.0,-39.00416666666667,999.1916666666666,5.709090909090909,69.6125,,176.60429345478337
2013-04-19,2013.0,109.0,4.0,19.0,-35.487500000000004,991.6833333333334,0.7875,74.41666666666667,,339.7902886149721
2013-04-20,2013.0,110.0,4.0,20.0,-45.770833333333336,987.8958333333334,2.6266666666666665,61.52916666666667,,180.90566117596234
2013-04-21,2013.0,111.0,4.0,21.0,-40.391666666666666,994.5749999999999,2.3874999999999997,67.78333333333333,,254.37129607240433
2013-04-22,2013.0,112.0,4.0,22.0,-39.6875,997.4458333333333,1.2833333333333334,69.32916666666667,,304.4609953812936
2013-04-23,2013.0,113.0,4.0,23.0,-36.27916666666667,985.9291666666667,2.0923076923076924,73.52083333333333,,2.1984340586331066
2013-04-24,2013.0,114.0,4.0,24.0,-35.775,985.0916666666667,4.929166666666666,73.89166666666667,,203.11702066628908
2013-04-25,2013.0,115.0,4.0,25.0,-41.75416666666667,987.0708333333333,1.676923076923077,66.52083333333333,,184.79405180488948
2013-04-26,2013.0,116.0,4.0,26.0,-41.737500000000004,986.2458333333334,0.9869565217391304,66.125,,186.65268123858021
2013-04-27,2013.0,117.0,4.0,27.0,-39.358333333333334,987.0291666666667,0.5,69.23333333333333,,63.0
2013-04-28,2013.0,118.0,4.0,28.0,-31.620833333333334,989.5333333333333,10.768181818181818,78.73333333333333,,193.352423960241
2013-04-29,2013.0,119.0,4.0,29.0,-30.370833333333334,987.2916666666666,18.083333333333332,80.55,,208.65187001100352
2013-04-30,2013.0,120.0,4.0,30.0,-21.0,985.4708333333333,18.308333333333334,91.53333333333335,,215.00392767790999
2013-05-01,2013.0,121.0,5.0,1.0,-21.75,988.7791666666667,13.379166666666668,90.46666666666665,,217.65697517539834
2013-05-02,2013.0,122.0,5.0,2.0,-23.175,987.625,6.670833333333333,84.60833333333333,,204.38584038603818
2013-05-03,2013.0,123.0,5.0,3.0,-25.020833333333332,986.3291666666668,9.529166666666667,85.39166666666667,,202.21165931142397
2013-05-04,2013.0,124.0,5.0,4.0,-30.816666666666666,989.4833333333332,3.5041666666666664,79.70416666666667,,210.76759442294986
2013-05-05,2013.0,125.0,5.0,5.0,-33.69166666666667,988.1,4.858333333333333,76.75416666666668,,224.415625535236
2013-05-06,2013.0,126.0,5.0,6.0,-40.333333333333336,988.2125,3.079166666666667,68.41250000000001,,197.3498379902708
2013-05-07,2013.0,127.0,5.0,7.0,-40.143478260869564,981.0458333333332,0.0,69.14583333333333,,0.0
2013-05-08,2013.0,128.0,5.0,8.0,-38.074999999999996,979.0333333333333,5.985714285714286,71.03333333333333,,310.4086832579368
2013-05-09,2013.0,129.0,5.0,9.0,-25.6875,981.6999999999999,9.733333333333333,86.24166666666667,,209.94515535320159
2013-05-10,2013.0,130.0,5.0,10.0,-33.72083333333333,984.1916666666666,3.8125,76.22916666666667,,194.17103316914677
2013-05-11,2013.0,131.0,5.0,11.0,-39.358333333333334,990.2125,2.1666666666666665,69.79166666666667,,200.0229876961737
2013-05-12,2013.0,132.0,5.0,12.0,-30.875,994.4166666666666,,79.95,,
2013-05-13,2013.0,133.0,5.0,13.0,-35.579166666666666,998.7875,7.675,74.47083333333333,,199.89308097066353
2013-05-14,2013.0,134.0,5.0,14.0,-33.516666666666666,985.2791666666667,7.6000000000000005,76.47083333333333,,207.71807207448055
2013-05-15,2013.0,135.0,5.0,15.0,-32.699999999999996,969.1708333333332,3.1500000000000004,76.08333333333333,,235.08215870197978
2013-05-16,2013.0,136.0,5.0,16.0,-16.854166666666668,964.9708333333333,9.720833333333333,95.4695652173913,,207.30233900357945
2013-05-17,2013.0,137.0,5.0,17.0,-15.487499999999999,973.7166666666667,6.691666666666666,97.28750000000001,,176.62769976145375
2013-05-18,2013.0,138.0,5.0,18.0,-16.45,980.4250000000001,11.145833333333334,96.41666666666667,,211.45757073058576
2013-05-19,2013.0,139.0,5.0,19.0,-19.591666666666665,981.9041666666667,8.0625,91.25416666666666,,204.599315084892
2013-05-20,2013.0,140.0,5.0,20.0,-21.204166666666666,982.8541666666666,6.620833333333334,89.7375,,228.13619099325257
2013-05-21,2013.0,141.0,5.0,21.0,-22.912499999999998,979.0124999999999,8.0625,84.85833333333333,,222.0965800256852
2013-05-22,2013.0,142.0,5.0,22.0,-25.229166666666668,980.375,12.083333333333334,86.70416666666667,,192.0168906116431
2013-05-23,2013.0,143.0,5.0,23.0,-19.858333333333334,979.0791666666668,13.258333333333333,92.73333333333333,,214.05226096991143
2013-05-24,2013.0,144.0,5.0,24.0,-17.266666666666666,969.7833333333333,12.320833333333333,95.70416666666667,,210.3541923743974
2013-05-25,2013.0,145.0,5.0,25.0,-19.8625,974.2916666666666,11.700000000000001,93.09166666666665,,213.64028402850465
2013-05-26,2013.0,146.0,5.0,26.0,-24.09583333333333,975.4833333333332,,87.76666666666667,,
2013-05-27,2013.0,147.0,5.0,27.0,-29.745833333333334,995.1958333333333,,81.8125,,
2013-05-28,2013.0,148.0,5.0,28.0,-29.458333333333332,999.6999999999999,12.693333333333333,82.03333333333333,,201.26469345426412
2013-05-29,2013.0,149.0,5.0,29.0,-27.8875,999.5166666666668,13.970833333333333,83.95416666666667,,211.37176649985383
2013-05-30,2013.0,150.0,5.0,30.0,-27.075,1001.6,10.3,81.90416666666667,,217.41647957564126
2013-05-31,2013.0,151.0,5.0,31.0,-30.041666666666668,994.5583333333334,7.641666666666667,76.30833333333334,,200.78885728473801
2013-06-01,2013.0,152.0,6.0,1.0,-36.574999999999996,993.6791666666667,6.3,71.42083333333333,,197.17519367474299
2013-06-02,2013.0,153.0,6.0,2.0,-33.03333333333333,984.4791666666666,7.05,73.32083333333334,,213.8261017929597
2013-06-03,2013.0,154.0,6.0,3.0,-31.545833333333334,988.0583333333334,10.916666666666666,78.7625,,198.49512072961127
2013-06-04,2013.0,155.0,6.0,4.0,-29.170833333333334,992.6,9.558333333333334,81.825,,206.6592924759977
2013-06-05,2013.0,156.0,6.0,5.0,-34.1875,998.525,6.14,73.08333333333333,,207.408843280765
2013-06-06,2013.0,157.0,6.0,6.0,-40.13333333333333,995.9166666666666,2.8000000000000003,68.7,,184.36950160345933
2013-06-07,2013.0,158.0,6.0,7.0,-47.8375,995.7958333333332,2.392857142857143,58.916666666666664,,217.46720662704055
2013-06-08,2013.0,159.0,6.0,8.0,-46.17083333333333,992.6958333333333,1.6714285714285715,60.50833333333333,,165.40373422695447
2013-06-09,2013.0,160.0,6.0,9.0,-41.920833333333334,988.6458333333334,7.175,65.98333333333333,,192.6137226650447
2013-06-10,2013.0,161.0,6.0,10.0,-39.920833333333334,987.0291666666667,12.625,68.70833333333333,,196.33527504059003
2013-06-11,2013.0,162.0,6.0,11.0,-32.9625,982.1958333333333,5.716666666666666,77.27499999999999,,189.4868476259977
2013-06-12,2013.0,163.0,6.0,12.0,-25.400000000000002,980.5875,10.5875,84.20833333333333,,213.98771518745372
2013-06-13,2013.0,164.0,6.0,13.0,-26.224999999999998,987.1958333333333,10.895833333333334,83.25,,213.693253322122
2013-06-14,2013.0,165.0,6.0,14.0,-26.829166666666666,992.6374999999999,10.645833333333334,83.85833333333333,,211.3073484160325
2013-06-15,2013.0,166.0,6.0,15.0,-28.704166666666666,990.6833333333334,7.491666666666667,79.6375,,185.5936741398344
2013-06-16,2013.0,167.0,6.0,16.0,-31.21666666666667,988.4125,10.116666666666667,78.8,,194.45361907346387
2013-06-17,2013.0,168.0,6.0,17.0,-27.479166666666668,992.0583333333334,11.237499999999999,83.44583333333334,,203.39712525800047
2013-06-18,2013.0,169.0,6.0,18.0,-30.916666666666668,1002.6458333333334,9.204166666666667,78.25833333333334,,203.4875241900282
2013-06-19,2013.0,170.0,6.0,19.0,-34.3125,998.2375000000001,,75.83333333333333,,
2013-06-20,2013.0,171.0,6.0,20.0,-22.791666666666668,996.875,11.545833333333334,88.78750000000001,,202.6540348301848
2013-06-21,2013.0,172.0,6.0,21.0,-24.849999999999998,999.5166666666668,6.5375000000000005,82.16250000000001,,212.0298513758414
2013-06-22,2013.0,173.0,6.0,22.0,-22.037499999999998,994.8541666666666,7.5625,85.96249999999999,,204.55682229695972
2013-06-23,2013.0,174.0,6.0,23.0,-26.754166666666666,1000.5666666666666,11.116666666666667,83.49583333333334,,203.92860953527727
2013-06-24,2013.0,175.0,6.0,24.0,-25.52916666666667,1015.2458333333334,10.387500000000001,80.66250000000001,,189.50608511570837
2013-06-25,2013.0,176.0,6.0,25.0,-22.054166666666664,1015.1541666666667,5.6375,81.04166666666667,,177.56024615639842
2013-06-26,2013.0,177.0,6.0,26.0,-20.679166666666667,1007.7166666666667,,90.83749999999999,,
2013-06-27,2013.0,178.0,6.0,27.0,-28.691666666666666,1004.0458333333332,8.07391304347826,81.94583333333334,,200.94899841305383
2013-06-28,2013.0,179.0,6.0,28.0,-30.675,1002.8166666666666,7.125,74.84583333333333,,190.10060714018496
2013-06-29,2013.0,180.0,6.0,29.0,-32.550000000000004,999.4916666666667,6.12,73.65833333333333,,186.417862399684
2013-06-30,2013.0,181.0,6.0,30.0,-27.425,993.0333333333333,7.257894736842106,80.27083333333333,,190.72914536065937
2013-07-01,2013.0,182.0,7.0,1.0,-34.82083333333333,996.5083333333333,4.220833333333333,74.69166666666666,,185.78363901476894
2013-07-02,2013.0,183.0,7.0,2.0,-32.0,999.0708333333333,4.193333333333333,73.97083333333333,,200.00517370846697
2013-07-03,2013.0,184.0,7.0,3.0,-37.0375,990.5958333333333,1.4500000000000002,69.25416666666666,,143.0
2013-07-04,2013.0,185.0,7.0,4.0,-33.92916666666667,983.6041666666666,2.3249999999999997,76.35,,342.37274185680127
2013-07-05,2013.0,186.0,7.0,5.0,-33.233333333333334,987.5333333333333,2.370833333333333,77.75416666666666,,338.6271231764431
2013-07-06,2013.0,187.0,7.0,6.0,-32.8125,988.1458333333334,3.5090909090909093,77.90416666666667,,199.3509443346405
2013-07-07,2013.0,188.0,7.0,7.0,-36.75833333333333,994.0500000000001,4.2375,72.87083333333334,,208.35561112931026
2013-07-08,2013.0,189.0,7.0,8.0,-44.0875,989.3416666666667,3.5,63.762499999999996,,208.99999999999997
2013-07-09,2013.0,190.0,7.0,9.0,-39.15,989.9666666666667,15.070833333333333,69.46666666666667,,196.01650556819777
2013-07-10,2013.0,191.0,7.0,10.0,-32.00416666666667,1001.1041666666666,11.525,76.125,,195.43087750034667
2013-07-11,2013.0,192.0,7.0,11.0,-37.666666666666664,988.8458333333333,6.404166666666666,71.1375,,212.1776092336205
2013-07-12,2013.0,193.0,7.0,12.0,-39.36666666666667,985.5291666666667,4.214285714285714,69.15833333333333,,239.08921819070179
2013-07-13,2013.0,194.0,7.0,13.0,-31.245833333333334,984.2208333333333,2.746153846153846,78.92916666666666,,246.55534615883732
2013-07-14,2013.0,195.0,7.0,14.0,-31.420833333333334,984.2875,1.5833333333333333,79.53333333333333,,241.86627008795506
2013-07-15,2013.0,196.0,7.0,15.0,-28.15416666666667,982.7791666666667,6.433333333333334,83.32083333333334,,202.3266467573435
2013-07-16,2013.0,197.0,7.0,16.0,-38.69166666666667,980.0833333333334,2.85,70.67916666666666,,233.00824726409002
2013-07-17,2013.0,198.0,7.0,17.0,-40.045833333333334,977.0416666666666,5.125,68.6125,,183.3733057375572
2013-07-18,2013.0,199.0,7.0,18.0,-35.34166666666667,979.0041666666666,8.620833333333334,74.41666666666667,,205.63230200244394
2013-07-19,2013.0,200.0,7.0,19.0,-37.333333333333336,980.9583333333334,5.173684210526315,72.10833333333333,,204.8010312705756
2013-07-20,2013.0,201.0,7.0,20.0,-42.92916666666667,960.1999999999999,,65.36666666666666,,
2013-07-21,2013.0,202.0,7.0,21.0,-39.020833333333336,955.4375,5.076470588235294,70.10833333333333,,292.923288264748
2013-07-22,2013.0,203.0,7.0,22.0,-36.829166666666666,970.2375000000001,7.05,72.81666666666666,,188.34314517246727
2013-07-23,2013.0,204.0,7.0,23.0,-31.875,973.2708333333334,4.779166666666667,78.78333333333333,,263.8428395075856
2013-07-24,2013.0,205.0,7.0,24.0,-29.09583333333333,973.0625,13.379166666666668,82.27083333333333,,199.7327779845264
2013-07-25,2013.0,206.0,7.0,25.0,-39.37916666666667,970.9541666666668,10.204166666666667,69.6875,,188.9431585031855
2013-07-26,2013.0,207.0,7.0,26.0,-29.72083333333333,969.1791666666667,12.529166666666667,80.0125,,213.22929243131986
2013-07-27,2013.0,208.0,7.0,27.0,-24.229166666666668,976.7666666666668,9.983333333333333,86.0,,223.0605310956797
2013-07-28,2013.0,209.0,7.0,28.0,-30.179166666666664,981.0124999999999,0.4928571428571429,79.34166666666667,,347.2152812332797
2013-07-29,2013.0,210.0,7.0,29.0,-30.375,977.2125,4.741666666666666,80.5875,,292.13406058863666
2013-07-30,2013.0,211.0,7.0,30.0,-35.545833333333334,975.4708333333333,12.558333333333332,74.50833333333334,,199.73497349260947
2013-07-31,2013.0,212.0,7.0,31.0,-31.991666666666664,971.9125,4.88,78.675,,237.5480231982194
2013-08-01,2013.0,213.0,8.0,1.0,-23.945833333333336,962.1083333333332,8.7125,86.69166666666666,,260.37611675217096
2013-08-02,2013.0,214.0,8.0,2.0,-22.395833333333332,963.3249999999999,8.604166666666666,88.80833333333334,,261.54581680669605
2013-08-03,2013.0,215.0,8.0,3.0,-31.354166666666668,974.1958333333333,2.9555555555555557,80.25416666666666,,337.3107796707228
2013-08-04,2013.0,216.0,8.0,4.0,-34.75833333333333,978.1666666666666,0.9615384615384616,75.45416666666667,,354.28762629593797
2013-08-05,2013.0,217.0,8.0,5.0,-36.483333333333334,986.8916666666668,5.258333333333334,73.525,,211.587832513667
2013-08-06,2013.0,218.0,8.0,6.0,-36.57083333333333,985.4541666666668,1.6458333333333333,73.47500000000001,,345.8637163469654
2013-08-07,2013.0,219.0,8.0,7.0,-39.458333333333336,1001.0124999999999,3.8541666666666665,69.43333333333334,,201.76523319967814
2013-08-08,2013.0,220.0,8.0,8.0,-37.07083333333333,1004.6625,3.3499999999999996,72.3875,,216.50000000000003
2013-08-09,2013.0,221.0,8.0,9.0,-31.020833333333332,992.4666666666667,10.666666666666666,79.71666666666667,,209.0713180170567
2013-08-10,2013.0,222.0,8.0,10.0,-34.833333333333336,999.3125,6.4375,75.0,,185.65831986103174
2013-08-11,2013.0,223.0,8.0,11.0,-30.15416666666667,1003.4291666666667,9.779166666666667,74.75,,204.31728770146594
2013-08-12,2013.0,224.0,8.0,12.0,-33.041666666666664,1004.525,9.125,76.3,,192.53997982710106
2013-08-13,2013.0,225.0,8.0,13.0,-25.4875,1009.5458333333332,12.179166666666667,80.98333333333333,,204.1878848495422
2013-08-14,2013.0,226.0,8.0,14.0,-24.579166666666666,1017.5124999999999,8.275,75.08749999999999,,217.86995022625362
2013-08-15,2013.0,227.0,8.0,15.0,-35.270833333333336,1018.3041666666667,1.8666666666666665,74.32083333333334,,193.687524933945
2013-08-16,2013.0,228.0,8.0,16.0,-37.800000000000004,1017.2041666666668,2.25,71.075,,178.9151679989826
2013-08-17,2013.0,229.0,8.0,17.0,-33.06666666666667,1014.7624999999999,2.908333333333333,72.1875,,187.9897159897981
2013-08-18,2013.0,230.0,8.0,18.0,-34.59166666666667,1005.75,1.9785714285714284,75.44583333333334,,174.4739078652008
2013-08-19,2013.0,231.0,8.0,19.0,-34.012499999999996,1000.1458333333334,4.283333333333333,75.69166666666666,,219.3313331298639
2013-08-20,2013.0,232.0,8.0,20.0,-35.520833333333336,1001.9333333333334,2.1416666666666666,73.46249999999999,,234.0682828348452
2013-08-21,2013.0,233.0,8.0,21.0,-39.604166666666664,1004.2083333333334,1.4583333333333333,68.69166666666666,,245.74805942448592
2013-08-22,2013.0,234.0,8.0,22.0,-43.791666666666664,988.9583333333334,0.0,63.8375,,0.0
2013-08-23,2013.0,235.0,8.0,23.0,-43.99166666666667,991.4250000000001,3.4947368421052634,63.22083333333333,,190.43026490332124
2013-08-24,2013.0,236.0,8.0,24.0,-42.05833333333333,990.9916666666667,,65.39583333333333,,
2013-08-25,2013.0,237.0,8.0,25.0,-35.141666666666666,987.3916666666668,7.495833333333334,74.45,,194.4095974394171
2013-08-26,2013.0,238.0,8.0,26.0,-41.208333333333336,979.9791666666666,2.2583333333333333,67.3,,283.6239102537363
2013-08-27,2013.0,239.0,8.0,27.0,-39.016666666666666,966.6791666666667,0.475,69.56666666666666,,6.389396808122932
2013-08-28,2013.0,240.0,8.0,28.0,-34.00833333333333,963.6999999999999,4.4363636363636365,76.45,,338.3652261261511
2013-08-29,2013.0,241.0,8.0,29.0,-37.25,973.2083333333334,8.888235294117647,72.00833333333334,,199.9908955020851
2013-08-30,2013.0,242.0,8.0,30.0,-30.22083333333333,975.025,13.883333333333333,80.5625,,228.69603884217773
2013-08-31,2013.0,243.0,8.0,31.0,-24.633333333333336,985.1583333333333,7.858333333333333,85.51666666666667,,221.97366981268826
2013-09-01,2013.0,244.0,9.0,1.0,-29.504166666666666,994.5208333333334,2.9714285714285715,80.8125,,144.03041732598396
2013-09-02,2013.0,245.0,9.0,2.0,-33.916666666666664,995.6125000000001,3.88,76.71666666666667,,219.64379912028159
2013-09-03,2013.0,246.0,9.0,3.0,-37.86666666666667,992.1,,71.74583333333332,,
2013-09-04,2013.0,247.0,9.0,4.0,-29.304166666666664,981.2666666666668,6.245,81.52083333333333,,249.17141483662112
2013-09-05,2013.0,248.0,9.0,5.0,-33.55416666666667,986.8125,2.557142857142857,74.51666666666667,,207.61053498376202
2013-09-06,2013.0,249.0,9.0,6.0,-28.691666666666666,995.5208333333334,10.576190476190476,82.45833333333333,,184.4746473166447
2013-09-07,2013.0,250.0,9.0,7.0,-28.354166666666668,995.4708333333333,9.779166666666667,82.34166666666667,,199.36769814713492
2013-09-08,2013.0,251.0,9.0,8.0,-37.737500000000004,993.0124999999999,6.591666666666666,69.97500000000001,,195.53289832100353
2013-09-09,2013.0,252.0,9.0,9.0,-42.12083333333333,981.8125,4.85,64.07083333333334,,168.0
2013-09-10,2013.0,253.0,9.0,10.0,-37.11666666666667,979.8625000000001,7.685714285714285,71.25833333333334,,199.39214666457806
2013-09-11,2013.0,254.0,9.0,11.0,-32.891666666666666,985.2125,9.411111111111111,76.08749999999999,,206.11614126002277
2013-09-12,2013.0,255.0,9.0,12.0,-28.025000000000002,982.8333333333334,7.2124999999999995,78.8,,226.03613225379345
2013-09-13,2013.0,256.0,9.0,13.0,-20.045833333333334,978.0541666666667,13.85,88.1375,,215.1292777244101
2013-09-14,2013.0,257.0,9.0,14.0,-16.441666666666666,978.3083333333334,14.504166666666668,91.375,,215.7942401749877
2013-09-15,2013.0,258.0,9.0,15.0,-19.2375,988.3625000000001,9.991666666666667,91.25416666666666,,200.42291430366188
2013-09-16,2013.0,259.0,9.0,16.0,-18.220833333333335,986.3833333333333,7.879166666666666,88.71666666666665,,198.24652980647673
2013-09-17,2013.0,260.0,9.0,17.0,-24.370833333333334,984.2833333333333,7.283333333333334,77.92083333333333,,214.46863613407706
2013-09-18,2013.0,261.0,9.0,18.0,-22.758333333333336,989.1208333333334,10.404166666666667,82.15416666666667,,200.98214704562838
2013-09-19,2013.0,262.0,9.0,19.0,-21.520833333333332,993.2166666666667,10.9125,70.74583333333334,,205.02875159161823
2013-09-20,2013.0,263.0,9.0,20.0,-15.679166666666667,993.4125,12.045833333333334,80.79166666666667,,221.42618971239986
2013-09-21,2013.0,264.0,9.0,21.0,-20.004166666666666,992.6750000000001,11.169565217391304,85.85000000000001,,212.8862675637731
2013-09-22,2013.0,265.0,9.0,22.0,-29.3125,989.375,6.528571428571429,70.5625,,192.03204169124524
2013-09-23,2013.0,266.0,9.0,23.0,-28.287499999999998,994.6916666666666,4.941666666666666,71.27083333333333,,225.7081614735991
2013-09-24,2013.0,267.0,9.0,24.0,-25.170833333333334,1000.9875000000001,11.424999999999999,69.04583333333333,,199.91411228918315
2013-09-25,2013.0,268.0,9.0,25.0,-28.875,1004.8208333333333,4.4125000000000005,62.512499999999996,,211.97704898589222
2013-09-26,2013.0,269.0,9.0,26.0,-24.641666666666666,1008.4958333333334,7.941666666666666,61.425000000000004,,220.36841815308372
2013-09-27,2013.0,270.0,9.0,27.0,-25.895833333333332,1009.5,5.529166666666666,67.4375,,203.82160980456098
2013-09-28,2013.0,271.0,9.0,28.0,-26.224999999999998,997.625,6.658333333333334,64.20833333333333,,209.42002333153914
2013-09-29,2013.0,272.0,9.0,29.0,-25.8125,988.1208333333334,5.345833333333334,71.47083333333333,,239.02048134618207
2013-09-30,2013.0,273.0,9.0,30.0,-24.162499999999998,987.5666666666666,3.0583333333333336,76.22083333333333,,351.58100374370537
2013-10-01,2013.0,274.0,10.0,1.0,-21.575,994.3041666666667,1.9625000000000001,80.6125,,320.25264494233653
2013-10-02,2013.0,275.0,10.0,2.0,-20.716666666666665,993.0666666666666,1.9749999999999999,81.47916666666667,,223.17265532474852
2013-10-03,2013.0,276.0,10.0,3.0,-23.754166666666666,982.6708333333332,1.7666666666666666,77.25416666666666,,92.14787609330601
2013-10-04,2013.0,277.0,10.0,4.0,-25.4375,983.7041666666668,5.8125,78.55833333333334,,193.84884611440702
2013-10-05,2013.0,278.0,10.0,5.0,-17.787499999999998,983.8958333333334,5.891666666666667,89.75,,239.48904704304417
2013-10-06,2013.0,279.0,10.0,6.0,-20.904166666666665,987.4291666666667,2.954166666666667,86.1875,,191.45958618715323
2013-10-07,2013.0,280.0,10.0,7.0,-22.0625,989.3666666666667,3.0124999999999997,82.57083333333334,,192.55143864631398
2013-10-08,2013.0,281.0,10.0,8.0,-21.154166666666665,986.9250000000001,8.354166666666666,86.47500000000001,,185.220411599217
2013-10-09,2013.0,282.0,10.0,9.0,-20.287499999999998,986.5916666666667,7.0625,80.44583333333334,,218.3178679595704
2013-10-10,2013.0,283.0,10.0,10.0,-25.47083333333333,985.1583333333333,6.304166666666667,75.00416666666666,,221.3536318695305
2013-10-11,2013.0,284.0,10.0,11.0,-25.291666666666668,984.8333333333334,6.441666666666666,73.89166666666667,,200.37065789018138
2013-10-12,2013.0,285.0,10.0,12.0,-24.95,983.5625,3.795833333333333,70.70416666666667,,154.09127324085478
2013-10-13,2013.0,286.0,10.0,13.0,-26.539130434782606,982.1,2.904166666666667,71.70833333333333,,231.1433101974903
2013-10-14,2013.0,287.0,10.0,14.0,-23.379166666666666,984.4833333333332,8.233333333333333,79.16250000000001,,202.6678270331779
2013-10-15,2013.0,288.0,10.0,15.0,-22.745833333333334,976.1125000000001,10.583333333333334,83.53750000000001,,220.28925823808436
2013-10-16,2013.0,289.0,10.0,16.0,-20.108333333333334,963.7624999999999,14.6875,88.89583333333333,,210.83145483984038
2013-10-17,2013.0,290.0,10.0,17.0,-12.045833333333334,954.9875000000001,11.65,92.09285714285714,,233.63809992727835
2013-10-18,2013.0,291.0,10.0,18.0,-11.979166666666666,963.6708333333332,8.416666666666666,94.52380952380952,,228.67959522538877
2013-10-19,2013.0,292.0,10.0,19.0,-15.454166666666666,967.3541666666666,11.433333333333332,91.3625,,216.71052968385072
2013-10-20,2013.0,293.0,10.0,20.0,-17.366666666666667,970.7916666666666,5.370833333333334,82.64166666666667,,208.9352226233546
2013-10-21,2013.0,294.0,10.0,21.0,-18.245833333333334,977.0291666666667,2.5166666666666666,76.65833333333333,,132.97407818037433
2013-10-22,2013.0,295.0,10.0,22.0,-19.0,983.8166666666666,6.7124999999999995,84.46666666666667,,210.4580312330352
2013-10-23,2013.0,296.0,10.0,23.0,-19.8875,982.2125,4.5,73.71249999999999,,216.22236056767798
2013-10-24,2013.0,297.0,10.0,24.0,-23.566666666666666,986.3541666666666,4.629166666666666,66.5625,,183.73721649668903
2013-10-25,2013.0,298.0,10.0,25.0,-27.179166666666664,992.6875,4.3,62.1,,208.51346443291592
2013-10-26,2013.0,299.0,10.0,26.0,-26.604166666666668,991.525,1.7791666666666668,53.94166666666666,,222.30222191161417
2013-10-27,2013.0,300.0,10.0,27.0,-23.84583333333333,989.5458333333332,2.379166666666667,60.45416666666667,,243.20114830916395
2013-10-28,2013.0,301.0,10.0,28.0,-24.175,986.9250000000001,3.3375,56.0,,216.2379490131146
2013-10-29,2013.0,302.0,10.0,29.0,-23.2625,991.0375,7.070833333333333,62.208333333333336,,214.23694142084108
2013-10-30,2013.0,303.0,10.0,30.0,-21.554166666666664,997.7541666666666,6.483333333333333,60.87083333333334,,218.1632869648059
2013-10-31,2013.0,304.0,10.0,31.0,-21.650000000000002,990.7624999999999,1.2958333333333334,50.5,,246.39575931365735
2013-11-01,2013.0,305.0,11.0,1.0,-17.241666666666667,983.0583333333334,2.308333333333333,64.30833333333334,,258.4027468255646
2013-11-02,2013.0,306.0,11.0,2.0,-24.920833333333334,978.1875,1.4416666666666667,57.074999999999996,,139.53552262075723
2013-11-03,2013.0,307.0,11.0,3.0,-24.713636363636365,977.0625,1.5958333333333332,52.35,,194.40559664599533
2013-11-04,2013.0,308.0,11.0,4.0,-24.837500000000002,978.4958333333334,2.0166666666666666,57.0625,,144.22824627116543
2013-11-05,2013.0,309.0,11.0,5.0,-20.162499999999998,974.3416666666667,3.2083333333333335,67.89166666666667,,172.9322674214059
2013-11-06,2013.0,310.0,11.0,6.0,-26.34166666666667,974.8958333333334,9.320833333333333,72.16666666666667,,184.32621472201006
2013-11-07,2013.0,311.0,11.0,7.0,-23.870833333333334,972.6750000000001,5.933333333333334,70.6125,,239.40365257126314
2013-11-08,2013.0,312.0,11.0,8.0,-14.55,965.6750000000001,5.575,77.25,,286.4676533257791
2013-11-09,2013.0,313.0,11.0,9.0,-14.056521739130435,971.2458333333334,2.6916666666666664,72.19583333333334,,241.93090506654954
2013-11-10,2013.0,314.0,11.0,10.0,-15.9125,982.6125000000001,4.566666666666666,71.54583333333333,,196.712312395978
2013-11-11,2013.0,315.0,11.0,11.0,-17.358333333333334,981.9041666666667,9.950000000000001,82.64166666666667,,209.5326716730738
2013-11-12,2013.0,316.0,11.0,12.0,-16.170833333333334,975.2375000000001,1.9083333333333332,71.78750000000001,,317.38664425813596
2013-11-13,2013.0,317.0,11.0,13.0,-12.308333333333332,976.3125,14.233333333333334,85.85000000000001,,224.29233354791668
2013-11-14,2013.0,318.0,11.0,14.0,-11.458333333333334,977.3833333333333,12.920833333333334,80.5625,,223.60386847100682
2013-11-15,2013.0,319.0,11.0,15.0,-11.2875,977.3416666666667,12.754166666666668,82.28333333333333,,222.76314213121725
2013-11-16,2013.0,320.0,11.0,16.0,-12.408333333333333,980.5375,9.804166666666667,72.3125,,220.72924649756945
2013-11-17,2013.0,321.0,11.0,17.0,-13.5625,985.4291666666667,4.529166666666667,63.87916666666667,,207.59009293546708
2013-11-18,2013.0,322.0,11.0,18.0,-12.991666666666667,987.65,2.6125000000000003,56.6625,,204.14095047105494
2013-11-19,2013.0,323.0,11.0,19.0,-12.665217391304349,981.3125,1.4916666666666665,56.23333333333333,,79.38198936492708
2013-11-20,2013.0,324.0,11.0,20.0,-15.772727272727273,981.2208333333333,1.3875,51.10833333333333,,124.54790275917058
2013-11-21,2013.0,325.0,11.0,21.0,-13.095833333333333,988.3041666666667,7.066666666666666,66.10833333333333,,215.97157661457328
2013-11-22,2013.0,326.0,11.0,22.0,-13.112499999999999,990.4708333333333,12.416666666666666,87.7,,213.95005521174383
2013-11-23,2013.0,327.0,11.0,23.0,-11.2125,984.2041666666668,10.283333333333333,81.88333333333334,,213.3313716743369
2013-11-24,2013.0,328.0,11.0,24.0,-8.833333333333334,978.3458333333333,14.483333333333334,91.52272727272727,,214.09197598860993
2013-11-25,2013.0,329.0,11.0,25.0,-8.204166666666667,981.3333333333334,12.558333333333332,82.61666666666666,,221.06028252850476
2013-11-26,2013.0,330.0,11.0,26.0,-8.054166666666667,983.8791666666666,9.983333333333333,74.03333333333333,,216.92574672435953
2013-11-27,2013.0,331.0,11.0,27.0,-6.454166666666667,980.7875,4.625,61.42916666666667,,214.0792467463384
2013-11-28,2013.0,332.0,11.0,28.0,-8.670833333333333,985.1625,10.1625,88.7090909090909,,210.33284985447392
2013-11-29,2013.0,333.0,11.0,29.0,-6.368181818181818,984.5124999999999,3.321739130434783,70.12083333333332,,319.86356666572146
2013-11-30,2013.0,334.0,11.0,30.0,-7.054166666666667,977.9041666666667,7.841666666666666,77.35833333333333,,229.21389967577704
2013-12-01,2013.0,335.0,12.0,1.0,-9.170833333333333,975.6625,7.620833333333334,76.93333333333334,,210.9498459753938
2013-12-02,2013.0,336.0,12.0,2.0,-8.595833333333333,971.4041666666667,10.424999999999999,77.29166666666667,,221.3808983910633
2013-12-03,2013.0,337.0,12.0,3.0,-9.133333333333333,977.1166666666667,8.508333333333333,82.38333333333334,,201.02143253303134
2013-12-04,2013.0,338.0,12.0,4.0,-5.842105263157895,981.0083333333333,3.091666666666667,59.275,,221.58537680853948
2013-12-05,2013.0,339.0,12.0,5.0,-3.7736842105263158,978.9041666666667,1.0250000000000001,56.5875,,79.60056634104295
2013-12-06,2013.0,340.0,12.0,6.0,-2.904166666666667,982.3249999999999,3.178260869565217,72.22916666666667,,24.716804759347532
2013-12-07,2013.0,341.0,12.0,7.0,-3.579166666666667,983.5666666666666,2.5652173913043477,79.05833333333332,,53.43223359826083
2013-12-08,2013.0,342.0,12.0,8.0,-6.8999999999999995,993.0791666666668,1.8083333333333333,67.34583333333333,,96.79652878122256
2013-12-09,2013.0,343.0,12.0,9.0,-2.9739130434782606,998.1458333333334,1.8875,63.44166666666666,,16.897809305608398
2013-12-10,2013.0,344.0,12.0,10.0,-3.6368421052631574,992.6125000000001,0.8458333333333333,45.0875,,91.83197949293371
2013-12-11,2013.0,345.0,12.0,11.0,-7.65,986.1958333333333,1.4458333333333335,54.12083333333333,,350.71458736522777
2013-12-12,2013.0,346.0,12.0,12.0,-6.443478260869565,983.2916666666666,2.3041666666666667,68.16666666666667,,130.8065447163598
2013-12-13,2013.0,347.0,12.0,13.0,-6.556521739130434,982.0333333333333,2.658333333333333,63.35,,203.12319896156012
2013-12-14,2013.0,348.0,12.0,14.0,-1.5368421052631578,976.6041666666666,1.0291666666666666,58.25,,3.813722556976756
2013-12-15,2013.0,349.0,12.0,15.0,-4.895652173913043,978.3625000000001,3.358333333333333,64.59583333333333,,211.38472287908928
2013-12-16,2013.0,350.0,12.0,16.0,-3.7916666666666665,982.9625,6.5625,71.10833333333333,,214.64355891530514
2013-12-17,2013.0,351.0,12.0,17.0,-3.0666666666666664,983.8000000000001,3.154166666666667,59.5375,,233.0841063892143
2013-12-18,2013.0,352.0,12.0,18.0,-2.7600000000000002,983.875,2.5541666666666667,53.925000000000004,,226.48043073179167
2013-12-19,2013.0,353.0,12.0,19.0,-6.029166666666666,988.5083333333333,3.15,76.1875,,145.78831964115523
2013-12-20,2013.0,354.0,12.0,20.0,-8.8375,991.2541666666666,3.233333333333333,79.1375,,176.31714701824552
2013-12-21,2013.0,355.0,12.0,21.0,-9.1375,989.3125,2.558333333333333,77.75833333333334,,150.41476239982723
2013-12-22,2013.0,356.0,12.0,22.0,-9.504166666666666,982.4708333333333,8.333333333333334,80.72083333333333,,198.3186527079581
2013-12-23,2013.0,357.0,12.0,23.0,-6.720833333333334,979.4916666666667,4.6499999999999995,71.10000000000001,,219.84051494042887
2013-12-24,2013.0,358.0,12.0,24.0,-2.3956521739130436,984.0041666666666,4.1000000000000005,69.05,,357.5061633134223
2013-12-25,2013.0,359.0,12.0,25.0,-3.7916666666666665,992.4625,6.808333333333334,83.1590909090909,,192.9918012755264
2013-12-26,2013.0,360.0,12.0,26.0,-5.383333333333333,992.475,6.3999999999999995,82.71666666666667,,217.1132237400045
2013-12-27,2013.0,361.0,12.0,27.0,-3.1739130434782608,987.225,2.966666666666667,72.5625,,348.6199485816454
2013-12-28,2013.0,362.0,12.0,28.0,-4.913043478260869,991.9041666666667,4.904166666666667,71.14166666666667,,221.2537076594267
2013-12-29,2013.0,363.0,12.0,29.0,-3.5045454545454544,993.0208333333334,1.9208333333333334,59.04583333333333,,270.0272429414078
2013-12-30,2013.0,364.0,12.0,30.0,-1.5956521739130436,991.3833333333333,1.9333333333333333,68.7,,329.32431999913246
2013-12-31,2013.0,365.0,12.0,31.0,-1.3705882352941177,993.2375000000001,1.3791666666666667,55.25,,141.99073916188112
2014-01-01,2014.0,1.0,1.0,1.0,-2.1772727272727272,995.5083333333333,2.533333333333333,57.025,,243.77642700882575
2014-01-02,2014.0,2.0,1.0,2.0,-3.9166666666666665,991.9208333333332,3.4958333333333336,58.61666666666667,,214.2704025999861
2014-01-03,2014.0,3.0,1.0,3.0,-2.79375,988.4958333333334,1.4541666666666666,57.51666666666667,,333.5420693591212
2014-01-04,2014.0,4.0,1.0,4.0,-0.7681818181818181,989.5083333333333,3.016666666666667,71.8875,,61.393362591994844
2014-01-05,2014.0,5.0,1.0,5.0,-1.0318181818181817,995.9291666666667,2.8125,71.4875,,281.32772950262705
2014-01-06,2014.0,6.0,1.0,6.0,-3.1,990.2375000000001,5.995833333333334,83.57916666666667,,218.7710634230384
2014-01-07,2014.0,7.0,1.0,7.0,-5.370833333333334,989.8833333333333,7.716666666666666,79.92916666666666,,200.12010974819017
2014-01-08,2014.0,8.0,1.0,8.0,-5.627272727272727,990.9250000000001,3.8260869565217392,74.075,,155.35817448614603
2014-01-09,2014.0,9.0,1.0,9.0,-6.191666666666666,991.4541666666668,2.9416666666666664,76.71666666666667,,144.61222136211714
2014-01-10,2014.0,10.0,1.0,10.0,-8.004347826086956,995.0833333333334,1.6624999999999999,71.46666666666667,,152.56930303756437
2014-01-11,2014.0,11.0,1.0,11.0,-6.3875,993.8791666666666,3.970833333333333,77.0625,,202.95867336642954
2014-01-12,2014.0,12.0,1.0,12.0,-5.21304347826087,991.2583333333333,2.1958333333333333,70.95416666666667,,59.89778108067177
2014-01-13,2014.0,13.0,1.0,13.0,-1.708695652173913,994.0791666666668,2.1083333333333334,77.0125,,16.11968872481335
2014-01-14,2014.0,14.0,1.0,14.0,-2.75,995.6791666666667,1.2041666666666666,61.349999999999994,,89.51665896568637
2014-01-15,2014.0,15.0,1.0,15.0,-4.733333333333333,992.5416666666666,4.345833333333333,79.53333333333333,,197.95708499217056
2014-01-16,2014.0,16.0,1.0,16.0,-6.720833333333334,989.525,6.591666666666666,77.17083333333333,,190.16090152505436
2014-01-17,2014.0,17.0,1.0,17.0,-6.5625,992.2291666666666,11.8375,87.07916666666667,,210.31478610342288
2014-01-18,2014.0,18.0,1.0,18.0,-4.8125,988.7708333333334,12.245833333333332,88.03333333333335,,208.4491863565265
2014-01-19,2014.0,19.0,1.0,19.0,-4.704166666666667,982.15,4.35,79.95416666666667,,197.629743132821
2014-01-20,2014.0,20.0,1.0,20.0,-3.15,984.1166666666667,3.4499999999999997,83.02000000000001,,153.78814025540896
2014-01-21,2014.0,21.0,1.0,21.0,-5.083333333333333,989.65,10.054166666666667,91.52380952380952,,205.52089200732476
2014-01-22,2014.0,22.0,1.0,22.0,-4.804347826086956,987.125,4.945833333333334,84.15555555555555,,181.38244986648306
2014-01-23,2014.0,23.0,1.0,23.0,-2.8208333333333333,980.8083333333334,2.704166666666667,85.79166666666667,,54.8238269148065
2014-01-24,2014.0,24.0,1.0,24.0,-5.925,985.5666666666666,4.179166666666666,86.00416666666666,,181.547472934347
2014-01-25,2014.0,25.0,1.0,25.0,-7.633333333333333,992.5791666666668,3.4916666666666667,86.50416666666666,,185.20856346793164
2014-01-26,2014.0,26.0,1.0,26.0,-6.208333333333333,991.1625,1.6208333333333333,74.9375,,109.8241568553238
2014-01-27,2014.0,27.0,1.0,27.0,-5.905,985.1041666666666,1.675,62.04583333333333,,110.03828991919485
2014-01-28,2014.0,28.0,1.0,28.0,-8.51304347826087,978.8083333333334,4.133333333333334,75.17083333333333,,215.8187103150462
2014-01-29,2014.0,29.0,1.0,29.0,-10.045833333333333,981.3166666666666,8.25,87.9608695652174,,210.98819470060036
2014-01-30,2014.0,30.0,1.0,30.0,-11.458333333333334,984.1,9.475,89.47500000000001,,211.0548876712003
2014-01-31,2014.0,31.0,1.0,31.0,-11.741666666666667,987.2458333333334,8.612499999999999,88.06666666666666,,211.03084612513226
2014-02-01,2014.0,32.0,2.0,1.0,-9.679166666666667,986.4458333333333,2.670833333333333,76.075,,126.28838758247329
2014-02-02,2014.0,33.0,2.0,2.0,-11.6625,984.6750000000001,4.258333333333334,83.78333333333333,,139.3276940360367
2014-02-03,2014.0,34.0,2.0,3.0,-13.245833333333332,986.2541666666666,5.8999999999999995,82.94583333333334,,167.74830919045232
2014-02-04,2014.0,35.0,2.0,4.0,-12.820833333333333,989.0708333333333,8.654166666666667,82.50833333333334,,200.41769277231228
2014-02-05,2014.0,36.0,2.0,5.0,-11.729166666666666,988.375,6.195833333333333,80.96666666666667,,202.99592267568326
2014-02-06,2014.0,37.0,2.0,6.0,-10.204166666666667,981.2916666666666,13.700000000000001,85.71666666666667,,223.19826386114732
2014-02-07,2014.0,38.0,2.0,7.0,-8.975,969.35,19.679166666666667,97.125,,218.55083196505984
2014-02-08,2014.0,39.0,2.0,8.0,-7.449999999999999,977.4416666666666,12.887500000000001,95.06666666666666,,210.51463778468027
2014-02-09,2014.0,40.0,2.0,9.0,-8.804166666666667,987.0708333333333,9.029166666666667,88.1875,,205.33091645334196
2014-02-10,2014.0,41.0,2.0,10.0,-9.241666666666667,993.0749999999999,7.2124999999999995,75.44166666666666,,209.6711669112865
2014-02-11,2014.0,42.0,2.0,11.0,-10.558333333333334,998.1833333333334,6.183333333333334,74.50833333333334,,224.79935468639607
2014-02-12,2014.0,43.0,2.0,12.0,-10.32,1004.7624999999999,3.4333333333333336,70.15416666666667,,197.9001615655982
2014-02-13,2014.0,44.0,2.0,13.0,-9.305555555555555,993.0416666666666,2.095833333333333,78.65833333333333,,285.2541960434163
2014-02-14,2014.0,45.0,2.0,14.0,-13.1,991.9208333333332,6.908333333333334,84.78333333333333,,204.93823118871924
2014-02-15,2014.0,46.0,2.0,15.0,-14.716666666666667,997.6565217391304,3.4791666666666665,71.0625,,168.43697162011068
2014-02-16,2014.0,47.0,2.0,16.0,-14.987499999999999,989.9041666666667,3.283333333333333,77.225,,180.9868486962777
2014-02-17,2014.0,48.0,2.0,17.0,-17.525000000000002,980.4583333333334,4.5249999999999995,73.39583333333333,,202.59195103085585
2014-02-18,2014.0,49.0,2.0,18.0,-16.241666666666667,977.2125,2.7375000000000003,64.98333333333333,,198.66680539146842
2014-02-19,2014.0,50.0,2.0,19.0,-14.208333333333334,980.5375,5.3374999999999995,80.8125,,216.1614694192713
2014-02-20,2014.0,51.0,2.0,20.0,-14.362499999999999,979.7208333333333,5.191666666666666,81.02499999999999,,204.25081364957603
2014-02-21,2014.0,52.0,2.0,21.0,-19.058333333333334,976.1833333333334,3.3375,69.2375,,189.02041376647938
2014-02-22,2014.0,53.0,2.0,22.0,-18.0625,982.3000000000001,7.620833333333334,78.97500000000001,,203.92092395933108
2014-02-23,2014.0,54.0,2.0,23.0,-17.795833333333334,983.5749999999999,4.1625000000000005,73.92916666666666,,197.0118010477464
2014-02-24,2014.0,55.0,2.0,24.0,-19.462500000000002,977.9208333333332,5.516666666666667,76.19583333333334,,186.75103184545515
2014-02-25,2014.0,56.0,2.0,25.0,-18.662499999999998,973.6208333333334,3.779166666666667,68.43333333333334,,133.56546880086603
2014-02-26,2014.0,57.0,2.0,26.0,-22.65909090909091,980.1708333333332,2.2875,65.42916666666666,,147.6063793875434
2014-02-27,2014.0,58.0,2.0,27.0,-21.695238095238096,982.0041666666666,2.1333333333333333,72.5625,,113.86350786348372
2014-02-28,2014.0,59.0,2.0,28.0,-19.220833333333335,978.15,8.029166666666667,87.06666666666666,,156.71537188461392
2014-03-01,2014.0,60.0,3.0,1.0,-22.837500000000002,981.5041666666666,5.041666666666667,75.02499999999999,,200.3376082500097
2014-03-02,2014.0,61.0,3.0,2.0,-21.474999999999998,986.3833333333333,6.383333333333333,81.29583333333333,,192.47251474632597
2014-03-03,2014.0,62.0,3.0,3.0,-24.404347826086955,990.875,2.3208333333333333,67.87916666666668,,176.77296438639644
2014-03-04,2014.0,63.0,3.0,4.0,-23.259090909090908,989.6166666666667,2.829166666666667,68.11666666666666,,178.21206661145627
2014-03-05,2014.0,64.0,3.0,5.0,-25.94090909090909,987.7291666666666,1.7958333333333334,61.55833333333334,,251.95288209971233
2014-03-06,2014.0,65.0,3.0,6.0,-22.704166666666666,989.4499999999999,8.6,76.90833333333333,,213.52293340089776
2014-03-07,2014.0,66.0,3.0,7.0,-24.5125,989.7666666666668,7.0874999999999995,77.7625,,193.82114465805552
2014-03-08,2014.0,67.0,3.0,8.0,-24.633333333333336,986.9375,4.175,74.5125,,187.94337747507123
2014-03-09,2014.0,68.0,3.0,9.0,-24.541666666666668,987.2166666666667,4.658333333333333,76.07083333333334,,162.4345827743597
2014-03-10,2014.0,69.0,3.0,10.0,-24.954166666666666,990.8958333333334,8.245833333333334,82.78750000000001,,173.75588005899485
2014-03-11,2014.0,70.0,3.0,11.0,-26.629166666666666,995.1625,14.424999999999999,82.94583333333334,,197.93992574939497
2014-03-12,2014.0,71.0,3.0,12.0,-19.758333333333333,995.3166666666666,16.004166666666666,91.80833333333334,,213.14652660748953
2014-03-13,2014.0,72.0,3.0,13.0,-22.825,991.4833333333332,7.654166666666668,81.16666666666667,,212.7030925161741
2014-03-14,2014.0,73.0,3.0,14.0,-26.533333333333335,982.75,2.5416666666666665,79.10416666666667,,72.04761890967166
2014-03-15,2014.0,74.0,3.0,15.0,-22.754166666666666,988.7541666666666,4.733333333333333,77.82083333333334,,163.45525304360854
2014-03-16,2014.0,75.0,3.0,16.0,-22.795833333333334,988.5666666666666,4.108333333333333,82.97916666666667,,124.94157124204705
2014-03-17,2014.0,76.0,3.0,17.0,-18.456521739130434,983.2208333333333,2.0166666666666666,90.06666666666666,,10.951111505464134
2014-03-18,2014.0,77.0,3.0,18.0,-21.095833333333335,983.025,12.389999999999999,87.8875,,208.74668336377954
2014-03-19,2014.0,78.0,3.0,19.0,-19.804166666666667,977.7166666666667,3.1999999999999997,88.61666666666667,,143.83886326237692
2014-03-20,2014.0,79.0,3.0,20.0,-16.9375,975.3916666666668,4.4125000000000005,88.05416666666667,,242.74095377583777
2014-03-21,2014.0,80.0,3.0,21.0,-14.629166666666668,970.6750000000001,9.325,95.5,,233.37150838062007
2014-03-22,2014.0,81.0,3.0,22.0,-18.916666666666668,975.9333333333334,8.620833333333334,89.14999999999999,,219.3483059964323
2014-03-23,2014.0,82.0,3.0,23.0,-23.912499999999998,980.5166666666668,4.341666666666667,81.19166666666668,,139.5724856140754
2014-03-24,2014.0,83.0,3.0,24.0,-25.025000000000002,980.8583333333332,9.604166666666666,84.74166666666666,,201.01810525511178
2014-03-25,2014.0,84.0,3.0,25.0,-26.733333333333334,979.3666666666667,11.491666666666667,84.27083333333333,,186.77729222481955
2014-03-26,2014.0,85.0,3.0,26.0,-30.566666666666666,980.9375,9.941666666666666,79.37083333333332,,197.6697496838821
2014-03-27,2014.0,86.0,3.0,27.0,-33.86666666666667,980.0833333333334,3.619047619047619,71.34166666666667,,207.91106869817872
2014-03-28,2014.0,87.0,3.0,28.0,-29.804166666666664,973.3375,1.8461538461538463,75.42916666666666,,329.5857787259996
2014-03-29,2014.0,88.0,3.0,29.0,-24.070833333333336,981.0458333333332,2.1875,82.625,,345.4088596950309
2014-03-30,2014.0,89.0,3.0,30.0,-29.129166666666666,984.0958333333333,0.782608695652174,79.31666666666666,,337.6584229727873
2014-03-31,2014.0,90.0,3.0,31.0,-30.837500000000002,964.4916666666667,3.7,79.85416666666667,,188.2297984492767
2014-04-01,2014.0,91.0,4.0,1.0,-31.1125,970.4,5.376923076923077,79.85833333333333,,211.91943114801373
2014-04-02,2014.0,92.0,4.0,2.0,-28.929166666666664,983.0458333333332,9.94,82.10833333333333,,208.77451858502013
2014-04-03,2014.0,93.0,4.0,3.0,-29.766666666666666,986.3958333333334,,81.20833333333333,,
2014-04-04,2014.0,94.0,4.0,4.0,-34.75909090909091,975.1041666666666,,76.1875,,
2014-04-05,2014.0,95.0,4.0,5.0,-33.80416666666667,970.1541666666667,8.2,76.75833333333334,,183.99999999999997
2014-04-06,2014.0,96.0,4.0,6.0,-29.108333333333334,978.9083333333333,11.770833333333334,81.94166666666666,,204.63351187433958
2014-04-07,2014.0,97.0,4.0,7.0,-31.95,981.6208333333334,6.070833333333333,78.6375,,214.12367039011107
2014-04-08,2014.0,98.0,4.0,8.0,-38.32083333333333,981.3291666666668,3.7,71.15833333333333,,185.99999999999997
2014-04-09,2014.0,99.0,4.0,9.0,-34.12083333333333,982.4291666666667,3.58,75.85000000000001,,206.13136011855013
2014-04-10,2014.0,100.0,4.0,10.0,-24.733333333333334,976.6875,5.470833333333334,86.80416666666667,,251.58328415743046
2014-04-11,2014.0,101.0,4.0,11.0,-32.824999999999996,972.6999999999999,11.325000000000001,77.55833333333334,,196.24370523800735
2014-04-12,2014.0,102.0,4.0,12.0,-29.325,974.1374999999999,10.649999999999999,81.0875,,211.70852567177224
2014-04-13,2014.0,103.0,4.0,13.0,-23.28333333333333,973.1958333333333,4.084210526315789,88.40833333333335,,262.005385068824
2014-04-14,2014.0,104.0,4.0,14.0,-20.683333333333334,979.8375,9.058333333333334,90.45833333333333,,214.62469120039805
2014-04-15,2014.0,105.0,4.0,15.0,-21.3,982.6333333333333,9.816666666666666,87.93333333333334,,206.0580047843439
2014-04-16,2014.0,106.0,4.0,16.0,-22.733333333333334,980.65,5.133333333333334,83.175,,225.59145655099138
2014-04-17,2014.0,107.0,4.0,17.0,-13.691666666666668,987.4708333333333,10.320833333333333,90.20952380952382,,205.8874571474953
2014-04-18,2014.0,108.0,4.0,18.0,-19.095833333333335,987.2208333333333,6.4944444444444445,87.24166666666667,,206.80688765030504
2014-04-19,2014.0,109.0,4.0,19.0,-28.358333333333334,979.1583333333333,,82.11666666666666,,
2014-04-20,2014.0,110.0,4.0,20.0,-31.766666666666666,981.225,,79.19583333333334,,
2014-04-21,2014.0,111.0,4.0,21.0,-29.34583333333333,996.3458333333333,,81.52499999999999,,
2014-04-22,2014.0,112.0,4.0,22.0,-33.82083333333333,1001.5708333333333,,76.54583333333333,,
2014-04-23,2014.0,113.0,4.0,23.0,-33.199999999999996,988.9583333333334,,77.57083333333334,,
2014-04-24,2014.0,114.0,4.0,24.0,-37.30416666666667,986.975,6.26,72.22083333333333,,217.7085007446443
2014-04-25,2014.0,115.0,4.0,25.0,-39.525,989.8083333333334,4.577777777777778,69.33749999999999,,207.5345981387929
2014-04-26,2014.0,116.0,4.0,26.0,-34.520833333333336,987.75,3.761111111111111,75.22500000000001,,177.51755576250505
2014-04-27,2014.0,117.0,4.0,27.0,-40.3125,985.2791666666667,1.6416666666666666,68.37916666666666,,131.16390192120426
2014-04-28,2014.0,118.0,4.0,28.0,-39.5,977.5875,5.308333333333334,69.25,,203.0749985336766
2014-04-29,2014.0,119.0,4.0,29.0,-42.137499999999996,977.3166666666666,1.6541666666666666,65.62916666666666,,204.2946113046785
2014-04-30,2014.0,120.0,4.0,30.0,-42.62916666666667,976.4791666666666,0.5428571428571429,64.85416666666667,,62.68741670833299
2014-05-01,2014.0,121.0,5.0,1.0,-43.50416666666666,976.7666666666668,6.525,64.1375,,206.25009064219873
2014-05-02,2014.0,122.0,5.0,2.0,-40.36666666666667,984.0916666666667,1.4500000000000002,67.5625,,331.5781770747707
2014-05-03,2014.0,123.0,5.0,3.0,-35.75,989.1125000000001,2.705,73.59583333333333,,254.43748045062722
2014-05-04,2014.0,124.0,5.0,4.0,-19.2625,990.7708333333334,7.016666666666667,93.28333333333335,,230.9163126975054
2014-05-05,2014.0,125.0,5.0,5.0,-23.72083333333333,990.2541666666666,11.666666666666666,88.13333333333333,,194.2052547953916
2014-05-06,2014.0,126.0,5.0,6.0,-28.5,985.4666666666667,4.783333333333333,81.3125,,222.58770313662978
2014-05-07,2014.0,127.0,5.0,7.0,-23.875,976.4041666666667,4.958333333333333,88.17083333333333,,216.81170979453705
2014-05-08,2014.0,128.0,5.0,8.0,-26.025000000000002,986.7708333333334,8.733333333333333,85.425,,176.10379780087638
2014-05-09,2014.0,129.0,5.0,9.0,-18.325,974.5791666666668,13.299999999999999,90.83,,214.9667599833762
2014-05-10,2014.0,130.0,5.0,10.0,-24.204166666666666,978.6708333333332,9.629166666666666,86.19545454545454,,186.28851390836394
2014-05-11,2014.0,131.0,5.0,11.0,-21.162499999999998,989.4416666666666,14.183333333333332,91.54166666666667,,202.540492084662
2014-05-12,2014.0,132.0,5.0,12.0,-16.083333333333332,987.1875,16.466666666666665,97.03333333333335,,212.08723961915624
2014-05-13,2014.0,133.0,5.0,13.0,-11.9375,990.6541666666667,11.829166666666666,99.8,,198.9439949247892
2014-05-14,2014.0,134.0,5.0,14.0,-13.179166666666667,984.2916666666666,7.695833333333333,97.16499999999999,,194.33100317764263
2014-05-15,2014.0,135.0,5.0,15.0,-18.304166666666667,984.1833333333334,6.6499999999999995,89.82916666666667,,209.20248837001947
2014-05-16,2014.0,136.0,5.0,16.0,-20.529166666666665,984.6125000000001,7.066666666666666,86.14999999999999,,216.53896683630478
2014-05-17,2014.0,137.0,5.0,17.0,-24.59166666666667,979.6083333333332,5.029166666666667,80.60000000000001,,191.9549552960739
2014-05-18,2014.0,138.0,5.0,18.0,-30.162499999999998,981.9291666666667,7.479166666666667,79.04583333333333,,225.52582773440324
2014-05-19,2014.0,139.0,5.0,19.0,-31.754166666666666,984.1791666666667,3.8000000000000003,78.35000000000001,,207.9151694271233
2014-05-20,2014.0,140.0,5.0,20.0,-27.5625,988.5208333333334,4.30625,84.15416666666667,,235.94011586844468
2014-05-21,2014.0,141.0,5.0,21.0,-34.829166666666666,996.3583333333332,3.688888888888889,75.4875,,224.11364098831734
2014-05-22,2014.0,142.0,5.0,22.0,-36.36666666666667,987.0833333333334,,73.53750000000001,,
2014-05-23,2014.0,143.0,5.0,23.0,-38.262499999999996,981.2041666666668,,71.3875,,
2014-05-24,2014.0,144.0,5.0,24.0,-30.125,982.1416666666668,4.93076923076923,81.075,,338.9241932347991
2014-05-25,2014.0,145.0,5.0,25.0,-34.891666666666666,996.8625000000001,,75.45416666666667,,
2014-05-26,2014.0,146.0,5.0,26.0,-36.06666666666667,989.6625,,73.95833333333333,,
2014-05-27,2014.0,147.0,5.0,27.0,-34.5625,984.8000000000001,2.45,75.52916666666667,,253.5
2014-05-28,2014.0,148.0,5.0,28.0,-30.27916666666667,988.1,2.183333333333333,80.5125,,206.67650003766582
2014-05-29,2014.0,149.0,5.0,29.0,-28.412499999999998,979.65,9.570833333333333,82.92916666666666,,187.3065068178944
2014-05-30,2014.0,150.0,5.0,30.0,-18.408333333333335,969.9,13.591666666666667,94.07826086956523,,216.26953535928695
2014-05-31,2014.0,151.0,5.0,31.0,-15.65,971.9791666666666,17.483333333333334,97.675,,217.9085893144311
2014-06-01,2014.0,152.0,6.0,1.0,-21.5125,981.5958333333333,10.395833333333334,89.50416666666666,,221.73829269926276
2014-06-02,2014.0,153.0,6.0,2.0,-24.150000000000002,970.7041666666668,5.25,86.65833333333335,,198.5
2014-06-03,2014.0,154.0,6.0,3.0,-29.179166666666664,986.9041666666667,5.825,82.35000000000001,,184.79864415127483
2014-06-04,2014.0,155.0,6.0,4.0,-32.270833333333336,990.5875,8.275,78.70416666666667,,192.77566875706637
2014-06-05,2014.0,156.0,6.0,5.0,-37.56666666666667,988.4916666666667,5.325,72.16250000000001,,216.3054694288481
2014-06-06,2014.0,157.0,6.0,6.0,-37.141666666666666,984.7208333333333,,72.97500000000001,,
2014-06-07,2014.0,158.0,6.0,7.0,-27.983333333333334,974.1750000000001,3.375,83.00416666666666,,321.73236025036636
2014-06-08,2014.0,159.0,6.0,8.0,-22.09583333333333,971.8125,11.404166666666667,90.21249999999999,,206.2742385781959
2014-06-09,2014.0,160.0,6.0,9.0,-26.145833333333332,979.5791666666668,5.973333333333333,85.62916666666666,,225.19306482030433
2014-06-10,2014.0,161.0,6.0,10.0,-33.324999999999996,975.0958333333333,3.3333333333333335,77.10000000000001,,162.92714983641636
2014-06-11,2014.0,162.0,6.0,11.0,-37.92916666666667,975.2041666666668,10.933333333333332,71.72500000000001,,196.004893250991
2014-06-12,2014.0,163.0,6.0,12.0,-31.945833333333336,977.1958333333333,9.799999999999999,78.95,,205.17379058043733
2014-06-13,2014.0,164.0,6.0,13.0,-34.4,979.7166666666667,7.158823529411765,75.51666666666667,,213.100685131354
2014-06-14,2014.0,165.0,6.0,14.0,-32.84583333333333,977.9333333333334,5.51,77.39583333333333,,313.7019297461198
2014-06-15,2014.0,166.0,6.0,15.0,-31.441666666666666,971.1708333333332,6.5125,78.94166666666666,,187.97376437206418
2014-06-16,2014.0,167.0,6.0,16.0,-36.516666666666666,986.1916666666666,8.116666666666667,73.17916666666666,,191.83024526714001
2014-06-17,2014.0,168.0,6.0,17.0,-30.879166666666666,990.025,8.25,79.81666666666666,,185.16195775523903
2014-06-18,2014.0,169.0,6.0,18.0,-33.800000000000004,987.0375,3.8666666666666667,76.6125,,223.36157070745688
2014-06-19,2014.0,170.0,6.0,19.0,-35.34166666666667,979.0875,4.176470588235294,74.825,,216.52253188774552
2014-06-20,2014.0,171.0,6.0,20.0,-35.11666666666667,980.4,6.319999999999999,74.99166666666666,,218.5243167556619
2014-06-21,2014.0,172.0,6.0,21.0,-29.175,985.1958333333333,9.016666666666667,82.13333333333334,,219.63116720862502
2014-06-22,2014.0,173.0,6.0,22.0,-40.12916666666667,987.3416666666667,3.48125,68.83749999999999,,213.6884631521937
2014-06-23,2014.0,174.0,6.0,23.0,-35.020833333333336,982.1913043478262,5.0055555555555555,75.19583333333334,,239.92048966791205
2014-06-24,2014.0,175.0,6.0,24.0,-33.47083333333333,984.4791666666666,4.5249999999999995,77.08333333333333,,214.7287400956214
2014-06-25,2014.0,176.0,6.0,25.0,-33.516666666666666,990.6708333333332,3.079166666666667,76.91250000000001,,273.44148293694275
2014-06-26,2014.0,177.0,6.0,26.0,-35.32083333333333,991.0833333333334,9.445833333333333,74.72083333333333,,193.35373918790637
2014-06-27,2014.0,178.0,6.0,27.0,-37.99583333333333,992.3583333333332,2.207142857142857,71.2375,,241.56488394819274
2014-06-28,2014.0,179.0,6.0,28.0,-41.891666666666666,990.0500000000001,2.2199999999999998,66.3875,,110.45960305614018
2014-06-29,2014.0,180.0,6.0,29.0,-43.88333333333333,990.5041666666666,0.7555555555555556,63.725,,354.53571912532874
2014-06-30,2014.0,181.0,6.0,30.0,-44.51666666666667,991.8541666666666,,63.199999999999996,,
2014-07-01,2014.0,182.0,7.0,1.0,-35.041666666666664,993.1333333333333,6.6000000000000005,74.70416666666667,,200.7722911959394
2014-07-02,2014.0,183.0,7.0,2.0,-34.99583333333333,993.4583333333334,4.1923076923076925,75.15416666666667,,244.90226736923154
2014-07-03,2014.0,184.0,7.0,3.0,-42.395833333333336,987.5166666666668,,65.77083333333333,,
2014-07-04,2014.0,185.0,7.0,4.0,-42.454166666666666,983.2708333333334,,65.32083333333334,,
2014-07-05,2014.0,186.0,7.0,5.0,-42.42916666666667,984.9499999999999,5.454545454545454,65.54166666666667,,212.1630798770278
2014-07-06,2014.0,187.0,7.0,6.0,-46.51666666666667,982.3833333333333,0.0,60.38333333333333,,0.0
2014-07-07,2014.0,188.0,7.0,7.0,-43.46666666666667,971.2833333333333,2.9071428571428575,64.35833333333333,,252.66299006973492
2014-07-08,2014.0,189.0,7.0,8.0,-46.770833333333336,963.1416666666668,0.7111111111111111,60.30833333333334,,178.3258670578379
2014-07-09,2014.0,190.0,7.0,9.0,-38.75,973.3000000000001,6.523076923076923,70.05,,219.05091848656627
2014-07-10,2014.0,191.0,7.0,10.0,-42.24166666666667,975.3874999999999,,66.28750000000001,,
2014-07-11,2014.0,192.0,7.0,11.0,-41.125,976.3833333333333,,67.42916666666666,,
2014-07-12,2014.0,193.0,7.0,12.0,-45.97083333333333,982.625,3.6750000000000003,61.17916666666667,,200.5154981468543
2014-07-13,2014.0,194.0,7.0,13.0,-52.208333333333336,983.8583333333332,2.25,53.10833333333333,,168.49828186102147
2014-07-14,2014.0,195.0,7.0,14.0,-50.53333333333333,985.4375,,54.72083333333333,,
2014-07-15,2014.0,196.0,7.0,15.0,-48.64166666666667,984.7416666666667,,57.083333333333336,,
2014-07-16,2014.0,197.0,7.0,16.0,-51.416666666666664,982.8208333333333,3.65,53.79583333333333,,184.99224860278696
2014-07-17,2014.0,198.0,7.0,17.0,-49.487500000000004,985.0833333333334,1.5714285714285714,55.63333333333333,,242.88093906760025
2014-07-18,2014.0,199.0,7.0,18.0,-39.13333333333333,983.8083333333334,4.4624999999999995,69.2375,,237.52047003632123
2014-07-19,2014.0,200.0,7.0,19.0,-21.791666666666668,973.1083333333332,7.695833333333333,90.46249999999999,,267.7528526586574
2014-07-20,2014.0,201.0,7.0,20.0,-20.962500000000002,974.9250000000001,14.783333333333333,91.82916666666667,,212.88009465947977
2014-07-21,2014.0,202.0,7.0,21.0,-23.020833333333332,983.475,12.645833333333334,89.47916666666667,,207.57022700114797
2014-07-22,2014.0,203.0,7.0,22.0,-25.34166666666667,990.3625000000001,10.620833333333334,85.78750000000001,,200.5323554586765
2014-07-23,2014.0,204.0,7.0,23.0,-37.858333333333334,992.6999999999999,7.333333333333333,71.8,,194.69078103825288
2014-07-24,2014.0,205.0,7.0,24.0,-36.97083333333333,982.4625,6.0,72.88333333333334,,200.3087206776468
2014-07-25,2014.0,206.0,7.0,25.0,-35.9125,982.5791666666668,4.863636363636363,73.92916666666666,,177.70159426670466
2014-07-26,2014.0,207.0,7.0,26.0,-41.59166666666667,999.1125000000001,1.7041666666666666,66.84166666666667,,161.13610869814667
2014-07-27,2014.0,208.0,7.0,27.0,-30.25,989.3541666666666,3.6941176470588233,81.13333333333334,,7.76954885576482
2014-07-28,2014.0,209.0,7.0,28.0,-36.15,996.3041666666667,8.266666666666667,73.7875,0.0,189.0698055722695
2014-07-29,2014.0,210.0,7.0,29.0,-44.37083333333334,1004.6875,4.233333333333333,63.479166666666664,,182.495256273796
2014-07-30,2014.0,211.0,7.0,30.0,-48.458333333333336,1004.7083333333334,1.0,57.84583333333333,,169.96871391157117
2014-07-31,2014.0,212.0,7.0,31.0,-41.895833333333336,1004.8541666666666,7.604761904761904,65.78750000000001,,183.87686683077484
2014-08-01,2014.0,213.0,8.0,1.0,-35.5,996.4166666666666,11.795833333333334,74.04166666666667,,214.32734721205665
2014-08-02,2014.0,214.0,8.0,2.0,-42.30416666666667,976.7291666666666,3.7125,64.70833333333333,,226.10647502923365
2014-08-03,2014.0,215.0,8.0,3.0,-47.61666666666667,964.9041666666667,,59.458333333333336,,
2014-08-04,2014.0,216.0,8.0,4.0,-33.829166666666666,967.1541666666667,5.407692307692307,76.24583333333334,,168.84962564984454
2014-08-05,2014.0,217.0,8.0,5.0,-27.745833333333334,974.3625000000001,14.845833333333333,83.82083333333334,,217.49082750049496
2014-08-06,2014.0,218.0,8.0,6.0,-18.724999999999998,967.2041666666668,20.587500000000002,94.07916666666667,,225.9492320318786
2014-08-07,2014.0,219.0,8.0,7.0,-17.683333333333334,969.5583333333334,15.450000000000001,95.375,,223.15385621749522
2014-08-08,2014.0,220.0,8.0,8.0,-17.008333333333333,967.8708333333334,13.9,95.19583333333333,,219.57642124021174
2014-08-09,2014.0,221.0,8.0,9.0,-14.616666666666667,969.8958333333334,12.112499999999999,97.9090909090909,,223.82213259894786
2014-08-10,2014.0,222.0,8.0,10.0,-18.1375,974.1208333333334,8.15,91.77499999999999,,219.24440409980605
2014-08-11,2014.0,223.0,8.0,11.0,-20.266666666666666,973.4208333333332,,92.63333333333333,,
2014-08-12,2014.0,224.0,8.0,12.0,-23.616666666666664,976.9,,86.7375,,
2014-08-13,2014.0,225.0,8.0,13.0,-26.370833333333334,984.1999999999999,16.22,83.58749999999999,,196.99563062319393
2014-08-14,2014.0,226.0,8.0,14.0,-27.5625,986.8666666666667,15.279166666666667,84.2375,,206.17904519625068
2014-08-15,2014.0,227.0,8.0,15.0,-23.908333333333335,968.4541666666668,14.0625,88.31666666666666,,224.73900296876096
2014-08-16,2014.0,228.0,8.0,16.0,-20.0125,952.7375000000001,9.200000000000001,90.925,,235.87437667506225
2014-08-17,2014.0,229.0,8.0,17.0,-19.145833333333332,954.3083333333334,6.945833333333333,93.33333333333333,,264.9990621935433
2014-08-18,2014.0,230.0,8.0,18.0,-20.0125,953.0625,8.954166666666667,92.72083333333335,,216.90028036373783
2014-08-19,2014.0,231.0,8.0,19.0,-27.3625,967.475,13.029166666666667,84.64583333333333,,215.758276742181
2014-08-20,2014.0,232.0,8.0,20.0,-22.933333333333334,964.0583333333334,21.2375,89.74166666666667,,220.26409535826727
2014-08-21,2014.0,233.0,8.0,21.0,-24.066666666666666,971.375,14.1,88.54583333333333,,216.87530572048095
2014-08-22,2014.0,234.0,8.0,22.0,-25.054166666666664,975.6833333333334,7.5375000000000005,84.425,,245.0254135229223
2014-08-23,2014.0,235.0,8.0,23.0,-33.104166666666664,971.5166666666668,1.9166666666666667,75.37916666666666,,43.373331384179345
2014-08-24,2014.0,236.0,8.0,24.0,-27.275000000000002,974.1083333333332,8.785,83.72916666666667,,223.66734463110805
2014-08-25,2014.0,237.0,8.0,25.0,-26.391666666666666,981.2458333333334,15.079166666666666,85.62083333333334,,219.4650651613387
2014-08-26,2014.0,238.0,8.0,26.0,-29.683333333333334,985.5875,11.258333333333333,80.78750000000001,,199.9928409440658
2014-08-27,2014.0,239.0,8.0,27.0,-22.116666666666664,977.5375,13.433333333333332,88.24782608695652,,220.47870554071463
2014-08-28,2014.0,240.0,8.0,28.0,-22.083333333333332,983.7708333333334,12.987499999999999,90.47083333333335,,215.97021317337268
2014-08-29,2014.0,241.0,8.0,29.0,-20.716666666666665,990.4875000000001,5.9750000000000005,91.55,,192.00439132317504
2014-08-30,2014.0,242.0,8.0,30.0,-16.983333333333334,979.4041666666667,12.916666666666666,95.1952380952381,,205.05325986656985
2014-08-31,2014.0,243.0,8.0,31.0,-16.370833333333334,985.0500000000001,12.0625,96.51666666666667,,209.9823943305981
2014-09-01,2014.0,244.0,9.0,1.0,-17.595833333333335,987.7708333333334,8.404166666666667,93.40416666666665,,212.25528132398313
2014-09-02,2014.0,245.0,9.0,2.0,-23.766666666666666,984.8666666666667,6.470833333333334,85.46249999999999,,216.99307122424656
2014-09-03,2014.0,246.0,9.0,3.0,-20.454166666666666,976.25,5.783333333333334,88.08333333333333,,216.84428779752062
2014-09-04,2014.0,247.0,9.0,4.0,-22.554166666666664,972.3291666666668,11.083333333333334,89.64583333333333,,195.11895606392667
2014-09-05,2014.0,248.0,9.0,5.0,-19.320833333333333,971.9583333333334,9.5,92.85416666666667,,201.02295913373666
2014-09-06,2014.0,249.0,9.0,6.0,-25.90416666666667,984.5291666666667,8.612499999999999,85.71666666666665,,198.2371178476869
2014-09-07,2014.0,250.0,9.0,7.0,-25.245833333333334,982.7541666666666,9.833333333333334,85.84166666666665,,206.7759463540413
2014-09-08,2014.0,251.0,9.0,8.0,-19.929166666666667,984.5166666666668,11.129166666666668,92.11666666666667,,221.53140815062213
2014-09-09,2014.0,252.0,9.0,9.0,-16.208333333333332,979.3291666666668,13.441666666666668,95.12083333333334,,220.3646225403418
2014-09-10,2014.0,253.0,9.0,10.0,-16.504166666666666,974.0833333333334,16.083333333333332,95.97500000000001,,214.97015551461848
2014-09-11,2014.0,254.0,9.0,11.0,-13.9625,971.3625000000001,9.987499999999999,90.65294117647058,,234.7131084288132
2014-09-12,2014.0,255.0,9.0,12.0,-14.275,980.5875,12.674999999999999,97.44117647058823,,208.63368474611093
2014-09-13,2014.0,256.0,9.0,13.0,-19.666666666666668,992.6458333333334,11.057142857142857,90.5625,,191.82264943818174
2014-09-14,2014.0,257.0,9.0,14.0,-25.854166666666668,992.4958333333334,,81.625,,
2014-09-15,2014.0,258.0,9.0,15.0,-22.504166666666666,988.7208333333333,,88.33333333333333,,
2014-09-16,2014.0,259.0,9.0,16.0,-31.066666666666666,992.4125,,79.55833333333334,,
2014-09-17,2014.0,260.0,9.0,17.0,-34.3375,996.3291666666668,,74.90416666666667,,
2014-09-18,2014.0,261.0,9.0,18.0,-27.34166666666667,1001.5958333333333,10.970833333333333,83.35416666666667,,202.77687078189908
2014-09-19,2014.0,262.0,9.0,19.0,-33.30833333333333,992.9499999999999,4.8999999999999995,74.375,,227.00244214605814
2014-09-20,2014.0,263.0,9.0,20.0,-26.083333333333332,986.4083333333333,10.98125,84.05,,222.38723391853023
2014-09-21,2014.0,264.0,9.0,21.0,-22.708333333333332,977.65,8.658333333333333,85.64583333333333,,215.22343016253438
2014-09-22,2014.0,265.0,9.0,22.0,-19.633333333333333,976.2166666666667,9.066666666666666,91.59583333333335,,203.80742325850068
2014-09-23,2014.0,266.0,9.0,23.0,-21.241666666666667,977.1583333333333,9.491666666666667,89.85416666666667,,212.71845585147162
2014-09-24,2014.0,267.0,9.0,24.0,-22.2,985.4833333333332,10.016666666666667,85.375,,221.6212468705699
2014-09-25,2014.0,268.0,9.0,25.0,-25.72083333333333,990.6291666666666,6.3125,84.27083333333333,,203.2634706562765
2014-09-26,2014.0,269.0,9.0,26.0,-29.608333333333334,985.3458333333333,,74.75416666666666,,
2014-09-27,2014.0,270.0,9.0,27.0,-30.375,984.7666666666668,,76.23333333333333,,
2014-09-28,2014.0,271.0,9.0,28.0,-22.450000000000003,982.7833333333333,,84.125,,
2014-09-29,2014.0,272.0,9.0,29.0,-22.454166666666666,988.2416666666667,2.242857142857143,83.5125,,351.30599500641927
2014-09-30,2014.0,273.0,9.0,30.0,-20.079166666666666,984.4583333333334,2.38,84.54583333333333,,308.47048185669655
2014-10-01,2014.0,274.0,10.0,1.0,-14.512500000000001,980.0666666666666,2.7176470588235295,92.825,,318.56150250276806
2014-10-02,2014.0,275.0,10.0,2.0,-21.170833333333334,983.6666666666666,,85.425,,
2014-10-03,2014.0,276.0,10.0,3.0,-17.691666666666666,982.3333333333334,2.9095238095238094,93.99166666666667,,358.7052421946061
2014-10-04,2014.0,277.0,10.0,4.0,-20.270833333333332,982.5541666666667,9.233333333333333,89.75833333333333,,184.9107885198875
2014-10-05,2014.0,278.0,10.0,5.0,-20.779166666666665,973.1583333333333,17.479166666666668,92.24166666666667,,217.76457377281108
2014-10-06,2014.0,279.0,10.0,6.0,-16.733333333333334,959.3333333333334,17.883333333333333,96.2,,218.07827078495805
2014-10-07,2014.0,280.0,10.0,7.0,-16.025000000000002,962.1541666666667,4.033333333333333,91.93333333333334,,308.13052892566895
2014-10-08,2014.0,281.0,10.0,8.0,-20.695833333333333,968.5791666666668,12.336363636363636,86.59583333333335,,222.8401098385104
2014-10-09,2014.0,282.0,10.0,9.0,-18.058333333333334,962.2458333333334,13.237499999999999,92.3625,,220.3531007716514
2014-10-10,2014.0,283.0,10.0,10.0,-16.8875,962.5416666666666,1.7000000000000002,88.79583333333333,,221.66667042747102
2014-10-11,2014.0,284.0,10.0,11.0,-20.265217391304347,968.2375000000001,8.006666666666666,79.625,,198.02112142380813
2014-10-12,2014.0,285.0,10.0,12.0,-22.429166666666664,969.875,5.6499999999999995,82.4875,,188.2494447492434
2014-10-13,2014.0,286.0,10.0,13.0,-22.358333333333334,964.2416666666667,10.985714285714286,84.02499999999999,,209.9745748666984
2014-10-14,2014.0,287.0,10.0,14.0,-23.5,969.1208333333334,14.429166666666667,87.8625,,208.0789421408513
2014-10-15,2014.0,288.0,10.0,15.0,-26.333333333333332,968.4583333333334,8.679166666666665,78.80416666666666,,225.4447699186546
2014-10-16,2014.0,289.0,10.0,16.0,-20.92083333333333,960.8291666666668,6.595833333333334,78.85000000000001,,239.26365715676968
2014-10-17,2014.0,290.0,10.0,17.0,-19.3625,960.7541666666666,13.295833333333334,93.16250000000001,,225.03786267488587
2014-10-18,2014.0,291.0,10.0,18.0,-18.0625,957.725,13.2875,93.34583333333335,,215.24061873349106
2014-10-19,2014.0,292.0,10.0,19.0,-14.908333333333333,944.3166666666666,10.641666666666667,91.06666666666666,,216.40482089308594
2014-10-20,2014.0,293.0,10.0,20.0,-21.900000000000002,967.25,10.174999999999999,90.14999999999999,,205.42249616256677
2014-10-21,2014.0,294.0,10.0,21.0,-17.883333333333333,970.3166666666666,8.954166666666667,91.47083333333335,,200.68224671415481
2014-10-22,2014.0,295.0,10.0,22.0,-21.616666666666664,972.8874999999999,3.9,81.94166666666666,,243.44578774737306
2014-10-23,2014.0,296.0,10.0,23.0,-18.720833333333335,967.1291666666666,11.483333333333334,91.52272727272727,,208.85075873800102
2014-10-24,2014.0,297.0,10.0,24.0,-23.445833333333336,974.2791666666667,7.8999999999999995,82.59583333333333,,180.36366457183772
2014-10-25,2014.0,298.0,10.0,25.0,-14.983333333333334,978.4250000000001,11.283333333333333,95.20416666666667,,208.07200084934274
2014-10-26,2014.0,299.0,10.0,26.0,-16.370833333333334,986.9083333333333,11.725,92.99166666666667,,192.22864379421895
2014-10-27,2014.0,300.0,10.0,27.0,-16.879166666666666,987.7875,7.845833333333334,82.97916666666667,,201.68184940598286
2014-10-28,2014.0,301.0,10.0,28.0,-18.166666666666668,989.2666666666668,6.579166666666667,76.44583333333334,,218.23902242779047
2014-10-29,2014.0,302.0,10.0,29.0,-20.354166666666668,992.1083333333332,4.771428571428571,62.0,,211.68014212572717
2014-10-30,2014.0,303.0,10.0,30.0,-19.465217391304346,987.5833333333334,3.94,55.15833333333333,,200.84074089978049
2014-10-31,2014.0,304.0,10.0,31.0,-19.85217391304348,986.8375,,52.67083333333333,,
2014-11-01,2014.0,305.0,11.0,1.0,-14.420833333333334,977.6791666666667,5.445454545454545,75.04583333333333,,342.6105370282186
2014-11-02,2014.0,306.0,11.0,2.0,-19.841666666666665,981.0749999999999,8.729166666666666,79.50833333333334,,203.74294304073143
2014-11-03,2014.0,307.0,11.0,3.0,-20.224999999999998,986.975,6.133333333333334,66.15416666666667,,198.88133028205937
2014-11-04,2014.0,308.0,11.0,4.0,-15.516666666666667,985.9666666666667,0.06666666666666667,55.083333333333336,,332.2182966902085
2014-11-05,2014.0,309.0,11.0,5.0,-17.4875,984.8958333333334,,57.9125,,
2014-11-06,2014.0,310.0,11.0,6.0,-19.884615384615383,989.5083333333333,,45.875,,
2014-11-07,2014.0,311.0,11.0,7.0,-16.914285714285715,992.7583333333333,0.13333333333333333,55.20416666666667,,310.0323691841619
2014-11-08,2014.0,312.0,11.0,8.0,-20.7,988.1708333333332,0.12000000000000002,44.51666666666667,,286.9860677798036
2014-11-09,2014.0,313.0,11.0,9.0,-20.525000000000002,986.4916666666667,0.6285714285714287,44.00416666666666,,118.91962322515141
2014-11-10,2014.0,314.0,11.0,10.0,-17.910526315789475,989.7041666666668,1.407142857142857,48.854166666666664,,267.4651247311801
2014-11-11,2014.0,315.0,11.0,11.0,-17.12727272727273,989.2083333333334,0.5291666666666667,40.55833333333333,,138.03787924512997
2014-11-12,2014.0,316.0,11.0,12.0,-16.661538461538463,990.3249999999999,0.9333333333333332,39.95,,159.0263374765132
2014-11-13,2014.0,317.0,11.0,13.0,-16.379166666666666,988.2041666666668,2.245833333333333,63.97083333333333,,105.02442763274257
2014-11-14,2014.0,318.0,11.0,14.0,-16.104166666666668,983.0625,2.029166666666667,69.60416666666667,,111.20036806840756
2014-11-15,2014.0,319.0,11.0,15.0,-10.475,973.225,4.045833333333333,74.09583333333333,,340.0752955572002
2014-11-16,2014.0,320.0,11.0,16.0,-10.230434782608697,985.0333333333333,3.5124999999999997,78.375,,357.23935321174054
2014-11-17,2014.0,321.0,11.0,17.0,-16.573684210526313,989.75,1.5916666666666668,49.458333333333336,,153.10884063490022
2014-11-18,2014.0,322.0,11.0,18.0,-17.495833333333334,983.1958333333333,2.1416666666666666,62.59583333333333,,120.35157781812468
2014-11-19,2014.0,323.0,11.0,19.0,-16.6375,985.1958333333333,3.5583333333333336,67.04166666666667,,153.1882844058835
2014-11-20,2014.0,324.0,11.0,20.0,-18.704166666666666,992.4166666666666,4.78695652173913,71.28750000000001,,217.53167930340842
2014-11-21,2014.0,325.0,11.0,21.0,-14.591666666666667,982.8958333333334,8.345833333333333,70.4375,,207.86685755998798
2014-11-22,2014.0,326.0,11.0,22.0,-12.116666666666667,979.5124999999999,7.370833333333334,66.74583333333334,,210.85183462855957
2014-11-23,2014.0,327.0,11.0,23.0,-11.625,979.1875,8.683333333333334,72.21249999999999,,213.88228770236128
2014-11-24,2014.0,328.0,11.0,24.0,-9.870833333333334,978.8874999999999,10.933333333333332,95.03125,,221.72040234073637
2014-11-25,2014.0,329.0,11.0,25.0,-9.058333333333334,981.0708333333333,9.725,93.7625,,217.30254116013342
2014-11-26,2014.0,330.0,11.0,26.0,-10.075000000000001,983.6458333333334,3.375,73.97916666666667,,210.57395233723108
2014-11-27,2014.0,331.0,11.0,27.0,-10.0875,986.4958333333334,4.679166666666666,78.73333333333333,,209.02805092472195
2014-11-28,2014.0,332.0,11.0,28.0,-11.2125,989.6458333333334,4.366666666666666,70.96249999999999,,234.67790701900742
2014-11-29,2014.0,333.0,11.0,29.0,-11.141666666666666,990.9416666666666,7.208333333333333,80.66250000000001,,204.035404057869
2014-11-30,2014.0,334.0,11.0,30.0,-10.6,988.6333333333333,4.320833333333334,65.04166666666667,,221.44769642591953
2014-12-01,2014.0,335.0,12.0,1.0,-9.672727272727274,984.0041666666666,1.375,48.6625,,132.49442251608932
2014-12-02,2014.0,336.0,12.0,2.0,-9.9375,977.5916666666667,1.2291666666666667,46.43333333333334,,184.71688968683117
2014-12-03,2014.0,337.0,12.0,3.0,-11.195833333333333,976.2791666666667,6.433333333333334,77.575,,190.17170467864835
2014-12-04,2014.0,338.0,12.0,4.0,-14.112499999999999,980.9166666666666,4.304166666666666,68.38333333333334,,178.62651531441716
2014-12-05,2014.0,339.0,12.0,5.0,-13.434782608695652,978.0083333333333,1.5999999999999999,51.18333333333334,,114.77455310855363
2014-12-06,2014.0,340.0,12.0,6.0,-14.254166666666668,974.3000000000001,3.5124999999999997,56.84166666666667,,194.5970811061206
2014-12-07,2014.0,341.0,12.0,7.0,-9.958333333333334,972.9,7.120833333333334,82.425,,200.91270560635687
2014-12-08,2014.0,342.0,12.0,8.0,-8.395833333333334,972.2375000000001,4.120833333333334,63.65,,186.93153993708754
2014-12-09,2014.0,343.0,12.0,9.0,-8.447619047619048,973.8666666666667,2.6791666666666667,54.01666666666667,,181.43564267746981
2014-12-10,2014.0,344.0,12.0,10.0,-5.095833333333333,977.5291666666667,3.6041666666666665,68.04166666666667,,284.6737596922098
2014-12-11,2014.0,345.0,12.0,11.0,-7.505,981.2041666666668,1.8583333333333334,59.18333333333334,,147.19398092086223
2014-12-12,2014.0,346.0,12.0,12.0,-4.25,987.2541666666666,1.1869565217391305,55.6,,354.74979785954474
2014-12-13,2014.0,347.0,12.0,13.0,-2.6545454545454543,992.5083333333333,1.1958333333333333,67.49166666666666,,3.0656571519013243
2014-12-14,2014.0,348.0,12.0,14.0,-3.9000000000000004,993.9083333333333,0.7999999999999999,64.66250000000001,,49.5573313944042
2014-12-15,2014.0,349.0,12.0,15.0,-4.7894736842105265,986.6416666666668,2.5500000000000003,69.75416666666666,,202.26169617212176
2014-12-16,2014.0,350.0,12.0,16.0,-8.304347826086957,983.3916666666668,4.366666666666666,70.99583333333334,,172.79259818173483
2014-12-17,2014.0,351.0,12.0,17.0,-5.929166666666666,989.6791666666667,2.7916666666666665,61.8125,,214.16364622896944
2014-12-18,2014.0,352.0,12.0,18.0,-4.325,992.9333333333334,1.9749999999999999,64.05833333333332,,53.276204285803665
2014-12-19,2014.0,353.0,12.0,19.0,-6.588888888888889,989.1166666666667,1.9749999999999999,55.637499999999996,,109.12528572803774
2014-12-20,2014.0,354.0,12.0,20.0,-9.495833333333334,986.2875,3.470833333333333,65.02083333333333,,185.67833073864557
2014-12-21,2014.0,355.0,12.0,21.0,-8.033333333333333,985.4833333333332,3.7083333333333335,63.03333333333333,,188.5672088276856
2014-12-22,2014.0,356.0,12.0,22.0,-8.060869565217391,981.6173913043478,5.691304347826088,79.67826086956521,,139.27650662234285
2014-12-23,2014.0,357.0,12.0,23.0,-8.436842105263159,985.3791666666666,5.104166666666667,69.87083333333334,,209.1450942206367
2014-12-24,2014.0,358.0,12.0,24.0,-8.347826086956522,985.0833333333334,3.6291666666666664,73.25416666666666,,204.27688574760933
2014-12-25,2014.0,359.0,12.0,25.0,-8.213636363636363,980.9458333333333,2.9125,69.19583333333334,,120.73246633737162
2014-12-26,2014.0,360.0,12.0,26.0,-8.65,979.0541666666667,4.833333333333333,67.79583333333333,,196.13412447373818
2014-12-27,2014.0,361.0,12.0,27.0,-6.676190476190476,984.5956521739131,2.134782608695652,56.91304347826087,,254.9786963789998
2014-12-28,2014.0,362.0,12.0,28.0,-6.439130434782609,983.6681818181819,2.972727272727273,62.6,,216.99772554273844
2014-12-29,2014.0,363.0,12.0,29.0,-5.963636363636363,985.1916666666666,2.120833333333333,59.025,,184.38633521479213
2014-12-30,2014.0,364.0,12.0,30.0,-6.4799999999999995,988.8375,1.4869565217391305,61.8375,,124.8127276928303
2014-12-31,2014.0,365.0,12.0,31.0,-3.54,988.1541666666667,1.7791666666666668,59.824999999999996,,49.254592053403776
2015-01-01,2015.0,1.0,1.0,1.0,-1.405263157894737,985.6083333333332,1.3333333333333333,53.875,,61.16471989514649
2015-01-02,2015.0,2.0,1.0,2.0,-1.6333333333333335,980.0583333333334,2.9125,70.3875,,289.7938788703476
2015-01-03,2015.0,3.0,1.0,3.0,-2.65,982.8333333333334,5.183333333333334,76.85,,179.1568042121348
2015-01-04,2015.0,4.0,1.0,4.0,-4.925,986.5583333333334,6.191666666666666,78.00869565217391,,152.0476184918081
2015-01-05,2015.0,5.0,1.0,5.0,-5.533333333333334,985.4083333333333,4.920833333333333,83.24583333333334,,214.8549145300594
2015-01-06,2015.0,6.0,1.0,6.0,-2.1958333333333333,983.625,3.4250000000000003,80.15833333333333,,207.55076629033195
2015-01-07,2015.0,7.0,1.0,7.0,-3.704166666666666,988.5458333333332,6.125,84.05833333333334,,183.8708841263241
2015-01-08,2015.0,8.0,1.0,8.0,-1.9956521739130435,988.1625,1.8125,74.42916666666666,,51.882448985613244
2015-01-09,2015.0,9.0,1.0,9.0,-1.380952380952381,984.025,2.7874999999999996,80.89545454545454,,55.996484187228944
2015-01-10,2015.0,10.0,1.0,10.0,-2.066666666666667,983.4125,3.4499999999999997,78.14999999999999,,139.3407341821297
2015-01-11,2015.0,11.0,1.0,11.0,-2.216666666666667,983.4666666666667,2.0500000000000003,69.36666666666667,,60.140184821105066
2015-01-12,2015.0,12.0,1.0,12.0,-3.06,983.9625,1.8,69.65416666666667,,132.56214608025203
2015-01-13,2015.0,13.0,1.0,13.0,-6.2375,987.275,4.716666666666667,83.29166666666667,,137.9158079403925
2015-01-14,2015.0,14.0,1.0,14.0,-6.229166666666667,991.0708333333333,4.854166666666667,82.875,,157.80007012249501
2015-01-15,2015.0,15.0,1.0,15.0,-5.433333333333334,994.4291666666667,3.0083333333333333,71.28333333333333,,120.96792977485
2015-01-16,2015.0,16.0,1.0,16.0,-5.4750000000000005,994.4541666666668,1.9583333333333333,66.39565217391304,,173.20017489187177
2015-01-17,2015.0,17.0,1.0,17.0,-9.237499999999999,992.275,3.125,74.17142857142856,,144.6543795420318
2015-01-18,2015.0,18.0,1.0,18.0,-10.883333333333333,981.5041666666666,4.729166666666667,71.02916666666667,,164.87656004603744
2015-01-19,2015.0,19.0,1.0,19.0,-8.725,984.5958333333333,11.708333333333334,88.4375,,216.40942096461023
2015-01-20,2015.0,20.0,1.0,20.0,-6.3625,990.725,3.5666666666666664,68.05833333333334,,156.70321731810648
2015-01-21,2015.0,21.0,1.0,21.0,-9.366666666666667,980.3625000000001,3.9125,63.80416666666667,,180.4095813468414
2015-01-22,2015.0,22.0,1.0,22.0,-10.5375,980.2208333333333,3.7541666666666664,63.59166666666667,,159.82044063789166
2015-01-23,2015.0,23.0,1.0,23.0,-7.3875,982.9041666666667,2.254166666666667,58.050000000000004,,208.309161325268
2015-01-24,2015.0,24.0,1.0,24.0,-5.275,980.9083333333333,4.4750000000000005,69.8,,265.7165962155294
2015-01-25,2015.0,25.0,1.0,25.0,-6.304166666666667,981.2916666666666,8.504166666666666,80.2,,208.156440197379
2015-01-26,2015.0,26.0,1.0,26.0,-6.245833333333334,984.4,3.275,71.39047619047619,,205.95027645559628
2015-01-27,2015.0,27.0,1.0,27.0,-8.008333333333333,982.9875000000001,6.875,79.47083333333333,,210.02695298052575
2015-01-28,2015.0,28.0,1.0,28.0,-8.341666666666667,982.275,5.7,66.55,,198.97181846541343
2015-01-29,2015.0,29.0,1.0,29.0,-8.845833333333333,981.0,5.891666666666667,64.6125,,218.40779021165955
2015-01-30,2015.0,30.0,1.0,30.0,-7.333333333333333,976.35,10.3125,67.91250000000001,,224.9221023095535
2015-01-31,2015.0,31.0,1.0,31.0,-7.008333333333333,975.6833333333334,13.487499999999999,89.3695652173913,,226.15820069286838
2015-02-01,2015.0,32.0,2.0,1.0,-7.104166666666667,976.1083333333332,9.9625,87.3125,,206.82433089103372
2015-02-02,2015.0,33.0,2.0,2.0,-7.55,978.7333333333332,7.345833333333334,85.45714285714286,,178.4645773710855
2015-02-03,2015.0,34.0,2.0,3.0,-10.516666666666667,982.5625,4.458333333333333,86.07083333333333,,182.78573791358036
2015-02-04,2015.0,35.0,2.0,4.0,-10.216666666666667,989.4208333333332,9.495833333333334,90.02499999999999,,191.21207016988436
2015-02-05,2015.0,36.0,2.0,5.0,-10.316666666666666,984.5625,14.404166666666667,89.75416666666666,,219.16188010825817
2015-02-06,2015.0,37.0,2.0,6.0,-8.970833333333333,971.5208333333334,16.354166666666668,96.24545454545455,,221.81114639792276
2015-02-07,2015.0,38.0,2.0,7.0,-7.304166666666667,970.1166666666667,18.037499999999998,97.0,,230.79809326805525
2015-02-08,2015.0,39.0,2.0,8.0,-5.766666666666667,970.3375,13.358333333333334,96.7875,,226.51968895746984
2015-02-09,2015.0,40.0,2.0,9.0,-5.845833333333334,975.1166666666667,14.304166666666667,95.74615384615385,,224.35543042809087
2015-02-10,2015.0,41.0,2.0,10.0,-8.291666666666666,978.2958333333332,10.395833333333334,84.33749999999999,,214.99378004209845
2015-02-11,2015.0,42.0,2.0,11.0,-9.908333333333333,976.7708333333334,7.808333333333334,76.25416666666666,,223.08878299723352
2015-02-12,2015.0,43.0,2.0,12.0,-10.9125,976.7375000000001,5.045833333333333,70.53333333333333,,229.85156293391753
2015-02-13,2015.0,44.0,2.0,13.0,-10.804166666666667,976.5416666666666,3.5749999999999997,77.06666666666666,,191.59615093027148
2015-02-14,2015.0,45.0,2.0,14.0,-12.658333333333333,976.6208333333334,3.783333333333333,76.02499999999999,,195.80464821408802
2015-02-15,2015.0,46.0,2.0,15.0,-8.729166666666666,974.3583333333332,12.466666666666667,87.44,,226.27823342785948
2015-02-16,2015.0,47.0,2.0,16.0,-12.145833333333334,979.7833333333333,7.591666666666666,76.25833333333334,,197.6355278896861
2015-02-17,2015.0,48.0,2.0,17.0,-10.629166666666666,980.725,3.034782608695652,61.37083333333334,,208.6077279508984
2015-02-18,2015.0,49.0,2.0,18.0,-12.363636363636363,980.9166666666666,2.7125,63.22083333333333,,185.76175124995387
2015-02-19,2015.0,50.0,2.0,19.0,-9.033333333333333,975.8208333333333,2.733333333333333,78.58947368421053,,265.7072748072769
2015-02-20,2015.0,51.0,2.0,20.0,-10.354166666666666,970.35,6.6375,86.45,,231.5143176491548
2015-02-21,2015.0,52.0,2.0,21.0,-10.6875,968.0541666666667,3.9458333333333333,84.58749999999999,,261.4462828225743
2015-02-22,2015.0,53.0,2.0,22.0,-15.441666666666668,973.0875,7.470833333333334,87.52499999999999,,196.97511268691747
2015-02-23,2015.0,54.0,2.0,23.0,-13.391666666666666,978.4,6.929166666666667,90.01363636363637,,171.78467677482
2015-02-24,2015.0,55.0,2.0,24.0,-15.054166666666667,974.775,5.745833333333334,85.5125,,215.1305648776591
2015-02-25,2015.0,56.0,2.0,25.0,-19.141666666666666,975.025,4.745833333333334,72.55,,203.88207442445014
2015-02-26,2015.0,57.0,2.0,26.0,-15.845833333333333,981.0083333333333,2.4250000000000003,65.96666666666667,,125.84480816486743
2015-02-27,2015.0,58.0,2.0,27.0,-13.4,984.7375000000001,2.15,77.54285714285714,,183.20700366820375
2015-02-28,2015.0,59.0,2.0,28.0,-15.575000000000001,985.1625,5.3875,74.10833333333333,,134.69101943512558
2015-03-01,2015.0,60.0,3.0,1.0,-18.445833333333333,986.2083333333334,7.720833333333334,82.39166666666667,,208.99829751910013
2015-03-02,2015.0,61.0,3.0,2.0,-17.454166666666666,977.9,7.416666666666667,79.35416666666667,,223.7544334022318
2015-03-03,2015.0,62.0,3.0,3.0,-15.368181818181819,970.4541666666668,3.6666666666666665,59.92083333333333,,234.7850437868235
2015-03-04,2015.0,63.0,3.0,4.0,-10.782608695652174,981.1083333333332,3.3791666666666664,76.31666666666666,,305.9614271804863
2015-03-05,2015.0,64.0,3.0,5.0,-12.591666666666667,991.7125000000001,3.3625000000000003,89.63478260869564,,213.24911105500607
2015-03-06,2015.0,65.0,3.0,6.0,-9.424999999999999,987.5166666666668,8.054166666666667,80.65416666666667,,327.43810520117586
2015-03-07,2015.0,66.0,3.0,7.0,-20.104166666666668,987.6875,8.145833333333334,76.37916666666666,,201.8722690797633
2015-03-08,2015.0,67.0,3.0,8.0,-19.066666666666666,989.2375000000001,4.691666666666666,67.60833333333333,,139.73813576305633
2015-03-09,2015.0,68.0,3.0,9.0,-19.2,993.0666666666666,7.120833333333334,80.54166666666667,,172.1457026529443
2015-03-10,2015.0,69.0,3.0,10.0,-19.400000000000002,996.7083333333334,3.983333333333333,71.29166666666667,,140.04897793244686
2015-03-11,2015.0,70.0,3.0,11.0,-19.0625,989.0124999999999,8.258333333333333,85.90416666666665,,141.6277800446516
2015-03-12,2015.0,71.0,3.0,12.0,-27.304166666666664,989.9916666666667,7.770833333333333,75.24166666666666,,192.03749103283334
2015-03-13,2015.0,72.0,3.0,13.0,-21.683333333333334,984.7208333333333,3.8625000000000003,72.92083333333333,,105.28439833906438
2015-03-14,2015.0,73.0,3.0,14.0,-23.25,985.8625000000001,10.329166666666667,83.27499999999999,,217.17169474981964
2015-03-15,2015.0,74.0,3.0,15.0,-28.766666666666666,984.9708333333333,3.7916666666666665,78.70416666666667,,139.57612268814162
2015-03-16,2015.0,75.0,3.0,16.0,-34.045833333333334,980.9041666666667,5.4624999999999995,70.15833333333333,,159.37728310565097
2015-03-17,2015.0,76.0,3.0,17.0,-33.7125,990.5333333333333,3.9250000000000003,68.28333333333333,,190.54713434447012
2015-03-18,2015.0,77.0,3.0,18.0,-29.761904761904763,989.9375,3.2125,65.84166666666667,,109.56504820942328
2015-03-19,2015.0,78.0,3.0,19.0,-26.079166666666666,991.4916666666667,3.0875,69.77826086956522,,193.12745848703256
2015-03-20,2015.0,79.0,3.0,20.0,-22.19583333333333,992.4166666666666,2.716666666666667,85.83749999999999,,315.95074285992
2015-03-21,2015.0,80.0,3.0,21.0,-23.9375,985.3125,2.8249999999999997,77.91250000000001,0.0,220.27470072045756
2015-03-22,2015.0,81.0,3.0,22.0,-29.15416666666667,975.4541666666668,3.654166666666667,70.5625,,113.29118155858178
2015-03-23,2015.0,82.0,3.0,23.0,-28.983333333333334,968.0500000000001,3.5833333333333335,68.175,,165.7358061534084
2015-03-24,2015.0,83.0,3.0,24.0,-18.925,960.4791666666666,4.441666666666666,86.60833333333333,,15.11706478475187
2015-03-25,2015.0,84.0,3.0,25.0,-23.579166666666666,971.7166666666667,3.920833333333333,84.825,,142.1519717287801
2015-03-26,2015.0,85.0,3.0,26.0,-28.01304347826087,982.6,3.9875000000000003,77.78750000000001,,194.6903200547972
2015-03-27,2015.0,86.0,3.0,27.0,-26.6125,978.6583333333333,2.5958333333333337,80.5125,,174.31575239966247
2015-03-28,2015.0,87.0,3.0,28.0,-23.370833333333334,976.9833333333332,2.2708333333333335,86.81666666666666,,289.34363317343275
2015-03-29,2015.0,88.0,3.0,29.0,-21.983333333333334,978.9250000000001,3.783333333333333,89.28750000000001,,330.3336336361571
2015-03-30,2015.0,89.0,3.0,30.0,-22.9375,979.3708333333334,3.279166666666667,89.01666666666667,,313.6317673277265
2015-03-31,2015.0,90.0,3.0,31.0,-22.40833333333333,988.0708333333333,2.558333333333333,90.14166666666667,,23.786707554558326
2015-04-01,2015.0,91.0,4.0,1.0,-26.325,990.7083333333334,9.320833333333333,85.49166666666667,,197.5562768595496
2015-04-02,2015.0,92.0,4.0,2.0,-32.954166666666666,986.25,6.170833333333333,77.34583333333333,,178.00809844869087
2015-04-03,2015.0,93.0,4.0,3.0,-32.416666666666664,982.9708333333333,5.491666666666667,77.87916666666666,,169.69164623784127
2015-04-04,2015.0,94.0,4.0,4.0,-35.520833333333336,981.9166666666666,6.370833333333334,73.52916666666667,,225.49183108612146
2015-04-05,2015.0,95.0,4.0,5.0,-29.599999999999998,977.8249999999999,3.908333333333333,81.03750000000001,,257.0439869388765
2015-04-06,2015.0,96.0,4.0,6.0,-30.079166666666666,982.8291666666668,4.7375,80.99583333333334,,238.61893897330683
2015-04-07,2015.0,97.0,4.0,7.0,-26.054166666666664,988.8000000000001,4.204166666666667,85.77083333333333,,311.9115406821453
2015-04-08,2015.0,98.0,4.0,8.0,-29.433333333333334,992.3166666666666,2.8541666666666665,81.30416666666666,,81.50957187877579
2015-04-09,2015.0,99.0,4.0,9.0,-37.65416666666667,990.4541666666668,2.441666666666667,72.12916666666666,,178.26885664949592
2015-04-10,2015.0,100.0,4.0,10.0,-37.93333333333333,989.8375,5.291666666666667,71.3125,,207.8404975074952
2015-04-11,2015.0,101.0,4.0,11.0,-36.9375,990.5041666666666,6.841666666666666,72.22500000000001,,219.96370211838422
2015-04-12,2015.0,102.0,4.0,12.0,-40.016666666666666,983.5083333333333,3.4458333333333333,68.13333333333334,,221.48395947190738
2015-04-13,2015.0,103.0,4.0,13.0,-32.645833333333336,975.5416666666666,3.6458333333333335,77.15833333333333,,272.0782748654583
2015-04-14,2015.0,104.0,4.0,14.0,-27.195833333333336,978.6750000000001,9.154166666666667,84.07916666666667,,220.2770153442856
2015-04-15,2015.0,105.0,4.0,15.0,-30.941666666666666,978.6041666666666,4.504166666666666,79.74166666666666,,214.16802803457762
2015-04-16,2015.0,106.0,4.0,16.0,-29.2375,969.8416666666667,2.8000000000000003,81.75416666666666,,109.11840218880828
2015-04-17,2015.0,107.0,4.0,17.0,-35.25416666666667,970.5458333333332,2.125,74.5625,,187.36171450334163
2015-04-18,2015.0,108.0,4.0,18.0,-32.291666666666664,973.0208333333334,6.979166666666667,78.06666666666666,,226.08687567778554
2015-04-19,2015.0,109.0,4.0,19.0,-35.1875,973.8249999999999,5.079166666666667,74.3875,,222.09745177665286
2015-04-20,2015.0,110.0,4.0,20.0,-36.62083333333333,978.2083333333334,5.779166666666666,72.55416666666666,,184.90247583425634
2015-04-21,2015.0,111.0,4.0,21.0,-29.59166666666667,975.7583333333333,5.891666666666667,80.85416666666667,,284.2799174929448
2015-04-22,2015.0,112.0,4.0,22.0,-29.266666666666666,977.5458333333332,10.4,81.6375,,176.41915825368463
2015-04-23,2015.0,113.0,4.0,23.0,-25.520833333333332,976.5458333333332,13.545833333333334,85.89999999999999,,216.7503007778773
2015-04-24,2015.0,114.0,4.0,24.0,-20.425,976.7083333333334,14.783333333333333,90.675,,213.5796082388562
2015-04-25,2015.0,115.0,4.0,25.0,-26.866666666666664,976.2624999999999,15.1,83.24583333333334,,210.1690461697392
2015-04-26,2015.0,116.0,4.0,26.0,-30.641666666666666,983.5708333333333,8.654166666666667,76.73333333333333,,216.9267798542653
2015-04-27,2015.0,117.0,4.0,27.0,-28.316666666666666,981.2458333333334,4.283333333333333,79.87083333333334,,218.35228016783284
2015-04-28,2015.0,118.0,4.0,28.0,-34.42916666666667,987.3541666666666,5.4375,74.71666666666667,,226.11876468460656
2015-04-29,2015.0,119.0,4.0,29.0,-28.787499999999998,985.6833333333334,10.733333333333334,79.93333333333334,,202.48572228151045
2015-04-30,2015.0,120.0,4.0,30.0,-32.012499999999996,974.6291666666666,3.6166666666666667,77.3,,202.18025702119218
2015-05-01,2015.0,121.0,5.0,1.0,-27.84583333333333,972.6083333333332,2.4208333333333334,83.16666666666667,,248.31956189531786
2015-05-02,2015.0,122.0,5.0,2.0,-26.7625,974.3625000000001,3.766666666666667,85.05,,323.0527617717735
2015-05-03,2015.0,123.0,5.0,3.0,-30.745833333333334,987.3666666666667,9.325000000000001,80.19583333333334,,195.6802143622281
2015-05-04,2015.0,124.0,5.0,4.0,-32.25833333333333,981.6750000000001,4.016666666666667,78.08749999999999,,158.24078801753151
2015-05-05,2015.0,125.0,5.0,5.0,-33.862500000000004,983.9625,2.858333333333333,76.09166666666667,,205.02205318741588
2015-05-06,2015.0,126.0,5.0,6.0,-21.32916666666667,987.4499999999999,11.529166666666667,86.52083333333333,,220.59139297813016
2015-05-07,2015.0,127.0,5.0,7.0,-26.170833333333334,990.1583333333333,7.354166666666667,73.35416666666667,,217.80748070270624
2015-05-08,2015.0,128.0,5.0,8.0,-27.650000000000002,985.8208333333333,5.008333333333334,80.67083333333333,,215.75715597765455
2015-05-09,2015.0,129.0,5.0,9.0,-22.291666666666668,994.7041666666668,3.658333333333333,88.16250000000001,,253.5364893401308
2015-05-10,2015.0,130.0,5.0,10.0,-27.287499999999998,1000.2083333333334,5.5874999999999995,83.30416666666666,,322.31005727442493
2015-05-11,2015.0,131.0,5.0,11.0,-27.695833333333336,983.0708333333333,4.875,83.85000000000001,,264.65383366278854
2015-05-12,2015.0,132.0,5.0,12.0,-29.162499999999998,983.9875000000001,4.904166666666667,82.03333333333333,,228.89801954380263
2015-05-13,2015.0,133.0,5.0,13.0,-28.629166666666666,985.1875,8.045833333333333,82.1125,,302.66396032058424
2015-05-14,2015.0,134.0,5.0,14.0,-29.6125,978.4416666666666,4.875,80.39583333333333,,221.5657212363595
2015-05-15,2015.0,135.0,5.0,15.0,-32.512499999999996,975.9625,3.9791666666666665,76.8875,,169.30955932351023
2015-05-16,2015.0,136.0,5.0,16.0,-37.795833333333334,982.9708333333333,10.183333333333334,71.2375,,206.7792318493682
2015-05-17,2015.0,137.0,5.0,17.0,-39.5375,983.8416666666667,5.945833333333333,68.87916666666666,,227.8747074842822
2015-05-18,2015.0,138.0,5.0,18.0,-30.1875,972.0083333333333,3.5583333333333336,80.7,,314.767500823565
2015-05-19,2015.0,139.0,5.0,19.0,-30.320833333333336,974.0500000000001,6.295833333333333,80.65416666666667,,318.29236704056814
2015-05-20,2015.0,140.0,5.0,20.0,-26.90833333333333,976.4666666666667,18.741666666666667,82.88333333333334,,234.10770569876934
2015-05-21,2015.0,141.0,5.0,21.0,-25.525000000000002,973.375,10.475,76.99166666666666,,306.57391727774143
2015-05-22,2015.0,142.0,5.0,22.0,-33.00416666666667,992.3625000000001,10.595833333333333,76.67916666666666,,199.45081138395238
2015-05-23,2015.0,143.0,5.0,23.0,-35.170833333333334,991.3166666666666,14.020833333333334,73.70833333333333,,226.04709301095195
2015-05-24,2015.0,144.0,5.0,24.0,-33.03333333333333,985.375,3.8833333333333333,75.40833333333333,,141.5845970813462
2015-05-25,2015.0,145.0,5.0,25.0,-32.387499999999996,988.9,2.4375,77.48333333333333,,199.9640494779623
2015-05-26,2015.0,146.0,5.0,26.0,-30.4375,979.8666666666667,2.9333333333333336,79.95416666666667,,65.65631470528206
2015-05-27,2015.0,147.0,5.0,27.0,-30.916666666666668,987.2541666666666,8.883333333333333,79.76666666666667,,184.03653113334556
2015-05-28,2015.0,148.0,5.0,28.0,-33.85,1003.9499999999999,5.691666666666666,76.03333333333333,,182.68762841499458
2015-05-29,2015.0,149.0,5.0,29.0,-30.599999999999998,1006.7041666666668,3.8625000000000003,79.72083333333333,,19.037910157973208
2015-05-30,2015.0,150.0,5.0,30.0,-30.083333333333332,1001.275,5.079166666666667,80.95416666666667,,193.45413630117406
2015-05-31,2015.0,151.0,5.0,31.0,-36.6625,999.9791666666666,5.3999999999999995,72.64999999999999,,194.1773416212966
2015-06-01,2015.0,152.0,6.0,1.0,-33.34583333333333,992.9041666666667,14.65,76.69583333333334,,208.40791545126632
2015-06-02,2015.0,153.0,6.0,2.0,-25.962500000000002,986.1750000000001,17.775000000000002,84.44166666666666,,216.84294777366006
2015-06-03,2015.0,154.0,6.0,3.0,-31.191666666666666,980.0166666666668,8.433333333333334,78.51666666666667,,224.15492367784856
2015-06-04,2015.0,155.0,6.0,4.0,-21.020833333333332,973.7916666666666,15.333333333333334,89.5125,,220.974659058221
2015-06-05,2015.0,156.0,6.0,5.0,-20.466666666666665,975.7875,13.533333333333333,91.95416666666667,,212.47754899108472
2015-06-06,2015.0,157.0,6.0,6.0,-21.045833333333334,971.5083333333333,14.612499999999999,88.77083333333333,,217.14355983504012
2015-06-07,2015.0,158.0,6.0,7.0,-27.0125,966.9,4.991666666666666,76.86666666666666,,172.58086222170942
2015-06-08,2015.0,159.0,6.0,8.0,-23.020833333333332,974.3458333333333,11.404166666666667,86.44583333333333,,229.65428505405188
2015-06-09,2015.0,160.0,6.0,9.0,-29.454166666666666,983.0375,13.991666666666667,80.95,,207.13173834142026
2015-06-10,2015.0,161.0,6.0,10.0,-32.69166666666667,981.4583333333334,11.6,76.125,,207.25941689496955
2015-06-11,2015.0,162.0,6.0,11.0,-32.38333333333333,972.7458333333334,3.8791666666666664,74.32083333333334,,248.43035749860888
2015-06-12,2015.0,163.0,6.0,12.0,-29.441666666666666,975.1666666666666,9.225,81.6,,212.96220073129018
2015-06-13,2015.0,164.0,6.0,13.0,-28.46666666666667,991.6041666666666,9.529166666666667,77.03333333333333,,200.2880001306196
2015-06-14,2015.0,165.0,6.0,14.0,-36.516666666666666,1000.2541666666666,4.591666666666667,71.54583333333333,,160.08531939124114
2015-06-15,2015.0,166.0,6.0,15.0,-36.891666666666666,1003.5166666666668,6.5125,68.32916666666667,,196.6584201513264
2015-06-16,2015.0,167.0,6.0,16.0,-29.5625,999.7583333333333,6.6625000000000005,78.8125,,203.0869004759692
2015-06-17,2015.0,168.0,6.0,17.0,-27.016666666666666,997.3000000000001,6.833333333333333,84.45,,212.27028493208704
2015-06-18,2015.0,169.0,6.0,18.0,-33.645833333333336,993.1666666666666,2.7375000000000003,75.37916666666666,,174.0109211547358
2015-06-19,2015.0,170.0,6.0,19.0,-38.44166666666667,994.4666666666667,6.908333333333334,70.78333333333333,,180.31747067027962
2015-06-20,2015.0,171.0,6.0,20.0,-39.65833333333333,997.8874999999999,11.120833333333332,68.67916666666666,,191.57014573320154
2015-06-21,2015.0,172.0,6.0,21.0,-32.09583333333333,987.8708333333334,10.8125,75.55416666666666,,198.89628926403134
2015-06-22,2015.0,173.0,6.0,22.0,-33.1875,981.5875,6.483333333333333,74.1125,,210.77539471291252
2015-06-23,2015.0,174.0,6.0,23.0,-27.575,979.2916666666666,10.445833333333333,78.51666666666667,,202.3571928251338
2015-06-24,2015.0,175.0,6.0,24.0,-28.558333333333334,977.0291666666667,7.258333333333333,75.575,,223.4607109964789
2015-06-25,2015.0,176.0,6.0,25.0,-30.0125,978.2041666666668,6.670833333333333,76.32916666666667,,215.25291489149726
2015-06-26,2015.0,177.0,6.0,26.0,-35.25833333333333,979.3791666666666,3.0124999999999997,73.66250000000001,,154.21968106971076
2015-06-27,2015.0,178.0,6.0,27.0,-29.099999999999998,977.9625,4.816666666666666,81.75833333333334,,225.6848241744717
2015-06-28,2015.0,179.0,6.0,28.0,-32.479166666666664,982.75,6.7625,77.9875,,230.2037849759641
2015-06-29,2015.0,180.0,6.0,29.0,-32.69583333333333,992.3208333333333,2.1791666666666667,77.10000000000001,,140.44718806936115
2015-06-30,2015.0,181.0,6.0,30.0,-35.645833333333336,1005.2375000000001,7.083333333333333,73.6875,,200.32603359268742
2015-07-01,2015.0,182.0,7.0,1.0,-33.229166666666664,1004.5583333333334,11.512500000000001,76.8125,,215.4799598859647
2015-07-02,2015.0,183.0,7.0,2.0,-38.34583333333333,1000.8625000000001,7.5,70.51666666666667,,206.3082210673406
2015-07-03,2015.0,184.0,7.0,3.0,-40.87916666666667,1001.0541666666667,4.795833333333333,66.99583333333332,,204.4110985365826
2015-07-04,2015.0,185.0,7.0,4.0,-44.0375,998.0291666666667,3.466666666666667,62.6875,,122.69078713683706
2015-07-05,2015.0,186.0,7.0,5.0,-42.579166666666666,993.2541666666666,3.3041666666666667,64.52083333333333,,137.883755810933
2015-07-06,2015.0,187.0,7.0,6.0,-39.06666666666667,981.3375,2.0166666666666666,68.24166666666666,,100.22828586829141
2015-07-07,2015.0,188.0,7.0,7.0,-39.93333333333333,975.2416666666667,3.4,68.27499999999999,,204.85538156078795
2015-07-08,2015.0,189.0,7.0,8.0,-29.808333333333334,963.7166666666667,10.475,80.78333333333333,,120.41122722012584
2015-07-09,2015.0,190.0,7.0,9.0,-31.141666666666666,958.8458333333333,18.4375,78.97500000000001,,233.277845633846
2015-07-10,2015.0,191.0,7.0,10.0,-25.829166666666666,965.7208333333333,6.1625000000000005,84.19583333333334,,310.12801796724597
2015-07-11,2015.0,192.0,7.0,11.0,-30.879166666666666,971.4250000000001,7.75,79.85000000000001,,201.2389144696138
2015-07-12,2015.0,193.0,7.0,12.0,-32.516666666666666,975.6083333333332,4.575,77.39166666666667,,215.57814886338767
2015-07-13,2015.0,194.0,7.0,13.0,-37.0,972.1374999999999,3.283333333333333,72.00833333333334,,227.2935722632857
2015-07-14,2015.0,195.0,7.0,14.0,-24.425,967.8208333333333,7.529166666666666,87.34583333333335,,259.8196129453545
2015-07-15,2015.0,196.0,7.0,15.0,-23.370833333333334,970.8041666666667,8.391666666666667,86.77499999999999,,223.1641071607653
2015-07-16,2015.0,197.0,7.0,16.0,-28.962500000000002,971.6291666666666,9.008333333333333,82.15833333333333,,189.25826989413687
2015-07-17,2015.0,198.0,7.0,17.0,-28.741666666666664,975.4791666666666,10.5625,80.79166666666667,,201.60386213529878
2015-07-18,2015.0,199.0,7.0,18.0,-32.80416666666667,973.0916666666667,7.420833333333333,77.85833333333333,,218.1683917253067
2015-07-19,2015.0,200.0,7.0,19.0,-39.12916666666667,979.9541666666668,5.116666666666666,69.74166666666666,,192.52246381108395
2015-07-20,2015.0,201.0,7.0,20.0,-45.15833333333333,984.7624999999999,4.570833333333334,61.94166666666666,,181.3614680367216
2015-07-21,2015.0,202.0,7.0,21.0,-42.925000000000004,984.3916666666668,5.616666666666667,64.175,,175.3071071606118
2015-07-22,2015.0,203.0,7.0,22.0,-44.49166666666667,972.4666666666667,11.354166666666666,62.487500000000004,,194.86997365451728
2015-07-23,2015.0,204.0,7.0,23.0,-34.9125,967.2125,14.633333333333333,74.1125,,201.82062947671758
2015-07-24,2015.0,205.0,7.0,24.0,-33.041666666666664,966.9583333333334,6.941666666666666,74.55416666666666,,230.28217388770565
2015-07-25,2015.0,206.0,7.0,25.0,-24.28333333333333,961.625,8.345833333333333,81.25416666666666,,247.37774124153265
2015-07-26,2015.0,207.0,7.0,26.0,-24.445833333333336,961.0333333333333,14.466666666666667,86.075,,213.49866746008263
2015-07-27,2015.0,208.0,7.0,27.0,-19.695833333333333,961.8583333333332,15.441666666666668,91.07916666666667,,240.43653208743268
2015-07-28,2015.0,209.0,7.0,28.0,-29.016666666666666,983.6541666666667,11.345833333333333,81.20833333333333,,203.79508400899485
2015-07-29,2015.0,210.0,7.0,29.0,-34.1,978.6666666666666,6.891666666666667,74.16666666666667,,192.48688384189995
2015-07-30,2015.0,211.0,7.0,30.0,-32.829166666666666,967.1083333333332,3.8083333333333336,77.32916666666667,,10.678282459733788
2015-07-31,2015.0,212.0,7.0,31.0,-30.349999999999998,974.6708333333332,2.3000000000000003,80.8125,,286.720639145084
2015-08-01,2015.0,213.0,8.0,1.0,-37.545833333333334,994.0541666666667,7.529166666666666,71.77916666666667,,179.85305118729323
2015-08-02,2015.0,214.0,8.0,2.0,-29.295833333333334,999.3333333333334,3.3666666666666667,81.79583333333333,,40.887515177232565
2015-08-03,2015.0,215.0,8.0,3.0,-30.1375,1007.1,4.983333333333333,80.71666666666667,,173.36599263298098
2015-08-04,2015.0,216.0,8.0,4.0,-40.112500000000004,1000.4166666666666,4.825,68.43333333333334,,150.0696344745305
2015-08-05,2015.0,217.0,8.0,5.0,-41.449999999999996,996.5124999999999,7.979166666666667,66.30416666666666,,203.79132658773082
2015-08-06,2015.0,218.0,8.0,6.0,-35.40416666666667,996.025,2.9583333333333335,73.46249999999999,,214.80481221628978
2015-08-07,2015.0,219.0,8.0,7.0,-28.1375,979.8791666666666,5.629166666666666,82.96666666666667,,252.69384527665449
2015-08-08,2015.0,220.0,8.0,8.0,-28.316666666666666,965.9083333333333,10.779166666666667,83.20416666666667,,214.44844204094753
2015-08-09,2015.0,221.0,8.0,9.0,-27.183333333333334,963.7708333333334,6.604166666666667,83.63333333333334,,225.98032087425483
2015-08-10,2015.0,222.0,8.0,10.0,-29.979166666666668,972.3791666666666,6.6375,81.10000000000001,,245.73622361620943
2015-08-11,2015.0,223.0,8.0,11.0,-35.175000000000004,975.4291666666667,2.875,74.7,,156.36856778520828
2015-08-12,2015.0,224.0,8.0,12.0,-35.34583333333333,978.4166666666666,6.358333333333333,74.5125,,243.9717364967201
2015-08-13,2015.0,225.0,8.0,13.0,-30.879166666666666,988.9791666666666,6.804166666666667,79.5,,265.1255176653103
2015-08-14,2015.0,226.0,8.0,14.0,-27.25,987.9625,5.079166666666667,84.15833333333333,,326.9048267253042
2015-08-15,2015.0,227.0,8.0,15.0,-36.704166666666666,980.5666666666666,14.5,72.95833333333333,,201.72525370463174
2015-08-16,2015.0,228.0,8.0,16.0,-36.824999999999996,968.5958333333333,8.329166666666667,71.50416666666666,,203.08226598128283
2015-08-17,2015.0,229.0,8.0,17.0,-37.949999999999996,968.1,4.3374999999999995,70.02083333333333,,178.2579234513735
2015-08-18,2015.0,230.0,8.0,18.0,-32.983333333333334,978.0875,4.270833333333333,77.00416666666666,,220.70425263093517
2015-08-19,2015.0,231.0,8.0,19.0,-38.0875,977.4625,12.604166666666666,71.0,,193.02799324930365
2015-08-20,2015.0,232.0,8.0,20.0,-35.52727272727273,970.4363636363636,24.427272727272726,74.0,,208.16255968674216
2015-08-21,2015.0,233.0,8.0,21.0,,,,,,
2015-08-22,2015.0,234.0,8.0,22.0,,,,,,
2015-08-23,2015.0,235.0,8.0,23.0,,,,,,
2015-08-24,2015.0,236.0,8.0,24.0,,,,,,
2015-08-25,2015.0,237.0,8.0,25.0,,,,,,
2015-08-26,2015.0,238.0,8.0,26.0,,,,,,
2015-08-27,2015.0,239.0,8.0,27.0,,,,,,
2015-08-28,2015.0,240.0,8.0,28.0,,,,,,
2015-08-29,2015.0,241.0,8.0,29.0,,,,,,
2015-08-30,2015.0,242.0,8.0,30.0,,,,,,
2015-08-31,2015.0,243.0,8.0,31.0,,,,,,
2015-09-01,,,,,,,,,,
2015-09-02,,,,,,,,,,
2015-09-03,,,,,,,,,,
2015-09-04,,,,,,,,,,
2015-09-05,,,,,,,,,,
2015-09-06,,,,,,,,,,
2015-09-07,,,,,,,,,,
2015-09-08,,,,,,,,,,
2015-09-09,,,,,,,,,,
2015-09-10,,,,,,,,,,
2015-09-11,,,,,,,,,,
2015-09-12,,,,,,,,,,
2015-09-13,,,,,,,,,,
2015-09-14,,,,,,,,,,
2015-09-15,,,,,,,,,,
2015-09-16,,,,,,,,,,
2015-09-17,,,,,,,,,,
2015-09-18,,,,,,,,,,
2015-09-19,,,,,,,,,,
2015-09-20,,,,,,,,,,
2015-09-21,,,,,,,,,,
2015-09-22,,,,,,,,,,
2015-09-23,,,,,,,,,,
2015-09-24,,,,,,,,,,
2015-09-25,,,,,,,,,,
2015-09-26,,,,,,,,,,
2015-09-27,,,,,,,,,,
2015-09-28,,,,,,,,,,
2015-09-29,,,,,,,,,,
2015-09-30,,,,,,,,,,
2015-10-01,,,,,,,,,,
2015-10-02,,,,,,,,,,
2015-10-03,,,,,,,,,,
2015-10-04,,,,,,,,,,
2015-10-05,,,,,,,,,,
2015-10-06,,,,,,,,,,
2015-10-07,,,,,,,,,,
2015-10-08,,,,,,,,,,
2015-10-09,,,,,,,,,,
2015-10-10,,,,,,,,,,
2015-10-11,,,,,,,,,,
2015-10-12,,,,,,,,,,
2015-10-13,,,,,,,,,,
2015-10-14,,,,,,,,,,
2015-10-15,,,,,,,,,,
2015-10-16,,,,,,,,,,
2015-10-17,,,,,,,,,,
2015-10-18,,,,,,,,,,
2015-10-19,,,,,,,,,,
2015-10-20,,,,,,,,,,
2015-10-21,,,,,,,,,,
2015-10-22,,,,,,,,,,
2015-10-23,,,,,,,,,,
2015-10-24,,,,,,,,,,
2015-10-25,,,,,,,,,,
2015-10-26,,,,,,,,,,
2015-10-27,,,,,,,,,,
2015-10-28,,,,,,,,,,
2015-10-29,,,,,,,,,,
2015-10-30,,,,,,,,,,
2015-10-31,,,,,,,,,,
2015-11-01,,,,,,,,,,
2015-11-02,,,,,,,,,,
2015-11-03,,,,,,,,,,
2015-11-04,,,,,,,,,,
2015-11-05,,,,,,,,,,
2015-11-06,,,,,,,,,,
2015-11-07,,,,,,,,,,
2015-11-08,,,,,,,,,,
2015-11-09,,,,,,,,,,
2015-11-10,,,,,,,,,,
2015-11-11,,,,,,,,,,
2015-11-12,,,,,,,,,,
2015-11-13,,,,,,,,,,
2015-11-14,,,,,,,,,,
2015-11-15,,,,,,,,,,
2015-11-16,,,,,,,,,,
2015-11-17,,,,,,,,,,
2015-11-18,,,,,,,,,,
2015-11-19,,,,,,,,,,
2015-11-20,,,,,,,,,,
2015-11-21,,,,,,,,,,
2015-11-22,,,,,,,,,,
2015-11-23,,,,,,,,,,
2015-11-24,,,,,,,,,,
2015-11-25,,,,,,,,,,
2015-11-26,,,,,,,,,,
2015-11-27,,,,,,,,,,
2015-11-28,,,,,,,,,,
2015-11-29,,,,,,,,,,
2015-11-30,,,,,,,,,,
2015-12-01,,,,,,,,,,
2015-12-02,,,,,,,,,,
2015-12-03,,,,,,,,,,
2015-12-04,,,,,,,,,,
2015-12-05,,,,,,,,,,
2015-12-06,,,,,,,,,,
2015-12-07,,,,,,,,,,
2015-12-08,,,,,,,,,,
2015-12-09,,,,,,,,,,
2015-12-10,,,,,,,,,,
2015-12-11,,,,,,,,,,
2015-12-12,,,,,,,,,,
2015-12-13,,,,,,,,,,
2015-12-14,,,,,,,,,,
2015-12-15,,,,,,,,,,
2015-12-16,,,,,,,,,,
2015-12-17,,,,,,,,,,
2015-12-18,,,,,,,,,,
2015-12-19,,,,,,,,,,
2015-12-20,,,,,,,,,,
2015-12-21,,,,,,,,,,
2015-12-22,,,,,,,,,,
2015-12-23,,,,,,,,,,
2015-12-24,,,,,,,,,,
2015-12-25,,,,,,,,,,
2015-12-26,,,,,,,,,,
2015-12-27,,,,,,,,,,
2015-12-28,,,,,,,,,,
2015-12-29,,,,,,,,,,
2015-12-30,,,,,,,,,,
2015-12-31,,,,,,,,,,
2016-01-01,2016.0,1.0,1.0,1.0,,,,,,
2016-01-02,2016.0,2.0,1.0,2.0,,,,,,
2016-01-03,2016.0,3.0,1.0,3.0,,,,,,
2016-01-04,2016.0,4.0,1.0,4.0,,,,,,
2016-01-05,2016.0,5.0,1.0,5.0,,,,,,
2016-01-06,2016.0,6.0,1.0,6.0,,,,,,
2016-01-07,2016.0,7.0,1.0,7.0,,,,,,
2016-01-08,2016.0,8.0,1.0,8.0,,,,,,
2016-01-09,2016.0,9.0,1.0,9.0,,,,,,
2016-01-10,2016.0,10.0,1.0,10.0,,,,,,
2016-01-11,2016.0,11.0,1.0,11.0,,,,,,
2016-01-12,2016.0,12.0,1.0,12.0,,,,,,
2016-01-13,2016.0,13.0,1.0,13.0,,,,,,
2016-01-14,2016.0,14.0,1.0,14.0,,,,,,
2016-01-15,2016.0,15.0,1.0,15.0,,,,,,
2016-01-16,2016.0,16.0,1.0,16.0,,,,,,
2016-01-17,2016.0,17.0,1.0,17.0,,,,,,
2016-01-18,2016.0,18.0,1.0,18.0,,,,,,
2016-01-19,2016.0,19.0,1.0,19.0,,,,,,
2016-01-20,2016.0,20.0,1.0,20.0,,,,,,
2016-01-21,2016.0,21.0,1.0,21.0,,,,,,
2016-01-22,2016.0,22.0,1.0,22.0,,,,,,
2016-01-23,2016.0,23.0,1.0,23.0,,,,,,
2016-01-24,2016.0,24.0,1.0,24.0,,,,,,
2016-01-25,2016.0,25.0,1.0,25.0,,,,,,
2016-01-26,2016.0,26.0,1.0,26.0,,,,,,
2016-01-27,2016.0,27.0,1.0,27.0,,,,,,
2016-01-28,2016.0,28.0,1.0,28.0,,,,,,
2016-01-29,2016.0,29.0,1.0,29.0,-7.886956521739131,978.3652173913044,,81.35652173913044,,
2016-01-30,2016.0,30.0,1.0,30.0,-9.283333333333333,970.1833333333334,,83.73333333333333,,
2016-01-31,2016.0,31.0,1.0,31.0,-9.541666666666666,966.75,,88.17391304347827,,
2016-02-01,2016.0,32.0,2.0,1.0,-7.904166666666666,962.6208333333334,,78.65833333333333,,
2016-02-02,2016.0,33.0,2.0,2.0,-7.7625,963.025,,73.7625,,
2016-02-03,2016.0,34.0,2.0,3.0,-6.2375,971.7333333333332,,92.06428571428572,,
2016-02-04,2016.0,35.0,2.0,4.0,-8.070833333333335,976.525,,79.1375,,
2016-02-05,2016.0,36.0,2.0,5.0,-10.366666666666667,975.2208333333333,10.535,73.50833333333334,,221.2703516851717
2016-02-06,2016.0,37.0,2.0,6.0,-11.2125,977.8000000000001,7.879166666666666,67.76666666666667,,213.6640622181323
2016-02-07,2016.0,38.0,2.0,7.0,-9.904166666666667,979.8958333333334,5.55,61.525,,230.71706118845742
2016-02-08,2016.0,39.0,2.0,8.0,-10.445833333333335,978.5041666666666,4.2043478260869565,62.979166666666664,,219.3350542721153
2016-02-09,2016.0,40.0,2.0,9.0,-10.983333333333334,978.5083333333333,5.6125,72.83333333333333,,202.38863197381593
2016-02-10,2016.0,41.0,2.0,10.0,-14.395833333333334,981.4958333333334,3.5708333333333333,73.2625,,194.08274468984234
2016-02-11,2016.0,42.0,2.0,11.0,-12.995833333333332,980.25,4.358333333333333,79.76666666666667,,147.87014892411426
2016-02-12,2016.0,43.0,2.0,12.0,-13.354166666666666,986.3833333333333,5.179166666666666,80.075,,149.377263397722
2016-02-13,2016.0,44.0,2.0,13.0,-12.866666666666667,992.35,4.7625,85.58749999999999,,161.40594846254868
2016-02-14,2016.0,45.0,2.0,14.0,-12.570833333333333,992.0,5.716666666666666,78.60416666666667,,130.57407787382303
2016-02-15,2016.0,46.0,2.0,15.0,-12.608333333333334,986.7916666666666,5.745833333333334,78.4375,,227.79945012272054
2016-02-16,2016.0,47.0,2.0,16.0,-14.950000000000001,982.4208333333332,5.6125,79.71249999999999,,180.61967448317748
2016-02-17,2016.0,48.0,2.0,17.0,-20.525000000000002,976.9791666666666,5.933333333333334,69.35416666666667,,203.7830210638891
2016-02-18,2016.0,49.0,2.0,18.0,-22.916666666666668,970.275,9.058333333333334,77.21249999999999,,215.96249245997996
2016-02-19,2016.0,50.0,2.0,19.0,-23.38181818181818,972.35,4.454166666666667,67.40416666666667,,135.63595571198016
2016-02-20,2016.0,51.0,2.0,20.0,-20.581818181818182,981.9458333333333,3.125,54.45416666666667,,131.3465587702454
2016-02-21,2016.0,52.0,2.0,21.0,-22.133333333333336,993.2083333333334,3.0375,64.42916666666666,,178.8581610672579
2016-02-22,2016.0,53.0,2.0,22.0,-15.333333333333334,987.3208333333333,1.9875,61.48333333333333,,253.15764247576288
2016-02-23,2016.0,54.0,2.0,23.0,-11.1625,979.2375000000001,7.870833333333334,84.03750000000001,,222.2042622078982
2016-02-24,2016.0,55.0,2.0,24.0,-12.320833333333333,982.9666666666667,10.679166666666667,84.37916666666666,,213.07356073773335
2016-02-25,2016.0,56.0,2.0,25.0,-14.575000000000001,980.3166666666666,5.425,80.58333333333333,,174.0471407371366
2016-02-26,2016.0,57.0,2.0,26.0,-10.4,981.5083333333333,3.983333333333333,79.83888888888889,,30.23480296167214
2016-02-27,2016.0,58.0,2.0,27.0,-19.9375,996.75,9.529166666666667,85.57083333333333,,202.13782038507412
2016-02-28,2016.0,59.0,2.0,28.0,-19.2375,997.5749999999999,2.7708333333333335,88.68333333333334,,192.4836472677725
2016-02-29,2016.0,60.0,2.0,29.0,-19.879166666666666,994.2458333333334,7.058333333333334,82.31666666666666,,207.39557759213903
2016-03-01,2016.0,61.0,3.0,1.0,-21.145833333333332,989.5666666666666,6.341666666666666,73.71666666666667,,189.9632933878402
2016-03-02,2016.0,62.0,3.0,2.0,-15.520833333333334,983.6166666666667,2.4875000000000003,77.3047619047619,,90.12224782161451
2016-03-03,2016.0,63.0,3.0,3.0,-19.966666666666665,973.9041666666667,3.6916666666666664,71.97500000000001,,115.16153919606694
2016-03-04,2016.0,64.0,3.0,4.0,-20.841666666666665,972.2791666666667,4.554166666666666,73.4875,,181.68612485465695
2016-03-05,2016.0,65.0,3.0,5.0,-18.525000000000002,977.2125,5.266666666666667,74.38333333333334,,194.40943424551634
2016-03-06,2016.0,66.0,3.0,6.0,-17.483333333333334,976.9250000000001,6.454166666666667,78.6125,,212.72375501393475
2016-03-07,2016.0,67.0,3.0,7.0,-18.025,972.5916666666667,4.675,73.1875,,224.37561360961283
2016-03-08,2016.0,68.0,3.0,8.0,-19.7625,977.475,7.4875,82.99583333333334,,227.3226337608747
2016-03-09,2016.0,69.0,3.0,9.0,-19.441666666666666,983.9666666666667,4.066666666666666,83.64999999999999,,163.50175082514994
2016-03-10,2016.0,70.0,3.0,10.0,-17.145833333333332,983.5833333333334,4.558333333333334,86.49166666666667,,156.5566588139044
2016-03-11,2016.0,71.0,3.0,11.0,-16.5375,976.725,4.325,89.42083333333333,,229.33319838052392
2016-03-12,2016.0,72.0,3.0,12.0,-20.879166666666666,977.5,9.958333333333334,87.30833333333334,,197.2248597755465
2016-03-13,2016.0,73.0,3.0,13.0,-24.2625,979.8249999999999,6.529166666666666,81.95,,187.61634963840265
2016-03-14,2016.0,74.0,3.0,14.0,-21.650000000000002,978.6833333333334,10.887500000000001,87.20833333333333,,213.35176816102367
2016-03-15,2016.0,75.0,3.0,15.0,-25.84583333333333,981.6833333333334,8.3125,81.54166666666667,,188.43110236468505
2016-03-16,2016.0,76.0,3.0,16.0,-28.758333333333336,982.2125,3.0625,77.75833333333334,,198.33495728287897
2016-03-17,2016.0,77.0,3.0,17.0,-26.266666666666666,988.3874999999999,4.625,85.30833333333334,,187.3755763211723
2016-03-18,2016.0,78.0,3.0,18.0,-24.087500000000002,993.1374999999999,9.862499999999999,84.77499999999999,,193.92631446464554
2016-03-19,2016.0,79.0,3.0,19.0,-25.429166666666664,990.4958333333334,9.9625,80.74583333333334,,194.07359111351784
2016-03-20,2016.0,80.0,3.0,20.0,-23.27916666666667,973.9166666666666,8.608333333333333,82.12916666666666,,240.68848957272914
2016-03-21,2016.0,81.0,3.0,21.0,-33.262499999999996,966.4291666666667,7.845833333333334,72.60416666666667,,207.95080406058756
2016-03-22,2016.0,82.0,3.0,22.0,-26.945833333333336,966.8000000000001,3.0,74.49166666666666,,259.3222482169506
2016-03-23,2016.0,83.0,3.0,23.0,-20.763636363636365,970.8000000000001,3.0,86.12083333333334,,236.51257649868893
2016-03-24,2016.0,84.0,3.0,24.0,-13.825000000000001,974.1458333333334,7.133333333333333,88.81818181818181,,252.63697029904992
2016-03-25,2016.0,85.0,3.0,25.0,-21.954166666666666,978.7666666666668,3.5749999999999997,74.69583333333334,,210.83384566578854
2016-03-26,2016.0,86.0,3.0,26.0,-28.258333333333336,976.9083333333333,4.870833333333334,71.27916666666667,,219.20308974297544
2016-03-27,2016.0,87.0,3.0,27.0,-27.462500000000002,976.6916666666666,4.491666666666666,69.14583333333333,,219.5697251492005
2016-03-28,2016.0,88.0,3.0,28.0,-27.729166666666668,981.7041666666668,3.4958333333333336,81.08333333333333,,213.7131171728828
2016-03-29,2016.0,89.0,3.0,29.0,-26.866666666666664,986.1833333333334,4.233333333333333,72.89999999999999,,213.05635567214367
2016-03-30,2016.0,90.0,3.0,30.0,-27.629166666666666,985.7541666666666,2.670833333333333,81.09166666666667,,206.73752560003751
2016-03-31,2016.0,91.0,3.0,31.0,-26.90416666666667,982.4666666666667,5.058333333333334,78.55,,130.16290267485977
2016-04-01,2016.0,92.0,4.0,1.0,-31.3875,997.8333333333334,7.033333333333334,78.38333333333334,,185.21773365819456
2016-04-02,2016.0,93.0,4.0,2.0,-32.1875,998.7041666666668,4.708333333333333,75.60000000000001,,125.6941532895604
2016-04-03,2016.0,94.0,4.0,3.0,-37.175,990.7958333333332,5.354166666666667,71.27499999999999,,168.16868980599585
2016-04-04,2016.0,95.0,4.0,4.0,-41.574999999999996,992.4291666666667,3.7083333333333335,66.2375,,203.75043556774685
2016-04-05,2016.0,96.0,4.0,5.0,-32.141666666666666,985.1833333333334,3.0416666666666665,77.19583333333334,,323.6817992893632
2016-04-06,2016.0,97.0,4.0,6.0,-40.03333333333333,977.975,4.239130434782608,68.925,,197.4626232060204
2016-04-07,2016.0,98.0,4.0,7.0,-33.770833333333336,965.9166666666666,4.1625000000000005,76.44583333333334,,22.569553122944992
2016-04-08,2016.0,99.0,4.0,8.0,-32.69166666666667,964.4375,6.733333333333333,77.90416666666667,,213.6070931138949
2016-04-09,2016.0,100.0,4.0,9.0,-32.358333333333334,973.9125,6.7375,78.04583333333333,,219.37114672362674
2016-04-10,2016.0,101.0,4.0,10.0,-31.645833333333332,977.9875000000001,15.483333333333333,78.67083333333333,,213.70291996572084
2016-04-11,2016.0,102.0,4.0,11.0,-33.17916666666667,973.7916666666666,6.8,74.83333333333333,,208.9297144154522
2016-04-12,2016.0,103.0,4.0,12.0,-36.333333333333336,969.4250000000001,6.666666666666667,72.14999999999999,,212.12280632164902
2016-04-13,2016.0,104.0,4.0,13.0,-35.954166666666666,977.1333333333333,7.425,73.21249999999999,,196.11745513121443
2016-04-14,2016.0,105.0,4.0,14.0,-35.833333333333336,983.1041666666666,7.029166666666666,72.53333333333333,,214.86190125433035
2016-04-15,2016.0,106.0,4.0,15.0,-39.1875,986.9083333333333,2.891666666666667,68.80833333333334,,124.62885237736457
2016-04-16,2016.0,107.0,4.0,16.0,-39.47083333333333,989.6166666666667,2.8000000000000003,68.99583333333334,,122.29782260313766
2016-04-17,2016.0,108.0,4.0,17.0,-36.28333333333333,987.0291666666667,2.9875000000000003,72.575,,217.63573345535758
2016-04-18,2016.0,109.0,4.0,18.0,-22.241666666666664,978.6916666666666,8.991666666666667,89.93333333333334,,228.82857236567824
2016-04-19,2016.0,110.0,4.0,19.0,-13.904166666666667,981.2041666666668,18.454166666666666,98.40714285714286,,212.10292832595363
2016-04-20,2016.0,111.0,4.0,20.0,-11.983333333333334,989.875,14.720833333333333,99.2,,223.2233937304557
2016-04-21,2016.0,112.0,4.0,21.0,-17.958333333333332,998.0625,10.025,95.1375,,192.69405920143333
2016-04-22,2016.0,113.0,4.0,22.0,-23.075,999.6166666666667,4.3999999999999995,89.27083333333333,,196.29020201550503
2016-04-23,2016.0,114.0,4.0,23.0,-20.341666666666665,993.2958333333332,3.0083333333333333,91.86666666666667,,92.20966154784446
2016-04-24,2016.0,115.0,4.0,24.0,-19.320833333333333,991.5708333333333,4.983333333333333,87.10416666666667,,315.9173955436787
2016-04-25,2016.0,116.0,4.0,25.0,-23.425,993.6625,2.2958333333333334,88.84583333333335,,264.76261461789244
2016-04-26,2016.0,117.0,4.0,26.0,-21.608333333333334,982.8416666666667,4.854166666666667,90.42083333333333,,316.34578540911235
2016-04-27,2016.0,118.0,4.0,27.0,-28.4375,986.7208333333333,6.3625,83.19583333333334,,199.69985907438902
2016-04-28,2016.0,119.0,4.0,28.0,-33.9,987.1041666666666,3.2583333333333333,76.50833333333334,,193.21926959080915
2016-04-29,2016.0,120.0,4.0,29.0,-31.520833333333332,990.9791666666666,4.2749999999999995,78.85833333333333,,73.72852447809151
2016-04-30,2016.0,121.0,4.0,30.0,-39.112500000000004,1000.3333333333334,6.5375000000000005,70.1375,,216.8730215128344
2016-05-01,2016.0,122.0,5.0,1.0,-41.425000000000004,1003.35,4.7375,67.05,,182.42706029131975
2016-05-02,2016.0,123.0,5.0,2.0,-45.270833333333336,1000.5500000000001,1.9083333333333332,62.416666666666664,,128.79364008866511
2016-05-03,2016.0,124.0,5.0,3.0,-36.90833333333333,998.375,1.6166666666666665,72.625,,237.0409553332966
2016-05-04,2016.0,125.0,5.0,4.0,-34.7125,994.0124999999999,3.775,75.04583333333333,,214.95695386482922
2016-05-05,2016.0,126.0,5.0,5.0,-32.68333333333333,971.6999999999999,2.9458333333333333,77.8875,,244.5014152794038
2016-05-06,2016.0,127.0,5.0,6.0,-29.0625,978.2875,12.995833333333332,82.53750000000001,,219.69022275172398
2016-05-07,2016.0,128.0,5.0,7.0,-30.141666666666666,982.6708333333332,5.245833333333334,79.2625,,260.5545143043597
2016-05-08,2016.0,129.0,5.0,8.0,-24.316666666666666,975.7333333333332,5.979166666666667,88.0125,,342.649899448335
2016-05-09,2016.0,130.0,5.0,9.0,-24.920833333333334,995.125,1.1458333333333333,87.36666666666667,,228.5063171872517
2016-05-10,2016.0,131.0,5.0,10.0,-27.479166666666668,995.0291666666667,0.8708333333333332,84.10000000000001,,113.27346390480899
2016-05-11,2016.0,132.0,5.0,11.0,-27.40833333333333,990.1708333333335,0.025000000000000005,84.25416666666666,,358.8881719451144
2016-05-12,2016.0,133.0,5.0,12.0,-27.712500000000002,991.3291666666668,0.0,84.05833333333334,,0.0
2016-05-13,2016.0,134.0,5.0,13.0,-24.383333333333336,993.5833333333334,0.0,88.01666666666667,,0.0
2016-05-14,2016.0,135.0,5.0,14.0,-23.712500000000002,986.4541666666668,,88.90416666666665,,
2016-05-15,2016.0,136.0,5.0,15.0,-28.358333333333334,988.625,,83.53750000000001,,
2016-05-16,2016.0,137.0,5.0,16.0,-33.59166666666667,995.975,,77.03333333333333,,
2016-05-17,2016.0,138.0,5.0,17.0,-31.05,995.3666666666667,8.052173913043477,80.23333333333333,,233.44216255572678
2016-05-18,2016.0,139.0,5.0,18.0,-27.875,988.8375,3.75,83.89999999999999,,268.68315906051293
2016-05-19,2016.0,140.0,5.0,19.0,-24.604166666666668,980.6291666666666,5.283333333333333,87.60000000000001,,281.21186762532255
2016-05-20,2016.0,141.0,5.0,20.0,-26.920833333333334,974.0458333333332,3.5083333333333333,85.0125,,70.36998515687682
2016-05-21,2016.0,142.0,5.0,21.0,-26.224999999999998,977.1833333333334,6.866666666666667,85.96249999999999,,288.89343870985283
2016-05-22,2016.0,143.0,5.0,22.0,-21.695833333333336,977.7083333333334,4.429166666666666,91.15833333333335,,184.32631242206145
2016-05-23,2016.0,144.0,5.0,23.0,-22.329166666666666,977.0708333333333,3.795833333333333,90.75,,344.302523404071
2016-05-24,2016.0,145.0,5.0,24.0,-25.554166666666664,975.6083333333332,8.408333333333333,86.625,,193.5022686590841
2016-05-25,2016.0,146.0,5.0,25.0,-27.629166666666666,974.9166666666666,4.5249999999999995,84.41666666666667,,235.65328487073734
2016-05-26,2016.0,147.0,5.0,26.0,-22.912499999999998,977.225,4.766666666666667,89.82083333333333,,254.98135935582403
2016-05-27,2016.0,148.0,5.0,27.0,-27.854166666666668,977.8583333333332,4.495833333333334,83.97083333333333,,202.47516647058487
2016-05-28,2016.0,149.0,5.0,28.0,-36.608333333333334,971.5625,4.2625,73.25416666666666,,179.06236686551435
2016-05-29,2016.0,150.0,5.0,29.0,-33.21666666666667,975.6333333333333,3.5875,77.29166666666667,,148.14550329963774
2016-05-30,2016.0,151.0,5.0,30.0,-27.7625,983.1999999999999,7.091666666666666,84.03333333333333,,225.84668803685855
2016-05-31,2016.0,152.0,5.0,31.0,-29.891666666666666,968.3541666666666,2.620833333333333,81.54166666666667,,310.60955878273626
2016-06-01,2016.0,153.0,6.0,1.0,-29.4875,970.5041666666666,10.770833333333334,82.04166666666667,,212.9735065377965
2016-06-02,2016.0,154.0,6.0,2.0,-31.558333333333334,974.5375,10.104166666666666,79.37916666666666,,210.51462278369308
2016-06-03,2016.0,155.0,6.0,3.0,-27.837500000000002,962.375,2.2083333333333335,83.7625,,276.57397086666936
2016-06-04,2016.0,156.0,6.0,4.0,-26.5625,961.4416666666666,4.8625,85.42916666666667,,216.43274208494262
2016-06-05,2016.0,157.0,6.0,5.0,-31.84166666666667,972.8833333333333,1.825,78.90833333333333,,205.32435174292587
2016-06-06,2016.0,158.0,6.0,6.0,-29.733333333333334,982.6999999999999,2.7708333333333335,81.5,,229.03643210704266
2016-06-07,2016.0,159.0,6.0,7.0,-33.00833333333333,975.4875000000001,2.7458333333333336,77.5125,,47.430427222706705
2016-06-08,2016.0,160.0,6.0,8.0,-40.329166666666666,982.5333333333333,3.4166666666666665,68.51666666666667,,194.5191460914326
2016-06-09,2016.0,161.0,6.0,9.0,-38.19583333333333,981.725,2.625,70.64583333333333,,194.01751020385032
2016-06-10,2016.0,162.0,6.0,10.0,-31.670833333333334,974.5541666666667,5.0249999999999995,78.77083333333333,,334.91115357567685
2016-06-11,2016.0,163.0,6.0,11.0,-38.025,975.025,3.0833333333333335,71.2625,,145.16550504557316
2016-06-12,2016.0,164.0,6.0,12.0,-38.61666666666667,984.8083333333334,11.950000000000001,70.52499999999999,,186.14388554012316
2016-06-13,2016.0,165.0,6.0,13.0,-37.44583333333333,989.6999999999999,10.2125,71.79583333333333,,198.935990606582
2016-06-14,2016.0,166.0,6.0,14.0,-36.612500000000004,981.1041666666666,2.0458333333333334,72.8125,,100.34402646115163
2016-06-15,2016.0,167.0,6.0,15.0,-39.545833333333334,978.2375000000001,3.016666666666667,69.4875,,186.82828221185991
2016-06-16,2016.0,168.0,6.0,16.0,-38.84166666666667,987.6625,2.0749999999999997,69.81666666666666,,217.9063821361308
2016-06-17,2016.0,169.0,6.0,17.0,-33.541666666666664,988.2833333333333,2.2291666666666665,76.51666666666667,,246.45586223427193
2016-06-18,2016.0,170.0,6.0,18.0,-29.020833333333332,975.6083333333332,2.591666666666667,82.12916666666666,,288.51651236645205
2016-06-19,2016.0,171.0,6.0,19.0,-29.420833333333334,970.4041666666667,10.625,82.20833333333333,,228.49338847100637
2016-06-20,2016.0,172.0,6.0,20.0,-39.22083333333333,977.4625,3.9,70.08333333333333,,187.85238228803615
2016-06-21,2016.0,173.0,6.0,21.0,-34.49166666666667,985.8291666666668,9.454166666666667,75.52083333333333,,182.08884013215734
2016-06-22,2016.0,174.0,6.0,22.0,-31.979166666666668,1000.2416666666667,2.4875000000000003,78.47500000000001,,119.98335618638562
2016-06-23,2016.0,175.0,6.0,23.0,-24.366666666666664,999.5749999999999,3.5541666666666667,87.72916666666667,,355.62332398960785
2016-06-24,2016.0,176.0,6.0,24.0,-26.22083333333333,989.4583333333334,9.825000000000001,86.01666666666667,,192.18171579004638
2016-06-25,2016.0,177.0,6.0,25.0,-32.920833333333334,976.0500000000001,8.670833333333333,78.09166666666667,,214.30587670106112
2016-06-26,2016.0,178.0,6.0,26.0,-29.4875,963.2333333333332,5.404166666666666,81.72916666666667,,223.88264770773836
2016-06-27,2016.0,179.0,6.0,27.0,-28.145833333333332,965.8458333333333,6.166666666666667,83.57916666666667,,232.5800249899103
2016-06-28,2016.0,180.0,6.0,28.0,-33.479166666666664,976.0166666666668,5.529166666666666,76.80833333333334,,215.36036148771996
2016-06-29,2016.0,181.0,6.0,29.0,-35.4375,976.7666666666668,4.066666666666666,74.37083333333334,,236.77481900596436
2016-06-30,2016.0,182.0,6.0,30.0,-33.516666666666666,979.6166666666667,2.6750000000000003,76.79166666666667,,183.27663912914616
2016-07-01,2016.0,183.0,7.0,1.0,-36.05416666666667,984.3625000000001,5.1,73.72500000000001,,169.97122868686768
2016-07-02,2016.0,184.0,7.0,2.0,-38.0625,984.9958333333334,4.629166666666666,70.875,,163.351632524221
2016-07-03,2016.0,185.0,7.0,3.0,-44.09583333333333,985.1041666666666,4.370833333333334,63.5375,,170.95288783997236
2016-07-04,2016.0,186.0,7.0,4.0,-46.625,980.6916666666666,4.5125,60.050000000000004,,156.01679068335483
2016-07-05,2016.0,187.0,7.0,5.0,-46.24583333333334,984.5500000000001,9.283333333333333,60.35,,204.33603888547015
2016-07-06,2016.0,188.0,7.0,6.0,-37.020833333333336,977.0,4.629166666666666,71.675,,260.3446788411841
2016-07-07,2016.0,189.0,7.0,7.0,-29.6375,978.0291666666667,4.820833333333334,81.32916666666667,,324.79020231650037
2016-07-08,2016.0,190.0,7.0,8.0,-28.2625,984.6166666666667,4.479166666666667,83.20833333333333,,258.69018456686604
2016-07-09,2016.0,191.0,7.0,9.0,-35.52916666666667,985.9125,2.142857142857143,74.17083333333333,,280.9609862912266
2016-07-10,2016.0,192.0,7.0,10.0,-24.708333333333332,985.6416666666668,9.666666666666666,87.08749999999999,,225.4812167268642
2016-07-11,2016.0,193.0,7.0,11.0,-15.987499999999999,984.7166666666667,14.65,97.52499999999999,,224.10202584032717
2016-07-12,2016.0,194.0,7.0,12.0,-22.125,987.8291666666668,3.2708333333333335,90.60833333333333,,43.93616193281087
2016-07-13,2016.0,195.0,7.0,13.0,-32.541666666666664,987.2208333333333,0.9708333333333333,78.42083333333333,,193.36110276172988
2016-07-14,2016.0,196.0,7.0,14.0,-26.27916666666667,988.7333333333332,0.016666666666666666,85.40833333333335,,359.95454808641364
2016-07-15,2016.0,197.0,7.0,15.0,-27.125,996.6166666666667,2.058333333333333,84.90416666666667,,221.19646533332227
2016-07-16,2016.0,198.0,7.0,16.0,-30.633333333333336,989.85,1.7958333333333334,80.62083333333334,,170.62104013105423
2016-07-17,2016.0,199.0,7.0,17.0,-30.77916666666667,982.9208333333332,3.1374999999999997,80.37916666666666,,144.42627244783301
2016-07-18,2016.0,200.0,7.0,18.0,-32.90833333333333,982.1374999999999,3.625,78.03750000000001,,184.4724450176906
2016-07-19,2016.0,201.0,7.0,19.0,-30.5125,988.7916666666666,0.40416666666666673,80.72500000000001,,348.5254697571969
2016-07-20,2016.0,202.0,7.0,20.0,-36.75,988.0124999999999,4.679166666666666,73.63333333333334,,234.01726280741354
2016-07-21,2016.0,203.0,7.0,21.0,-40.916666666666664,988.7958333333332,6.020833333333333,67.92083333333333,,215.9683120452619
2016-07-22,2016.0,204.0,7.0,22.0,-47.225,989.0583333333334,2.4833333333333334,59.42083333333333,,204.40125184546352
2016-07-23,2016.0,205.0,7.0,23.0,-44.34583333333333,991.2791666666667,1.3727272727272728,62.525,,181.54567342712818
2016-07-24,2016.0,206.0,7.0,24.0,-38.604166666666664,993.8083333333334,1.9,70.02083333333333,,178.95691315727902
2016-07-25,2016.0,207.0,7.0,25.0,-37.30416666666667,995.0208333333334,2.1666666666666665,73.20833333333333,,276.5330380914554
2016-07-26,2016.0,208.0,7.0,26.0,-44.525,995.9583333333334,1.0166666666666666,62.833333333333336,,162.44781249782883
2016-07-27,2016.0,209.0,7.0,27.0,-44.05416666666667,992.875,2.066666666666667,63.4625,,193.49403816380104
2016-07-28,2016.0,210.0,7.0,28.0,-45.09166666666667,995.3625000000001,1.8875,62.13333333333333,,208.06521318820614
2016-07-29,2016.0,211.0,7.0,29.0,-44.92916666666667,1002.4958333333334,0.975,61.737500000000004,,175.59734167208913
2016-07-30,2016.0,212.0,7.0,30.0,-42.791666666666664,1002.5625,0.38333333333333336,64.6375,,115.27479028950428
2016-07-31,2016.0,213.0,7.0,31.0,-44.03333333333333,1006.6374999999999,0.6083333333333333,62.62916666666666,,187.02336809843192
2016-08-01,2016.0,214.0,8.0,1.0,-33.35,993.6750000000001,0.9249999999999999,77.66666666666667,,345.6151571101397
2016-08-02,2016.0,215.0,8.0,2.0,-37.295833333333334,997.4083333333333,1.8391304347826085,71.8875,,211.60630824174848
2016-08-03,2016.0,216.0,8.0,3.0,-45.95416666666667,1009.4375,3.775,61.0375,,221.7760120290423
2016-08-04,2016.0,217.0,8.0,4.0,-41.829166666666666,1002.9125,1.5625,65.80833333333334,,255.79749868694384
2016-08-05,2016.0,218.0,8.0,5.0,-46.09583333333333,998.4583333333334,4.033333333333333,61.025000000000006,,191.90687297937038
2016-08-06,2016.0,219.0,8.0,6.0,-43.81666666666666,1004.5875,4.8,62.98333333333333,,199.97365118395427
2016-08-07,2016.0,220.0,8.0,7.0,-40.4125,1003.7291666666666,4.883333333333334,67.77083333333333,,184.53062909593828
2016-08-08,2016.0,221.0,8.0,8.0,-38.354166666666664,994.8416666666667,1.7541666666666667,70.26666666666667,,252.8793999846678
2016-08-09,2016.0,222.0,8.0,9.0,-37.4625,990.3208333333333,1.5458333333333334,71.77916666666667,,283.35031590621435
2016-08-10,2016.0,223.0,8.0,10.0,-38.270833333333336,994.3083333333334,2.625,70.17916666666666,,255.92361214487727
2016-08-11,2016.0,224.0,8.0,11.0,-38.358333333333334,993.4458333333333,0.9291666666666667,70.93333333333334,,313.3197448850527
2016-08-12,2016.0,225.0,8.0,12.0,-34.1,992.9791666666666,3.7416666666666667,76.09166666666667,,281.26495495883523
2016-08-13,2016.0,226.0,8.0,13.0,-25.316666666666666,982.5625,7.866666666666667,86.3,,255.61489650403146
2016-08-14,2016.0,227.0,8.0,14.0,-23.25,999.1666666666666,11.6,89.50416666666666,,194.24929512688192
2016-08-15,2016.0,228.0,8.0,15.0,-25.5125,1004.1750000000001,1.7,86.85000000000001,,303.52473193875284
2016-08-16,2016.0,229.0,8.0,16.0,-27.90833333333333,996.6875,,83.94166666666666,,
2016-08-17,2016.0,230.0,8.0,17.0,-33.916666666666664,986.2666666666668,10.933333333333334,76.70833333333333,,196.79318635479427
2016-08-18,2016.0,231.0,8.0,18.0,-23.8625,981.2875,21.541666666666668,88.67083333333333,,222.40673649925841
2016-08-19,2016.0,232.0,8.0,19.0,-15.870833333333332,974.6083333333332,13.299999999999999,96.39166666666667,,222.72182342330728
2016-08-20,2016.0,233.0,8.0,20.0,-15.529166666666667,980.5041666666666,11.795833333333334,96.67999999999999,,220.59012892848952
2016-08-21,2016.0,234.0,8.0,21.0,-20.720833333333335,992.8874999999999,9.958333333333334,91.66250000000001,,210.99579831922247
2016-08-22,2016.0,235.0,8.0,22.0,-26.920833333333334,992.3041666666667,4.070833333333334,82.91250000000001,,133.02803609316268
2016-08-23,2016.0,236.0,8.0,23.0,-33.05416666666667,991.4208333333332,5.391666666666667,77.59166666666667,,210.487929388865
2016-08-24,2016.0,237.0,8.0,24.0,-27.679166666666664,988.6791666666667,2.9166666666666665,84.25833333333334,,233.1778983623663
2016-08-25,2016.0,238.0,8.0,25.0,-26.479166666666668,981.8083333333334,2.1625,86.0,,310.29825899146374
2016-08-26,2016.0,239.0,8.0,26.0,-33.050000000000004,977.8083333333334,1.1666666666666667,77.85000000000001,,194.31808754923105
2016-08-27,2016.0,240.0,8.0,27.0,-28.349999999999998,970.6833333333334,11.7875,83.6125,,210.7326529838284
2016-08-28,2016.0,241.0,8.0,28.0,-26.6875,961.0541666666667,9.841666666666667,83.00416666666666,,219.96289681837632
2016-08-29,2016.0,242.0,8.0,29.0,-28.0,963.5916666666667,3.0375,83.7125,,354.4556889071885
2016-08-30,2016.0,243.0,8.0,30.0,-27.258333333333336,980.7583333333333,6.658333333333334,84.8875,,185.63996367634815
2016-08-31,2016.0,244.0,8.0,31.0,-26.0625,979.9583333333334,6.6499999999999995,86.19583333333333,,205.93982709316606
2016-09-01,2016.0,245.0,9.0,1.0,-28.729166666666668,969.3625000000001,4.754166666666666,83.28333333333333,,165.16458226213166
2016-09-02,2016.0,246.0,9.0,2.0,-33.21666666666667,968.2958333333332,3.9958333333333336,77.5125,,171.68322345140948
2016-09-03,2016.0,247.0,9.0,3.0,-37.141666666666666,971.1125000000001,2.629166666666667,72.83333333333333,,99.04109423942678
2016-09-04,2016.0,248.0,9.0,4.0,-37.387499999999996,967.6458333333334,0.8166666666666668,72.15833333333333,,131.10049071365685
2016-09-05,2016.0,249.0,9.0,5.0,-30.912499999999998,970.5208333333334,2.8375,80.4375,,170.007788109437
2016-09-06,2016.0,250.0,9.0,6.0,-37.612500000000004,970.3416666666667,8.283333333333333,72.49583333333334,,195.2807961490125
2016-09-07,2016.0,251.0,9.0,7.0,-37.75,966.5083333333333,3.225,72.00416666666666,,198.59249213425224
2016-09-08,2016.0,252.0,9.0,8.0,-39.016666666666666,965.4041666666667,7.779166666666666,70.33749999999999,,207.99470928955859
2016-09-09,2016.0,253.0,9.0,9.0,-37.333333333333336,965.2624999999999,6.0375000000000005,72.33333333333333,,211.5984899656795
2016-09-10,2016.0,254.0,9.0,10.0,-36.62083333333333,954.1458333333334,8.345833333333333,73.33333333333333,,218.60987158283024
2016-09-11,2016.0,255.0,9.0,11.0,-39.99166666666667,963.5791666666668,5.7,68.52083333333333,,181.0055077289719
2016-09-12,2016.0,256.0,9.0,12.0,-43.44583333333333,965.2041666666668,2.8833333333333333,64.02916666666667,,178.35942793957494
2016-09-13,2016.0,257.0,9.0,13.0,-41.4625,955.2583333333333,2.125,66.69166666666666,,244.09199338141988
2016-09-14,2016.0,258.0,9.0,14.0,-31.6375,949.7833333333333,6.7,79.40833333333333,,291.81502725683765
2016-09-15,2016.0,259.0,9.0,15.0,-27.170833333333334,969.1916666666666,7.7875000000000005,84.21249999999999,,207.99196559600583
2016-09-16,2016.0,260.0,9.0,16.0,-29.804166666666664,978.0375,3.1458333333333335,80.76666666666667,,241.1152497003768
2016-09-17,2016.0,261.0,9.0,17.0,-23.629166666666666,974.475,14.379166666666668,86.7,,219.76039862196248
2016-09-18,2016.0,262.0,9.0,18.0,-24.679166666666664,979.6583333333333,10.4375,82.14999999999999,,227.0114965286898
2016-09-19,2016.0,263.0,9.0,19.0,-28.3875,976.5875,7.1125,76.9375,,216.15228108271754
2016-09-20,2016.0,264.0,9.0,20.0,-28.412499999999998,981.6,7.875,76.25416666666666,,212.38148511345014
2016-09-21,2016.0,265.0,9.0,21.0,-27.869565217391305,985.0833333333334,10.908333333333333,74.89166666666667,,196.26215962748475
2016-09-22,2016.0,266.0,9.0,22.0,-25.84583333333333,976.9291666666667,9.575000000000001,81.92916666666666,,219.90517793134995
2016-09-23,2016.0,267.0,9.0,23.0,-26.758333333333336,970.7791666666667,16.304166666666667,82.37083333333332,,222.6604855559224
2016-09-24,2016.0,268.0,9.0,24.0,-34.0625,975.6791666666667,3.4956521739130437,68.31666666666666,,298.25303498189425
2016-09-25,2016.0,269.0,9.0,25.0,-27.537499999999998,981.0666666666666,5.9624999999999995,68.05416666666666,,248.29663611358785
2016-09-26,2016.0,270.0,9.0,26.0,-24.474999999999998,986.0083333333333,6.8625,76.79166666666667,,209.53193559843166
2016-09-27,2016.0,271.0,9.0,27.0,-25.474999999999998,985.3125,8.491666666666667,71.72916666666667,,225.36460320582174
2016-09-28,2016.0,272.0,9.0,28.0,-16.933333333333334,990.225,13.704166666666666,61.30416666666667,,219.4793150711079
2016-09-29,2016.0,273.0,9.0,29.0,-22.491666666666664,988.4916666666667,6.579166666666667,73.89583333333333,,221.58888868411438
2016-09-30,2016.0,274.0,9.0,30.0,-24.75,980.6291666666666,5.2625,73.82083333333334,,229.6578521772052
2016-10-01,2016.0,275.0,10.0,1.0,-21.695833333333336,976.0833333333334,17.358333333333334,79.68333333333334,,225.42952486068546
2016-10-02,2016.0,276.0,10.0,2.0,-22.375,983.1,14.629166666666668,72.97916666666667,,213.0494586286858
2016-10-03,2016.0,277.0,10.0,3.0,-23.3125,989.6791666666667,10.820833333333333,69.27499999999999,,208.83870510259462
2016-10-04,2016.0,278.0,10.0,4.0,-29.008695652173916,992.4833333333332,4.558333333333333,56.979166666666664,,179.29160395753308
2016-10-05,2016.0,279.0,10.0,5.0,-30.941666666666666,987.2083333333334,7.9750000000000005,70.50416666666666,,201.6237259051495
2016-10-06,2016.0,280.0,10.0,6.0,-28.974999999999998,984.9458333333333,3.9875000000000003,71.04166666666667,,239.09857319350354
2016-10-07,2016.0,281.0,10.0,7.0,-25.212500000000002,981.8416666666667,6.0086956521739125,71.59583333333333,,219.8936989322507
2016-10-08,2016.0,282.0,10.0,8.0,-26.254166666666666,982.9583333333334,9.6875,78.80833333333332,,245.1252933652369
2016-10-09,2016.0,283.0,10.0,9.0,-31.191666666666666,985.3416666666667,10.483333333333333,73.1625,,193.04121180907765
2016-10-10,2016.0,284.0,10.0,10.0,-21.5,986.525,6.591666666666666,70.50833333333334,,318.7826307829985
2016-10-11,2016.0,285.0,10.0,11.0,-21.268181818181816,988.3208333333333,9.579166666666667,83.46249999999999,,220.6457989491775
2016-10-12,2016.0,286.0,10.0,12.0,-20.683333333333334,991.1374999999999,15.858333333333334,87.24166666666667,,222.0462167052205
2016-10-13,2016.0,287.0,10.0,13.0,-24.712500000000002,983.2583333333333,4.591666666666667,68.4875,,181.24120617976754
2016-10-14,2016.0,288.0,10.0,14.0,-24.4875,978.5500000000001,4.125,70.64999999999999,,166.18943684517993
2016-10-15,2016.0,289.0,10.0,15.0,-21.23913043478261,977.9125,1.8625,72.175,,316.1143023284861
2016-10-16,2016.0,290.0,10.0,16.0,-22.712500000000002,979.6750000000001,3.641666666666667,75.875,,252.90923780726501
2016-10-17,2016.0,291.0,10.0,17.0,-21.287499999999998,969.0583333333334,4.495833333333334,79.95833333333333,,318.95719179729144
2016-10-18,2016.0,292.0,10.0,18.0,-20.433333333333334,962.9416666666666,3.9499999999999997,75.64999999999999,,332.7762764173568
2016-10-19,2016.0,293.0,10.0,19.0,-19.323809523809523,968.5833333333334,2.6958333333333333,81.19166666666666,,327.85706047165615
2016-10-20,2016.0,294.0,10.0,20.0,-25.35,975.4875000000001,4.9375,69.95833333333333,,198.3472386829215
2016-10-21,2016.0,295.0,10.0,21.0,-23.070833333333336,978.6541666666667,4.970833333333333,76.19166666666666,,201.82236926906154
2016-10-22,2016.0,296.0,10.0,22.0,-24.775000000000002,976.7583333333333,4.058333333333333,70.33749999999999,,200.08766841893691
2016-10-23,2016.0,297.0,10.0,23.0,-28.08181818181818,974.875,2.7708333333333335,58.225,,176.24631443068373
2016-10-24,2016.0,298.0,10.0,24.0,-25.366666666666664,966.6708333333332,2.529166666666667,63.4,,241.65443460472034
2016-10-25,2016.0,299.0,10.0,25.0,-19.558333333333334,969.8375,8.450000000000001,65.24166666666666,,234.53554102772716
2016-10-26,2016.0,300.0,10.0,26.0,-16.962500000000002,977.6750000000001,11.120833333333332,70.01666666666667,,207.56550012136253
2016-10-27,2016.0,301.0,10.0,27.0,-23.25,981.3166666666666,4.341666666666667,63.65,,175.60749869049215
2016-10-28,2016.0,302.0,10.0,28.0,-18.043478260869566,980.0,2.716666666666667,75.28333333333333,,118.5677109964898
2016-10-29,2016.0,303.0,10.0,29.0,-22.349999999999998,980.0,6.020833333333333,73.37916666666666,,198.9626496711186
2016-10-30,2016.0,304.0,10.0,30.0,-22.09166666666667,976.9791666666666,7.891666666666667,77.3875,,198.78558853559358
2016-10-31,2016.0,305.0,10.0,31.0,-21.991666666666664,979.9499999999999,4.629166666666666,62.51666666666667,,221.50017211317063
2016-11-01,2016.0,306.0,11.0,1.0,-18.995833333333334,987.1458333333334,2.620833333333333,52.5375,,183.5600438805772
2016-11-02,2016.0,307.0,11.0,2.0,-15.766666666666667,1001.7875,1.9708333333333332,51.53333333333333,,94.66157659276288
2016-11-03,2016.0,308.0,11.0,3.0,-11.095833333333333,1002.475,2.279166666666667,77.08749999999999,,24.094151148809942
2016-11-04,2016.0,309.0,11.0,4.0,-13.487499999999999,990.7708333333334,3.8791666666666664,76.75416666666666,,194.3342497551082
2016-11-05,2016.0,310.0,11.0,5.0,-17.941666666666666,993.875,10.0875,74.89999999999999,,194.51573442669937
2016-11-06,2016.0,311.0,11.0,6.0,-14.304166666666667,998.5791666666668,3.9583333333333335,62.35833333333333,,256.9767783668543
2016-11-07,2016.0,312.0,11.0,7.0,-9.64090909090909,997.4916666666667,3.216666666666667,70.46521739130435,,356.22595130223226
2016-11-08,2016.0,313.0,11.0,8.0,-12.427272727272726,991.6666666666666,2.5791666666666666,77.77727272727272,,181.56391812395142
2016-11-09,2016.0,314.0,11.0,9.0,-13.173913043478262,990.3166666666666,3.8333333333333335,65.85000000000001,,228.60833941312282
2016-11-10,2016.0,315.0,11.0,10.0,-12.995833333333335,984.9791666666666,5.595833333333334,76.99583333333334,,216.17268566112875
2016-11-11,2016.0,316.0,11.0,11.0,-14.566666666666668,994.975,8.216666666666667,65.00833333333334,,219.55563847118268
2016-11-12,2016.0,317.0,11.0,12.0,-10.095652173913043,1000.6,2.0625,62.73333333333333,,11.162914123412248
2016-11-13,2016.0,318.0,11.0,13.0,-7.15,1005.7291666666666,2.2416666666666667,67.56666666666666,,310.6036268103607
2016-11-14,2016.0,319.0,11.0,14.0,-9.1875,999.5041666666666,4.625,78.2375,,330.2231405588074
2016-11-15,2016.0,320.0,11.0,15.0,-14.065217391304348,999.2913043478261,3.404347826086956,62.58695652173913,,137.49148824035478
2016-11-16,2016.0,321.0,11.0,16.0,-15.15,997.7624999999999,4.1375,66.30416666666666,,238.06266924168563
2016-11-17,2016.0,322.0,11.0,17.0,-11.674999999999999,992.0375,5.7250000000000005,70.02083333333333,,235.9782550464422
2016-11-18,2016.0,323.0,11.0,18.0,-15.968181818181819,987.6083333333332,3.9166666666666665,71.40833333333333,,195.7954350096956
2016-11-19,2016.0,324.0,11.0,19.0,-16.5,987.4708333333333,4.695833333333334,65.70833333333333,,206.61858150504946
2016-11-20,2016.0,325.0,11.0,20.0,-8.908333333333333,977.0666666666666,10.683333333333332,87.65416666666665,,221.45124604481722
2016-11-21,2016.0,326.0,11.0,21.0,-8.9125,978.9791666666666,9.670833333333333,88.17083333333333,,195.24948795886004
2016-11-22,2016.0,327.0,11.0,22.0,-11.154166666666667,986.7666666666668,8.041666666666666,82.83749999999999,,181.68334898408307
2016-11-23,2016.0,328.0,11.0,23.0,-12.631818181818181,984.8416666666667,2.4833333333333334,68.55833333333334,,198.6543242065511
2016-11-24,2016.0,329.0,11.0,24.0,-10.617391304347825,982.7416666666667,2.725,65.6,,224.37142072411027
2016-11-25,2016.0,330.0,11.0,25.0,-8.233333333333333,986.2666666666668,2.058333333333333,66.8,,245.0210451458783
2016-11-26,2016.0,331.0,11.0,26.0,-8.261904761904763,989.7041666666668,1.445833333333333,61.22083333333333,,187.86320345970876
2016-11-27,2016.0,332.0,11.0,27.0,-6.71304347826087,993.7458333333334,1.4875,52.65416666666667,,155.30941091516243
2016-11-28,2016.0,333.0,11.0,28.0,-8.51304347826087,992.9083333333333,1.6916666666666667,57.75,,149.69952523838322
2016-11-29,2016.0,334.0,11.0,29.0,-9.5,989.3625000000001,3.658333333333333,68.34583333333333,,203.86295824514917
2016-11-30,2016.0,335.0,11.0,30.0,-11.066666666666668,986.7125,2.9958333333333336,67.95833333333333,,145.9832860943846
2016-12-01,2016.0,336.0,12.0,1.0,-8.778260869565218,986.275,3.8541666666666665,72.01666666666667,,174.1626665207235
2016-12-02,2016.0,337.0,12.0,2.0,-11.704166666666666,993.4125,5.0,66.12083333333332,,215.46007143433005
2016-12-03,2016.0,338.0,12.0,3.0,-11.6,991.7333333333332,5.5874999999999995,66.22916666666667,,207.3812421176093
2016-12-04,2016.0,339.0,12.0,4.0,-11.333333333333334,987.6875,4.55,60.291666666666664,,209.01490460366512
2016-12-05,2016.0,340.0,12.0,5.0,-6.291666666666667,979.0458333333332,6.7,68.66250000000001,,258.8742973316947
2016-12-06,2016.0,341.0,12.0,6.0,-10.804166666666667,979.0708333333333,7.533333333333334,80.39999999999999,,180.04807475607737
2016-12-07,2016.0,342.0,12.0,7.0,-13.129166666666668,986.4708333333333,9.179166666666667,76.49583333333334,,207.3624594974074
2016-12-08,2016.0,343.0,12.0,8.0,-10.217391304347826,987.0458333333332,5.566666666666666,65.90416666666667,,171.34478318535494
2016-12-09,2016.0,344.0,12.0,9.0,-8.709090909090909,988.3249999999999,3.1166666666666667,59.791666666666664,,241.66733698065397
2016-12-10,2016.0,345.0,12.0,10.0,-8.891666666666667,986.3249999999999,9.058333333333334,70.84583333333333,,212.37602281179062
2016-12-11,2016.0,346.0,12.0,11.0,-5.5249999999999995,983.4833333333332,10.575000000000001,84.55416666666666,,219.6131831495855
2016-12-12,2016.0,347.0,12.0,12.0,-1.6749999999999998,987.3541666666666,3.1166666666666667,73.00833333333334,,313.302090235934
2016-12-13,2016.0,348.0,12.0,13.0,-2.183333333333333,993.8000000000001,3.795833333333333,78.57916666666667,,352.4716337301331
2016-12-14,2016.0,349.0,12.0,14.0,-2.4050000000000002,995.4208333333332,2.2333333333333334,71.03333333333333,,210.47084940871306
2016-12-15,2016.0,350.0,12.0,15.0,-4.2956521739130435,990.1708333333332,2.225,65.6125,,137.62224304781415
2016-12-16,2016.0,351.0,12.0,16.0,-7.220833333333334,988.1125000000001,10.6625,84.78333333333333,,197.01365007234375
2016-12-17,2016.0,352.0,12.0,17.0,-6.341666666666666,993.0875,12.299999999999999,89.44500000000001,,194.82528265965223
2016-12-18,2016.0,353.0,12.0,18.0,-8.266666666666667,992.4333333333334,8.108333333333333,81.8875,,191.93022130638636
2016-12-19,2016.0,354.0,12.0,19.0,-9.0625,991.1999999999999,7.045833333333333,77.8125,,179.94042081082193
2016-12-20,2016.0,355.0,12.0,20.0,-7.391666666666667,990.9458333333333,3.3541666666666665,58.88333333333333,,227.63356323061797
2016-12-21,2016.0,356.0,12.0,21.0,-6.5625,989.3458333333333,2.9583333333333335,71.42083333333333,,200.6601787576727
2016-12-22,2016.0,357.0,12.0,22.0,-5.5249999999999995,987.6999999999999,5.904166666666666,79.54166666666667,,185.35568943656065
2016-12-23,2016.0,358.0,12.0,23.0,-6.604166666666667,990.2833333333333,7.766666666666667,80.34166666666667,,205.05843379410297
2016-12-24,2016.0,359.0,12.0,24.0,-4.625,990.0333333333333,7.795833333333333,82.41666666666667,,223.80388200482145
2016-12-25,2016.0,360.0,12.0,25.0,-2.5333333333333337,986.9250000000001,5.295833333333333,72.27499999999999,,266.63451467634485
2016-12-26,2016.0,361.0,12.0,26.0,-1.8625,985.6,3.095833333333333,76.6590909090909,,299.09424429038165
2016-12-27,2016.0,362.0,12.0,27.0,-2.682608695652174,985.6833333333334,3.9458333333333333,85.35833333333333,,267.37552613087695
2016-12-28,2016.0,363.0,12.0,28.0,-2.626086956521739,982.7875,6.154166666666666,83.69565217391305,,240.63613343977926
2016-12-29,2016.0,364.0,12.0,29.0,-1.72,982.35,1.4583333333333333,67.07142857142857,,28.12402189135673
2016-12-30,2016.0,365.0,12.0,30.0,-2.382608695652174,986.5166666666668,2.220833333333333,76.8913043478261,,237.4429660553401
2016-12-31,2016.0,366.0,12.0,31.0,-4.645833333333333,988.9666666666667,6.741666666666667,83.39999999999999,,185.6598299427992
2017-01-01,2017.0,1.0,1.0,1.0,-5.029166666666667,988.2541666666666,7.829166666666667,83.5,,191.24624121723826
2017-01-02,2017.0,2.0,1.0,2.0,-6.104166666666667,981.3291666666668,7.016666666666667,73.17916666666666,,211.5532388610771
2017-01-03,2017.0,3.0,1.0,3.0,-1.5083333333333335,969.8916666666668,5.854166666666667,79.99583333333334,,315.5744896678841
2017-01-04,2017.0,4.0,1.0,4.0,-1.4095238095238096,984.3666666666667,3.1208333333333336,78.76666666666667,,28.8020696594276
2017-01-05,2017.0,5.0,1.0,5.0,-2.341666666666667,998.0458333333332,7.079166666666667,79.14736842105263,,183.697174805946
2017-01-06,2017.0,6.0,1.0,6.0,-1.5,991.1041666666666,2.779166666666667,74.84166666666667,,342.68209094546444
2017-01-07,2017.0,7.0,1.0,7.0,-2.243478260869565,990.0041666666666,5.316666666666666,76.15,,267.234639203425
2017-01-08,2017.0,8.0,1.0,8.0,-5.425,993.1833333333334,10.858333333333334,89.25833333333333,,212.58620431087172
2017-01-09,2017.0,9.0,1.0,9.0,-5.05,991.75,8.008333333333335,72.675,,221.41259733582336
2017-01-10,2017.0,10.0,1.0,10.0,-6.0249999999999995,992.4291666666667,7.270833333333333,66.5,,202.1593513219768
2017-01-11,2017.0,11.0,1.0,11.0,-6.029166666666666,993.8583333333332,10.966666666666667,80.87083333333334,,208.25757182375503
2017-01-12,2017.0,12.0,1.0,12.0,-7.179166666666666,994.2208333333333,15.525,91.9421052631579,,213.68928305476607
2017-01-13,2017.0,13.0,1.0,13.0,-6.0625,995.1833333333334,16.974999999999998,94.46000000000001,,226.1318470370499
2017-01-14,2017.0,14.0,1.0,14.0,-5.266666666666667,999.5583333333334,13.254166666666668,92.08571428571429,,219.68390890131326
2017-01-15,2017.0,15.0,1.0,15.0,-4.325,996.7624999999999,3.204166666666667,76.1875,,152.6452114216029
2017-01-16,2017.0,16.0,1.0,16.0,-6.9071428571428575,995.9708333333333,1.2125000000000001,57.57916666666667,,233.46817295103617
2017-01-17,2017.0,17.0,1.0,17.0,-9.008695652173913,999.5749999999999,2.7624999999999997,66.12083333333334,,171.06529502951255
2017-01-18,2017.0,18.0,1.0,18.0,-7.308333333333334,998.2333333333332,4.008333333333334,80.56666666666666,,180.1630739693387
2017-01-19,2017.0,19.0,1.0,19.0,-7.258333333333333,998.2208333333333,4.033333333333333,82.17083333333333,,171.31340521028395
2017-01-20,2017.0,20.0,1.0,20.0,-7.189473684210526,999.8708333333334,2.1875,67.56521739130434,,124.67980450410207
2017-01-21,2017.0,21.0,1.0,21.0,-12.628571428571428,991.1541666666667,3.3000000000000003,68.04166666666667,,197.30970275742033
2017-01-22,2017.0,22.0,1.0,22.0,-5.985714285714286,981.1916666666666,2.7541666666666664,72.17083333333333,,340.15975947810284
2017-01-23,2017.0,23.0,1.0,23.0,-1.9958333333333333,986.2708333333334,4.9624999999999995,80.47916666666667,,357.6070352153698
2017-01-24,2017.0,24.0,1.0,24.0,-5.366666666666667,999.0083333333333,2.8958333333333335,76.10833333333333,,109.77076792742221
2017-01-25,2017.0,25.0,1.0,25.0,-8.269565217391303,998.9666666666667,2.5083333333333333,67.71249999999999,,170.96651966240267
2017-01-26,2017.0,26.0,1.0,26.0,-6.666666666666667,998.8416666666667,2.379166666666667,62.52916666666667,,115.70808981528563
2017-01-27,2017.0,27.0,1.0,27.0,-9.950000000000001,997.7666666666668,5.875,78.01904761904761,,179.51424122574886
2017-01-28,2017.0,28.0,1.0,28.0,-10.754166666666668,994.0708333333333,4.679166666666666,73.33749999999999,,191.56865939564807
2017-01-29,2017.0,29.0,1.0,29.0,-3.6666666666666665,984.0916666666667,4.7124999999999995,71.58749999999999,,351.98031965139046
2017-01-30,2017.0,30.0,1.0,30.0,-6.395652173913043,987.8041666666667,3.9375,71.63333333333334,,166.63272606405596
2017-01-31,2017.0,31.0,1.0,31.0,-16.104166666666668,996.5833333333334,9.2125,78.89999999999999,,196.32327112092017
2017-02-01,2017.0,32.0,2.0,1.0,-17.266666666666666,995.6374999999999,3.775,72.42916666666666,,151.87270390397316
2017-02-02,2017.0,33.0,2.0,2.0,-15.6875,988.5208333333334,2.2375000000000003,54.949999999999996,,125.77747415864891
2017-02-03,2017.0,34.0,2.0,3.0,-14.0625,987.1208333333334,8.841666666666667,68.8625,,190.36781117425738
2017-02-04,2017.0,35.0,2.0,4.0,-9.079166666666667,986.1625,11.479166666666666,80.37916666666666,,206.5708580584161
2017-02-05,2017.0,36.0,2.0,5.0,-7.983333333333333,984.1333333333333,9.775,75.56666666666668,,200.68359941071031
2017-02-06,2017.0,37.0,2.0,6.0,-6.078260869565218,982.8000000000001,3.2541666666666664,57.74166666666667,,240.73693841399245
2017-02-07,2017.0,38.0,2.0,7.0,-10.529166666666667,992.4375,12.983333333333334,84.94117647058823,,211.16896752374456
2017-02-08,2017.0,39.0,2.0,8.0,-6.795833333333333,994.3000000000001,9.541666666666666,81.3875,,217.90951936018004
2017-02-09,2017.0,40.0,2.0,9.0,-9.695833333333333,991.6166666666667,4.333333333333333,66.87083333333334,,135.9302605838888
2017-02-10,2017.0,41.0,2.0,10.0,-10.469565217391304,992.0041666666666,3.5583333333333336,73.375,,195.3947045859754
2017-02-11,2017.0,42.0,2.0,11.0,-10.470833333333333,989.0208333333334,3.9791666666666665,78.26666666666667,,229.1978519728078
2017-02-12,2017.0,43.0,2.0,12.0,-11.266666666666666,987.2791666666667,4.770833333333333,75.60833333333333,,205.71777002283807
2017-02-13,2017.0,44.0,2.0,13.0,-11.979166666666666,992.3166666666666,4.895833333333333,69.47500000000001,,156.7024604292852
2017-02-14,2017.0,45.0,2.0,14.0,-14.333333333333334,989.75,4.916666666666667,71.35416666666667,,192.23530736139787
2017-02-15,2017.0,46.0,2.0,15.0,-14.125,983.0833333333334,3.7916666666666665,66.18333333333334,,110.60621754102046
2017-02-16,2017.0,47.0,2.0,16.0,-18.658333333333335,982.4625,4.041666666666667,73.47916666666667,,151.92289526253177
2017-02-17,2017.0,48.0,2.0,17.0,-15.378260869565217,987.4791666666666,3.5,59.225,,200.37650543692794
2017-02-18,2017.0,49.0,2.0,18.0,-17.566666666666666,984.8375,3.1291666666666664,64.39999999999999,,131.56462999917912
2017-02-19,2017.0,50.0,2.0,19.0,-19.483333333333334,985.1041666666666,3.295833333333333,60.75416666666666,,197.5426875517096
2017-02-20,2017.0,51.0,2.0,20.0,-20.679166666666667,982.1583333333333,3.5875,62.0875,,136.278628705329
2017-02-21,2017.0,52.0,2.0,21.0,-21.008333333333333,987.0625,5.829166666666667,72.86666666666666,,189.17143014055569
2017-02-22,2017.0,53.0,2.0,22.0,-18.895833333333332,996.9833333333332,4.854166666666667,78.27499999999999,,166.4887575459814
2017-02-23,2017.0,54.0,2.0,23.0,-18.783333333333335,1001.9916666666667,3.25,68.97916666666667,,129.8857785092732
2017-02-24,2017.0,55.0,2.0,24.0,-12.944999999999999,990.8666666666667,1.8791666666666667,70.38260869565217,,110.44625814474941
2017-02-25,2017.0,56.0,2.0,25.0,-17.783333333333335,985.0333333333333,3.5208333333333335,73.58333333333333,,126.2971134057634
2017-02-26,2017.0,57.0,2.0,26.0,-18.075,985.3041666666667,5.825,81.39583333333333,,170.5735060615021
2017-02-27,2017.0,58.0,2.0,27.0,-17.325,983.5124999999999,3.533333333333333,71.4375,,118.21223067361005
2017-02-28,2017.0,59.0,2.0,28.0,-18.291666666666668,997.0375,10.450000000000001,82.60000000000001,,178.90758119996664
2017-03-01,2017.0,60.0,3.0,1.0,-18.829166666666666,1006.1291666666666,4.091666666666667,83.77916666666667,,178.858248740119
2017-03-02,2017.0,61.0,3.0,2.0,-19.241666666666667,1001.8333333333334,4.083333333333333,71.41250000000001,,156.57352394406644
2017-03-03,2017.0,62.0,3.0,3.0,-19.120833333333334,998.0124999999999,7.45,85.77499999999999,,172.40813065130993
2017-03-04,2017.0,63.0,3.0,4.0,-23.745833333333334,998.2208333333333,3.654166666666667,83.67083333333333,,160.08500815415027
2017-03-05,2017.0,64.0,3.0,5.0,-23.6875,1006.125,6.129166666666666,82.72083333333333,,189.01894486213794
2017-03-06,2017.0,65.0,3.0,6.0,-22.354166666666668,1001.9541666666668,3.4166666666666665,69.91250000000001,,187.99229099283014
2017-03-07,2017.0,66.0,3.0,7.0,-13.652380952380952,996.1916666666666,2.2125,74.225,,324.2944799105193
2017-03-08,2017.0,67.0,3.0,8.0,-19.40666666666667,990.3833333333333,0.7291666666666666,83.55,,49.60449901748752
2017-03-09,2017.0,68.0,3.0,9.0,-21.537499999999998,984.5416666666666,6.1875,84.47500000000001,,190.94068000954297
2017-03-10,2017.0,69.0,3.0,10.0,-20.183333333333334,985.4041666666667,9.5,87.35000000000001,,191.91659082843475
2017-03-11,2017.0,70.0,3.0,11.0,-20.787499999999998,990.4791666666666,10.841666666666667,89.68333333333334,,187.5546092026034
2017-03-12,2017.0,71.0,3.0,12.0,-20.708333333333332,988.5124999999999,11.475,89.33333333333333,,195.28813262052986
2017-03-13,2017.0,72.0,3.0,13.0,-20.3,988.7375000000001,13.0875,89.75416666666666,,193.39544199965974
2017-03-14,2017.0,73.0,3.0,14.0,-23.379166666666666,989.7791666666667,9.941666666666666,82.75,,195.63344316856114
2017-03-15,2017.0,74.0,3.0,15.0,-22.929166666666664,987.5583333333334,14.262500000000001,85.65833333333335,,217.71148862790244
2017-03-16,2017.0,75.0,3.0,16.0,-25.212500000000002,985.975,7.6875,78.6125,,205.32203899130778
2017-03-17,2017.0,76.0,3.0,17.0,-23.84583333333333,982.6458333333334,13.470833333333333,84.30416666666666,,207.76309666619053
2017-03-18,2017.0,77.0,3.0,18.0,-23.991666666666664,980.5124999999999,9.645833333333334,81.14999999999999,,197.81128888649454
2017-03-19,2017.0,78.0,3.0,19.0,-23.883333333333336,981.8583333333332,12.883333333333333,83.7625,,212.6615940476031
2017-03-20,2017.0,79.0,3.0,20.0,-16.45,979.4625,17.345833333333335,92.96249999999999,,211.20920153293488
2017-03-21,2017.0,80.0,3.0,21.0,-19.395833333333332,981.1999999999999,11.424999999999999,87.70416666666667,,211.19624630046712
2017-03-22,2017.0,81.0,3.0,22.0,-21.014285714285716,981.8833333333333,2.1708333333333334,84.92083333333333,,218.7023934159332
2017-03-23,2017.0,82.0,3.0,23.0,-17.366666666666667,980.4041666666667,11.987499999999999,93.92916666666667,,196.11512433569928
2017-03-24,2017.0,83.0,3.0,24.0,-16.216666666666665,984.0166666666668,11.091666666666667,94.88333333333333,,208.2813367630523
2017-03-25,2017.0,84.0,3.0,25.0,-18.954166666666666,986.5833333333334,9.1,89.175,,206.7383597678013
2017-03-26,2017.0,85.0,3.0,26.0,-23.804166666666664,988.5583333333334,6.595833333333334,80.58333333333333,,197.08265688476462
2017-03-27,2017.0,86.0,3.0,27.0,-27.483333333333334,986.0291666666667,4.2375,77.5625,,121.1947154732953
2017-03-28,2017.0,87.0,3.0,28.0,-22.656521739130437,982.6625,6.125,88.55416666666667,,146.6191565851424
2017-03-29,2017.0,88.0,3.0,29.0,-25.28333333333333,982.5791666666668,6.3875,85.72916666666667,,208.79089345346006
2017-03-30,2017.0,89.0,3.0,30.0,-24.84166666666667,983.7208333333333,3.5749999999999997,85.75,,120.22034774158121
2017-03-31,2017.0,90.0,3.0,31.0,-30.09583333333333,985.1583333333333,8.908333333333333,79.40833333333333,,188.85395834562829
2017-04-01,2017.0,91.0,4.0,1.0,-32.03157894736842,988.0666666666666,1.795,75.625,,127.0610731139158
2017-04-02,2017.0,92.0,4.0,2.0,-29.820833333333336,985.4,,78.82083333333334,,
2017-04-03,2017.0,93.0,4.0,3.0,-32.46666666666667,981.3208333333333,3.569230769230769,76.65833333333333,,327.80641390760206
2017-04-04,2017.0,94.0,4.0,4.0,-31.96666666666667,977.7833333333333,6.895833333333333,78.47500000000001,,193.38979865930236
2017-04-05,2017.0,95.0,4.0,5.0,-24.650000000000002,987.7541666666666,18.495833333333334,86.825,,219.06749306176513
2017-04-06,2017.0,96.0,4.0,6.0,-25.566666666666666,983.9041666666667,3.5,80.04583333333333,,227.66957465124554
2017-04-07,2017.0,97.0,4.0,7.0,-23.34583333333333,980.6416666666668,3.926315789473684,83.2375,,163.74071760567932
2017-04-08,2017.0,98.0,4.0,8.0,-21.875,979.3791666666666,1.2458333333333333,89.24166666666667,,355.73753798918847
2017-04-09,2017.0,99.0,4.0,9.0,-22.379166666666666,975.9916666666667,2.557142857142857,89.96666666666665,,239.7430487223579
2017-04-10,2017.0,100.0,4.0,10.0,-21.958333333333332,970.5041666666666,3.5083333333333333,90.58749999999999,,293.3043317988093
2017-04-11,2017.0,101.0,4.0,11.0,-23.0625,969.4791666666666,2.795833333333333,89.45416666666667,,253.48764038013462
2017-04-12,2017.0,102.0,4.0,12.0,-19.3125,974.3416666666667,2.5124999999999997,93.6875,,301.06898492676294
2017-04-13,2017.0,103.0,4.0,13.0,-24.27916666666667,980.4833333333332,1.9083333333333332,88.05,,179.08404750496365
2017-04-14,2017.0,104.0,4.0,14.0,-26.266666666666666,981.3791666666666,1.4714285714285715,85.58333333333333,,188.94666295535666
2017-04-15,2017.0,105.0,4.0,15.0,-25.291666666666668,985.3583333333332,2.309090909090909,86.69166666666666,,110.41638194874693
2017-04-16,2017.0,106.0,4.0,16.0,-29.145833333333332,991.3249999999999,8.041666666666666,82.54583333333333,,208.9386394678481
2017-04-17,2017.0,107.0,4.0,17.0,-30.108333333333334,993.9291666666667,9.441666666666666,81.31666666666666,,226.0464141623061
2017-04-18,2017.0,108.0,4.0,18.0,-25.27916666666667,984.4208333333332,7.483333333333333,86.72500000000001,,236.65199733757575
2017-04-19,2017.0,109.0,4.0,19.0,-21.425,980.1833333333334,4.904166666666667,90.50416666666666,,249.7058877984722
2017-04-20,2017.0,110.0,4.0,20.0,-25.270833333333332,979.3333333333334,4.4375,87.01666666666667,,320.0563977674143
2017-04-21,2017.0,111.0,4.0,21.0,-26.754166666666666,982.9916666666667,4.2956521739130435,85.14999999999999,,213.63129397777624
2017-04-22,2017.0,112.0,4.0,22.0,-26.891666666666666,976.25,1.0666666666666667,84.37916666666668,,321.27991338079244
2017-04-23,2017.0,113.0,4.0,23.0,-25.087500000000002,976.25,0.7666666666666666,86.87083333333334,,171.7001474053569
2017-04-24,2017.0,114.0,4.0,24.0,-18.716666666666665,979.4499999999999,10.525,94.15416666666665,,214.8623729013073
2017-04-25,2017.0,115.0,4.0,25.0,-17.916666666666668,980.9499999999999,3.358333333333333,94.83333333333333,,285.92627628760147
2017-04-26,2017.0,116.0,4.0,26.0,-23.337500000000002,982.6791666666667,2.8708333333333336,88.94166666666666,,343.47651841298887
2017-04-27,2017.0,117.0,4.0,27.0,-20.425,986.8916666666668,11.075000000000001,91.4590909090909,,215.50402163285926
2017-04-28,2017.0,118.0,4.0,28.0,-13.291666666666666,992.8874999999999,11.945833333333333,98.5,,208.3429162654267
2017-04-29,2017.0,119.0,4.0,29.0,-18.408333333333335,995.5625,9.629166666666666,93.95416666666667,,193.89138701050746
2017-04-30,2017.0,120.0,4.0,30.0,-25.375,993.15,6.483333333333333,85.43333333333334,,216.02400807150406
2017-05-01,2017.0,121.0,5.0,1.0,-31.383333333333336,985.3708333333334,4.0,79.78333333333333,,196.38758159794702
2017-05-02,2017.0,122.0,5.0,2.0,-20.283333333333335,974.6791666666667,10.970833333333333,92.64999999999999,,223.27025521316475
2017-05-03,2017.0,123.0,5.0,3.0,-17.575,965.5958333333333,9.295833333333333,93.59166666666665,,207.1474591349923
2017-05-04,2017.0,124.0,5.0,4.0,-14.708333333333334,967.5583333333334,15.658333333333333,98.5125,,220.47318980926693
2017-05-05,2017.0,125.0,5.0,5.0,-20.916666666666668,971.9499999999999,10.783333333333333,91.71249999999999,,199.99747783297244
2017-05-06,2017.0,126.0,5.0,6.0,-25.070833333333336,974.1291666666666,3.641666666666667,87.18333333333334,,162.30465990623796
2017-05-07,2017.0,127.0,5.0,7.0,-25.412499999999998,977.9083333333333,6.991666666666667,86.42916666666667,,183.8536357285459
2017-05-08,2017.0,128.0,5.0,8.0,-28.795833333333334,977.5791666666668,8.691666666666666,82.47083333333333,,219.56413241739395
2017-05-09,2017.0,129.0,5.0,9.0,-28.8125,973.7125,13.0875,82.47500000000001,,209.40288583108205
2017-05-10,2017.0,130.0,5.0,10.0,-26.133333333333336,975.9833333333332,16.395833333333332,86.08749999999999,,212.92697432136367
2017-05-11,2017.0,131.0,5.0,11.0,-29.087500000000002,976.0500000000001,6.316666666666666,78.83749999999999,,196.6099907456095
2017-05-12,2017.0,132.0,5.0,12.0,-28.633333333333336,971.5833333333334,2.4499999999999997,82.16666666666667,,126.8998703978098
2017-05-13,2017.0,133.0,5.0,13.0,-29.354166666666668,972.0625,1.1291666666666667,81.8625,,267.4288953635146
2017-05-14,2017.0,134.0,5.0,14.0,-22.883333333333336,966.9208333333332,6.633333333333333,89.93333333333334,,257.067012291443
2017-05-15,2017.0,135.0,5.0,15.0,-18.5625,971.7208333333333,8.6625,92.53157894736842,,266.45823129658777
2017-05-16,2017.0,136.0,5.0,16.0,-12.120833333333332,965.4166666666666,15.6625,99.63333333333333,,215.8233662359913
2017-05-17,2017.0,137.0,5.0,17.0,-16.150000000000002,979.7541666666666,14.462499999999999,96.57499999999999,,209.29968384108872
2017-05-18,2017.0,138.0,5.0,18.0,-23.141666666666666,990.3708333333334,8.204166666666667,89.12916666666666,,221.1482788143234
2017-05-19,2017.0,139.0,5.0,19.0,-22.483333333333334,985.6750000000001,2.652173913043478,89.52499999999999,,228.65477515498424
2017-05-20,2017.0,140.0,5.0,20.0,-23.141666666666666,975.6166666666667,13.583333333333334,87.53750000000001,,210.5624711148681
2017-05-21,2017.0,141.0,5.0,21.0,-24.729166666666668,974.5041666666666,16.458333333333332,87.40416666666665,,204.16195528437063
2017-05-22,2017.0,142.0,5.0,22.0,-22.0,970.0625,9.854166666666666,83.95833333333333,,228.24036674415152
2017-05-23,2017.0,143.0,5.0,23.0,-16.325,973.25,13.5625,96.10416666666667,,204.8515210135613
2017-05-24,2017.0,144.0,5.0,24.0,-22.53333333333333,988.5458333333332,10.254166666666666,87.39583333333333,,213.20822952303618
2017-05-25,2017.0,145.0,5.0,25.0,-23.175,997.1916666666666,7.7250000000000005,85.40833333333335,,215.72333296115406
2017-05-26,2017.0,146.0,5.0,26.0,-22.78333333333333,992.025,5.170833333333333,83.40416666666667,,226.6218394109697
2017-05-27,2017.0,147.0,5.0,27.0,-21.912499999999998,981.025,3.5444444444444447,88.83749999999999,,218.55104796245536
2017-05-28,2017.0,148.0,5.0,28.0,-25.166666666666668,979.3708333333334,2.4916666666666667,86.00416666666666,,295.2106137819911
2017-05-29,2017.0,149.0,5.0,29.0,-22.53333333333333,980.2666666666668,6.0125,86.29583333333333,,333.16524244918133
2017-05-30,2017.0,150.0,5.0,30.0,-23.579166666666666,979.0958333333333,2.2583333333333333,88.74166666666667,,260.63985993543275
2017-05-31,2017.0,151.0,5.0,31.0,-18.891666666666666,971.3958333333334,7.604166666666667,91.3875,,219.87982281648812
2017-06-01,2017.0,152.0,6.0,1.0,-17.266666666666666,973.4458333333333,13.616666666666667,93.5391304347826,,220.52941721083621
2017-06-02,2017.0,153.0,6.0,2.0,-25.520833333333332,982.8291666666668,9.887500000000001,86.02083333333333,,214.8458699134137
2017-06-03,2017.0,154.0,6.0,3.0,-24.625,975.6125000000001,2.7708333333333335,87.82916666666667,,249.02061413394182
2017-06-04,2017.0,155.0,6.0,4.0,-16.462500000000002,974.3625000000001,10.091666666666667,96.0,,216.51496157466107
2017-06-05,2017.0,156.0,6.0,5.0,-17.520833333333332,975.4708333333333,16.183333333333334,93.54166666666667,,212.8230748608794
2017-06-06,2017.0,157.0,6.0,6.0,-24.808333333333334,981.8541666666666,10.033333333333333,83.3125,,199.3978092851458
2017-06-07,2017.0,158.0,6.0,7.0,-24.72083333333333,984.6374999999999,8.195833333333333,87.19166666666666,,205.33509353685162
2017-06-08,2017.0,159.0,6.0,8.0,-31.8,983.7958333333332,7.333333333333333,79.02916666666667,,186.41265857328452
2017-06-09,2017.0,160.0,6.0,9.0,-27.695833333333336,982.9166666666666,10.549999999999999,83.85416666666667,,200.62727191103434
2017-06-10,2017.0,161.0,6.0,10.0,-27.558333333333334,985.3208333333333,9.245833333333334,83.84583333333333,,223.06334336682292
2017-06-11,2017.0,162.0,6.0,11.0,-30.670833333333334,989.7083333333334,16.083333333333332,80.59166666666667,,206.2219883348434
2017-06-12,2017.0,163.0,6.0,12.0,-21.645833333333332,983.35,11.4375,90.26666666666667,,225.26111710304113
2017-06-13,2017.0,164.0,6.0,13.0,-26.2625,981.0291666666667,10.379166666666666,85.71249999999999,,229.92240975153393
2017-06-14,2017.0,165.0,6.0,14.0,-24.733333333333334,973.4375,4.1000000000000005,87.77499999999999,,319.96203268676567
2017-06-15,2017.0,166.0,6.0,15.0,-25.287499999999998,967.3125,8.125,87.325,,307.32948915406206
2017-06-16,2017.0,167.0,6.0,16.0,-21.0125,965.1041666666666,14.504166666666668,89.85416666666667,,261.4124767440965
2017-06-17,2017.0,168.0,6.0,17.0,-28.625,972.9416666666666,5.854166666666667,81.0625,,169.64197700253453
2017-06-18,2017.0,169.0,6.0,18.0,-35.983333333333334,977.0666666666666,6.758333333333333,74.05,,226.4281407116023
2017-06-19,2017.0,170.0,6.0,19.0,-34.766666666666666,982.2583333333333,12.770833333333334,75.14583333333333,,210.57521275992974
2017-06-20,2017.0,171.0,6.0,20.0,-37.59166666666667,986.6333333333333,2.0500000000000003,71.57083333333334,,118.84583394803745
2017-06-21,2017.0,172.0,6.0,21.0,-42.425000000000004,995.1625,3.6,65.86666666666666,,313.38025301687225
2017-06-22,2017.0,173.0,6.0,22.0,-26.608333333333334,983.3833333333333,6.641666666666667,84.89166666666667,,337.66861298538265
2017-06-23,2017.0,174.0,6.0,23.0,-33.833333333333336,984.1125000000001,8.441666666666666,77.02916666666667,,206.3096717236296
2017-06-24,2017.0,175.0,6.0,24.0,-34.50833333333333,991.8541666666666,5.5,75.74166666666666,,213.98712316756183
2017-06-25,2017.0,176.0,6.0,25.0,-33.858333333333334,984.0916666666667,4.278260869565218,76.22500000000001,,210.11342481340924
2017-06-26,2017.0,177.0,6.0,26.0,-43.51666666666667,978.2916666666666,3.6999999999999997,64.85000000000001,,185.64745897076438
2017-06-27,2017.0,178.0,6.0,27.0,-44.05833333333334,986.9708333333333,3.1833333333333336,63.25833333333333,,197.66376248026933
2017-06-28,2017.0,179.0,6.0,28.0,-40.8375,991.3916666666668,2.8473684210526318,67.05416666666666,,215.00521541348056
2017-06-29,2017.0,180.0,6.0,29.0,-37.520833333333336,997.4708333333333,,71.06666666666666,,
2017-06-30,2017.0,181.0,6.0,30.0,-38.72083333333333,993.2791666666667,1.7785714285714285,69.84583333333333,,262.6543007269928
2017-07-01,2017.0,182.0,7.0,1.0,-25.120833333333334,984.9916666666667,8.729166666666666,85.97500000000001,,217.12369103496013
2017-07-02,2017.0,183.0,7.0,2.0,-26.204166666666666,982.1,9.845833333333333,85.375,,287.8679030137056
2017-07-03,2017.0,184.0,7.0,3.0,-34.63333333333333,983.5416666666666,8.816666666666666,71.61666666666666,,212.38736481540226
2017-07-04,2017.0,185.0,7.0,4.0,-32.1875,978.6916666666666,2.670833333333333,76.29583333333333,,260.01570492516265
2017-07-05,2017.0,186.0,7.0,5.0,-37.15,977.2125,4.745833333333334,72.625,,196.46134924734838
2017-07-06,2017.0,187.0,7.0,6.0,-31.354166666666668,971.9666666666667,2.1041666666666665,79.7375,,246.95152095527413
2017-07-07,2017.0,188.0,7.0,7.0,-23.929166666666664,969.6125000000001,9.275,88.37916666666666,,227.29435889608916
2017-07-08,2017.0,189.0,7.0,8.0,-29.875,972.2458333333334,7.6499999999999995,80.2375,,215.02260405752665
2017-07-09,2017.0,190.0,7.0,9.0,-35.65,977.5083333333333,2.9250000000000003,74.34583333333333,,142.53608813854942
2017-07-10,2017.0,191.0,7.0,10.0,-39.0,991.6333333333333,3.0,70.075,,139.94716407006337
2017-07-11,2017.0,192.0,7.0,11.0,-35.665217391304346,989.7739130434783,16.295652173913044,74.52608695652174,,215.96383626702985
2017-07-12,2017.0,193.0,7.0,12.0,-36.87083333333333,977.6208333333334,8.008333333333333,72.84166666666667,,159.17839756612003
2017-07-13,2017.0,194.0,7.0,13.0,-40.141666666666666,969.6958333333333,2.4625,68.55416666666666,,302.90225923904705
2017-07-14,2017.0,195.0,7.0,14.0,-42.13333333333333,976.6291666666666,2.1416666666666666,66.28750000000001,,158.0076176061787
2017-07-15,2017.0,196.0,7.0,15.0,-40.612500000000004,985.1291666666666,1.8541666666666667,67.84166666666667,,213.4075042057329
2017-07-16,2017.0,197.0,7.0,16.0,-35.704166666666666,988.6541666666667,2.5749999999999997,74.37083333333334,,233.9083809428464
2017-07-17,2017.0,198.0,7.0,17.0,-39.92916666666667,983.4708333333333,2.1875,69.09166666666667,,152.2314429368194
2017-07-18,2017.0,199.0,7.0,18.0,-35.87916666666667,972.3208333333333,2.0749999999999997,73.375,,230.15968763844592
2017-07-19,2017.0,200.0,7.0,19.0,-32.87083333333333,967.3458333333333,8.783333333333333,77.825,,204.67498641313836
2017-07-20,2017.0,201.0,7.0,20.0,-26.650000000000002,972.0,18.25,85.33333333333333,,212.43772847883116
2017-07-21,2017.0,202.0,7.0,21.0,-19.308333333333334,965.4166666666666,24.537499999999998,89.73333333333333,,226.3668488045986
2017-07-22,2017.0,203.0,7.0,22.0,-35.05416666666667,984.9,10.512500000000001,75.47916666666667,,175.03108196560598
2017-07-23,2017.0,204.0,7.0,23.0,-33.92916666666667,1001.0041666666666,8.883333333333333,76.54166666666667,,195.45517528153536
2017-07-24,2017.0,205.0,7.0,24.0,-28.650000000000002,996.7208333333333,10.5375,82.78750000000001,,207.2042257204357
2017-07-25,2017.0,206.0,7.0,25.0,-29.65833333333333,989.1666666666666,14.241666666666667,81.15833333333333,,212.66053094909788
2017-07-26,2017.0,207.0,7.0,26.0,-23.825,976.1875,24.645833333333332,86.39166666666667,,219.34824947693374
2017-07-27,2017.0,208.0,7.0,27.0,-19.3125,969.3958333333334,14.116666666666667,85.81666666666666,,221.90988206517557
2017-07-28,2017.0,209.0,7.0,28.0,-19.179166666666667,972.2875,12.708333333333334,92.89166666666667,,224.29555499407076
2017-07-29,2017.0,210.0,7.0,29.0,-24.575,970.3625000000001,3.5416666666666665,80.61666666666666,,91.38263760219628
2017-07-30,2017.0,211.0,7.0,30.0,-32.15,978.4250000000001,7.8999999999999995,77.18333333333334,,182.60662383329793
2017-07-31,2017.0,212.0,7.0,31.0,-35.90416666666667,981.85,4.41875,73.4875,,189.02116289300446
2017-08-01,2017.0,213.0,8.0,1.0,-34.275,978.6,,75.9375,,
2017-08-02,2017.0,214.0,8.0,2.0,-35.541666666666664,978.4958333333334,,74.33749999999999,,
2017-08-03,2017.0,215.0,8.0,3.0,-40.574999999999996,979.2791666666667,,68.08333333333333,,
2017-08-04,2017.0,216.0,8.0,4.0,-33.766666666666666,980.8041666666667,8.559999999999999,76.3,,225.15845303112897
2017-08-05,2017.0,217.0,8.0,5.0,-27.291666666666668,981.9833333333332,11.8125,82.27499999999999,,209.6849259509719
2017-08-06,2017.0,218.0,8.0,6.0,-36.88333333333333,985.4125,4.0874999999999995,70.40833333333333,,189.602333084098
2017-08-07,2017.0,219.0,8.0,7.0,-34.387499999999996,986.8833333333333,8.920833333333333,73.69166666666666,,213.79912468076546
2017-08-08,2017.0,220.0,8.0,8.0,-29.27916666666667,972.8000000000001,3.6208333333333336,80.27083333333333,,337.47301562032993
2017-08-09,2017.0,221.0,8.0,9.0,-33.52916666666667,971.9958333333334,17.791666666666668,77.125,,189.2606049423634
2017-08-10,2017.0,222.0,8.0,10.0,-35.47083333333333,978.1208333333334,3.9958333333333336,73.64583333333333,,147.70983905768156
2017-08-11,2017.0,223.0,8.0,11.0,-37.55,974.0541666666667,3.875,71.77916666666667,,134.9150586445541
2017-08-12,2017.0,224.0,8.0,12.0,-36.454166666666666,977.6125000000001,8.466666666666667,73.0125,,193.42789818171786
2017-08-13,2017.0,225.0,8.0,13.0,-28.412499999999998,967.5041666666666,26.4375,82.9875,,219.02232216976907
2017-08-14,2017.0,226.0,8.0,14.0,-19.266666666666666,961.5208333333334,19.429166666666667,92.59583333333335,,211.82787545709755
2017-08-15,2017.0,227.0,8.0,15.0,-18.495833333333334,967.5500000000001,14.329166666666666,94.16956521739131,,216.1708798854423
2017-08-16,2017.0,228.0,8.0,16.0,-15.783333333333333,975.5666666666666,14.916666666666666,86.74166666666667,,233.7077914074684
2017-08-17,2017.0,229.0,8.0,17.0,-27.691666666666666,994.3958333333334,4.858333333333333,79.42083333333333,,190.3708123946748
2017-08-18,2017.0,230.0,8.0,18.0,-25.525000000000002,998.9,12.183333333333332,85.95,,188.86994673503185
2017-08-19,2017.0,231.0,8.0,19.0,-27.608333333333334,984.35,19.445833333333333,84.28333333333333,,213.9884281856865
2017-08-20,2017.0,232.0,8.0,20.0,-25.77916666666667,981.1708333333332,11.625,86.30416666666667,,200.12442540225845
2017-08-21,2017.0,233.0,8.0,21.0,-17.716666666666665,958.8416666666667,12.441666666666668,94.77499999999999,,255.58724915247956
2017-08-22,2017.0,234.0,8.0,22.0,-18.708333333333332,957.4333333333334,8.841666666666667,94.09166666666665,,254.49941081954563
2017-08-23,2017.0,235.0,8.0,23.0,-16.212500000000002,965.0916666666667,12.083333333333334,96.675,,236.82631557848032
2017-08-24,2017.0,236.0,8.0,24.0,-16.658333333333335,972.25,15.512500000000001,93.175,,239.46594250737553
2017-08-25,2017.0,237.0,8.0,25.0,-22.27916666666667,973.7666666666668,3.9875000000000003,83.86666666666666,,118.73180256936053
2017-08-26,2017.0,238.0,8.0,26.0,-24.724999999999998,968.1999999999999,10.929166666666667,86.7,,210.18194664404044
2017-08-27,2017.0,239.0,8.0,27.0,-28.066666666666666,967.0166666666668,4.7375,79.15416666666667,,154.28364683819754
2017-08-28,2017.0,240.0,8.0,28.0,-33.862500000000004,965.6166666666667,8.670833333333333,76.20833333333333,,204.930418097475
2017-08-29,2017.0,241.0,8.0,29.0,-37.137499999999996,974.9791666666666,3.516666666666667,72.24583333333334,,156.11234144601596
2017-08-30,2017.0,242.0,8.0,30.0,-37.583333333333336,975.3708333333334,9.654166666666667,72.0625,,208.78536761140455
2017-08-31,2017.0,243.0,8.0,31.0,-32.979166666666664,972.5749999999999,11.795833333333334,76.40833333333333,,219.59182594554662
2017-09-01,2017.0,244.0,9.0,1.0,-28.920833333333334,959.3041666666667,8.583333333333334,77.48333333333333,,244.82303111352505
2017-09-02,2017.0,245.0,9.0,2.0,-22.004166666666666,962.9958333333334,15.666666666666666,89.625,,223.17833282540235
2017-09-03,2017.0,246.0,9.0,3.0,-23.833333333333332,980.4375,10.262500000000001,87.52916666666665,,217.0150072251129
2017-09-04,2017.0,247.0,9.0,4.0,-26.316666666666666,986.4833333333332,8.354166666666666,80.4375,,217.07260507616547
2017-09-05,2017.0,248.0,9.0,5.0,-35.25238095238095,981.7583333333333,6.6,72.44166666666666,,220.99999999999997
2017-09-06,2017.0,249.0,9.0,6.0,-33.63333333333333,988.2208333333333,5.95,76.15833333333333,,329.4990849167808
2017-09-07,2017.0,250.0,9.0,7.0,-29.541666666666668,990.9583333333334,4.795833333333333,79.02083333333333,,264.1449892937378
2017-09-08,2017.0,251.0,9.0,8.0,-30.52173913043478,984.4958333333334,1.8130434782608698,80.65833333333333,,338.84678687156224
2017-09-09,2017.0,252.0,9.0,9.0,-28.06190476190476,982.9958333333334,,84.1875,,
2017-09-10,2017.0,253.0,9.0,10.0,-26.095454545454547,983.9208333333332,,86.64999999999999,,
2017-09-11,2017.0,254.0,9.0,11.0,-29.933333333333334,976.1708333333332,13.642857142857142,81.64999999999999,,190.73056670855289
2017-09-12,2017.0,255.0,9.0,12.0,-28.6125,980.2083333333334,3.590909090909091,82.84583333333333,,290.86533876334397
2017-09-13,2017.0,256.0,9.0,13.0,-28.05,984.2624999999999,,83.80833333333334,,
2017-09-14,2017.0,257.0,9.0,14.0,-30.04090909090909,981.4125,,81.78333333333333,,
2017-09-15,2017.0,258.0,9.0,15.0,-36.420833333333334,990.3458333333333,,73.46249999999999,,
2017-09-16,2017.0,259.0,9.0,16.0,-44.612500000000004,989.7083333333334,,63.52916666666667,,
2017-09-17,2017.0,260.0,9.0,17.0,-46.65,990.3916666666668,4.166666666666667,60.666666666666664,,199.62170498263606
2017-09-18,2017.0,261.0,9.0,18.0,-36.92916666666667,982.1291666666666,1.75,72.7625,,347.5
2017-09-19,2017.0,262.0,9.0,19.0,-35.61666666666667,981.3833333333333,,73.97916666666667,,
2017-09-20,2017.0,263.0,9.0,20.0,-40.07083333333333,974.1583333333333,,68.77499999999999,,
2017-09-21,2017.0,264.0,9.0,21.0,-39.36521739130435,974.8333333333334,,68.72500000000001,,
2017-09-22,2017.0,265.0,9.0,22.0,-37.08695652173913,972.9708333333333,,70.96666666666667,,
2017-09-23,2017.0,266.0,9.0,23.0,-35.833333333333336,965.5500000000001,,73.3625,,
2017-09-24,2017.0,267.0,9.0,24.0,-40.23636363636364,966.3125,,67.85416666666667,,
2017-09-25,2017.0,268.0,9.0,25.0,-36.875,971.8041666666667,,69.04583333333333,,
2017-09-26,2017.0,269.0,9.0,26.0,-33.762499999999996,975.1583333333333,3.625,74.1,,255.91492069909043
2017-09-27,2017.0,270.0,9.0,27.0,-31.787499999999998,971.9416666666666,3.7624999999999997,66.94166666666666,,254.76608682243943
2017-09-28,2017.0,271.0,9.0,28.0,-37.2875,977.1208333333334,3.7083333333333335,60.729166666666664,,213.01419772848735
2017-09-29,2017.0,272.0,9.0,29.0,-36.49583333333333,982.85,6.2250000000000005,66.1875,,212.7822129497067
2017-09-30,2017.0,273.0,9.0,30.0,-31.495833333333334,969.7583333333333,6.029166666666666,75.9875,,287.9499656475789
2017-10-01,2017.0,274.0,10.0,1.0,-31.245833333333334,972.025,6.554166666666667,77.6375,,172.9120375726768
2017-10-02,2017.0,275.0,10.0,2.0,-33.291666666666664,987.5749999999999,16.220833333333335,75.79583333333333,,197.2770678767906
2017-10-03,2017.0,276.0,10.0,3.0,-29.5,983.8000000000001,24.84583333333333,82.01666666666667,,206.77341681357228
2017-10-04,2017.0,277.0,10.0,4.0,-24.170833333333334,989.9375,18.349999999999998,85.87083333333334,,202.37823348860007
2017-10-05,2017.0,278.0,10.0,5.0,-21.454166666666666,987.3874999999999,8.758333333333333,77.43333333333334,,201.79122765333744
2017-10-06,2017.0,279.0,10.0,6.0,-16.8875,981.1166666666667,15.716666666666667,87.59166666666665,,217.06134085766638
2017-10-07,2017.0,280.0,10.0,7.0,-20.533333333333335,985.7458333333334,12.825000000000001,88.13333333333333,,206.14452298206933
2017-10-08,2017.0,281.0,10.0,8.0,-18.608333333333334,981.4583333333334,6.991666666666667,74.78333333333333,,217.7668752944667
2017-10-09,2017.0,282.0,10.0,9.0,-20.654166666666665,977.0124999999999,7.6625000000000005,72.72916666666667,,220.35340241436393
2017-10-10,2017.0,283.0,10.0,10.0,-21.349999999999998,976.4416666666666,8.450000000000001,82.44583333333334,,197.94751838742565
2017-10-11,2017.0,284.0,10.0,11.0,-21.204166666666666,980.3958333333334,3.3083333333333336,80.675,,207.2863733889419
2017-10-12,2017.0,285.0,10.0,12.0,-21.849999999999998,986.9291666666667,4.058333333333334,78.39583333333333,,237.63572548689376
2017-10-13,2017.0,286.0,10.0,13.0,-17.733333333333334,985.4833333333332,4.05,79.5,,352.36850016775753
2017-10-14,2017.0,287.0,10.0,14.0,-23.724999999999998,987.3000000000001,4.895833333333333,70.70416666666667,,193.77007062748598
2017-10-15,2017.0,288.0,10.0,15.0,-25.445833333333336,987.4041666666667,3.5,62.2875,,142.7963960840775
2017-10-16,2017.0,289.0,10.0,16.0,-29.182608695652174,984.4875000000001,2.2083333333333335,53.050000000000004,,136.08654519303764
2017-10-17,2017.0,290.0,10.0,17.0,-30.97083333333333,981.6916666666666,2.966666666666667,63.55833333333334,,221.25130359738017
2017-10-18,2017.0,291.0,10.0,18.0,-25.195,971.8416666666667,2.2624999999999997,70.375,,62.72274556067514
2017-10-19,2017.0,292.0,10.0,19.0,-19.291666666666668,972.9375,7.566666666666666,82.32083333333334,,278.7596005673988
2017-10-20,2017.0,293.0,10.0,20.0,-16.099999999999998,982.2083333333334,12.158333333333333,90.87083333333334,,199.5034294282648
2017-10-21,2017.0,294.0,10.0,21.0,-14.620833333333332,982.1875,14.091666666666667,85.18333333333334,,218.50544026136424
2017-10-22,2017.0,295.0,10.0,22.0,-18.462500000000002,983.6833333333334,14.358333333333334,79.05833333333334,,204.011863325144
2017-10-23,2017.0,296.0,10.0,23.0,-17.854166666666668,985.8666666666667,12.358333333333334,72.60000000000001,,214.7701392893641
2017-10-24,2017.0,297.0,10.0,24.0,-19.420833333333334,980.9291666666667,9.4,68.45416666666667,,221.90315818259248
2017-10-25,2017.0,298.0,10.0,25.0,-14.729166666666666,971.9541666666668,7.9750000000000005,74.99166666666666,,243.73050872132347
2017-10-26,2017.0,299.0,10.0,26.0,-15.316666666666668,972.8125,8.65,88.44166666666666,,205.48698891881958
2017-10-27,2017.0,300.0,10.0,27.0,-15.575000000000001,975.2708333333334,11.566666666666668,87.875,,217.13269484409966
2017-10-28,2017.0,301.0,10.0,28.0,-14.195652173913043,972.1708333333332,3.525,70.72083333333333,,249.0298709828267
2017-10-29,2017.0,302.0,10.0,29.0,-18.870833333333334,978.8958333333334,6.308333333333334,78.27916666666667,,222.30785388010023
2017-10-30,2017.0,303.0,10.0,30.0,-14.855555555555554,989.6958333333333,2.2708333333333335,70.5,,153.84427850662792
2017-10-31,2017.0,304.0,10.0,31.0,-18.569565217391304,993.8333333333334,3.108333333333333,63.354166666666664,,155.3982553270305
2017-11-01,2017.0,305.0,11.0,1.0,-18.713636363636365,991.3791666666666,1.7750000000000001,67.1375,,100.73045474480664
2017-11-02,2017.0,306.0,11.0,2.0,-16.295652173913044,987.9875000000001,3.0375,73.90416666666667,,169.282660459875
2017-11-03,2017.0,307.0,11.0,3.0,-24.712500000000002,992.7375000000001,6.270833333333333,69.07083333333334,,206.36532743405107
2017-11-04,2017.0,308.0,11.0,4.0,-20.01111111111111,988.4625,1.8541666666666667,66.0625,,147.51740638414972
2017-11-05,2017.0,309.0,11.0,5.0,-25.266666666666666,979.9041666666667,2.9916666666666667,59.73333333333333,,159.35924537290248
2017-11-06,2017.0,310.0,11.0,6.0,-19.958823529411767,983.975,2.1041666666666665,57.4625,,259.9953686420375
2017-11-07,2017.0,311.0,11.0,7.0,-24.48888888888889,985.1416666666668,2.595833333333333,56.27916666666667,,139.4423881561707
2017-11-08,2017.0,312.0,11.0,8.0,-15.816666666666666,972.4916666666667,2.1625,68.825,,21.82481473543618
2017-11-09,2017.0,313.0,11.0,9.0,-19.11304347826087,971.3541666666666,7.4875,68.925,,211.2587136350202
2017-11-10,2017.0,314.0,11.0,10.0,-16.585714285714285,971.0500000000001,2.529166666666667,72.03750000000001,,308.2335038462348
2017-11-11,2017.0,315.0,11.0,11.0,-17.954545454545453,969.1583333333333,3.9625,69.75,,141.58151177472095
2017-11-12,2017.0,316.0,11.0,12.0,-19.708333333333332,970.9458333333333,3.295833333333333,65.11666666666666,,115.36094895810238
2017-11-13,2017.0,317.0,11.0,13.0,-21.711764705882356,973.3208333333333,3.0124999999999997,54.604166666666664,,113.0479902232022
2017-11-14,2017.0,318.0,11.0,14.0,-13.595238095238095,969.1333333333333,6.808333333333334,65.58333333333333,,232.69386617084288
2017-11-15,2017.0,319.0,11.0,15.0,-14.604166666666666,968.1208333333334,9.916666666666666,85.90833333333335,,182.52277124589148
2017-11-16,2017.0,320.0,11.0,16.0,-13.529166666666667,969.6583333333333,8.308333333333334,82.7625,,184.54249943589915
2017-11-17,2017.0,321.0,11.0,17.0,-12.416666666666666,974.0291666666667,6.6375,75.40833333333333,,222.50152542229085
2017-11-18,2017.0,322.0,11.0,18.0,-7.391666666666667,970.9,8.983333333333333,75.875,,240.9083636496017
2017-11-19,2017.0,323.0,11.0,19.0,-8.775,971.7125,13.275,88.96190476190476,,226.04760061512334
2017-11-20,2017.0,324.0,11.0,20.0,-11.304166666666667,976.25,10.25,86.77083333333333,,207.54950030907162
2017-11-21,2017.0,325.0,11.0,21.0,-10.895833333333334,972.2375000000001,3.475,67.38333333333334,,217.67311269539877
2017-11-22,2017.0,326.0,11.0,22.0,-11.508333333333333,967.6875,3.5500000000000003,62.512499999999996,,248.7470345195215
2017-11-23,2017.0,327.0,11.0,23.0,-7.2,963.8000000000001,6.716666666666666,83.96521739130435,,256.9322450671507
2017-11-24,2017.0,328.0,11.0,24.0,-11.633333333333333,974.8791666666666,9.316666666666666,81.575,,215.6190726991419
2017-11-25,2017.0,329.0,11.0,25.0,-6.820833333333333,975.1041666666666,5.479166666666667,79.7625,,91.8731375380961
2017-11-26,2017.0,330.0,11.0,26.0,-12.008333333333333,972.7333333333332,6.7625,70.77499999999999,,196.06490354800934
2017-11-27,2017.0,331.0,11.0,27.0,-12.1625,972.1999999999999,8.704166666666667,74.62083333333332,,217.08063819219862
2017-11-28,2017.0,332.0,11.0,28.0,-13.604166666666666,974.4541666666668,6.979166666666667,69.87916666666666,,202.400942553945
2017-11-29,2017.0,333.0,11.0,29.0,-10.9125,975.8916666666668,6.941666666666666,63.07916666666667,,210.52928078251432
2017-11-30,2017.0,334.0,11.0,30.0,-9.495833333333334,982.0875,8.454166666666667,66.44166666666666,,207.177384080864
2017-12-01,2017.0,335.0,12.0,1.0,-8.85,981.9291666666667,7.4875,65.52916666666667,,212.98805796794244
2017-12-02,2017.0,336.0,12.0,2.0,-6.595454545454545,980.1333333333333,5.270833333333333,62.34583333333333,,238.83808663384855
2017-12-03,2017.0,337.0,12.0,3.0,-4.277272727272727,978.35,2.841666666666667,67.88333333333334,,43.276709109229316
2017-12-04,2017.0,338.0,12.0,4.0,-5.6875,978.3625000000001,4.0125,77.57916666666667,,327.11203867644264
2017-12-05,2017.0,339.0,12.0,5.0,-9.454166666666667,980.2458333333334,5.058333333333334,70.42916666666666,,187.51379549647612
2017-12-06,2017.0,340.0,12.0,6.0,-6.677272727272728,977.9041666666667,1.925,68.79166666666667,,49.71208095267678
2017-12-07,2017.0,341.0,12.0,7.0,-8.154166666666667,979.3208333333333,3.1374999999999997,69.39166666666667,,204.40689162164543
2017-12-08,2017.0,342.0,12.0,8.0,-6.504347826086956,978.2458333333334,3.1166666666666667,70.84583333333333,,298.1602863372889
2017-12-09,2017.0,343.0,12.0,9.0,-10.825000000000001,978.4499999999999,3.1625,69.94166666666666,,148.6740788553305
2017-12-10,2017.0,344.0,12.0,10.0,-10.423809523809524,981.6333333333333,4.6625000000000005,70.17083333333333,,217.58279226026264
2017-12-11,2017.0,345.0,12.0,11.0,-8.466666666666667,981.0291666666667,9.8375,88.55416666666667,,203.64918876336995
2017-12-12,2017.0,346.0,12.0,12.0,-6.741666666666667,984.3416666666667,8.320833333333333,82.34166666666667,,218.1298448120725
2017-12-13,2017.0,347.0,12.0,13.0,-7.25,990.5625,8.9625,83.575,,198.2438614337224
2017-12-14,2017.0,348.0,12.0,14.0,-8.229166666666666,992.3083333333334,5.325,81.8,,187.5826827851474
2017-12-15,2017.0,349.0,12.0,15.0,-4.285714285714286,993.4791666666666,1.1208333333333333,53.520833333333336,,332.3281484228243
2017-12-16,2017.0,350.0,12.0,16.0,-2.5761904761904764,990.1,2.408333333333333,74.73333333333333,,324.00021302044513
2017-12-17,2017.0,351.0,12.0,17.0,-2.441666666666667,982.0708333333333,4.720833333333333,80.55,,343.26526476878917
2017-12-18,2017.0,352.0,12.0,18.0,-2.369565217391304,982.7791666666667,2.7458333333333336,73.235,,89.0226236209018
2017-12-19,2017.0,353.0,12.0,19.0,-6.341666666666666,984.2916666666666,6.175,81.0125,,208.15641501705147
2017-12-20,2017.0,354.0,12.0,20.0,-8.158333333333333,989.4041666666667,7.6000000000000005,76.42083333333333,,190.7068666782072
2017-12-21,2017.0,355.0,12.0,21.0,-5.442105263157895,987.7958333333332,2.091666666666667,62.37916666666666,,42.85236767121131
2017-12-22,2017.0,356.0,12.0,22.0,-8.112499999999999,988.3041666666667,5.254166666666666,80.99166666666666,,143.24282910613763
2017-12-23,2017.0,357.0,12.0,23.0,-5.4772727272727275,987.7333333333332,3.775,68.32083333333334,,310.071028041162
2017-12-24,2017.0,358.0,12.0,24.0,-5.683333333333334,985.3625000000001,4.825,76.20833333333333,,311.3720892219833
2017-12-25,2017.0,359.0,12.0,25.0,-7.954166666666667,986.7375000000001,3.025,70.25,,123.12941605796969
2017-12-26,2017.0,360.0,12.0,26.0,-3.430434782608696,982.6583333333333,4.3625,78.80869565217391,,348.72582689907904
2017-12-27,2017.0,361.0,12.0,27.0,-6.6499999999999995,985.9041666666667,3.6666666666666665,66.59166666666667,,196.4782909932378
2017-12-28,2017.0,362.0,12.0,28.0,-7.185,984.4625,2.6875,70.60416666666667,,147.13358724441827
2017-12-29,2017.0,363.0,12.0,29.0,-6.190476190476191,982.7083333333334,2.225,62.541666666666664,,181.14226386685993
2017-12-30,2017.0,364.0,12.0,30.0,-6.858333333333333,985.1875,5.425,73.8875,,197.00992602274832
2017-12-31,2017.0,365.0,12.0,31.0,-6.171428571428571,984.7791666666667,5.395833333333333,64.08333333333333,,198.06532257586778
2018-01-01,2018.0,1.0,1.0,1.0,-5.739999999999999,983.9625,2.4,60.12083333333334,,230.6488094842523
2018-01-02,2018.0,2.0,1.0,2.0,-4.433333333333334,987.1416666666668,3.5875,62.9625,,234.2286837183165
2018-01-03,2018.0,3.0,1.0,3.0,-3.3545454545454545,992.5291666666667,2.6791666666666667,64.83749999999999,,237.74567716432523
2018-01-04,2018.0,4.0,1.0,4.0,-1.1416666666666666,986.3708333333334,3.775,76.72916666666667,,327.024956827733
2018-01-05,2018.0,5.0,1.0,5.0,-4.452173913043478,986.4125,5.125,74.99166666666666,,208.42423866134794
2018-01-06,2018.0,6.0,1.0,6.0,-7.1499999999999995,985.5333333333333,5.266666666666667,73.58333333333333,,198.25528533586444
2018-01-07,2018.0,7.0,1.0,7.0,-3.309090909090909,988.625,3.6374999999999997,75.1125,,30.7642876024292
2018-01-08,2018.0,8.0,1.0,8.0,-1.0208333333333333,996.0500000000001,4.25,85.76315789473684,,59.4831112038826
2018-01-09,2018.0,9.0,1.0,9.0,-2.7125,997.9458333333333,3.954166666666667,81.14285714285714,,172.2892389151656
2018-01-10,2018.0,10.0,1.0,10.0,-6.5249999999999995,987.7583333333333,4.1499999999999995,79.67083333333333,,199.84241968365293
2018-01-11,2018.0,11.0,1.0,11.0,-7.308695652173912,981.4583333333334,3.920833333333333,75.0625,,191.17462458464402
2018-01-12,2018.0,12.0,1.0,12.0,-5.845454545454545,985.3833333333333,3.2416666666666667,75.05416666666666,,245.44797016482823
2018-01-13,2018.0,13.0,1.0,13.0,-2.805,990.4291666666667,2.2375000000000003,67.50434782608696,,342.81218541238746
2018-01-14,2018.0,14.0,1.0,14.0,-6.383333333333333,985.9708333333333,2.425,76.10000000000001,,110.7385886456033
2018-01-15,2018.0,15.0,1.0,15.0,-3.875,976.9833333333332,4.1125,88.23333333333333,,33.930379132814124
2018-01-16,2018.0,16.0,1.0,16.0,-4.6375,971.8791666666666,3.845833333333333,83.5,,234.53318852359632
2018-01-17,2018.0,17.0,1.0,17.0,-8.158333333333333,975.3874999999999,6.154166666666666,78.49583333333334,,207.71957782082367
2018-01-18,2018.0,18.0,1.0,18.0,-6.004166666666666,972.1999999999999,5.8625,81.24166666666666,,215.92911505276683
2018-01-19,2018.0,19.0,1.0,19.0,-6.895833333333333,971.9166666666666,10.833333333333334,78.35833333333333,,212.56217709529568
2018-01-20,2018.0,20.0,1.0,20.0,-4.666666666666667,967.4833333333332,12.15,79.77619047619048,,222.15837202686197
2018-01-21,2018.0,21.0,1.0,21.0,-7.8625,971.8000000000001,6.05,81.94166666666666,,173.8789739412079
2018-01-22,2018.0,22.0,1.0,22.0,-10.8375,979.025,7.170833333333333,81.65416666666667,,180.11774849336558
2018-01-23,2018.0,23.0,1.0,23.0,-10.566666666666666,981.5041666666666,8.333333333333334,82.80416666666666,,198.42323743957095
2018-01-24,2018.0,24.0,1.0,24.0,-7.479166666666667,977.225,12.604166666666666,89.40588235294118,,212.62613642351312
2018-01-25,2018.0,25.0,1.0,25.0,-7.545833333333333,983.9916666666667,10.341666666666667,92.65217391304348,,202.1816658958026
2018-01-26,2018.0,26.0,1.0,26.0,-8.804166666666667,988.3541666666666,4.375,75.28333333333333,,179.26941239168974
2018-01-27,2018.0,27.0,1.0,27.0,-10.137500000000001,987.1374999999999,4.0375000000000005,75.41250000000001,,185.1603260859215
2018-01-28,2018.0,28.0,1.0,28.0,-11.516666666666666,991.2708333333334,5.266666666666667,81.7,,184.43525139337555
2018-01-29,2018.0,29.0,1.0,29.0,-11.458333333333334,986.8541666666666,5.5249999999999995,84.86666666666666,,160.5868961353135
2018-01-30,2018.0,30.0,1.0,30.0,-10.616666666666665,984.5291666666667,2.779166666666667,74.0,,159.2854748923892
2018-01-31,2018.0,31.0,1.0,31.0,-7.881818181818182,989.1208333333334,2.279166666666667,69.25416666666666,,140.69141395580488
2018-02-01,2018.0,32.0,2.0,1.0,-7.604166666666667,989.5541666666667,3.483333333333333,78.50833333333334,,72.49271607262408
2018-02-02,2018.0,33.0,2.0,2.0,-10.633333333333333,988.3333333333334,7.0625,84.28333333333333,,227.32927374486837
2018-02-03,2018.0,34.0,2.0,3.0,-13.254166666666668,987.6999999999999,8.700000000000001,81.2625,,201.8502845733513
2018-02-04,2018.0,35.0,2.0,4.0,-12.070833333333333,985.3166666666666,5.375,74.28750000000001,,195.87464655181768
2018-02-05,2018.0,36.0,2.0,5.0,-11.579166666666666,984.8249999999999,9.995833333333334,83.90434782608695,,195.80177387823588
2018-02-06,2018.0,37.0,2.0,6.0,-13.4375,982.1041666666666,7.045833333333333,68.65416666666667,,207.77702940540144
2018-02-07,2018.0,38.0,2.0,7.0,-11.9625,978.9916666666667,4.104166666666667,68.30416666666666,,221.74066081905195
2018-02-08,2018.0,39.0,2.0,8.0,-9.475,971.8083333333334,5.5249999999999995,73.33333333333333,,233.31013883185847
2018-02-09,2018.0,40.0,2.0,9.0,-8.040909090909091,967.3874999999999,3.441666666666667,65.64583333333333,,327.0889608046877
2018-02-10,2018.0,41.0,2.0,10.0,-9.15,974.7333333333332,3.5375,71.31304347826087,,352.5236414476149
2018-02-11,2018.0,42.0,2.0,11.0,-10.216666666666667,984.4041666666667,8.941666666666666,83.99545454545455,,204.06214380275247
2018-02-12,2018.0,43.0,2.0,12.0,-6.4739130434782615,984.1041666666666,4.3374999999999995,75.99166666666666,,6.155430866765264
2018-02-13,2018.0,44.0,2.0,13.0,-10.450000000000001,973.4291666666667,6.766666666666667,78.01666666666667,,205.66859460374002
2018-02-14,2018.0,45.0,2.0,14.0,-16.416666666666668,982.375,4.3500000000000005,74.97916666666667,,177.89306261936065
2018-02-15,2018.0,46.0,2.0,15.0,-13.779166666666667,978.9250000000001,6.6125,77.69166666666668,,167.55577343058647
2018-02-16,2018.0,47.0,2.0,16.0,-13.275,981.1458333333334,3.1750000000000003,66.9375,,113.39579500673399
2018-02-17,2018.0,48.0,2.0,17.0,-15.508333333333333,987.1583333333333,6.7625,81.40833333333333,,215.30498609708417
2018-02-18,2018.0,49.0,2.0,18.0,-17.495833333333334,993.5708333333333,6.208333333333333,82.425,,183.48478201092905
2018-02-19,2018.0,50.0,2.0,19.0,-17.375,991.2583333333333,5.8500000000000005,76.64583333333333,,148.65963227574267
2018-02-20,2018.0,51.0,2.0,20.0,-19.650000000000002,990.0124999999999,7.491666666666667,79.09166666666667,,170.6305759985857
2018-02-21,2018.0,52.0,2.0,21.0,-22.75,985.6208333333334,11.441666666666668,78.22500000000001,,222.50181915972752
2018-02-22,2018.0,53.0,2.0,22.0,-17.095833333333335,984.2875,15.416666666666666,90.98333333333333,,215.22637785712652
2018-02-23,2018.0,54.0,2.0,23.0,-14.654166666666667,987.2125,11.658333333333333,86.49583333333334,,214.4510179050868
2018-02-24,2018.0,55.0,2.0,24.0,-16.766666666666666,983.8166666666666,7.0125,79.54583333333333,,209.96104993575642
2018-02-25,2018.0,56.0,2.0,25.0,-19.045833333333334,978.8249999999999,6.908333333333334,73.6375,,197.29303335706092
2018-02-26,2018.0,57.0,2.0,26.0,-17.025000000000002,977.3916666666668,7.120833333333334,75.53750000000001,,209.4009842366937
2018-02-27,2018.0,58.0,2.0,27.0,-13.161904761904761,975.8541666666666,2.3958333333333335,71.89999999999999,,102.58817458178672
2018-02-28,2018.0,59.0,2.0,28.0,-14.0625,978.3916666666668,5.333333333333333,84.52916666666667,,139.62377267615096
2018-03-01,2018.0,60.0,3.0,1.0,-16.383333333333333,979.9291666666667,12.104166666666666,91.14166666666667,,204.19731567591816
2018-03-02,2018.0,61.0,3.0,2.0,-17.183333333333334,981.2416666666667,10.083333333333334,90.11666666666667,,196.06432419156863
2018-03-03,2018.0,62.0,3.0,3.0,-21.575,986.5666666666666,5.754166666666666,82.21666666666667,,182.40055984233587
2018-03-04,2018.0,63.0,3.0,4.0,-14.875,986.8958333333334,4.295833333333333,82.81363636363636,,64.5429586323452
2018-03-05,2018.0,64.0,3.0,5.0,-19.054166666666667,990.4541666666668,10.470833333333333,89.40416666666665,,207.31050871949336
2018-03-06,2018.0,65.0,3.0,6.0,-22.358333333333334,985.35,11.237499999999999,84.68333333333334,,217.15685994526763
2018-03-07,2018.0,66.0,3.0,7.0,-26.416666666666668,977.4916666666667,6.875,78.78333333333333,,197.61873975474182
2018-03-08,2018.0,67.0,3.0,8.0,-24.97083333333333,971.9499999999999,7.108333333333333,78.3125,,149.1894248621815
2018-03-09,2018.0,68.0,3.0,9.0,-19.545833333333334,973.5375,15.716666666666667,91.03750000000001,,203.4098371386555
2018-03-10,2018.0,69.0,3.0,10.0,-22.675,983.7291666666666,7.041666666666667,83.63333333333334,,199.41824043049056
2018-03-11,2018.0,70.0,3.0,11.0,-20.458333333333332,987.0708333333333,5.320833333333334,81.12916666666666,,210.98272458850727
2018-03-12,2018.0,71.0,3.0,12.0,-14.129166666666668,983.6208333333334,14.729166666666666,94.85238095238095,,217.96854896475287
2018-03-13,2018.0,72.0,3.0,13.0,-20.8125,986.65,12.083333333333334,88.51666666666667,,194.44093457162973
2018-03-14,2018.0,73.0,3.0,14.0,-19.579166666666666,983.4333333333334,14.116666666666667,88.9875,,206.69278053630953
2018-03-15,2018.0,74.0,3.0,15.0,-21.929166666666664,975.0416666666666,11.241666666666667,82.69583333333334,,197.8140047341526
2018-03-16,2018.0,75.0,3.0,16.0,-25.370833333333334,971.6166666666667,5.383333333333333,75.96249999999999,,191.66150489024784
2018-03-17,2018.0,76.0,3.0,17.0,-16.283333333333335,964.0583333333334,8.195833333333333,86.8,,255.17809779281802
2018-03-18,2018.0,77.0,3.0,18.0,-17.175,978.2624999999999,2.4833333333333334,93.14999999999999,,352.71526006015404
2018-03-19,2018.0,78.0,3.0,19.0,-19.566666666666666,996.2583333333333,6.375,91.44583333333333,,173.66813893476416
2018-03-20,2018.0,79.0,3.0,20.0,-19.316666666666666,987.9208333333332,9.345833333333333,89.20416666666667,,216.56474678782865
2018-03-21,2018.0,80.0,3.0,21.0,-21.645833333333332,981.3625000000001,5.4875,80.74583333333334,,198.50244882367286
2018-03-22,2018.0,81.0,3.0,22.0,-21.6375,979.9541666666668,6.5375000000000005,83.64583333333333,,232.74668756827043
2018-03-23,2018.0,82.0,3.0,23.0,-18.154166666666665,977.0833333333334,9.041666666666666,82.89583333333333,,237.63479823229372
2018-03-24,2018.0,83.0,3.0,24.0,-13.354166666666666,978.6625,15.045833333333334,93.69565217391305,,215.59916302232256
2018-03-25,2018.0,84.0,3.0,25.0,-17.883333333333333,982.1125000000001,12.075000000000001,89.89166666666667,,216.7750586792531
2018-03-26,2018.0,85.0,3.0,26.0,-21.287499999999998,988.3958333333334,7.591666666666666,80.50416666666666,,224.85846216785478
2018-03-27,2018.0,86.0,3.0,27.0,-25.004166666666666,996.7624999999999,4.816666666666666,68.73333333333333,,213.3764619588535
2018-03-28,2018.0,87.0,3.0,28.0,-29.354166666666668,1000.1750000000001,2.9875000000000003,74.60416666666667,,216.38919499265296
2018-03-29,2018.0,88.0,3.0,29.0,-27.570833333333336,999.8208333333333,4.0249999999999995,81.77083333333333,,236.52856187912295
2018-03-30,2018.0,89.0,3.0,30.0,-21.204166666666666,996.9625,8.145833333333334,68.50833333333334,,213.9062443966025
2018-03-31,2018.0,90.0,3.0,31.0,-19.608333333333334,998.6750000000001,8.354166666666666,69.26666666666667,,215.16952611393202
2018-04-01,2018.0,91.0,4.0,1.0,-24.829166666666666,999.0083333333333,4.058333333333334,78.425,,208.2954386572894
2018-04-02,2018.0,92.0,4.0,2.0,-26.945833333333336,1002.2208333333333,3.0500000000000003,84.40833333333333,,218.56853779273828
2018-04-03,2018.0,93.0,4.0,3.0,-28.083333333333332,998.475,3.091666666666667,80.29166666666667,,191.58698864059681
2018-04-04,2018.0,94.0,4.0,4.0,-27.55,994.0708333333333,2.6916666666666664,81.58749999999999,,197.5053449557165
2018-04-05,2018.0,95.0,4.0,5.0,-27.21666666666667,992.2583333333333,7.079166666666667,83.08749999999999,,198.98075733308303
2018-04-06,2018.0,96.0,4.0,6.0,-23.233333333333334,988.2125,2.966666666666667,80.625,,251.4347513571054
2018-04-07,2018.0,97.0,4.0,7.0,-21.233333333333334,988.5749999999999,2.629166666666667,85.74583333333334,,235.64101900217918
2018-04-08,2018.0,98.0,4.0,8.0,-19.1875,993.5,2.1958333333333333,93.28750000000001,,278.19419690987013
2018-04-09,2018.0,99.0,4.0,9.0,-22.400000000000002,996.6,0.7541666666666668,88.25,,312.37700299107576
2018-04-10,2018.0,100.0,4.0,10.0,-29.933333333333334,994.7791666666667,1.6625,81.16666666666667,,235.2965330078346
2018-04-11,2018.0,101.0,4.0,11.0,-23.066666666666666,992.375,2.5208333333333335,89.14583333333333,,237.6241853823817
2018-04-12,2018.0,102.0,4.0,12.0,-27.375,987.2958333333332,6.1000000000000005,83.75416666666666,,160.12208155569678
2018-04-13,2018.0,103.0,4.0,13.0,-31.8,982.5166666666668,4.05,77.06666666666666,,244.9331160703618
2018-04-14,2018.0,104.0,4.0,14.0,-32.891666666666666,982.8375,3.5749999999999997,76.9,,229.78889788075898
2018-04-15,2018.0,105.0,4.0,15.0,-29.558333333333334,982.7125,2.125,81.19166666666666,,324.7904199624175
2018-04-16,2018.0,106.0,4.0,16.0,-25.5,995.475,2.1625,86.38333333333333,,260.01683761970025
2018-04-17,2018.0,107.0,4.0,17.0,-29.53333333333333,996.6416666666668,1.4708333333333332,81.75,,91.85366727256988
2018-04-18,2018.0,108.0,4.0,18.0,-26.616666666666664,991.9041666666667,3.4958333333333336,85.2375,,174.97930984767373
2018-04-19,2018.0,109.0,4.0,19.0,-30.683333333333334,999.9458333333333,8.908333333333333,80.36666666666666,,197.57868888996842
2018-04-20,2018.0,110.0,4.0,20.0,-34.30416666666667,995.0166666666668,5.333333333333333,75.63333333333334,,208.57199506813348
2018-04-21,2018.0,111.0,4.0,21.0,-38.30416666666667,991.8291666666668,2.6416666666666666,70.675,,195.1279283335433
2018-04-22,2018.0,112.0,4.0,22.0,-33.75416666666667,992.1125000000001,6.720833333333334,76.325,,193.52216540346737
2018-04-23,2018.0,113.0,4.0,23.0,-31.441666666666666,989.9708333333333,11.9,79.12916666666666,,212.0307190969316
2018-04-24,2018.0,114.0,4.0,24.0,-27.599999999999998,972.8166666666666,4.9125000000000005,83.675,,268.4471603616595
2018-04-25,2018.0,115.0,4.0,25.0,-14.579166666666666,958.7291666666666,11.620833333333332,96.60714285714286,,281.7268956670242
2018-04-26,2018.0,116.0,4.0,26.0,-17.595833333333335,975.4041666666667,13.379166666666668,94.345,,220.64970983924636
2018-04-27,2018.0,117.0,4.0,27.0,-25.3125,981.3041666666667,3.8499999999999996,84.86666666666666,,204.41382335215735
2018-04-28,2018.0,118.0,4.0,28.0,-22.333333333333332,972.4125,6.2124999999999995,89.99166666666667,,235.57004597814833
2018-04-29,2018.0,119.0,4.0,29.0,-21.066666666666666,970.9625,8.166666666666666,89.00416666666666,,222.70713737686057
2018-04-30,2018.0,120.0,4.0,30.0,-25.804166666666664,982.0708333333333,4.729166666666667,82.28750000000001,,185.56026144428975
2018-05-01,2018.0,121.0,5.0,1.0,-24.34583333333333,978.6416666666668,5.079166666666667,85.19166666666666,,215.16572559920795
2018-05-02,2018.0,122.0,5.0,2.0,-29.791666666666668,974.4875000000001,5.154166666666667,81.08749999999999,,209.9072044607683
2018-05-03,2018.0,123.0,5.0,3.0,-25.1125,975.6374999999999,6.325,86.93333333333334,,239.78068002876574
2018-05-04,2018.0,124.0,5.0,4.0,-28.2,984.4583333333334,5.8999999999999995,83.03750000000001,,210.2698297482999
2018-05-05,2018.0,125.0,5.0,5.0,-28.7625,989.4916666666667,2.7541666666666664,82.27499999999999,,97.21519193506622
2018-05-06,2018.0,126.0,5.0,6.0,-33.425000000000004,983.1291666666666,2.3375,76.78750000000001,,208.13375599686154
2018-05-07,2018.0,127.0,5.0,7.0,-42.5375,983.3791666666666,1.7083333333333333,65.3875,,169.16400814586044
2018-05-08,2018.0,128.0,5.0,8.0,-41.75833333333333,989.0833333333334,2.9,65.9875,,230.41843853627404
2018-05-09,2018.0,129.0,5.0,9.0,-38.954166666666666,983.6916666666666,3.2708333333333335,69.92916666666666,,231.46236085500104
2018-05-10,2018.0,130.0,5.0,10.0,-42.73333333333333,972.9250000000001,2.9499999999999997,64.975,,220.00290614643146
2018-05-11,2018.0,131.0,5.0,11.0,-32.108333333333334,965.2416666666667,7.204166666666667,78.30833333333334,,216.61277442205332
2018-05-12,2018.0,132.0,5.0,12.0,-21.358333333333334,964.1,5.329166666666667,90.61666666666667,,276.92981302346226
2018-05-13,2018.0,133.0,5.0,13.0,-18.654166666666665,972.5041666666666,10.783333333333333,94.4375,,222.64141469766756
2018-05-14,2018.0,134.0,5.0,14.0,-14.629166666666668,969.7125,13.049999999999999,97.65,,217.9974711980637
2018-05-15,2018.0,135.0,5.0,15.0,-19.587500000000002,974.8708333333334,15.112499999999999,93.375,,212.70314237343592
2018-05-16,2018.0,136.0,5.0,16.0,-23.674999999999997,987.7916666666666,9.7875,88.91666666666667,,236.06851374769067
2018-05-17,2018.0,137.0,5.0,17.0,-24.28333333333333,994.2125,2.470833333333333,88.29583333333333,,276.211010310342
2018-05-18,2018.0,138.0,5.0,18.0,-26.358333333333334,1001.2583333333333,2.216666666666667,85.50416666666666,,297.14277768844664
2018-05-19,2018.0,139.0,5.0,19.0,-33.050000000000004,991.8958333333334,2.283333333333333,77.94166666666666,,177.90848360808045
2018-05-20,2018.0,140.0,5.0,20.0,-35.5625,992.8874999999999,1.0916666666666666,74.31666666666666,,186.04286465719358
2018-05-21,2018.0,141.0,5.0,21.0,-31.599999999999998,999.1666666666666,5.0249999999999995,79.45,,218.27642715520994
2018-05-22,2018.0,142.0,5.0,22.0,-31.358333333333334,1001.1458333333334,15.191666666666668,79.84583333333333,,205.75667522704046
2018-05-23,2018.0,143.0,5.0,23.0,-29.53333333333333,992.4875000000001,7.033333333333334,80.77499999999999,,187.24990157982305
2018-05-24,2018.0,144.0,5.0,24.0,-29.491666666666664,980.6374999999999,1.9791666666666667,82.0,,193.85835195111628
2018-05-25,2018.0,145.0,5.0,25.0,-22.95,978.8791666666666,5.0,89.78333333333335,,318.4090563830549
2018-05-26,2018.0,146.0,5.0,26.0,-24.554166666666664,985.0375,3.3541666666666665,88.07916666666667,,319.224516365146
2018-05-27,2018.0,147.0,5.0,27.0,-33.4,996.6291666666666,3.9625,77.5125,,191.73844369217105
2018-05-28,2018.0,148.0,5.0,28.0,-34.666666666666664,998.0708333333333,4.833333333333333,75.675,,236.205701654708
2018-05-29,2018.0,149.0,5.0,29.0,-31.924999999999997,991.0666666666666,2.9875000000000003,79.1375,,315.6470126662554
2018-05-30,2018.0,150.0,5.0,30.0,-38.80416666666667,993.5416666666666,2.5416666666666665,70.67083333333333,,221.42418806160003
2018-05-31,2018.0,151.0,5.0,31.0,-34.12916666666667,997.9125,5.45,76.075,,227.96471095246227
2018-06-01,2018.0,152.0,6.0,1.0,-29.075,998.1208333333334,6.4125000000000005,82.18333333333334,,198.46955109978438
2018-06-02,2018.0,153.0,6.0,2.0,-25.458333333333332,988.9041666666667,8.695833333333333,82.32916666666667,,214.78466042739046
2018-06-03,2018.0,154.0,6.0,3.0,-28.370833333333334,967.2708333333334,4.9375,81.83749999999999,,233.11086381693877
2018-06-04,2018.0,155.0,6.0,4.0,-34.9625,984.5333333333333,12.654166666666667,75.35000000000001,,184.63975893073004
2018-06-05,2018.0,156.0,6.0,5.0,-34.05833333333333,986.0749999999999,3.7916666666666665,76.31666666666666,,216.12779015801453
2018-06-06,2018.0,157.0,6.0,6.0,-35.625,980.0625,5.729166666666667,74.33749999999999,,191.85390739006786
2018-06-07,2018.0,158.0,6.0,7.0,-28.333333333333332,974.2041666666668,10.995833333333332,83.19166666666668,,207.27195730658826
2018-06-08,2018.0,159.0,6.0,8.0,-30.03333333333333,969.5458333333332,10.383333333333333,80.09166666666667,,205.190611856548
2018-06-09,2018.0,160.0,6.0,9.0,-18.45,959.975,15.116666666666667,83.92083333333333,,225.5224947269514
2018-06-10,2018.0,161.0,6.0,10.0,-18.287499999999998,966.875,18.104166666666668,89.14999999999999,,214.99522116691443
2018-06-11,2018.0,162.0,6.0,11.0,-23.870833333333334,973.525,9.987499999999999,71.57916666666667,,219.43392456681937
2018-06-12,2018.0,163.0,6.0,12.0,-30.370833333333334,980.3333333333334,5.995833333333334,68.58333333333333,,225.26016263311737
2018-06-13,2018.0,164.0,6.0,13.0,-29.866666666666664,991.875,6.929166666666667,75.14583333333333,,204.682229513395
2018-06-14,2018.0,165.0,6.0,14.0,-36.32083333333333,994.7916666666666,4.045833333333333,68.67083333333333,,203.29235622911736
2018-06-15,2018.0,166.0,6.0,15.0,-29.545833333333334,992.6999999999999,7.504166666666666,77.57083333333334,,239.1224831904731
2018-06-16,2018.0,167.0,6.0,16.0,-26.770833333333332,988.2916666666666,14.641666666666666,82.22500000000001,,203.335680277584
2018-06-17,2018.0,168.0,6.0,17.0,-27.40416666666667,990.0291666666667,16.412499999999998,76.1125,,201.3334045668659
2018-06-18,2018.0,169.0,6.0,18.0,-16.4375,987.975,18.554166666666667,78.3875,,217.47092829229015
2018-06-19,2018.0,170.0,6.0,19.0,-16.35,986.5291666666667,16.412499999999998,82.3,,213.2103878789619
2018-06-20,2018.0,171.0,6.0,20.0,-20.587500000000002,994.2624999999999,14.083333333333334,80.12916666666666,,202.17457316097813
2018-06-21,2018.0,172.0,6.0,21.0,-24.712500000000002,991.7333333333332,9.049999999999999,79.71666666666667,,215.8283523929069
2018-06-22,2018.0,173.0,6.0,22.0,-29.34166666666667,994.3125,4.4,77.67083333333333,,205.92894970748043
2018-06-23,2018.0,174.0,6.0,23.0,-29.170833333333334,999.6374999999999,5.9750000000000005,81.64583333333333,,204.25332557314314
2018-06-24,2018.0,175.0,6.0,24.0,-18.854166666666668,993.5833333333334,9.2875,88.91250000000001,,209.2457709913992
2018-06-25,2018.0,176.0,6.0,25.0,-23.55,988.4708333333333,6.845833333333334,82.75,,185.1601755913039
2018-06-26,2018.0,177.0,6.0,26.0,-25.108333333333334,994.8249999999999,14.5875,86.00416666666666,,194.61850443440545
2018-06-27,2018.0,178.0,6.0,27.0,-25.383333333333336,999.4,7.9875,84.3875,,177.4673334399489
2018-06-28,2018.0,179.0,6.0,28.0,-27.329166666666666,995.9833333333332,2.7125,84.16666666666667,,229.70079822007088
2018-06-29,2018.0,180.0,6.0,29.0,-24.758333333333336,992.4791666666666,5.245833333333334,87.29166666666667,,219.46351968767323
2018-06-30,2018.0,181.0,6.0,30.0,-25.291666666666668,992.5083333333333,9.320833333333333,86.70833333333333,,195.6154863287918
2018-07-01,2018.0,182.0,7.0,1.0,-30.491666666666664,990.7916666666666,4.529166666666667,80.6375,,222.63986662475713
2018-07-02,2018.0,183.0,7.0,2.0,-31.46666666666667,994.4499999999999,2.891666666666667,79.37916666666666,,254.08295207987746
2018-07-03,2018.0,184.0,7.0,3.0,-25.991666666666664,995.8874999999999,5.504166666666666,85.55833333333334,,307.1796219467062
2018-07-04,2018.0,185.0,7.0,4.0,-26.741666666666664,999.1041666666666,11.658333333333333,84.875,,183.66542207112386
2018-07-05,2018.0,186.0,7.0,5.0,-27.120833333333334,994.25,9.204166666666667,84.22500000000001,,205.09963997508953
2018-07-06,2018.0,187.0,7.0,6.0,-22.483333333333334,990.3833333333333,4.104166666666667,90.07916666666667,,348.528028337085
2018-07-07,2018.0,188.0,7.0,7.0,-33.62916666666667,988.0708333333333,6.9375,76.9875,,214.8673347267023
2018-07-08,2018.0,189.0,7.0,8.0,-38.40416666666667,992.6833333333334,5.45,70.95416666666667,,205.66596515569864
2018-07-09,2018.0,190.0,7.0,9.0,-44.541666666666664,986.5625,3.2583333333333333,62.93333333333333,,196.37905564770182
2018-07-10,2018.0,191.0,7.0,10.0,-45.92916666666667,982.6416666666668,5.583333333333333,60.80416666666667,,188.59928853780102
2018-07-11,2018.0,192.0,7.0,11.0,-41.80833333333333,973.4291666666667,8.3375,66.29166666666667,,222.75938561172168
2018-07-12,2018.0,193.0,7.0,12.0,-39.77916666666667,962.9833333333332,2.2875,68.8125,,142.32910057295905
2018-07-13,2018.0,194.0,7.0,13.0,-37.87083333333333,972.7333333333332,1.7458333333333333,70.64166666666667,,277.481738243047
2018-07-14,2018.0,195.0,7.0,14.0,-34.62916666666667,977.2791666666667,2.025,74.7375,,327.16345103017716
2018-07-15,2018.0,196.0,7.0,15.0,-26.854166666666668,982.3249999999999,8.487499999999999,84.6125,,231.16438243932134
2018-07-16,2018.0,197.0,7.0,16.0,-28.541666666666668,983.1458333333334,1.8416666666666668,82.44583333333334,,2.0518274793425886
2018-07-17,2018.0,198.0,7.0,17.0,-34.199999999999996,982.5166666666668,1.4666666666666668,75.8,,56.0529493282882
2018-07-18,2018.0,199.0,7.0,18.0,-29.2625,979.7458333333334,5.391666666666667,81.86666666666666,,253.681649485317
2018-07-19,2018.0,200.0,7.0,19.0,-31.729166666666668,965.6166666666667,3.558333333333333,78.71249999999999,,145.07223596348626
2018-07-20,2018.0,201.0,7.0,20.0,-25.22083333333333,972.0375,11.920833333333334,86.89166666666667,,238.11514355130944
2018-07-21,2018.0,202.0,7.0,21.0,-22.90416666666667,971.1541666666667,10.825000000000001,89.58749999999999,,230.58422092746846
2018-07-22,2018.0,203.0,7.0,22.0,-22.691666666666666,968.4791666666666,10.116666666666667,89.36666666666667,,229.417894727284
2018-07-23,2018.0,204.0,7.0,23.0,-23.204166666666666,982.7125,11.520833333333334,86.7625,,225.86261244895667
2018-07-24,2018.0,205.0,7.0,24.0,-26.579166666666666,983.3249999999999,6.3374999999999995,82.57083333333334,,252.6280660668623
2018-07-25,2018.0,206.0,7.0,25.0,-28.09166666666667,983.8000000000001,6.6375,80.8,,231.99295089867732
2018-07-26,2018.0,207.0,7.0,26.0,-25.629166666666666,985.2791666666667,10.729166666666666,84.74166666666666,,222.2833395437594
2018-07-27,2018.0,208.0,7.0,27.0,-25.858333333333334,987.0500000000001,5.195833333333334,82.17916666666666,,249.7624309064809
2018-07-28,2018.0,209.0,7.0,28.0,-34.199999999999996,987.6,3.079166666666667,76.15833333333333,,223.7784523973203
2018-07-29,2018.0,210.0,7.0,29.0,-38.020833333333336,999.5083333333333,3.9125,71.09583333333333,,205.12503209986613
2018-07-30,2018.0,211.0,7.0,30.0,-36.833333333333336,1000.9833333333332,1.4583333333333333,73.32083333333334,,114.37375810408834
2018-07-31,2018.0,212.0,7.0,31.0,-42.225,1007.025,0.7166666666666667,65.67916666666666,,163.35652940647344
2018-08-01,2018.0,213.0,8.0,1.0,-34.641666666666666,1002.6333333333333,0.3230769230769231,75.3,,22.5008713579064
2018-08-02,2018.0,214.0,8.0,2.0,-41.9375,1001.7291666666666,2.825,66.15833333333333,,179.10136064203323
2018-08-03,2018.0,215.0,8.0,3.0,-41.65833333333333,1006.2458333333334,1.7041666666666666,66.6875,,157.34727026203612
2018-08-04,2018.0,216.0,8.0,4.0,-46.729166666666664,1001.9958333333334,1.5833333333333333,59.75416666666666,,230.08607097379127
2018-08-05,2018.0,217.0,8.0,5.0,-35.53478260869565,989.8000000000001,0.525,73.09583333333333,,325.6540975378161
2018-08-06,2018.0,218.0,8.0,6.0,-39.225,987.3874999999999,3.375,69.54583333333333,,233.33166232419785
2018-08-07,2018.0,219.0,8.0,7.0,-33.81666666666667,986.3958333333334,3.25,76.03750000000001,,298.8921858225534
2018-08-08,2018.0,220.0,8.0,8.0,-26.204166666666666,986.7958333333332,14.799999999999999,85.90416666666665,,228.27877183976494
2018-08-09,2018.0,221.0,8.0,9.0,-30.787499999999998,995.1625,10.241666666666667,80.48333333333333,,220.33310235338254
2018-08-10,2018.0,222.0,8.0,10.0,-21.958333333333332,988.0500000000001,10.366666666666665,90.58749999999999,,227.61214476731675
2018-08-11,2018.0,223.0,8.0,11.0,-26.71666666666667,985.0124999999999,11.433333333333332,85.35000000000001,,187.5440248446203
2018-08-12,2018.0,224.0,8.0,12.0,-30.09166666666667,982.2833333333333,8.15,81.19166666666668,,227.3561149013705
2018-08-13,2018.0,225.0,8.0,13.0,-23.370833333333334,983.1041666666666,9.525,85.30416666666666,,244.74767073749604
2018-08-14,2018.0,226.0,8.0,14.0,-15.2875,987.6125000000001,13.995833333333332,97.1875,,239.91548845704585
2018-08-15,2018.0,227.0,8.0,15.0,-26.020833333333332,1001.6875,6.446153846153846,84.19166666666666,,227.56558331357704
2018-08-16,2018.0,228.0,8.0,16.0,-20.400000000000002,1001.9833333333332,3.563636363636363,92.47083333333335,,4.998911280644379
2018-08-17,2018.0,229.0,8.0,17.0,-27.724999999999998,996.2541666666666,2.3874999999999997,84.2375,,284.7210867958295
2018-08-18,2018.0,230.0,8.0,18.0,-26.96666666666667,996.8833333333333,1.2708333333333333,84.83749999999999,,267.14433462058963
2018-08-19,2018.0,231.0,8.0,19.0,-35.69583333333333,988.1208333333334,0.5333333333333333,74.49166666666666,,149.75047339324044
2018-08-20,2018.0,232.0,8.0,20.0,-37.824999999999996,984.0749999999999,0.3166666666666667,71.60000000000001,,202.38932696024932
2018-08-21,2018.0,233.0,8.0,21.0,-37.28333333333333,988.9458333333333,0.4583333333333333,72.24583333333334,,160.957293006502
2018-08-22,2018.0,234.0,8.0,22.0,-40.63333333333333,995.875,0.21666666666666667,67.65416666666667,,226.45779941778272
2018-08-23,2018.0,235.0,8.0,23.0,-41.545833333333334,996.6916666666666,0.14,66.17916666666666,,232.71816266591165
2018-08-24,2018.0,236.0,8.0,24.0,-41.86666666666667,994.4541666666668,,66.34583333333333,,
2018-08-25,2018.0,237.0,8.0,25.0,-42.92916666666667,996.1,,64.85000000000001,,
2018-08-26,2018.0,238.0,8.0,26.0,-37.275,992.475,13.9,72.22916666666667,,210.27879601214931
2018-08-27,2018.0,239.0,8.0,27.0,-37.80833333333333,982.5124999999999,9.417391304347825,71.45,,222.54365876695022
2018-08-28,2018.0,240.0,8.0,28.0,-37.24583333333333,971.1625,2.0538461538461537,71.92916666666666,,169.0062622382084
2018-08-29,2018.0,241.0,8.0,29.0,-35.479166666666664,976.1333333333333,0.7125,73.45416666666667,,184.7337733922369
2018-08-30,2018.0,242.0,8.0,30.0,-37.36666666666667,980.8291666666668,0.15000000000000002,72.24583333333334,,138.07664740265247
2018-08-31,2018.0,243.0,8.0,31.0,-33.675000000000004,978.6166666666667,,76.27083333333333,,
2018-09-01,2018.0,244.0,9.0,1.0,-35.666666666666664,973.8000000000001,5.555,74.425,,258.36004144991955
2018-09-02,2018.0,245.0,9.0,2.0,-34.65833333333333,965.7958333333332,23.945833333333336,75.49166666666666,,235.9895427751813
2018-09-03,2018.0,246.0,9.0,3.0,-24.34583333333333,942.3458333333333,24.15416666666667,87.95,,248.46186533817885
2018-09-04,2018.0,247.0,9.0,4.0,-21.291666666666668,947.9625,17.216666666666665,91.0125,,245.99744418296555
2018-09-05,2018.0,248.0,9.0,5.0,-28.995833333333334,964.6583333333333,10.058333333333334,80.65416666666667,,245.32574609852338
2018-09-06,2018.0,249.0,9.0,6.0,-37.641666666666666,972.9083333333333,4.3999999999999995,68.71666666666667,,232.40168528740094
2018-09-07,2018.0,250.0,9.0,7.0,-36.375,971.7958333333332,2.142857142857143,73.22083333333333,,222.59429688644659
2018-09-08,2018.0,251.0,9.0,8.0,-36.300000000000004,975.9250000000001,2.0625,73.89999999999999,,233.53338961791627
2018-09-09,2018.0,252.0,9.0,9.0,-35.25416666666667,987.975,2.930434782608696,74.71666666666667,,226.916483155533
2018-09-10,2018.0,253.0,9.0,10.0,-36.47083333333333,993.9958333333334,2.8777777777777778,74.09166666666667,,284.70771909788044
2018-09-11,2018.0,254.0,9.0,11.0,-28.641666666666666,995.0208333333334,,82.8,,
2018-09-12,2018.0,255.0,9.0,12.0,-36.93181818181818,991.3666666666667,,74.1875,,
2018-09-13,2018.0,256.0,9.0,13.0,-35.09090909090909,986.0041666666666,7.473684210526316,76.5125,,209.0841341480109
2018-09-14,2018.0,257.0,9.0,14.0,-35.5625,986.3375,6.9875,74.49583333333334,,250.22121868658894
2018-09-15,2018.0,258.0,9.0,15.0,-37.5375,982.4958333333334,10.174999999999999,72.05833333333334,,240.9348723441537
2018-09-16,2018.0,259.0,9.0,16.0,-28.5,975.1875,19.741666666666667,82.85416666666667,,235.4258356047368
2018-09-17,2018.0,260.0,9.0,17.0,-22.241666666666664,973.4125,20.816666666666666,90.1875,,234.0904654582148
2018-09-18,2018.0,261.0,9.0,18.0,-23.433333333333334,970.6333333333333,14.091666666666667,85.51666666666667,,234.04728456119742
2018-09-19,2018.0,262.0,9.0,19.0,-27.166666666666668,964.6458333333334,10.529166666666667,78.23333333333333,,240.01146398386925
2018-09-20,2018.0,263.0,9.0,20.0,-21.116666666666667,974.4291666666667,10.983333333333334,80.58333333333333,,238.00269380009107
2018-09-21,2018.0,264.0,9.0,21.0,-22.712500000000002,979.9875000000001,5.5,75.1375,,289.08190103981997
2018-09-22,2018.0,265.0,9.0,22.0,-28.316666666666666,986.3958333333334,8.916666666666666,70.55833333333334,,226.51698260876273
2018-09-23,2018.0,266.0,9.0,23.0,-31.016666666666666,986.2083333333334,9.916666666666666,70.875,,240.93517308304803
2018-09-24,2018.0,267.0,9.0,24.0,-35.833333333333336,984.225,4.0249999999999995,61.67083333333333,,219.75994945617455
2018-09-25,2018.0,268.0,9.0,25.0,-30.9375,979.1666666666666,3.1,68.73333333333333,,194.12436706890222
2018-09-26,2018.0,269.0,9.0,26.0,-37.204166666666666,977.8458333333333,4.158333333333333,66.25833333333334,,212.59374381547616
2018-09-27,2018.0,270.0,9.0,27.0,-25.683333333333334,963.0166666666668,12.141666666666666,82.41666666666667,,255.97660523532835
2018-09-28,2018.0,271.0,9.0,28.0,-21.150000000000002,950.5625,8.450000000000001,86.02499999999999,,22.175681612445345
2018-09-29,2018.0,272.0,9.0,29.0,-27.683333333333334,959.4208333333332,4.875,80.07916666666667,,280.08252236590147
2018-09-30,2018.0,273.0,9.0,30.0,-23.958333333333332,962.3958333333334,7.870833333333334,83.79166666666667,,259.4215534656822
2018-10-01,2018.0,274.0,10.0,1.0,-24.291666666666668,961.9083333333333,24.0,88.2625,,240.00336916890456
2018-10-02,2018.0,275.0,10.0,2.0,-25.516666666666666,963.8041666666667,8.883333333333333,85.55416666666667,,238.36427532145558
2018-10-03,2018.0,276.0,10.0,3.0,-21.912499999999998,958.9291666666667,11.15,87.175,,229.77562096659074
2018-10-04,2018.0,277.0,10.0,4.0,-14.308333333333332,950.6916666666666,14.75,96.58181818181819,,243.14198510686748
2018-10-05,2018.0,278.0,10.0,5.0,-16.108333333333334,953.7375000000001,13.6625,95.59166666666665,,231.3427030103464
2018-10-06,2018.0,279.0,10.0,6.0,-19.058333333333334,966.2833333333333,13.220833333333333,91.86666666666667,,223.7282983775624
2018-10-07,2018.0,280.0,10.0,7.0,-15.991666666666667,971.1416666666668,13.470833333333333,95.47500000000001,,237.0265662199244
2018-10-08,2018.0,281.0,10.0,8.0,-16.308333333333334,969.2333333333332,17.150000000000002,95.0,,236.58642896898067
2018-10-09,2018.0,282.0,10.0,9.0,-15.191666666666668,969.0083333333333,15.904166666666667,94.1875,,245.1687785857896
2018-10-10,2018.0,283.0,10.0,10.0,-14.629166666666668,960.6666666666666,16.170833333333334,93.63888888888889,,241.3342730194586
2018-10-11,2018.0,284.0,10.0,11.0,-14.174999999999999,963.7791666666667,6.158333333333334,92.77499999999999,,270.07597207806106
2018-10-12,2018.0,285.0,10.0,12.0,-24.354166666666668,976.3291666666668,5.633333333333333,84.42083333333333,,173.03447512128477
2018-10-13,2018.0,286.0,10.0,13.0,-23.84166666666667,983.4833333333332,5.466666666666666,85.27083333333333,,197.77002469386454
2018-10-14,2018.0,287.0,10.0,14.0,-23.95,994.4125,5.8,82.55833333333332,,219.37287393284706
2018-10-15,2018.0,288.0,10.0,15.0,-24.03333333333333,997.8000000000001,4.530769230769231,73.89583333333333,,241.5394697238689
2018-10-16,2018.0,289.0,10.0,16.0,-26.645833333333332,984.5708333333333,4.6125,68.47083333333333,,190.91774154085206
2018-10-17,2018.0,290.0,10.0,17.0,-25.147368421052633,967.35,2.5875,75.24347826086957,,184.81371145877705
2018-10-18,2018.0,291.0,10.0,18.0,-20.708333333333332,966.7458333333334,3.7083333333333335,79.99166666666666,,352.6602037867251
2018-10-19,2018.0,292.0,10.0,19.0,-17.233333333333334,978.4791666666666,4.195833333333334,85.7625,,325.2686817180418
2018-10-20,2018.0,293.0,10.0,20.0,-17.60952380952381,980.6958333333333,5.295833333333333,84.375,,349.4882448298408
2018-10-21,2018.0,294.0,10.0,21.0,-25.883333333333336,981.525,9.116666666666667,77.4375,,197.6433072327849
2018-10-22,2018.0,295.0,10.0,22.0,-24.238095238095237,982.4125,5.116666666666666,79.22500000000001,,215.82559819348427
2018-10-23,2018.0,296.0,10.0,23.0,-22.794999999999998,979.6999999999999,5.791666666666667,70.71666666666667,,208.79470690673867
2018-10-24,2018.0,297.0,10.0,24.0,-18.670833333333334,975.0458333333332,7.3500000000000005,65.7875,,255.32344658215817
2018-10-25,2018.0,298.0,10.0,25.0,-11.345833333333333,965.1166666666667,12.708333333333334,75.0,,249.1428994287362
2018-10-26,2018.0,299.0,10.0,26.0,-11.395833333333334,972.1291666666666,16.087500000000002,92.175,,238.32870657278056
2018-10-27,2018.0,300.0,10.0,27.0,-12.945833333333333,973.5,5.270833333333333,74.30416666666666,,254.6450565013548
2018-10-28,2018.0,301.0,10.0,28.0,-11.479166666666666,973.3166666666666,13.525,93.715,,233.1251488584753
2018-10-29,2018.0,302.0,10.0,29.0,-7.883333333333333,977.1833333333334,10.1625,83.4875,,241.16238244966854
2018-10-30,2018.0,303.0,10.0,30.0,-13.045833333333334,975.025,4.6625000000000005,71.34166666666667,,246.7596573331109
2018-10-31,2018.0,304.0,10.0,31.0,-13.791666666666666,973.5833333333334,2.7541666666666664,65.67083333333333,,201.77334617690258
2018-11-01,2018.0,305.0,11.0,1.0,-15.3125,976.9958333333334,5.220833333333333,70.63333333333334,,193.1805446019844
2018-11-02,2018.0,306.0,11.0,2.0,-17.733333333333334,976.9291666666667,9.883333333333333,79.34166666666667,,220.73374650912126
2018-11-03,2018.0,307.0,11.0,3.0,-16.712500000000002,980.525,6.083333333333333,71.51666666666667,,230.5156451401963
2018-11-04,2018.0,308.0,11.0,4.0,-16.633333333333333,980.5625,1.9749999999999999,60.31666666666666,,162.5917720695659
2018-11-05,2018.0,309.0,11.0,5.0,-14.195652173913043,977.525,5.354166666666667,71.08333333333333,,247.9641152305805
2018-11-06,2018.0,310.0,11.0,6.0,-11.004347826086956,979.725,2.3833333333333333,72.80833333333334,,353.92068832696094
2018-11-07,2018.0,311.0,11.0,7.0,-13.916666666666666,978.6374999999999,8.291666666666666,77.02499999999999,,234.64746780938412
2018-11-08,2018.0,312.0,11.0,8.0,-11.0625,969.6875,11.129166666666668,71.475,,237.10053922639807
2018-11-09,2018.0,313.0,11.0,9.0,-7.808333333333334,963.3666666666667,9.783333333333333,68.59565217391305,,251.4697738586359
2018-11-10,2018.0,314.0,11.0,10.0,-6.925,968.7583333333333,8.579166666666667,91.72916666666667,,237.78235499044382
2018-11-11,2018.0,315.0,11.0,11.0,-9.258333333333333,967.8249999999999,9.1,88.52083333333333,,230.59140977584673
2018-11-12,2018.0,316.0,11.0,12.0,-10.104166666666666,965.6666666666666,5.3,81.06666666666666,,217.45153775439482
2018-11-13,2018.0,317.0,11.0,13.0,-14.475,969.8083333333334,3.845833333333333,72.1375,,218.65066932974096
2018-11-14,2018.0,318.0,11.0,14.0,-13.079166666666666,973.8666666666667,4.291666666666667,67.2875,,216.1470227926034
2018-11-15,2018.0,319.0,11.0,15.0,-14.625,974.4416666666666,2.4375,64.14583333333333,,179.24802546527792
2018-11-16,2018.0,320.0,11.0,16.0,-13.788235294117646,976.3958333333334,1.8416666666666668,48.99583333333334,,205.24500798487136
2018-11-17,2018.0,321.0,11.0,17.0,-11.895454545454545,982.1583333333333,2.125,56.8375,,88.57143745828205
2018-11-18,2018.0,322.0,11.0,18.0,-9.47391304347826,984.6374999999999,3.3208333333333333,64.4375,,307.60268691056433
2018-11-19,2018.0,323.0,11.0,19.0,-12.525,973.1083333333332,2.9166666666666665,60.80833333333334,,243.72879813810317
2018-11-20,2018.0,324.0,11.0,20.0,-14.625,968.1875,8.429166666666667,68.55416666666666,,236.40152383825284
2018-11-21,2018.0,325.0,11.0,21.0,-9.733333333333333,969.6333333333333,8.179166666666667,70.08333333333333,,265.9214457466841
2018-11-22,2018.0,326.0,11.0,22.0,-13.0375,977.1217391304348,12.4375,80.72083333333333,,230.41600968205367
2018-11-23,2018.0,327.0,11.0,23.0,-8.554166666666667,979.75,8.483333333333333,66.75833333333334,,230.1022359027256
2018-11-24,2018.0,328.0,11.0,24.0,-7.220833333333334,979.6625,5.5625,61.26666666666667,,264.22953687492645
2018-11-25,2018.0,329.0,11.0,25.0,-7.968421052631579,975.4304347826088,7.469565217391305,59.041666666666664,,210.05791084945778
2018-11-26,2018.0,330.0,11.0,26.0,-9.316666666666666,978.8583333333332,10.200000000000001,75.49166666666666,,227.82825433956086
2018-11-27,2018.0,331.0,11.0,27.0,-9.0625,984.4416666666666,7.004166666666666,63.362500000000004,,235.1593368490315
2018-11-28,2018.0,332.0,11.0,28.0,-7.5874999999999995,988.1125000000001,3.1125000000000003,64.59166666666667,,217.3453193325117
2018-11-29,2018.0,333.0,11.0,29.0,-6.378260869565217,986.9333333333334,2.566666666666667,66.82916666666667,,293.9762615417434
2018-11-30,2018.0,334.0,11.0,30.0,-6.588235294117647,981.4583333333334,1.808695652173913,58.1,,340.9371104585854
2018-12-01,2018.0,335.0,12.0,1.0,-6.904545454545455,978.0791666666668,2.441666666666667,54.7304347826087,,271.5465318185543
2018-12-02,2018.0,336.0,12.0,2.0,-3.282608695652174,979.3041666666667,2.2583333333333333,57.18333333333334,,352.9853991320875
2018-12-03,2018.0,337.0,12.0,3.0,-4.043478260869565,988.7291666666666,3.7416666666666667,72.66250000000001,,167.0126701006808
2018-12-04,2018.0,338.0,12.0,4.0,-7.070833333333333,983.6708333333332,14.475,91.27777777777777,,232.1846433810878
2018-12-05,2018.0,339.0,12.0,5.0,-4.136363636363637,975.4416666666666,4.820833333333334,55.4375,,235.82765072419483
2018-12-06,2018.0,340.0,12.0,6.0,-7.731578947368422,971.2217391304347,2.640909090909091,53.7304347826087,,162.39013059918793
2018-12-07,2018.0,341.0,12.0,7.0,-6.316666666666666,977.5833333333334,7.433333333333334,64.14583333333333,,226.1911975808511
2018-12-08,2018.0,342.0,12.0,8.0,-3.925,978.8916666666668,3.3041666666666667,58.67916666666667,,225.06463770236053
2018-12-09,2018.0,343.0,12.0,9.0,-7.737500000000001,978.0124999999999,4.875,75.26818181818182,,206.1260858806559
2018-12-10,2018.0,344.0,12.0,10.0,-6.921739130434782,981.2375000000001,4.366666666666666,71.33333333333333,,211.74069636180562
2018-12-11,2018.0,345.0,12.0,11.0,-4.1875,985.0666666666666,3.716666666666667,56.012499999999996,,236.94111191019488
2018-12-12,2018.0,346.0,12.0,12.0,-4.3950000000000005,983.2875,2.254166666666667,63.833333333333336,,89.07918695490672
2018-12-13,2018.0,347.0,12.0,13.0,-5.5285714285714285,980.4958333333334,3.9291666666666667,70.89166666666667,,232.32714136865494
2018-12-14,2018.0,348.0,12.0,14.0,-8.012500000000001,974.9916666666667,8.958333333333334,78.4375,,219.15932574547696
2018-12-15,2018.0,349.0,12.0,15.0,-9.200000000000001,975.8916666666668,10.450000000000001,83.89166666666667,,213.8285441872295
2018-12-16,2018.0,350.0,12.0,16.0,-6.591666666666666,978.5333333333333,7.933333333333334,74.9875,,224.49313555645548
2018-12-17,2018.0,351.0,12.0,17.0,-4.545833333333333,975.5958333333333,12.770833333333334,79.46249999999999,,236.94377276421392
2018-12-18,2018.0,352.0,12.0,18.0,-5.241666666666666,981.3083333333334,14.049999999999999,84.44166666666666,,230.79170761017096
2018-12-19,2018.0,353.0,12.0,19.0,-5.3500000000000005,990.9958333333334,5.679166666666667,71.91666666666667,,215.33433387794292
2018-12-20,2018.0,354.0,12.0,20.0,-2.2333333333333334,982.6708333333332,8.854166666666666,70.65416666666667,,230.59146486004283
2018-12-21,2018.0,355.0,12.0,21.0,-5.083333333333333,985.4458333333333,10.75,87.8875,,215.00164423940805
2018-12-22,2018.0,356.0,12.0,22.0,-6.408333333333334,986.1583333333333,7.229166666666667,82.67083333333333,,192.2390839618882
2018-12-23,2018.0,357.0,12.0,23.0,-4.825,982.1666666666666,9.416666666666666,80.02083333333333,,231.26088243210475
2018-12-24,2018.0,358.0,12.0,24.0,-5.1875,979.4458333333333,9.858333333333333,82.37916666666666,,226.50129420390883
2018-12-25,2018.0,359.0,12.0,25.0,-5.170833333333333,975.0416666666666,11.941666666666668,87.3875,,228.2672399924663
2018-12-26,2018.0,360.0,12.0,26.0,-3.870833333333333,976.9041666666667,9.775,88.38260869565217,,229.7340620854821
2018-12-27,2018.0,361.0,12.0,27.0,-5.358333333333333,984.5666666666666,8.362499999999999,85.4375,,216.0162518789059
2018-12-28,2018.0,362.0,12.0,28.0,-5.741666666666667,985.2875,6.329166666666667,84.39583333333333,,206.28731707405058
2018-12-29,2018.0,363.0,12.0,29.0,-6.116666666666667,983.85,3.7583333333333333,70.33749999999999,,225.07339679016073
2018-12-30,2018.0,364.0,12.0,30.0,-2.5818181818181816,984.5124999999999,2.4166666666666665,65.03750000000001,,263.16123586831645
2018-12-31,2018.0,365.0,12.0,31.0,-2.216666666666667,983.3458333333333,5.716666666666666,73.69565217391305,,290.79629080386775
2019-01-01,2019.0,1.0,1.0,1.0,-3.5545454545454547,982.4666666666667,4.120833333333334,78.83749999999999,,238.50650869809627
2019-01-02,2019.0,2.0,1.0,2.0,-4.7749999999999995,978.9250000000001,3.0208333333333335,70.14583333333333,,167.1324028800312
2019-01-03,2019.0,3.0,1.0,3.0,-4.665217391304347,976.2541666666666,3.625,71.11666666666666,,172.44869987664381
2019-01-04,2019.0,4.0,1.0,4.0,-2.2,973.9083333333333,2.6833333333333336,71.84583333333333,,16.36880337391922
2019-01-05,2019.0,5.0,1.0,5.0,-3.28695652173913,978.3208333333333,3.3541666666666665,70.51666666666667,,263.05216778740305
2019-01-06,2019.0,6.0,1.0,6.0,-6.5227272727272725,982.7624999999999,3.5708333333333333,69.58333333333333,,145.71186893851467
2019-01-07,2019.0,7.0,1.0,7.0,-6.0249999999999995,983.6708333333332,11.020833333333334,86.40434782608695,,226.6970453556201
2019-01-08,2019.0,8.0,1.0,8.0,-6.191666666666666,983.1666666666666,9.233333333333333,79.97916666666667,,225.0434679112656
2019-01-09,2019.0,9.0,1.0,9.0,-7.383333333333333,983.3791666666666,9.616666666666667,83.38333333333334,,235.08067126370563
2019-01-10,2019.0,10.0,1.0,10.0,-6.383333333333333,985.3125,9.775,78.97083333333333,,239.4787465999901
2019-01-11,2019.0,11.0,1.0,11.0,-4.558333333333333,991.1,10.8125,85.69583333333333,,232.79678517742383
2019-01-12,2019.0,12.0,1.0,12.0,-4.379166666666666,994.4708333333333,5.4125000000000005,85.9375,,212.9056886729891
2019-01-13,2019.0,13.0,1.0,13.0,-4.6125,990.9250000000001,5.408333333333334,83.71739130434783,,224.98026083657828
2019-01-14,2019.0,14.0,1.0,14.0,-4.366666666666666,995.3208333333333,8.35,86.39166666666667,,244.3054460484136
2019-01-15,2019.0,15.0,1.0,15.0,-1.981818181818182,994.7833333333333,4.670833333333333,76.71249999999999,,9.407720850923846
2019-01-16,2019.0,16.0,1.0,16.0,-1.7958333333333334,985.8125,4.529166666666667,80.61666666666666,,2.0505397225783577
2019-01-17,2019.0,17.0,1.0,17.0,-7.7124999999999995,985.8833333333333,8.275,86.6875,,194.84841336853552
2019-01-18,2019.0,18.0,1.0,18.0,-6.508333333333333,986.5124999999999,6.058333333333334,77.45,,229.83265790396027
2019-01-19,2019.0,19.0,1.0,19.0,-6.39047619047619,984.6708333333332,2.225,65.73333333333333,,159.54145880404232
2019-01-20,2019.0,20.0,1.0,20.0,-7.325,984.9333333333334,5.729166666666667,77.41666666666667,,124.83361526482042
2019-01-21,2019.0,21.0,1.0,21.0,-3.21304347826087,989.5041666666666,2.766666666666667,80.74583333333334,,92.66132317731159
2019-01-22,2019.0,22.0,1.0,22.0,-7.8500000000000005,994.1125000000001,9.458333333333334,84.93809523809524,,191.2191144460466
2019-01-23,2019.0,23.0,1.0,23.0,-12.1,994.2416666666667,8.583333333333334,84.14583333333333,,190.46660589843964
2019-01-24,2019.0,24.0,1.0,24.0,-10.5875,987.9125,5.416666666666667,63.7875,,219.77517299941223
2019-01-25,2019.0,25.0,1.0,25.0,-4.641666666666667,977.9291666666667,3.5083333333333333,74.5125,,58.32168071740608
2019-01-26,2019.0,26.0,1.0,26.0,-10.525,981.6166666666667,3.9958333333333336,68.82083333333334,,156.37571932156013
2019-01-27,2019.0,27.0,1.0,27.0,-6.154166666666666,984.0583333333334,3.4166666666666665,76.38333333333334,,40.56572738056113
2019-01-28,2019.0,28.0,1.0,28.0,-3.625,980.4041666666667,4.1875,81.1125,,14.36715180112837
2019-01-29,2019.0,29.0,1.0,29.0,-11.066666666666668,980.6374999999999,8.416666666666666,86.27083333333333,,221.8671555305759
2019-01-30,2019.0,30.0,1.0,30.0,-9.7375,985.4708333333333,3.6,79.25833333333334,,113.90955510671817
2019-01-31,2019.0,31.0,1.0,31.0,-6.866666666666667,987.7583333333333,5.445833333333333,78.15714285714286,,325.94262186394593
2019-02-01,2019.0,32.0,2.0,1.0,-9.85,987.1541666666667,10.387500000000001,89.92916666666667,,223.87012035497764
2019-02-02,2019.0,33.0,2.0,2.0,-11.700000000000001,981.1166666666667,18.625,94.2,,238.91319952917542
2019-02-03,2019.0,34.0,2.0,3.0,-9.579166666666667,974.25,21.1375,94.25333333333333,,246.91718750850785
2019-02-04,2019.0,35.0,2.0,4.0,-8.620833333333334,972.725,12.320833333333333,86.60416666666667,,239.95761304456562
2019-02-05,2019.0,36.0,2.0,5.0,-9.075000000000001,974.0833333333334,7.870833333333334,82.58749999999999,,233.58965248805384
2019-02-06,2019.0,37.0,2.0,6.0,-6.7375,976.3874999999999,10.1,86.17058823529412,,235.96826256707405
2019-02-07,2019.0,38.0,2.0,7.0,-7.3875,973.5958333333333,7.458333333333333,80.91250000000001,,227.85415663194522
2019-02-08,2019.0,39.0,2.0,8.0,-7.175,971.6958333333333,2.4250000000000003,56.94166666666667,,105.19939357688496
2019-02-09,2019.0,40.0,2.0,9.0,-8.745833333333334,986.0916666666667,4.591666666666667,76.88947368421053,,193.7317030908836
2019-02-10,2019.0,41.0,2.0,10.0,-11.262500000000001,990.5833333333334,4.570833333333334,85.82222222222222,,189.66896045185646
2019-02-11,2019.0,42.0,2.0,11.0,-12.504166666666668,988.8291666666668,4.004166666666666,72.10000000000001,,159.5163009311359
2019-02-12,2019.0,43.0,2.0,12.0,-12.362499999999999,989.3041666666667,6.929166666666667,84.7625,,201.1332096724674
2019-02-13,2019.0,44.0,2.0,13.0,-13.166666666666666,993.8625000000001,4.25,70.02083333333333,,197.75796607575361
2019-02-14,2019.0,45.0,2.0,14.0,-9.579166666666667,999.7916666666666,3.275,78.61578947368422,,97.73435665484112
2019-02-15,2019.0,46.0,2.0,15.0,-11.5375,1000.9499999999999,3.954166666666667,75.1375,,136.31111606080725
2019-02-16,2019.0,47.0,2.0,16.0,-15.408333333333333,996.3208333333333,6.204166666666667,76.075,,165.3701429565212
2019-02-17,2019.0,48.0,2.0,17.0,-16.208333333333332,998.7583333333333,6.0249999999999995,68.88333333333334,,237.04077343579513
2019-02-18,2019.0,49.0,2.0,18.0,-16.787499999999998,996.4208333333332,6.016666666666667,68.40833333333333,,220.7737896886708
2019-02-19,2019.0,50.0,2.0,19.0,-16.4375,1002.025,9.637500000000001,74.74583333333334,,224.44448042262863
2019-02-20,2019.0,51.0,2.0,20.0,-17.495833333333334,998.9916666666667,5.379166666666666,67.325,,221.76949103750778
2019-02-21,2019.0,52.0,2.0,21.0,-20.845833333333335,996.1625,5.9125000000000005,73.04583333333333,,216.0637239951102
2019-02-22,2019.0,53.0,2.0,22.0,-19.283333333333335,993.4916666666667,10.775,76.63333333333334,,225.6586402944753
2019-02-23,2019.0,54.0,2.0,23.0,-14.195833333333333,989.0833333333334,15.958333333333334,83.03750000000001,,240.33167385613967
2019-02-24,2019.0,55.0,2.0,24.0,-11.180952380952382,987.2333333333332,5.158333333333333,67.52916666666667,,251.06245306029666
2019-02-25,2019.0,56.0,2.0,25.0,-10.657894736842104,977.8249999999999,1.9956521739130435,71.38571428571429,,318.14262304622935
2019-02-26,2019.0,57.0,2.0,26.0,-7.036363636363637,973.5791666666668,7.045833333333333,87.01764705882353,,48.21242922086533
2019-02-27,2019.0,58.0,2.0,27.0,-9.9,985.3583333333332,6.8625,91.125,,14.252774001729021
2019-02-28,2019.0,59.0,2.0,28.0,-9.891666666666667,984.8541666666666,4.566666666666666,88.795,,26.351695573622248
2019-03-01,2019.0,60.0,3.0,1.0,-9.604347826086956,984.7666666666668,5.270833333333333,84.32083333333334,,78.89144534609244
2019-03-02,2019.0,61.0,3.0,2.0,-12.879166666666668,993.4083333333333,12.5,91.64736842105263,,12.474516727198887
2019-03-03,2019.0,62.0,3.0,3.0,-12.875,994.9708333333333,15.429166666666667,95.07222222222222,,14.001476537350579
2019-03-04,2019.0,63.0,3.0,4.0,-16.095833333333335,997.2666666666668,10.520833333333334,87.04166666666667,,10.250589442948144
2019-03-05,2019.0,64.0,3.0,5.0,-18.5625,995.4166666666666,6.804166666666667,77.70833333333333,,7.131058889368896
2019-03-06,2019.0,65.0,3.0,6.0,-20.604166666666668,992.2416666666667,6.195833333333333,77.11666666666666,,3.0756746752286617
2019-03-07,2019.0,66.0,3.0,7.0,-19.466666666666665,990.0958333333333,6.7625,69.12083333333334,,13.041774087876613
2019-03-08,2019.0,67.0,3.0,8.0,-21.1875,988.9916666666667,4.391666666666667,78.24583333333334,,38.290647740734165
2019-03-09,2019.0,68.0,3.0,9.0,-19.3625,984.875,5.8500000000000005,84.10000000000001,,41.693642259915265
2019-03-10,2019.0,69.0,3.0,10.0,-20.099999999999998,985.6875,3.375,83.79583333333333,,18.325443547555682
2019-03-11,2019.0,70.0,3.0,11.0,-16.533333333333335,987.1875,3.7541666666666664,77.42608695652174,,346.3420918806028
2019-03-12,2019.0,71.0,3.0,12.0,-17.6875,993.9791666666666,4.820833333333334,81.91250000000001,,10.275474153810022
2019-03-13,2019.0,72.0,3.0,13.0,-17.666666666666668,986.9708333333333,5.675,84.8625,,53.43244195220862
2019-03-14,2019.0,73.0,3.0,14.0,-24.27916666666667,984.2208333333333,13.704166666666666,81.91666666666667,,68.3359993284111
2019-03-15,2019.0,74.0,3.0,15.0,-22.754166666666666,981.1125000000001,11.700000000000001,86.90416666666665,,68.91588507467662
2019-03-16,2019.0,75.0,3.0,16.0,-25.02916666666667,973.9833333333332,4.958333333333333,77.3625,,26.91457874133681
2019-03-17,2019.0,76.0,3.0,17.0,-25.370833333333334,971.9375,9.375,84.79583333333333,,37.05153599454048
2019-03-18,2019.0,77.0,3.0,18.0,-25.204166666666666,973.7875,8.975,85.65833333333335,,51.79360792426099
2019-03-19,2019.0,78.0,3.0,19.0,-23.179166666666664,977.2041666666668,8.595833333333333,87.05,,47.04248956867517
2019-03-20,2019.0,79.0,3.0,20.0,-22.4375,988.1666666666666,4.091666666666667,87.55,,9.054168337765395
2019-03-21,2019.0,80.0,3.0,21.0,-19.058333333333334,984.25,2.6916666666666664,91.05416666666667,,30.787149154163117
2019-03-22,2019.0,81.0,3.0,22.0,-22.333333333333332,984.5958333333333,6.416666666666667,84.42916666666666,,53.618095176890215
2019-03-23,2019.0,82.0,3.0,23.0,-21.016666666666666,984.5652173913044,11.4,83.33749999999999,,60.80990558574342
2019-03-24,2019.0,83.0,3.0,24.0,-16.575,973.0583333333334,10.058333333333334,78.3875,,67.01807604226876
2019-03-25,2019.0,84.0,3.0,25.0,-13.875,973.9416666666666,20.641666666666666,97.10000000000001,,31.17320009112725
2019-03-26,2019.0,85.0,3.0,26.0,-18.912499999999998,990.0583333333334,7.458333333333333,80.33333333333333,,2.288431775970707
2019-03-27,2019.0,86.0,3.0,27.0,-17.416666666666668,988.2708333333334,4.6499999999999995,83.33749999999999,,337.16983804945687
2019-03-28,2019.0,87.0,3.0,28.0,-20.883333333333333,983.4458333333333,6.7625,85.75833333333333,,52.282725118387944
2019-03-29,2019.0,88.0,3.0,29.0,-27.0625,984.5791666666668,4.2749999999999995,73.46666666666667,,45.418822722689576
2019-03-30,2019.0,89.0,3.0,30.0,-22.504166666666666,983.3291666666668,1.9541666666666666,85.82916666666667,,0.740330060195914
2019-03-31,2019.0,90.0,3.0,31.0,-29.3125,985.5958333333333,4.958333333333333,74.375,,8.397375250803579
2019-04-01,2019.0,91.0,4.0,1.0,-37.21666666666667,981.6041666666666,3.4916666666666667,70.08333333333333,,353.4151279842166
2019-04-02,2019.0,92.0,4.0,2.0,-34.99166666666667,979.9708333333333,3.858333333333333,71.45416666666667,,33.9734362834085
2019-04-03,2019.0,93.0,4.0,3.0,-39.3375,981.2708333333334,4.8875,67.33749999999999,,15.626979685277028
2019-04-04,2019.0,94.0,4.0,4.0,-37.275,981.525,10.245833333333334,69.71666666666667,,44.57612610265229
2019-04-05,2019.0,95.0,4.0,5.0,-40.05833333333333,980.1666666666666,3.6166666666666667,65.96666666666667,,8.52008138833496
2019-04-06,2019.0,96.0,4.0,6.0,-28.936363636363637,981.0083333333333,3.7875,78.09583333333333,,71.65705889013601
2019-04-07,2019.0,97.0,4.0,7.0,-18.125,984.6625,6.720833333333334,88.44583333333333,,93.43211642633861
2019-04-08,2019.0,98.0,4.0,8.0,-27.130434782608695,990.2166666666667,5.7875000000000005,74.02916666666667,,24.112554294351163
2019-04-09,2019.0,99.0,4.0,9.0,-30.974999999999998,991.9708333333333,4.5625,78.10416666666667,,15.466100832560437
2019-04-10,2019.0,100.0,4.0,10.0,-35.416666666666664,987.5916666666667,3.1,71.54583333333333,,335.6957406122868
2019-04-11,2019.0,101.0,4.0,11.0,-34.857894736842105,984.6208333333334,2.058333333333333,76.5125,,334.41158990840836
2019-04-12,2019.0,102.0,4.0,12.0,-26.945,979.5625,2.183333333333333,84.29166666666667,,51.93471546228018
2019-04-13,2019.0,103.0,4.0,13.0,-30.875,976.9625,4.1125,80.43333333333334,,32.16683977867289
2019-04-14,2019.0,104.0,4.0,14.0,-33.31666666666667,981.7916666666666,5.258333333333334,77.3125,,15.384145529253377
2019-04-15,2019.0,105.0,4.0,15.0,-27.166666666666668,987.2041666666668,5.995833333333334,84.55833333333334,,57.51302030280334
2019-04-16,2019.0,106.0,4.0,16.0,-23.05,987.7624999999999,9.466666666666667,86.39166666666667,,78.72671469374443
2019-04-17,2019.0,107.0,4.0,17.0,-20.154545454545453,990.7375000000001,7.145833333333333,89.65833333333335,,101.21281265680506
2019-04-18,2019.0,108.0,4.0,18.0,-13.762500000000001,979.0041666666666,13.995833333333332,95.45714285714286,,100.12672004611282
2019-04-19,2019.0,109.0,4.0,19.0,-13.583333333333334,968.6125000000001,16.0,89.41250000000001,,97.38120796728455
2019-04-20,2019.0,110.0,4.0,20.0,-19.766666666666666,981.8166666666666,16.958333333333332,88.8125,,86.2165310666837
2019-04-21,2019.0,111.0,4.0,21.0,-22.2,988.2208333333333,11.891666666666666,74.35833333333333,,99.44347332089103
2019-04-22,2019.0,112.0,4.0,22.0,-26.866666666666664,982.5958333333333,5.075,80.84583333333333,,102.77007920330627
2019-04-23,2019.0,113.0,4.0,23.0,-18.629166666666666,968.3083333333334,11.441666666666668,88.49130434782609,,120.31013683167853
2019-04-24,2019.0,114.0,4.0,24.0,-16.1375,967.0958333333333,22.5625,93.10000000000001,,97.4161210128721
2019-04-25,2019.0,115.0,4.0,25.0,-19.7375,975.4333333333334,15.204166666666666,75.07916666666667,,92.052424136222
2019-04-26,2019.0,116.0,4.0,26.0,-24.75,984.2375000000001,9.529166666666667,77.30833333333334,,81.00600753666123
2019-04-27,2019.0,117.0,4.0,27.0,-24.445833333333336,988.9791666666666,2.8083333333333336,73.91250000000001,,49.07350653700954
2019-04-28,2019.0,118.0,4.0,28.0,-24.5625,987.9916666666667,7.845833333333334,85.95416666666667,,96.95765716593755
2019-04-29,2019.0,119.0,4.0,29.0,-27.537499999999998,989.2208333333333,5.504166666666666,76.13333333333334,,101.63689049533528
2019-04-30,2019.0,120.0,4.0,30.0,-33.375,984.8583333333332,3.875,76.49583333333334,,86.94146161097349
2019-05-01,2019.0,121.0,5.0,1.0,-26.75,978.4625,5.629166666666666,79.58333333333333,,111.67745306978429
2019-05-02,2019.0,122.0,5.0,2.0,-23.775000000000002,967.0208333333334,12.354166666666666,60.57083333333333,,94.71797459585322
2019-05-03,2019.0,123.0,5.0,3.0,-23.820833333333336,960.8916666666668,7.529166666666666,77.67916666666666,,108.748934048851
2019-05-04,2019.0,124.0,5.0,4.0,-31.058333333333334,977.7708333333334,11.866666666666667,80.14999999999999,,66.53053670911251
2019-05-05,2019.0,125.0,5.0,5.0,-21.945833333333336,982.0666666666666,15.483333333333334,89.60833333333333,,84.00564369841086
2019-05-06,2019.0,126.0,5.0,6.0,-20.933333333333334,990.9125,10.491666666666667,88.44166666666666,,89.75805211215935
2019-05-07,2019.0,127.0,5.0,7.0,-31.791666666666668,990.6875,4.454166666666667,76.48333333333333,,74.20048727618207
2019-05-08,2019.0,128.0,5.0,8.0,-30.0625,983.5500000000001,4.5,81.22916666666667,,96.79782680378597
2019-05-09,2019.0,129.0,5.0,9.0,-21.179166666666667,975.9875000000001,7.925,84.6375,,113.30921473308159
2019-05-10,2019.0,130.0,5.0,10.0,-22.070833333333336,977.1166666666667,11.954166666666666,86.66250000000001,,81.85249276485078
2019-05-11,2019.0,131.0,5.0,11.0,-28.474999999999998,977.7041666666668,5.795833333333333,72.825,,88.92840812678672
2019-05-12,2019.0,132.0,5.0,12.0,-31.354166666666668,979.275,6.795833333333333,69.91666666666667,,96.98239194803858
2019-05-13,2019.0,133.0,5.0,13.0,-33.125,982.4458333333333,3.3739130434782605,68.71249999999999,,53.7744725370422
2019-05-14,2019.0,134.0,5.0,14.0,-29.958333333333332,981.4875000000001,5.283333333333333,76.0,,65.36305678619907
2019-05-15,2019.0,135.0,5.0,15.0,-27.4875,979.4833333333332,5.154166666666667,82.59583333333333,,108.4194400291579
2019-05-16,2019.0,136.0,5.0,16.0,-26.270833333333332,977.2458333333334,9.970833333333333,84.02499999999999,,50.89475219165685
2019-05-17,2019.0,137.0,5.0,17.0,-34.545833333333334,984.1083333333332,6.237500000000001,75.55416666666666,,32.26956780774307
2019-05-18,2019.0,138.0,5.0,18.0,-29.90833333333333,980.7166666666667,9.887500000000001,81.325,,31.444552632648488
2019-05-19,2019.0,139.0,5.0,19.0,-21.425,975.1750000000001,18.870833333333334,91.08749999999999,,40.37802694425119
2019-05-20,2019.0,140.0,5.0,20.0,-20.058333333333334,980.1333333333333,20.733333333333334,92.53750000000001,,40.83472973098119
2019-05-21,2019.0,141.0,5.0,21.0,-15.75,974.4958333333334,22.441666666666666,97.19166666666666,,41.442108958104185
2019-05-22,2019.0,142.0,5.0,22.0,-16.729166666666668,982.5166666666668,5.1375,95.95,,50.85663060283906
2019-05-23,2019.0,143.0,5.0,23.0,-21.337500000000002,1001.5166666666668,6.804166666666667,91.29166666666667,,135.34151205715426
2019-05-24,2019.0,144.0,5.0,24.0,-23.65416666666667,1003.7583333333333,7.666666666666667,84.57916666666667,,143.6697894398206
2019-05-25,2019.0,145.0,5.0,25.0,-23.78333333333333,1003.2208333333333,14.4,87.88333333333333,,150.46361576492401
2019-05-26,2019.0,146.0,5.0,26.0,-28.004166666666666,1003.6416666666668,7.804166666666667,82.68333333333334,,147.75018510261168
2019-05-27,2019.0,147.0,5.0,27.0,-23.258333333333336,1002.6291666666666,9.637500000000001,89.0,,148.68795606687723
2019-05-28,2019.0,148.0,5.0,28.0,-15.716666666666667,1002.0625,12.733333333333334,96.075,,150.882332978006
2019-05-29,2019.0,149.0,5.0,29.0,-18.537499999999998,1002.1,5.295833333333333,90.87916666666666,,164.12225694127926
2019-05-30,2019.0,150.0,5.0,30.0,-18.45,1002.7458333333334,2.033333333333333,91.21666666666665,,55.34429971956963
2019-05-31,2019.0,151.0,5.0,31.0,-15.5875,1000.5583333333334,5.395833333333333,94.51666666666667,,308.5052882311927
2019-06-01,2019.0,152.0,6.0,1.0,-27.59583333333333,1003.4583333333334,4.354166666666667,76.75,,100.40738668456262
2019-06-02,2019.0,153.0,6.0,2.0,-29.27916666666667,995.1833333333334,7.108333333333333,82.17916666666666,,102.1422379069572
2019-06-03,2019.0,154.0,6.0,3.0,-30.3875,987.9791666666666,8.525,80.61666666666666,,158.707054318424
2019-06-04,2019.0,155.0,6.0,4.0,-36.37083333333333,977.2583333333333,2.620833333333333,74.05833333333334,,93.31338912712248
2019-06-05,2019.0,156.0,6.0,5.0,-37.25833333333333,975.2583333333333,8.174999999999999,72.55416666666666,,141.24861129990026
2019-06-06,2019.0,157.0,6.0,6.0,-34.324999999999996,978.35,13.470833333333333,76.06666666666666,,141.17701968316763
2019-06-07,2019.0,158.0,6.0,7.0,-32.5875,976.8791666666666,9.295833333333333,77.15833333333333,,220.0806445703467
2019-06-08,2019.0,159.0,6.0,8.0,-31.337500000000002,978.4791666666666,2.909090909090909,79.07083333333334,,281.6346898129334
2019-06-09,2019.0,160.0,6.0,9.0,-26.962500000000002,971.9416666666666,16.4375,85.09166666666667,,71.55660214385651
2019-06-10,2019.0,161.0,6.0,10.0,-14.654166666666667,947.6374999999999,15.483333333333334,92.72222222222223,,120.96976636499096
2019-06-11,2019.0,162.0,6.0,11.0,-13.291666666666666,948.8625000000001,17.258333333333333,98.60000000000001,,115.48005979458598
2019-06-12,2019.0,163.0,6.0,12.0,-23.383333333333336,965.5875,9.541666666666666,87.47500000000001,,80.86693032729133
2019-06-13,2019.0,164.0,6.0,13.0,-27.34583333333333,974.0333333333333,4.170833333333333,84.43333333333334,,59.93512658195558
2019-06-14,2019.0,165.0,6.0,14.0,-27.879166666666666,972.5124999999999,2.933333333333333,84.01666666666667,,142.59612678534296
2019-06-15,2019.0,166.0,6.0,15.0,-35.916666666666664,977.8958333333334,9.520833333333334,74.60000000000001,,78.91657968612033
2019-06-16,2019.0,167.0,6.0,16.0,-33.1625,978.5583333333334,6.2749999999999995,78.21249999999999,,83.21204859019457
2019-06-17,2019.0,168.0,6.0,17.0,-36.25833333333333,970.4666666666667,3.8708333333333336,74.02499999999999,,128.1560300635118
2019-06-18,2019.0,169.0,6.0,18.0,-33.4,979.85,7.704166666666667,77.52083333333333,,136.4334093626301
2019-06-19,2019.0,170.0,6.0,19.0,-33.225,977.6583333333333,3.2916666666666665,78.05833333333334,,148.69266336156764
2019-06-20,2019.0,171.0,6.0,20.0,-40.9,982.1333333333333,3.4499999999999997,67.78333333333333,,332.5638334098521
2019-06-21,2019.0,172.0,6.0,21.0,-42.56666666666667,974.3625000000001,3.0833333333333335,65.62083333333334,,286.8605316486289
2019-06-22,2019.0,173.0,6.0,22.0,-45.395833333333336,975.6125000000001,2.6916666666666664,61.88333333333333,,265.34001261307276
2019-06-23,2019.0,174.0,6.0,23.0,-35.800000000000004,972.2541666666666,3.341666666666667,74.40833333333333,,216.93934526555486
2019-06-24,2019.0,175.0,6.0,24.0,-26.912499999999998,965.0458333333332,21.9375,85.05,,129.99568659272404
2019-06-25,2019.0,176.0,6.0,25.0,-17.0,949.0458333333332,18.508333333333333,95.94166666666666,,118.33730476897621
2019-06-26,2019.0,177.0,6.0,26.0,-18.75,956.0208333333334,12.479166666666666,94.29166666666667,,109.02608910450469
2019-06-27,2019.0,178.0,6.0,27.0,-19.445833333333333,963.1166666666667,17.283333333333335,92.95416666666667,,103.0080865001009
2019-06-28,2019.0,179.0,6.0,28.0,-22.4875,963.725,7.4624999999999995,89.22083333333335,,50.155926628738385
2019-06-29,2019.0,180.0,6.0,29.0,-24.90833333333333,970.3000000000001,12.241666666666667,87.43333333333334,,280.89416740397064
2019-06-30,2019.0,181.0,6.0,30.0,-19.349999999999998,962.4333333333334,7.766666666666667,92.86666666666667,,200.1117875603012
2019-07-01,2019.0,182.0,7.0,1.0,-21.8125,966.725,18.2125,87.67272727272727,,5.965960842448402
2019-07-02,2019.0,183.0,7.0,2.0,-25.162499999999998,975.5500000000001,,84.36666666666666,,
2019-07-03,2019.0,184.0,7.0,3.0,-27.504166666666666,987.6625,,84.11666666666666,,
2019-07-04,2019.0,185.0,7.0,4.0,-30.45,981.4041666666667,,81.10833333333333,,
2019-07-05,2019.0,186.0,7.0,5.0,-32.0625,982.125,,78.72500000000001,,
2019-07-06,2019.0,187.0,7.0,6.0,-27.03333333333333,981.6583333333333,,82.8875,,
2019-07-07,2019.0,188.0,7.0,7.0,-23.258333333333336,987.2791666666667,,86.07083333333333,,
2019-07-08,2019.0,189.0,7.0,8.0,-11.533333333333333,970.1625,,92.28461538461539,,
2019-07-09,2019.0,190.0,7.0,9.0,-12.4,967.2875,,97.77000000000001,,
2019-07-10,2019.0,191.0,7.0,10.0,-9.958333333333334,970.3208333333333,,88.97999999999999,,
2019-07-11,2019.0,192.0,7.0,11.0,-13.2875,980.9499999999999,,95.76666666666667,,
2019-07-12,2019.0,193.0,7.0,12.0,-16.691666666666666,997.4125,,95.35217391304347,,
2019-07-13,2019.0,194.0,7.0,13.0,-21.65833333333333,1004.3000000000001,,84.85833333333333,,
2019-07-14,2019.0,195.0,7.0,14.0,-26.145833333333332,1006.3666666666667,,85.61666666666667,,
2019-07-15,2019.0,196.0,7.0,15.0,-26.820833333333336,1008.6958333333333,,83.25416666666666,,
2019-07-16,2019.0,197.0,7.0,16.0,-24.8125,1004.6583333333333,,88.67083333333333,,
2019-07-17,2019.0,198.0,7.0,17.0,-25.479166666666668,997.4916666666667,,86.77083333333333,,
2019-07-18,2019.0,199.0,7.0,18.0,-36.795833333333334,995.3041666666667,,73.52916666666667,,
2019-07-19,2019.0,200.0,7.0,19.0,-31.929166666666664,985.7708333333334,,79.83333333333333,,
2019-07-20,2019.0,201.0,7.0,20.0,-34.579166666666666,990.4375,,76.06666666666666,,
2019-07-21,2019.0,202.0,7.0,21.0,-30.733333333333334,990.975,,80.79166666666667,,
2019-07-22,2019.0,203.0,7.0,22.0,-37.9125,996.9916666666667,,71.94583333333334,,
2019-07-23,2019.0,204.0,7.0,23.0,-31.22083333333333,998.975,,79.79583333333333,,
2019-07-24,2019.0,205.0,7.0,24.0,-30.84583333333333,999.9375,,80.62916666666666,,
2019-07-25,2019.0,206.0,7.0,25.0,-30.675,994.2125,,80.45416666666667,,
2019-07-26,2019.0,207.0,7.0,26.0,-26.370833333333334,983.7125,,85.53333333333335,,
2019-07-27,2019.0,208.0,7.0,27.0,-27.770833333333332,986.9541666666668,,84.12916666666666,,
2019-07-28,2019.0,209.0,7.0,28.0,-25.90833333333333,984.4499999999999,,82.79583333333333,,
2019-07-29,2019.0,210.0,7.0,29.0,-32.28333333333333,984.2708333333334,,77.81666666666666,,
2019-07-30,2019.0,211.0,7.0,30.0,-40.166666666666664,991.1708333333332,,68.91250000000001,,
2019-07-31,2019.0,212.0,7.0,31.0,-40.891666666666666,994.9291666666667,,67.77499999999999,,
2019-08-01,2019.0,213.0,8.0,1.0,-42.295833333333334,995.5208333333334,,66.08749999999999,,
2019-08-02,2019.0,214.0,8.0,2.0,-42.65833333333333,998.15,,65.3625,,
2019-08-03,2019.0,215.0,8.0,3.0,-38.420833333333334,998.6958333333333,,70.925,,
2019-08-04,2019.0,216.0,8.0,4.0,-35.47083333333333,1009.1083333333332,,74.72500000000001,,
2019-08-05,2019.0,217.0,8.0,5.0,-36.78333333333333,1015.7666666666668,,72.63333333333334,,
2019-08-06,2019.0,218.0,8.0,6.0,-33.21666666666667,1005.5124999999999,,74.92083333333333,,
2019-08-07,2019.0,219.0,8.0,7.0,-42.40833333333333,999.6666666666666,,66.0625,,
2019-08-08,2019.0,220.0,8.0,8.0,-48.416666666666664,999.8333333333334,,58.35833333333333,,
2019-08-09,2019.0,221.0,8.0,9.0,-36.762499999999996,991.5041666666666,,72.59583333333333,,
2019-08-10,2019.0,222.0,8.0,10.0,-22.40833333333333,969.6708333333332,,79.65833333333333,,
2019-08-11,2019.0,223.0,8.0,11.0,-16.325,966.7125,,96.37083333333334,,
2019-08-12,2019.0,224.0,8.0,12.0,-19.595833333333335,972.0458333333332,,92.15833333333335,,
2019-08-13,2019.0,225.0,8.0,13.0,-28.05,984.1666666666666,,81.3625,,
2019-08-14,2019.0,226.0,8.0,14.0,-28.59583333333333,988.125,,80.7625,,
2019-08-15,2019.0,227.0,8.0,15.0,-27.458333333333332,987.0875,,80.81666666666666,,
2019-08-16,2019.0,228.0,8.0,16.0,-22.879166666666666,984.7041666666668,,87.74583333333334,,
2019-08-17,2019.0,229.0,8.0,17.0,-26.833333333333332,971.0875,,82.6375,,
2019-08-18,2019.0,230.0,8.0,18.0,-25.954166666666666,967.1333333333333,,86.15416666666665,,
2019-08-19,2019.0,231.0,8.0,19.0,-18.729166666666668,968.025,,94.24583333333334,,
2019-08-20,2019.0,232.0,8.0,20.0,-15.783333333333333,970.5916666666667,,97.11666666666667,,
2019-08-21,2019.0,233.0,8.0,21.0,-18.641666666666666,979.0541666666667,,93.46249999999999,,
2019-08-22,2019.0,234.0,8.0,22.0,-20.533333333333335,975.3208333333333,,92.37083333333334,,
2019-08-23,2019.0,235.0,8.0,23.0,-22.616666666666664,973.8083333333334,,90.48333333333333,,
2019-08-24,2019.0,236.0,8.0,24.0,-29.083333333333332,982.9625,,82.89583333333333,,
2019-08-25,2019.0,237.0,8.0,25.0,-27.808333333333334,972.9416666666666,,84.41250000000001,,
2019-08-26,2019.0,238.0,8.0,26.0,-16.954166666666666,956.5208333333334,,96.28750000000001,,
2019-08-27,2019.0,239.0,8.0,27.0,-17.391666666666666,959.6541666666667,,95.84583333333335,,
2019-08-28,2019.0,240.0,8.0,28.0,-21.5625,970.5333333333333,,91.35833333333333,,
2019-08-29,2019.0,241.0,8.0,29.0,-22.22083333333333,972.3625000000001,,90.84166666666665,,
2019-08-30,2019.0,242.0,8.0,30.0,-27.97083333333333,978.9499999999999,,82.82083333333334,,
2019-08-31,2019.0,243.0,8.0,31.0,-28.329166666666666,979.3375,,79.85000000000001,,
2019-09-01,2019.0,244.0,9.0,1.0,-23.55,972.8208333333333,,80.50833333333334,,
2019-09-02,2019.0,245.0,9.0,2.0,-17.941666666666666,964.6750000000001,,92.3,,
2019-09-03,2019.0,246.0,9.0,3.0,-15.145833333333334,964.5833333333334,,95.00416666666666,,
2019-09-04,2019.0,247.0,9.0,4.0,-16.7,966.0583333333334,,95.0782608695652,,
2019-09-05,2019.0,248.0,9.0,5.0,-23.65416666666667,969.0916666666667,,87.83749999999999,,
2019-09-06,2019.0,249.0,9.0,6.0,-24.2375,976.3291666666668,,86.9375,,
2019-09-07,2019.0,250.0,9.0,7.0,-28.495833333333334,975.9416666666666,,83.07916666666667,,
2019-09-08,2019.0,251.0,9.0,8.0,-30.557894736842105,970.5875,,81.0625,,
2019-09-09,2019.0,252.0,9.0,9.0,-31.890476190476193,967.5083333333333,,81.00416666666668,,
2019-09-10,2019.0,253.0,9.0,10.0,-35.78333333333333,975.2541666666666,,74.87083333333334,,
2019-09-11,2019.0,254.0,9.0,11.0,-35.9375,974.6333333333333,,74.44583333333334,,
2019-09-12,2019.0,255.0,9.0,12.0,-25.45,964.5416666666666,,86.67916666666667,,
2019-09-13,2019.0,256.0,9.0,13.0,-22.066666666666666,968.4250000000001,,88.94583333333333,,
2019-09-14,2019.0,257.0,9.0,14.0,-27.745833333333334,978.0124999999999,,81.53333333333333,,
2019-09-15,2019.0,258.0,9.0,15.0,-27.96666666666667,975.8833333333333,,80.60000000000001,,
2019-09-16,2019.0,259.0,9.0,16.0,-24.724999999999998,958.2041666666668,,79.0125,,
2019-09-17,2019.0,260.0,9.0,17.0,-28.333333333333332,961.9875000000001,,78.00833333333334,,
2019-09-18,2019.0,261.0,9.0,18.0,-27.229166666666668,979.3625000000001,,83.5125,,
2019-09-19,2019.0,262.0,9.0,19.0,-31.22083333333333,985.7041666666668,,74.98333333333333,,
2019-09-20,2019.0,263.0,9.0,20.0,-34.19166666666667,982.1,,73.27499999999999,,
2019-09-21,2019.0,264.0,9.0,21.0,-30.5125,977.6541666666667,,74.42083333333333,,
2019-09-22,2019.0,265.0,9.0,22.0,-24.90416666666667,976.9708333333333,,85.17916666666666,,
2019-09-23,2019.0,266.0,9.0,23.0,-29.483333333333334,979.5416666666666,,73.45,,
2019-09-24,2019.0,267.0,9.0,24.0,-26.3625,980.3333333333334,,72.39166666666667,,
2019-09-25,2019.0,268.0,9.0,25.0,-24.1875,980.375,,85.29583333333333,,
2019-09-26,2019.0,269.0,9.0,26.0,-28.445833333333336,978.8208333333333,,74.98333333333333,,
2019-09-27,2019.0,270.0,9.0,27.0,-28.579166666666666,981.4958333333334,,80.20416666666667,,
2019-09-28,2019.0,271.0,9.0,28.0,-29.979166666666668,974.5416666666666,,70.42916666666666,,
2019-09-29,2019.0,272.0,9.0,29.0,-29.90416666666667,965.6958333333333,,74.45833333333333,,
2019-09-30,2019.0,273.0,9.0,30.0,-18.8125,952.0124999999999,,84.50416666666666,,
2019-10-01,2019.0,274.0,10.0,1.0,-19.5625,963.4166666666666,,90.22500000000001,,
2019-10-02,2019.0,275.0,10.0,2.0,-23.879166666666666,975.3291666666668,,85.32916666666667,,
2019-10-03,2019.0,276.0,10.0,3.0,-22.979166666666668,969.5208333333334,,88.03750000000001,,
2019-10-04,2019.0,277.0,10.0,4.0,-21.208333333333332,969.9375,,87.77083333333333,,
2019-10-05,2019.0,278.0,10.0,5.0,-23.920833333333334,970.7583333333333,,78.78750000000001,,
2019-10-06,2019.0,279.0,10.0,6.0,-24.245833333333334,969.8583333333332,,76.67083333333333,,
2019-10-07,2019.0,280.0,10.0,7.0,-25.495833333333334,969.4416666666666,,67.52916666666667,,
2019-10-08,2019.0,281.0,10.0,8.0,-26.675,976.9041666666667,,77.8875,,
2019-10-09,2019.0,282.0,10.0,9.0,-28.537499999999998,984.8791666666666,,74.30416666666666,,
2019-10-10,2019.0,283.0,10.0,10.0,-24.083333333333332,982.5666666666666,,79.41250000000001,,
2019-10-11,2019.0,284.0,10.0,11.0,-23.8875,984.3916666666668,,75.04583333333333,,
2019-10-12,2019.0,285.0,10.0,12.0,-24.1375,985.525,,73.63333333333334,,
2019-10-13,2019.0,286.0,10.0,13.0,-20.995833333333334,976.9125,,75.73333333333333,,
2019-10-14,2019.0,287.0,10.0,14.0,-23.858333333333334,979.1791666666667,,69.39583333333333,,
2019-10-15,2019.0,288.0,10.0,15.0,-27.133333333333336,977.5208333333334,,71.37083333333334,,
2019-10-16,2019.0,289.0,10.0,16.0,-26.15416666666667,974.3125,,63.074999999999996,,
2019-10-17,2019.0,290.0,10.0,17.0,-24.130434782608695,974.3166666666666,,69.74166666666666,,
2019-10-18,2019.0,291.0,10.0,18.0,-21.53333333333333,980.2666666666668,,64.3125,,
2019-10-19,2019.0,292.0,10.0,19.0,-17.6125,993.3208333333333,,65.58749999999999,,
2019-10-20,2019.0,293.0,10.0,20.0,-17.791666666666668,994.3583333333332,,67.69583333333334,,
2019-10-21,2019.0,294.0,10.0,21.0,-21.583333333333332,992.4499999999999,,70.70416666666667,,
2019-10-22,2019.0,295.0,10.0,22.0,-22.05,998.2958333333332,,65.98333333333333,,
2019-10-23,2019.0,296.0,10.0,23.0,-23.695833333333336,992.9416666666666,,71.125,,
2019-10-24,2019.0,297.0,10.0,24.0,-21.45,989.3625000000001,,67.2,,
2019-10-25,2019.0,298.0,10.0,25.0,-18.85833333333333,987.6291666666666,,55.012499999999996,,
2019-10-26,2019.0,299.0,10.0,26.0,-13.762500000000001,985.225,,67.42916666666666,,
2019-10-27,2019.0,300.0,10.0,27.0,-15.885,985.9291666666667,,60.37083333333334,,
2019-10-28,2019.0,301.0,10.0,28.0,-13.782608695652174,991.7541666666666,,61.387499999999996,,
2019-10-29,2019.0,302.0,10.0,29.0,-16.395833333333332,994.9416666666666,,68.30833333333334,,
2019-10-30,2019.0,303.0,10.0,30.0,-19.8375,994.4458333333333,,58.875,,
2019-10-31,2019.0,304.0,10.0,31.0,-16.770833333333332,991.2166666666667,,69.5625,,
2019-11-01,2019.0,305.0,11.0,1.0,-16.7375,986.2583333333333,,84.86666666666666,,
2019-11-02,2019.0,306.0,11.0,2.0,-14.283333333333333,986.2416666666667,,72.42916666666666,,
2019-11-03,2019.0,307.0,11.0,3.0,-15.679166666666667,991.2458333333334,,82.35000000000001,,
2019-11-04,2019.0,308.0,11.0,4.0,-14.275,992.4833333333332,,76.05833333333334,,
2019-11-05,2019.0,309.0,11.0,5.0,-12.229166666666666,990.9,,71.96249999999999,,
2019-11-06,2019.0,310.0,11.0,6.0,-10.862499999999999,988.8416666666667,,73.5625,,
2019-11-07,2019.0,311.0,11.0,7.0,-13.075000000000001,990.7583333333333,,62.487500000000004,,
2019-11-08,2019.0,312.0,11.0,8.0,-9.514285714285714,992.8833333333333,,57.31666666666666,,
2019-11-09,2019.0,313.0,11.0,9.0,-11.95,994.4916666666667,,57.012499999999996,,
2019-11-10,2019.0,314.0,11.0,10.0,-13.342857142857142,997.6958333333333,,55.25833333333333,,
2019-11-11,2019.0,315.0,11.0,11.0,-10.761904761904763,993.225,,72.125,,
2019-11-12,2019.0,316.0,11.0,12.0,-10.970833333333333,986.625,,72.39999999999999,,
2019-11-13,2019.0,317.0,11.0,13.0,-13.183333333333332,986.8541666666666,,75.99583333333334,,
2019-11-14,2019.0,318.0,11.0,14.0,-17.52916666666667,994.6458333333334,,79.70833333333333,,
2019-11-15,2019.0,319.0,11.0,15.0,-15.255,999.2958333333332,,59.12083333333334,,
2019-11-16,2019.0,320.0,11.0,16.0,-19.037499999999998,996.0749999999999,,65.33333333333333,,
2019-11-17,2019.0,321.0,11.0,17.0,-20.056521739130435,993.3375,,66.84583333333333,,
2019-11-18,2019.0,322.0,11.0,18.0,-13.975,990.5124999999999,,67.53750000000001,,
2019-11-19,2019.0,323.0,11.0,19.0,-9.579166666666667,989.1541666666667,,60.37916666666666,,
2019-11-20,2019.0,324.0,11.0,20.0,-8.170833333333333,987.6958333333333,,60.95416666666667,,
2019-11-21,2019.0,325.0,11.0,21.0,-10.4125,993.2708333333334,,81.24583333333334,,
2019-11-22,2019.0,326.0,11.0,22.0,-11.0875,993.4250000000001,,85.24166666666666,,
2019-11-23,2019.0,327.0,11.0,23.0,-8.530434782608696,994.0791666666668,,71.0125,,
2019-11-24,2019.0,328.0,11.0,24.0,-7.233333333333333,993.4708333333333,,62.19166666666666,,
2019-11-25,2019.0,329.0,11.0,25.0,-6.458333333333333,993.5875,,61.00833333333333,,
2019-11-26,2019.0,330.0,11.0,26.0,-8.612499999999999,991.4583333333334,,82.87083333333334,,
2019-11-27,2019.0,331.0,11.0,27.0,-7.273913043478261,980.8125,,75.63333333333334,,
2019-11-28,2019.0,332.0,11.0,28.0,-4.525,984.275,,74.87083333333334,,
2019-11-29,2019.0,333.0,11.0,29.0,-5.195833333333334,990.7833333333333,,86.24347826086957,,
2019-11-30,2019.0,334.0,11.0,30.0,-6.4750000000000005,994.1999999999999,,82.15416666666667,,
2019-12-01,2019.0,335.0,12.0,1.0,-4.447368421052632,993.4791666666666,1.9000000000000001,69.68333333333334,,
2019-12-02,2019.0,336.0,12.0,2.0,-6.42,1001.5958333333333,2.6083333333333334,66.405,,
2019-12-03,2019.0,337.0,12.0,3.0,-6.245833333333334,999.0166666666668,4.433333333333334,73.29166666666667,,
2019-12-04,2019.0,338.0,12.0,4.0,-6.254166666666666,995.25,4.4375,68.99166666666666,,
2019-12-05,2019.0,339.0,12.0,5.0,-6.145833333333333,990.0,11.454166666666666,89.26,,
2019-12-06,2019.0,340.0,12.0,6.0,-8.216666666666667,996.0375,7.616666666666667,81.26666666666667,,
2019-12-07,2019.0,341.0,12.0,7.0,-6.276190476190477,993.65,4.3625,76.75,,
2019-12-08,2019.0,342.0,12.0,8.0,-5.8625,994.1541666666667,7.441666666666666,89.49166666666667,,
2019-12-09,2019.0,343.0,12.0,9.0,-6.3500000000000005,989.4083333333333,9.220833333333333,89.14166666666667,,
2019-12-10,2019.0,344.0,12.0,10.0,-3.5173913043478255,993.0416666666666,3.5416666666666665,78.93181818181819,,
2019-12-11,2019.0,345.0,12.0,11.0,-4.320833333333334,991.2041666666668,6.866666666666667,81.2625,,
2019-12-12,2019.0,346.0,12.0,12.0,-6.1375,993.3916666666668,8.487499999999999,83.67916666666666,,
2019-12-13,2019.0,347.0,12.0,13.0,-3.8391304347826085,994.9958333333334,3.7583333333333333,75.325,,
2019-12-14,2019.0,348.0,12.0,14.0,-3.8,1002.875,2.7708333333333335,72.39583333333333,,
2019-12-15,2019.0,349.0,12.0,15.0,-3.6049999999999995,1004.3083333333334,2.629166666666667,74.39999999999999,,
2019-12-16,2019.0,350.0,12.0,16.0,-3.079166666666667,1001.6541666666667,4.795833333333333,84.33749999999999,,
2019-12-17,2019.0,351.0,12.0,17.0,-2.658333333333333,993.8083333333334,3.1750000000000003,69.22608695652174,,
2019-12-18,2019.0,352.0,12.0,18.0,-6.425,994.5333333333333,7.204166666666667,78.86666666666666,,
2019-12-19,2019.0,353.0,12.0,19.0,-7.0625,1004.2833333333333,8.433333333333334,79.625,,
2019-12-20,2019.0,354.0,12.0,20.0,-8.029166666666667,1004.0791666666668,11.924999999999999,86.41250000000001,,
2019-12-21,2019.0,355.0,12.0,21.0,-6.75,996.7583333333333,6.758333333333333,68.20416666666667,,
2019-12-22,2019.0,356.0,12.0,22.0,-2.2333333333333334,987.3208333333333,2.154166666666667,60.15,,
2019-12-23,2019.0,357.0,12.0,23.0,-3.238888888888889,984.5666666666666,2.220833333333333,55.14166666666667,,
2019-12-24,2019.0,358.0,12.0,24.0,-2.831818181818182,983.2333333333332,2.2083333333333335,61.73333333333333,,
2019-12-25,2019.0,359.0,12.0,25.0,-2.8375000000000004,984.1083333333332,2.8208333333333333,66.77916666666667,,
2019-12-26,2019.0,360.0,12.0,26.0,-2.0904761904761906,982.4291666666667,2.1083333333333334,69.01739130434783,,
2019-12-27,2019.0,361.0,12.0,27.0,-0.2416666666666667,986.1916666666666,2.620833333333333,72.72083333333333,,
2019-12-28,2019.0,362.0,12.0,28.0,-0.20526315789473684,993.9125,2.2624999999999997,66.9875,,
2019-12-29,2019.0,363.0,12.0,29.0,-1.6166666666666667,994.8916666666668,1.9083333333333332,68.64166666666667,,
2019-12-30,2019.0,364.0,12.0,30.0,-0.9625,994.0,4.083333333333333,77.79583333333333,,
2019-12-31,2019.0,365.0,12.0,31.0,-3.8041666666666667,998.8874999999999,3.9458333333333333,66.48333333333333,,
2020-01-01,2020.0,1.0,1.0,1.0,-1.35,999.4250000000001,2.3249999999999997,67.44166666666666,,
2020-01-02,2020.0,2.0,1.0,2.0,-0.680952380952381,990.0041666666666,4.229166666666667,74.1125,,
2020-01-03,2020.0,3.0,1.0,3.0,-6.658333333333334,988.1833333333334,3.654166666666667,74.82608695652173,,
2020-01-04,2020.0,4.0,1.0,4.0,-2.983333333333333,987.775,3.9458333333333333,74.9375,,
2020-01-05,2020.0,5.0,1.0,5.0,-4.866666666666667,989.0666666666666,2.8625000000000003,66.53333333333333,,
2020-01-06,2020.0,6.0,1.0,6.0,-1.7208333333333334,989.7333333333332,2.6458333333333335,69.33478260869565,,
2020-01-07,2020.0,7.0,1.0,7.0,-6.616666666666667,998.5333333333333,5.545833333333333,85.87083333333334,,
2020-01-08,2020.0,8.0,1.0,8.0,-4.245833333333334,994.2458333333334,6.570833333333333,78.03684210526316,,
2020-01-09,2020.0,9.0,1.0,9.0,-7.199999999999999,992.6208333333334,4.883333333333334,74.89166666666667,,
2020-01-10,2020.0,10.0,1.0,10.0,-9.268181818181818,989.9458333333333,3.7458333333333336,70.18333333333334,,
2020-01-11,2020.0,11.0,1.0,11.0,-2.0428571428571427,989.9875000000001,2.6875,77.18260869565218,,
2020-01-12,2020.0,12.0,1.0,12.0,-5.794444444444444,993.4083333333333,1.4041666666666668,65.05416666666666,,
2020-01-13,2020.0,13.0,1.0,13.0,-2.317647058823529,992.3958333333334,3.0541666666666667,69.89999999999999,,
2020-01-14,2020.0,14.0,1.0,14.0,-5.5125,989.3874999999999,7.3999999999999995,91.0,,
2020-01-15,2020.0,15.0,1.0,15.0,-8.6875,989.275,6.925,84.81666666666668,,
2020-01-16,2020.0,16.0,1.0,16.0,-8.666666666666666,989.1,7.741666666666667,83.62916666666668,,
2020-01-17,2020.0,17.0,1.0,17.0,-7.7250000000000005,986.525,7.0249999999999995,82.57916666666667,,
2020-01-18,2020.0,18.0,1.0,18.0,-6.8,985.7624999999999,3.1875,76.71666666666667,,
2020-01-19,2020.0,19.0,1.0,19.0,-6.6,979.8916666666668,3.6208333333333336,62.30869565217391,,
2020-01-20,2020.0,20.0,1.0,20.0,-9.020833333333334,981.0166666666668,6.870833333333334,73.27916666666667,,
2020-01-21,2020.0,21.0,1.0,21.0,-9.104166666666666,989.3416666666667,6.7749999999999995,70.75416666666666,,
2020-01-22,2020.0,22.0,1.0,22.0,-7.982608695652174,996.3333333333334,6.575,80.55416666666666,,
2020-01-23,2020.0,23.0,1.0,23.0,-3.1956521739130435,994.7125,5.2749999999999995,78.95,,
2020-01-24,2020.0,24.0,1.0,24.0,-6.719047619047619,996.2833333333333,3.1,76.80588235294118,,
2020-01-25,2020.0,25.0,1.0,25.0,-5.666666666666667,992.2708333333334,8.3125,77.1875,,
2020-01-26,2020.0,26.0,1.0,26.0,-7.5125,991.7041666666668,7.4125000000000005,83.23333333333333,,
2020-01-27,2020.0,27.0,1.0,27.0,-6.556521739130435,991.6166666666667,3.904166666666667,77.72272727272728,,
2020-01-28,2020.0,28.0,1.0,28.0,-8.995833333333334,992.7416666666667,6.566666666666666,84.69130434782609,,
2020-01-29,2020.0,29.0,1.0,29.0,-8.255555555555555,988.9875000000001,2.0749999999999997,71.74166666666666,,
2020-01-30,2020.0,30.0,1.0,30.0,-8.666666666666666,986.2541666666666,7.920833333333333,87.79166666666667,,
2020-01-31,2020.0,31.0,1.0,31.0,-11.012500000000001,991.8333333333334,9.791666666666666,87.82083333333333,,
2020-02-01,2020.0,32.0,2.0,1.0,-10.799999999999999,991.5291666666667,10.8125,87.2375,,
2020-02-02,2020.0,33.0,2.0,2.0,-10.058333333333334,988.15,10.670833333333334,85.16250000000001,,
2020-02-03,2020.0,34.0,2.0,3.0,-11.637500000000001,985.3625000000001,4.679166666666666,67.89583333333333,,
2020-02-04,2020.0,35.0,2.0,4.0,-9.404545454545454,981.4,2.370833333333333,54.762499999999996,,
2020-02-05,2020.0,36.0,2.0,5.0,-7.704166666666667,980.0,2.345833333333333,58.90416666666667,,
2020-02-06,2020.0,37.0,2.0,6.0,-6.205,976.3708333333334,1.8958333333333333,68.41666666666667,,
2020-02-07,2020.0,38.0,2.0,7.0,-3.8666666666666667,977.4041666666667,5.7124999999999995,80.99166666666666,,
2020-02-08,2020.0,39.0,2.0,8.0,-6.575,981.3625000000001,11.725,88.19285714285715,,
2020-02-09,2020.0,40.0,2.0,9.0,-6.108333333333333,975.3125,3.3625000000000003,78.44166666666666,,
2020-02-10,2020.0,41.0,2.0,10.0,-3.6458333333333335,979.6583333333333,4.158333333333333,80.08749999999999,,
2020-02-11,2020.0,42.0,2.0,11.0,-5.2375,981.0583333333334,11.791666666666666,94.66,,
2020-02-12,2020.0,43.0,2.0,12.0,-7.079166666666667,982.4083333333333,8.875,94.13181818181819,,
2020-02-13,2020.0,44.0,2.0,13.0,-8.754166666666666,981.7333333333332,2.7083333333333335,77.32307692307693,,
2020-02-14,2020.0,45.0,2.0,14.0,-5.7250000000000005,981.4916666666667,5.145833333333333,90.86666666666666,,
2020-02-15,2020.0,46.0,2.0,15.0,-11.416666666666666,989.0583333333334,9.504166666666666,92.10833333333333,,
2020-02-16,2020.0,47.0,2.0,16.0,-12.545833333333334,991.0124999999999,6.033333333333334,87.22500000000001,,
2020-02-17,2020.0,48.0,2.0,17.0,-14.4125,988.9958333333334,7.333333333333333,77.83333333333333,,
2020-02-18,2020.0,49.0,2.0,18.0,-17.045833333333334,988.5,4.645833333333333,61.99166666666667,,
2020-02-19,2020.0,50.0,2.0,19.0,-15.7125,986.8458333333333,7.445833333333333,76.90833333333333,,
2020-02-20,2020.0,51.0,2.0,20.0,-8.725,980.2916666666666,9.745833333333334,82.13913043478261,,
2020-02-21,2020.0,52.0,2.0,21.0,-6.6499999999999995,972.1,7.158333333333334,88.3409090909091,,
2020-02-22,2020.0,53.0,2.0,22.0,-5.608333333333333,969.7791666666667,2.441666666666667,82.8,,
2020-02-23,2020.0,54.0,2.0,23.0,-8.004166666666666,974.1958333333333,4.504166666666666,83.64,,
2020-02-24,2020.0,55.0,2.0,24.0,-10.179166666666667,979.0833333333334,3.8166666666666664,88.52272727272727,,
2020-02-25,2020.0,56.0,2.0,25.0,-9.721739130434782,980.4041666666667,3.7291666666666665,84.46875,,
2020-02-26,2020.0,57.0,2.0,26.0,-14.816666666666668,988.0,7.0125,86.88260869565217,,
2020-02-27,2020.0,58.0,2.0,27.0,-15.904166666666667,991.85,4.608333333333333,82.45416666666667,,
2020-02-28,2020.0,59.0,2.0,28.0,-15.966666666666667,986.7875,9.416666666666666,92.17083333333333,,
2020-02-29,2020.0,60.0,2.0,29.0,-19.029166666666665,984.025,11.783333333333333,84.41666666666667,,
2020-03-01,2020.0,61.0,3.0,1.0,-23.354166666666668,978.1750000000001,7.058333333333334,70.26666666666667,,
2020-03-02,2020.0,62.0,3.0,2.0,-21.508333333333336,975.0166666666668,11.612499999999999,86.6875,,
2020-03-03,2020.0,63.0,3.0,3.0,-17.4875,981.8000000000001,12.137500000000001,91.81666666666666,,
2020-03-04,2020.0,64.0,3.0,4.0,-13.470833333333333,986.4041666666667,4.8625,86.86666666666667,,
2020-03-05,2020.0,65.0,3.0,5.0,-17.90434782608696,980.8083333333334,6.516666666666667,84.6875,,
2020-03-06,2020.0,66.0,3.0,6.0,-19.895833333333332,981.2541666666666,6.420833333333333,83.7,,
2020-03-07,2020.0,67.0,3.0,7.0,-22.183333333333334,976.9625,3.391666666666667,66.05,,
2020-03-08,2020.0,68.0,3.0,8.0,-23.7375,968.0749999999999,5.966666666666666,71.16250000000001,,
2020-03-09,2020.0,69.0,3.0,9.0,-22.133333333333336,972.4333333333334,9.029166666666667,73.21666666666667,,
2020-03-10,2020.0,70.0,3.0,10.0,-24.258333333333336,979.3333333333334,7.125,76.825,,
2020-03-11,2020.0,71.0,3.0,11.0,-23.066666666666666,971.9791666666666,5.870833333333334,81.89999999999999,,
2020-03-12,2020.0,72.0,3.0,12.0,-22.587500000000002,977.5208333333334,9.579166666666667,85.925,,
2020-03-13,2020.0,73.0,3.0,13.0,-23.869565217391305,984.8249999999999,6.745833333333334,85.88333333333333,,
2020-03-14,2020.0,74.0,3.0,14.0,-24.079166666666666,982.0124999999999,5.583333333333333,85.20416666666667,,
2020-03-15,2020.0,75.0,3.0,15.0,-25.6125,981.9958333333334,10.320833333333333,81.45,,
2020-03-16,2020.0,76.0,3.0,16.0,-28.020833333333332,981.5916666666667,6.866666666666667,71.95,,
2020-03-17,2020.0,77.0,3.0,17.0,-26.1375,977.7333333333332,14.658333333333333,84.175,,
2020-03-18,2020.0,78.0,3.0,18.0,-24.166666666666668,977.4,15.695833333333333,86.9875,,
2020-03-19,2020.0,79.0,3.0,19.0,-25.808333333333334,982.4291666666667,6.370833333333334,84.77499999999999,,
2020-03-20,2020.0,80.0,3.0,20.0,-23.354166666666668,982.9666666666667,3.4458333333333333,87.12916666666666,,
2020-03-21,2020.0,81.0,3.0,21.0,-26.333333333333332,988.0791666666668,11.354166666666666,83.24166666666666,,
2020-03-22,2020.0,82.0,3.0,22.0,-28.758333333333336,992.8083333333334,6.970833333333334,78.72500000000001,,
2020-03-23,2020.0,83.0,3.0,23.0,-31.875,987.3375,10.375,78.59583333333333,,
2020-03-24,2020.0,84.0,3.0,24.0,-29.2375,979.9875000000001,21.65833333333333,82.04583333333333,,
2020-03-25,2020.0,85.0,3.0,25.0,-22.695833333333336,967.3541666666666,25.125,90.0125,,
2020-03-26,2020.0,86.0,3.0,26.0,-20.895833333333332,965.2291666666666,16.0625,89.33749999999999,,
2020-03-27,2020.0,87.0,3.0,27.0,-24.366666666666664,965.5500000000001,6.841666666666666,79.48333333333333,,
2020-03-28,2020.0,88.0,3.0,28.0,-23.97083333333333,970.0333333333333,4.3125,77.84583333333333,,
2020-03-29,2020.0,89.0,3.0,29.0,-20.629166666666666,975.0625,6.6125,87.24583333333334,,
2020-03-30,2020.0,90.0,3.0,30.0,-21.1875,985.6374999999999,5.870833333333334,81.56666666666666,,
2020-03-31,2020.0,91.0,3.0,31.0,-26.633333333333336,993.4541666666668,3.7583333333333333,78.18333333333332,,
2020-04-01,2020.0,92.0,4.0,1.0,-23.833333333333332,986.2041666666668,5.0375000000000005,84.49583333333334,,
2020-04-02,2020.0,93.0,4.0,2.0,-26.366666666666664,978.1083333333332,5.233333333333333,76.01666666666667,,
2020-04-03,2020.0,94.0,4.0,3.0,-21.84166666666667,986.1041666666666,3.4916666666666667,88.22083333333335,,
2020-04-04,2020.0,95.0,4.0,4.0,-21.795833333333334,998.6708333333332,3.525,88.45,,
2020-04-05,2020.0,96.0,4.0,5.0,-21.400000000000002,997.3958333333334,1.7333333333333334,89.89999999999999,,
2020-04-06,2020.0,97.0,4.0,6.0,-25.3625,990.3208333333333,1.0458333333333334,87.14999999999999,,
2020-04-07,2020.0,98.0,4.0,7.0,-28.29047619047619,986.35,0.25833333333333336,84.09166666666667,,
2020-04-08,2020.0,99.0,4.0,8.0,-28.9,978.0833333333334,6.0874999999999995,84.03333333333333,,
2020-04-09,2020.0,100.0,4.0,9.0,-24.054166666666664,971.5416666666666,10.420833333333333,88.58749999999999,,
2020-04-10,2020.0,101.0,4.0,10.0,-31.7375,978.4791666666666,10.4625,79.46249999999999,,
2020-04-11,2020.0,102.0,4.0,11.0,-31.483333333333334,984.5208333333334,8.5375,79.4375,,
2020-04-12,2020.0,103.0,4.0,12.0,-27.65416666666667,976.975,4.75,83.575,,
2020-04-13,2020.0,104.0,4.0,13.0,-25.954166666666666,979.9791666666666,10.466666666666667,85.50833333333333,,
2020-04-14,2020.0,105.0,4.0,14.0,-23.125,976.1541666666667,8.679166666666667,89.27499999999999,,
2020-04-15,2020.0,106.0,4.0,15.0,-27.825,965.2416666666667,6.133333333333333,84.32083333333334,,
2020-04-16,2020.0,107.0,4.0,16.0,-30.9875,981.0791666666668,8.070833333333333,80.39166666666667,,
2020-04-17,2020.0,108.0,4.0,17.0,-32.862500000000004,982.8874999999999,8.445833333333333,76.92916666666666,,
2020-04-18,2020.0,109.0,4.0,18.0,-27.2375,959.5416666666666,4.716666666666667,83.3875,,
2020-04-19,2020.0,110.0,4.0,19.0,-18.837500000000002,964.2833333333333,15.433333333333332,92.33749999999999,,
2020-04-20,2020.0,111.0,4.0,20.0,-28.537499999999998,981.375,8.4,83.22083333333333,,
2020-04-21,2020.0,112.0,4.0,21.0,-24.070833333333336,975.5666666666666,4.9125000000000005,88.825,,
2020-04-22,2020.0,113.0,4.0,22.0,-29.620833333333334,982.2041666666668,5.020833333333333,82.0625,,
2020-04-23,2020.0,114.0,4.0,23.0,-28.712500000000002,982.9916666666667,3.3041666666666667,82.75833333333334,,
2020-04-24,2020.0,115.0,4.0,24.0,-30.675,982.6,6.158333333333334,80.56666666666666,,
2020-04-25,2020.0,116.0,4.0,25.0,-24.491666666666664,980.8166666666666,9.354166666666666,87.82083333333333,,
2020-04-26,2020.0,117.0,4.0,26.0,-23.329166666666666,993.7125,9.4375,88.7625,,
2020-04-27,2020.0,118.0,4.0,27.0,-22.5,996.2083333333334,3.725,90.23333333333333,,
2020-04-28,2020.0,119.0,4.0,28.0,-32.55833333333333,1001.8583333333332,4.258333333333334,78.10833333333333,,
2020-04-29,2020.0,120.0,4.0,29.0,-35.208333333333336,999.1708333333332,2.3375,74.84583333333333,,
2020-04-30,2020.0,121.0,4.0,30.0,-32.1,990.4291666666667,1.5083333333333335,78.44166666666666,,
2020-05-01,2020.0,122.0,5.0,1.0,-26.875,986.8208333333333,4.9875,85.07916666666667,,273.9583351916376
2020-05-02,2020.0,123.0,5.0,2.0,-27.6375,988.4416666666666,6.6375,81.94166666666666,,274.16625381351224
2020-05-03,2020.0,124.0,5.0,3.0,-28.254166666666666,991.4958333333334,6.733333333333333,78.675,,276.43274700001876
2020-05-04,2020.0,125.0,5.0,4.0,-27.170833333333334,993.0500000000001,2.5708333333333333,84.9875,,276.302979936803
2020-05-05,2020.0,126.0,5.0,5.0,-28.870833333333334,987.8416666666667,9.354166666666666,82.99583333333334,,273.9583351916376
2020-05-06,2020.0,127.0,5.0,6.0,-30.97083333333333,981.1333333333333,6.1875,80.15833333333333,,273.9583351916376
2020-05-07,2020.0,128.0,5.0,7.0,-22.379166666666666,974.9708333333333,4.558333333333333,90.59166666666665,,273.791671551254
2020-05-08,2020.0,129.0,5.0,8.0,-26.900000000000002,976.2291666666666,5.104166666666667,85.39999999999999,,274.0
2020-05-09,2020.0,130.0,5.0,9.0,-27.604166666666668,987.7375000000001,3.6791666666666667,84.175,,276.3462388882315
2020-05-10,2020.0,131.0,5.0,10.0,-23.337500000000002,983.6791666666667,6.795833333333333,89.71666666666665,,273.8333380342672
2020-05-11,2020.0,132.0,5.0,11.0,-30.1875,984.3416666666667,11.695833333333333,81.47500000000001,,273.9583351916376
2020-05-12,2020.0,133.0,5.0,12.0,-28.929166666666664,988.8083333333334,4.175,82.7375,,273.9583351916376
2020-05-13,2020.0,134.0,5.0,13.0,-28.125,987.6208333333334,5.716666666666666,83.625,,276.43274700001876
2020-05-14,2020.0,135.0,5.0,14.0,-25.3,983.4791666666666,7.204166666666667,86.96249999999999,,274.0
2020-05-15,2020.0,136.0,5.0,15.0,-32.891666666666666,986.3083333333334,3.725,77.53750000000001,,274.0
2020-05-16,2020.0,137.0,5.0,16.0,-28.025000000000002,982.9666666666667,3.3375,83.68333333333334,,274.0
2020-05-17,2020.0,138.0,5.0,17.0,-30.708333333333332,979.7833333333333,3.7083333333333335,81.325,,274.1249498289685
2020-05-18,2020.0,139.0,5.0,18.0,-31.683333333333334,985.2541666666666,4.133333333333334,79.44583333333334,,276.475996062527
2020-05-19,2020.0,140.0,5.0,19.0,-32.766666666666666,988.3416666666667,6.220833333333334,78.21666666666667,,273.9583351916376
2020-05-20,2020.0,141.0,5.0,20.0,-28.462500000000002,980.0124999999999,5.058333333333334,83.25833333333334,,273.9583351916376
2020-05-21,2020.0,142.0,5.0,21.0,-27.895833333333332,980.5291666666667,6.75,84.1125,,274.0
2020-05-22,2020.0,143.0,5.0,22.0,-24.541666666666668,972.2958333333332,6.466666666666666,87.84166666666665,,273.9583351916376
2020-05-23,2020.0,144.0,5.0,23.0,-21.53333333333333,965.0625,10.233333333333333,91.40833333333335,,274.0
2020-05-24,2020.0,145.0,5.0,24.0,-22.900000000000002,965.8166666666666,10.741666666666667,89.89583333333333,,273.9583351916376
2020-05-25,2020.0,146.0,5.0,25.0,-28.2,971.1458333333334,8.441666666666666,82.19583333333334,,273.9583351916376
2020-05-26,2020.0,147.0,5.0,26.0,-31.433333333333334,976.0416666666666,2.8791666666666664,78.75416666666666,,273.9583351916376
2020-05-27,2020.0,148.0,5.0,27.0,-30.504166666666666,981.1791666666667,3.654166666666667,80.71249999999999,,274.0
2020-05-28,2020.0,149.0,5.0,28.0,-23.1375,976.2708333333334,3.6208333333333336,89.5,,274.0
2020-05-29,2020.0,150.0,5.0,29.0,-16.995833333333334,970.8541666666666,11.441666666666668,95.34166666666665,,274.0
2020-05-30,2020.0,151.0,5.0,30.0,-18.3,960.6875,10.887500000000001,94.4,,273.8750041647111
2020-05-31,2020.0,152.0,5.0,31.0,-18.1125,964.6708333333332,9.008333333333333,94.91666666666667,,273.8750041647111
2020-06-01,2020.0,153.0,6.0,1.0,-18.929166666666667,966.4291666666667,11.833333333333334,94.67916666666667,,273.9583351916376
2020-06-02,2020.0,154.0,6.0,2.0,-23.258333333333336,979.1125000000001,7.816666666666666,89.72083333333335,,273.9166698985218
2020-06-03,2020.0,155.0,6.0,3.0,-23.883333333333336,981.2083333333334,3.3541666666666665,88.96666666666665,,276.475996062527
2020-06-04,2020.0,156.0,6.0,4.0,-29.900000000000002,984.5541666666667,3.2416666666666667,81.96666666666667,,274.0
2020-06-05,2020.0,157.0,6.0,5.0,-26.016666666666666,972.2624999999999,2.245833333333333,86.53750000000001,,274.0
2020-06-06,2020.0,158.0,6.0,6.0,-31.291666666666668,968.125,8.479166666666666,80.30833333333334,,273.9583351916376
2020-06-07,2020.0,159.0,6.0,7.0,-35.8375,975.9416666666666,12.391666666666666,74.75416666666666,,273.9166698985218
2020-06-08,2020.0,160.0,6.0,8.0,-42.05833333333333,976.8083333333334,3.4958333333333336,66.6625,,273.54413771188047
2020-06-09,2020.0,161.0,6.0,9.0,-32.050000000000004,974.85,13.370833333333332,78.67083333333333,,273.8750041647111
2020-06-10,2020.0,162.0,6.0,10.0,-26.175,970.8874999999999,14.333333333333334,85.86666666666667,,274.0
2020-06-11,2020.0,163.0,6.0,11.0,-34.30416666666667,971.5708333333333,5.695833333333333,76.33749999999999,,273.9583351916376
2020-06-12,2020.0,164.0,6.0,12.0,-37.55416666666667,977.3458333333333,,72.075,,
2020-06-13,2020.0,165.0,6.0,13.0,-32.050000000000004,988.6916666666666,,78.74166666666666,,
2020-06-14,2020.0,166.0,6.0,14.0,-37.25833333333333,988.2375000000001,8.74,72.78333333333333,,274.0
2020-06-15,2020.0,167.0,6.0,15.0,-37.358333333333334,987.9083333333333,6.608333333333333,72.3,,274.0
2020-06-16,2020.0,168.0,6.0,16.0,-39.25,980.8291666666668,3.3299999999999996,70.17083333333333,,274.0
2020-06-17,2020.0,169.0,6.0,17.0,-44.65833333333333,977.8708333333334,4.514285714285714,63.03333333333333,,274.0
2020-06-18,2020.0,170.0,6.0,18.0,-40.583333333333336,977.0708333333333,3.4416666666666664,67.96249999999999,,278.9705039223883
2020-06-19,2020.0,171.0,6.0,19.0,-43.916666666666664,972.4291666666667,4.6625000000000005,64.17083333333333,,276.04466445509297
2020-06-20,2020.0,172.0,6.0,20.0,-29.15416666666667,966.4625,16.004166666666666,82.4875,,273.9583351916376
2020-06-21,2020.0,173.0,6.0,21.0,-18.458333333333332,961.15,15.345833333333333,93.61666666666667,,273.8333380342672
2020-06-22,2020.0,174.0,6.0,22.0,-18.983333333333334,963.1583333333333,15.358333333333334,93.8,,273.8750041647111
2020-06-23,2020.0,175.0,6.0,23.0,-16.837500000000002,964.4791666666666,18.766666666666666,96.39999999999999,,273.9166698985218
2020-06-24,2020.0,176.0,6.0,24.0,-28.133333333333336,985.0833333333334,10.020833333333334,83.93333333333334,,279.10459682575294
2020-06-25,2020.0,177.0,6.0,25.0,-28.0625,987.6333333333333,11.208333333333334,81.62916666666666,,273.9583351916376
2020-06-26,2020.0,178.0,6.0,26.0,-17.325,982.6958333333333,18.258333333333333,93.06470588235294,,273.791671551254
2020-06-27,2020.0,179.0,6.0,27.0,-17.129166666666666,989.8291666666668,18.6875,90.49285714285715,,273.8750041647111
2020-06-28,2020.0,180.0,6.0,28.0,-25.28333333333333,986.6999999999999,5.366666666666667,86.04166666666667,,281.98540990349176
2020-06-29,2020.0,181.0,6.0,29.0,-22.3125,1002.7708333333334,13.866666666666667,90.57083333333333,,272.03866610857386
2020-06-30,2020.0,182.0,6.0,30.0,-26.566666666666666,1001.1083333333332,7.4375,84.74583333333334,,273.9583351916376
2020-07-01,2020.0,183.0,7.0,1.0,-18.150000000000002,988.5416666666666,9.670833333333333,87.72999999999999,,
2020-07-02,2020.0,184.0,7.0,2.0,-11.979166666666666,996.3333333333334,15.125,97.73333333333333,,
2020-07-03,2020.0,185.0,7.0,3.0,-18.125,996.8874999999999,5.895833333333333,92.19130434782609,,
2020-07-04,2020.0,186.0,7.0,4.0,-26.366666666666664,980.125,5.416666666666667,86.6125,,
2020-07-05,2020.0,187.0,7.0,5.0,-28.7375,979.7875,5.870833333333334,75.14166666666667,,
2020-07-06,2020.0,188.0,7.0,6.0,-27.8625,976.0833333333334,1.9708333333333332,83.32083333333334,,
2020-07-07,2020.0,189.0,7.0,7.0,-32.62083333333333,985.6458333333334,4.3125,78.97916666666667,,
2020-07-08,2020.0,190.0,7.0,8.0,-32.00833333333333,996.0958333333333,2.9583333333333335,79.42083333333333,,
2020-07-09,2020.0,191.0,7.0,9.0,-32.704166666666666,999.8416666666667,4.9750000000000005,78.62916666666666,,
2020-07-10,2020.0,192.0,7.0,10.0,-29.40833333333333,997.0,13.954166666666666,82.35000000000001,,
2020-07-11,2020.0,193.0,7.0,11.0,-30.575,992.1666666666666,18.125,81.09166666666667,,
2020-07-12,2020.0,194.0,7.0,12.0,-30.425,987.2875,13.262500000000001,77.2625,,
2020-07-13,2020.0,195.0,7.0,13.0,-30.7625,982.0416666666666,8.425,75.04583333333333,,
2020-07-14,2020.0,196.0,7.0,14.0,-27.8125,978.8708333333334,7.6875,72.575,,
2020-07-15,2020.0,197.0,7.0,15.0,-26.070833333333336,976.7125,7.666666666666667,77.1375,,
2020-07-16,2020.0,198.0,7.0,16.0,-28.7,975.0291666666667,3.7583333333333333,82.80416666666666,,
2020-07-17,2020.0,199.0,7.0,17.0,-24.433333333333334,987.3541666666666,8.520833333333334,87.8625,,
2020-07-18,2020.0,200.0,7.0,18.0,-31.191666666666666,985.8583333333332,4.370833333333334,79.55833333333332,,
2020-07-19,2020.0,201.0,7.0,19.0,-30.47083333333333,973.9250000000001,2.4,81.53750000000001,,
2020-07-20,2020.0,202.0,7.0,20.0,-37.362500000000004,979.6958333333333,7.370833333333334,72.825,,
2020-07-21,2020.0,203.0,7.0,21.0,-34.550000000000004,982.7875,4.654166666666667,76.03333333333333,,
2020-07-22,2020.0,204.0,7.0,22.0,-30.7,983.4333333333334,4.904166666666667,81.10000000000001,,
2020-07-23,2020.0,205.0,7.0,23.0,-37.09583333333333,983.8874999999999,14.870833333333332,73.03333333333333,,
2020-07-24,2020.0,206.0,7.0,24.0,-26.791666666666668,967.2833333333333,22.97083333333333,85.57916666666667,,
2020-07-25,2020.0,207.0,7.0,25.0,-20.1875,950.3083333333334,18.9875,93.04166666666667,,
2020-07-26,2020.0,208.0,7.0,26.0,-25.566666666666666,972.6208333333334,18.5125,86.94166666666666,,
2020-07-27,2020.0,209.0,7.0,27.0,-32.329166666666666,980.7541666666666,4.466666666666667,79.2375,,
2020-07-28,2020.0,210.0,7.0,28.0,-34.99166666666667,981.6625,6.204166666666667,75.89166666666667,,
2020-07-29,2020.0,211.0,7.0,29.0,-33.24166666666667,989.9083333333333,2.4291666666666667,77.84166666666667,,
2020-07-30,2020.0,212.0,7.0,30.0,-35.237500000000004,986.6458333333334,6.133333333333333,75.60833333333333,,
2020-07-31,2020.0,213.0,7.0,31.0,-36.704166666666666,991.4291666666667,10.658333333333333,73.49166666666666,,
2020-08-01,2020.0,214.0,8.0,1.0,-37.262499999999996,996.6708333333332,5.420833333333333,72.92083333333333,,
2020-08-02,2020.0,215.0,8.0,2.0,-41.09166666666667,987.3874999999999,4.470833333333333,67.88333333333334,,
2020-08-03,2020.0,216.0,8.0,3.0,-39.199999999999996,973.1125000000001,2.6374999999999997,69.55,,
2020-08-04,2020.0,217.0,8.0,4.0,-39.1875,969.4499999999999,5.820833333333333,70.64166666666667,,
2020-08-05,2020.0,218.0,8.0,5.0,-35.675000000000004,978.5500000000001,11.433333333333332,74.62083333333334,,
2020-08-06,2020.0,219.0,8.0,6.0,-26.175,977.6999999999999,4.05,86.19583333333333,,
2020-08-07,2020.0,220.0,8.0,7.0,-26.883333333333336,976.9,3.5083333333333333,85.54583333333333,,
2020-08-08,2020.0,221.0,8.0,8.0,-20.8625,974.4666666666667,7.145833333333333,92.28333333333335,,
2020-08-09,2020.0,222.0,8.0,9.0,-27.525000000000002,983.2125,14.725,85.09166666666667,,
2020-08-10,2020.0,223.0,8.0,10.0,-27.925,989.0833333333334,10.8375,84.45,,
2020-08-11,2020.0,224.0,8.0,11.0,-29.916666666666668,991.8166666666666,14.85,82.05,,
2020-08-12,2020.0,225.0,8.0,12.0,-14.133333333333333,975.5708333333333,20.608333333333334,92.90714285714286,,
2020-08-13,2020.0,226.0,8.0,13.0,-18.175,986.3166666666666,7.708333333333333,95.33913043478262,,
2020-08-14,2020.0,227.0,8.0,14.0,-18.462500000000002,990.8041666666667,1.0333333333333334,94.71666666666668,,
2020-08-15,2020.0,228.0,8.0,15.0,-24.3625,996.9458333333333,2.9416666666666664,88.44166666666666,,
2020-08-16,2020.0,229.0,8.0,16.0,-27.170833333333334,1001.5,4.25,85.1875,,
2020-08-17,2020.0,230.0,8.0,17.0,-31.2,1004.0708333333333,7.870833333333334,80.58333333333333,,
2020-08-18,2020.0,231.0,8.0,18.0,-33.295833333333334,997.9833333333332,5.3875,77.83749999999999,,
2020-08-19,2020.0,232.0,8.0,19.0,-30.15833333333333,986.7791666666667,2.1875,81.67916666666666,,
2020-08-20,2020.0,233.0,8.0,20.0,-26.474999999999998,982.35,13.395833333333334,86.14999999999999,,
2020-08-21,2020.0,234.0,8.0,21.0,-32.391666666666666,988.5666666666666,10.362499999999999,78.92916666666666,,
2020-08-22,2020.0,235.0,8.0,22.0,-32.050000000000004,975.7583333333333,13.1625,79.19166666666666,,
2020-08-23,2020.0,236.0,8.0,23.0,-18.041666666666668,952.5166666666668,17.825,95.29166666666667,,
2020-08-24,2020.0,237.0,8.0,24.0,-21.2,966.1583333333333,14.170833333333333,91.75833333333333,,
2020-08-25,2020.0,238.0,8.0,25.0,-27.429166666666664,982.9791666666666,15.604166666666666,84.91666666666667,,
2020-08-26,2020.0,239.0,8.0,26.0,-29.770833333333332,996.3958333333334,13.420833333333334,82.05,,
2020-08-27,2020.0,240.0,8.0,27.0,-34.5625,1004.7208333333333,10.575000000000001,76.25,,
2020-08-28,2020.0,241.0,8.0,28.0,-31.775000000000002,1005.15,10.570833333333333,79.05833333333332,,
2020-08-29,2020.0,242.0,8.0,29.0,-31.03333333333333,994.475,12.85,79.83333333333333,,
2020-08-30,2020.0,243.0,8.0,30.0,-26.195833333333336,974.6458333333334,22.275000000000002,86.23333333333333,,
2020-08-31,2020.0,244.0,8.0,31.0,-16.912499999999998,962.3541666666666,24.916666666666668,95.4578947368421,,
2020-09-01,2020.0,245.0,9.0,1.0,-13.891666666666666,974.0791666666668,10.370833333333334,97.60588235294118,,
2020-09-02,2020.0,246.0,9.0,2.0,-15.408333333333333,986.8291666666668,13.950000000000001,97.52499999999999,,
2020-09-03,2020.0,247.0,9.0,3.0,-22.662499999999998,997.8083333333334,10.920833333333334,83.71666666666667,,
2020-09-04,2020.0,248.0,9.0,4.0,-22.40833333333333,984.4458333333333,4.108333333333333,88.26666666666667,,
2020-09-05,2020.0,249.0,9.0,5.0,-26.504166666666666,977.6583333333333,3.0375,86.29583333333333,,
2020-09-06,2020.0,250.0,9.0,6.0,-30.516666666666666,983.2166666666667,3.3083333333333336,81.66666666666667,,
2020-09-07,2020.0,251.0,9.0,7.0,-32.9375,991.9499999999999,4.545833333333333,78.54166666666667,,
2020-09-08,2020.0,252.0,9.0,8.0,-27.1875,990.9,12.204166666666666,85.2375,,
2020-09-09,2020.0,253.0,9.0,9.0,-34.020833333333336,986.3791666666666,7.333333333333333,75.6125,,
2020-09-10,2020.0,254.0,9.0,10.0,-35.733333333333334,988.5291666666667,2.6125000000000003,74.14999999999999,,
2020-09-11,2020.0,255.0,9.0,11.0,-33.864999999999995,980.4083333333333,1.9958333333333333,78.27499999999999,,
2020-09-12,2020.0,256.0,9.0,12.0,-38.07083333333333,982.3791666666666,2.5708333333333333,72.02499999999999,,
2020-09-13,2020.0,257.0,9.0,13.0,-39.545833333333334,991.2708333333334,2.8541666666666665,70.05,,
2020-09-14,2020.0,258.0,9.0,14.0,-42.958333333333336,988.5124999999999,3.8625000000000003,65.7875,,
2020-09-15,2020.0,259.0,9.0,15.0,-41.391666666666666,985.2041666666668,8.854166666666666,67.56666666666666,,
2020-09-16,2020.0,260.0,9.0,16.0,-38.15416666666667,985.5458333333332,15.808333333333332,71.53333333333333,,
2020-09-17,2020.0,261.0,9.0,17.0,-35.479166666666664,981.3333333333334,7.4125000000000005,70.82083333333334,,
2020-09-18,2020.0,262.0,9.0,18.0,-34.40833333333333,977.7041666666668,3.658333333333333,72.175,,
2020-09-19,2020.0,263.0,9.0,19.0,-19.8,971.4041666666667,14.116666666666667,89.59166666666665,,
2020-09-20,2020.0,264.0,9.0,20.0,-20.283333333333335,976.2083333333334,15.475,91.02916666666665,,
2020-09-21,2020.0,265.0,9.0,21.0,-25.616666666666664,979.1125000000001,7.629166666666666,81.6875,,
2020-09-22,2020.0,266.0,9.0,22.0,-27.141666666666666,982.1625,9.200000000000001,78.5125,,
2020-09-23,2020.0,267.0,9.0,23.0,-25.025000000000002,985.4125,11.012500000000001,84.29583333333333,,
2020-09-24,2020.0,268.0,9.0,24.0,-26.84166666666667,984.1625,3.775,79.80833333333334,,
2020-09-25,2020.0,269.0,9.0,25.0,-27.912499999999998,979.3583333333332,11.970833333333333,79.90416666666667,,
2020-09-26,2020.0,270.0,9.0,26.0,-30.27916666666667,988.3000000000001,10.904166666666667,77.625,,
2020-09-27,2020.0,271.0,9.0,27.0,-20.9,992.025,7.1499999999999995,86.98333333333333,,
2020-09-28,2020.0,272.0,9.0,28.0,-25.825,991.5916666666667,2.904166666666667,80.52916666666667,,
2020-09-29,2020.0,273.0,9.0,29.0,-31.125,989.4416666666666,10.516666666666667,75.39583333333333,,
2020-09-30,2020.0,274.0,9.0,30.0,-23.09166666666667,982.6458333333334,17.366666666666667,86.92916666666667,,
2020-10-01,2020.0,275.0,10.0,1.0,-16.7,978.5583333333334,21.0125,94.52499999999999,,
2020-10-02,2020.0,276.0,10.0,2.0,-16.354166666666668,970.0791666666668,15.5375,90.7,,
2020-10-03,2020.0,277.0,10.0,3.0,-22.75,970.1416666666668,5.9125000000000005,72.125,,
2020-10-04,2020.0,278.0,10.0,4.0,-17.712500000000002,972.7875,4.8999999999999995,87.19583333333333,,
2020-10-05,2020.0,279.0,10.0,5.0,-14.608333333333334,974.4916666666667,10.512500000000001,93.46249999999999,,
2020-10-06,2020.0,280.0,10.0,6.0,-15.862499999999999,972.7208333333333,6.945833333333333,91.71666666666665,,
2020-10-07,2020.0,281.0,10.0,7.0,-14.766666666666666,970.3625000000001,9.3375,92.53333333333335,,
2020-10-08,2020.0,282.0,10.0,8.0,-17.145833333333332,972.6333333333333,10.5875,89.75416666666666,,
2020-10-09,2020.0,283.0,10.0,9.0,-17.525000000000002,972.3874999999999,6.254166666666666,79.12083333333334,,
2020-10-10,2020.0,284.0,10.0,10.0,-18.408333333333335,969.7083333333334,7.454166666666667,79.68333333333334,,
2020-10-11,2020.0,285.0,10.0,11.0,-22.420833333333334,967.8874999999999,10.495833333333334,76.70833333333333,,
2020-10-12,2020.0,286.0,10.0,12.0,-26.520833333333332,971.3708333333334,5.908333333333334,63.25833333333333,,
2020-10-13,2020.0,287.0,10.0,13.0,-24.041666666666668,974.3458333333333,4.520833333333333,74.94583333333334,,
2020-10-14,2020.0,288.0,10.0,14.0,-23.8125,974.6125000000001,9.4125,82.08333333333333,,
2020-10-15,2020.0,289.0,10.0,15.0,-28.787499999999998,974.8541666666666,8.1875,76.0,,
2020-10-16,2020.0,290.0,10.0,16.0,-27.504166666666666,971.7875,4.008333333333334,77.72916666666667,,
2020-10-17,2020.0,291.0,10.0,17.0,-30.27916666666667,970.0124999999999,6.366666666666667,65.38333333333334,,
2020-10-18,2020.0,292.0,10.0,18.0,-31.616666666666664,969.6333333333333,4.283333333333333,63.75,,
2020-10-19,2020.0,293.0,10.0,19.0,-30.020833333333332,975.9541666666668,3.9499999999999997,59.80416666666667,,
2020-10-20,2020.0,294.0,10.0,20.0,-26.62857142857143,976.5958333333333,2.433333333333333,60.675000000000004,,
2020-10-21,2020.0,295.0,10.0,21.0,-28.808695652173913,969.4958333333334,3.6125000000000003,54.30833333333334,,
2020-10-22,2020.0,296.0,10.0,22.0,-23.354166666666668,962.475,3.983333333333333,64.01666666666667,,
2020-10-23,2020.0,297.0,10.0,23.0,-20.908333333333335,968.6708333333332,5.5,69.4375,,
2020-10-24,2020.0,298.0,10.0,24.0,-24.204166666666666,974.2624999999999,8.654166666666667,64.7375,,
2020-10-25,2020.0,299.0,10.0,25.0,-24.962500000000002,977.9708333333333,11.3375,73.68333333333334,,
2020-10-26,2020.0,300.0,10.0,26.0,-18.400000000000002,976.4541666666668,11.583333333333334,61.4375,,
2020-10-27,2020.0,301.0,10.0,27.0,-15.883333333333333,978.1333333333333,15.195833333333333,80.52499999999999,,
2020-10-28,2020.0,302.0,10.0,28.0,-13.745833333333332,980.9958333333334,11.166666666666666,62.987500000000004,,
2020-10-29,2020.0,303.0,10.0,29.0,-11.475,975.6708333333332,14.829166666666666,76.32083333333334,,
2020-10-30,2020.0,304.0,10.0,30.0,-15.179166666666667,971.1083333333332,11.2125,63.50833333333333,,
2020-10-31,2020.0,305.0,10.0,31.0,-18.175,965.5041666666666,6.9624999999999995,63.22083333333333,,
2020-11-01,2020.0,306.0,11.0,1.0,-17.395833333333332,967.2083333333334,5.370833333333334,60.78333333333333,,
2020-11-02,2020.0,307.0,11.0,2.0,-15.954166666666666,967.2541666666666,9.645833333333334,82.35833333333333,,
2020-11-03,2020.0,308.0,11.0,3.0,-19.645833333333332,958.9166666666666,4.5375,71.64166666666667,,
2020-11-04,2020.0,309.0,11.0,4.0,-20.108333333333334,960.2624999999999,3.3249999999999997,63.48333333333333,,
2020-11-05,2020.0,310.0,11.0,5.0,-19.900000000000002,964.8791666666666,3.295833333333333,66.00833333333334,,
2020-11-06,2020.0,311.0,11.0,6.0,-22.916666666666668,972.6750000000001,3.975,67.82083333333334,,
2020-11-07,2020.0,312.0,11.0,7.0,-18.316666666666666,969.6041666666666,3.0583333333333336,64.92083333333333,,
2020-11-08,2020.0,313.0,11.0,8.0,-21.416666666666668,960.85,4.245833333333334,70.90416666666667,,
2020-11-09,2020.0,314.0,11.0,9.0,-15.537500000000001,955.25,8.345833333333333,77.09583333333333,,
2020-11-10,2020.0,315.0,11.0,10.0,-18.70416666666667,966.1750000000001,4.479166666666667,63.025,,
2020-11-11,2020.0,316.0,11.0,11.0,-17.054166666666667,970.2291666666666,7.779166666666666,66.67916666666666,,
2020-11-12,2020.0,317.0,11.0,12.0,-13.729166666666666,974.3666666666667,11.237499999999999,67.80833333333334,,
2020-11-13,2020.0,318.0,11.0,13.0,-12.4,977.1666666666666,14.491666666666667,72.22500000000001,,
2020-11-14,2020.0,319.0,11.0,14.0,-13.170833333333334,982.0749999999999,9.529166666666667,65.80416666666666,,
2020-11-15,2020.0,320.0,11.0,15.0,-9.795833333333333,986.4958333333334,13.220833333333333,68.73333333333333,,
2020-11-16,2020.0,321.0,11.0,16.0,-12.666666666666666,985.7416666666667,3.733333333333333,57.887499999999996,,
2020-11-17,2020.0,322.0,11.0,17.0,-10.766666666666666,991.3833333333333,3.6875,60.97083333333333,,
2020-11-18,2020.0,323.0,11.0,18.0,-12.275,991.9375,4.633333333333334,55.84166666666667,,
2020-11-19,2020.0,324.0,11.0,19.0,-6.282608695652174,989.3125,2.1875,64.65454545454546,,
2020-11-20,2020.0,325.0,11.0,20.0,-10.147368421052633,988.0500000000001,2.1374999999999997,55.64166666666667,,
2020-11-21,2020.0,326.0,11.0,21.0,-10.02608695652174,989.2291666666666,6.233333333333333,69.875,,
2020-11-22,2020.0,327.0,11.0,22.0,-16.8125,992.7624999999999,9.195833333333333,76.39583333333333,,
2020-11-23,2020.0,328.0,11.0,23.0,-14.1,992.1,2.545833333333333,62.19583333333333,,
2020-11-24,2020.0,329.0,11.0,24.0,-5.763636363636364,987.3000000000001,3.091666666666667,76.73333333333333,,
2020-11-25,2020.0,330.0,11.0,25.0,-5.79047619047619,983.0708333333333,4.133333333333334,78.52499999999999,,
2020-11-26,2020.0,331.0,11.0,26.0,-10.133333333333335,976.1541666666667,5.241666666666666,67.97916666666667,,
2020-11-27,2020.0,332.0,11.0,27.0,-7.660869565217391,970.4166666666666,2.6458333333333335,59.18260869565218,,
2020-11-28,2020.0,333.0,11.0,28.0,-11.020833333333334,974.4875000000001,3.2624999999999997,64.62083333333334,,
2020-11-29,2020.0,334.0,11.0,29.0,-3.6750000000000003,978.7958333333332,2.2958333333333334,67.62916666666666,,
2020-11-30,2020.0,335.0,11.0,30.0,-7.558333333333334,981.1625,3.345833333333333,63.9625,,
2020-12-01,2020.0,336.0,12.0,1.0,-7.673333333333333,977.6958333333333,1.7249999999999999,56.791666666666664,,
2020-12-02,2020.0,337.0,12.0,2.0,-8.571428571428571,980.6791666666667,2.7624999999999997,59.5375,,
2020-12-03,2020.0,338.0,12.0,3.0,-11.085714285714285,982.2291666666666,4.0,67.46249999999999,,
2020-12-04,2020.0,339.0,12.0,4.0,-11.021739130434783,977.4916666666667,6.583333333333333,65.19166666666666,,
2020-12-05,2020.0,340.0,12.0,5.0,-8.991666666666667,974.2666666666668,10.700000000000001,68.79583333333333,,
2020-12-06,2020.0,341.0,12.0,6.0,-6.566666666666666,976.3125,8.5625,65.52499999999999,,
2020-12-07,2020.0,342.0,12.0,7.0,-4.3,973.4125,3.3958333333333335,55.92083333333333,,
2020-12-08,2020.0,343.0,12.0,8.0,-3.0857142857142854,972.3833333333333,4.8999999999999995,62.895833333333336,,
2020-12-09,2020.0,344.0,12.0,9.0,-4.6125,977.2708333333334,5.05,73.22500000000001,,
2020-12-10,2020.0,345.0,12.0,10.0,-5.656521739130435,980.775,4.391666666666667,61.84782608695652,,
2020-12-11,2020.0,346.0,12.0,11.0,-6.425,974.8208333333333,2.8666666666666667,59.425000000000004,,
2020-12-12,2020.0,347.0,12.0,12.0,-8.512500000000001,975.6583333333333,4.304166666666666,72.93333333333334,,
2020-12-13,2020.0,348.0,12.0,13.0,-8.525,979.1625,4.4750000000000005,70.20833333333333,,
2020-12-14,2020.0,349.0,12.0,14.0,-5.2,979.4125,2.8375,58.69583333333333,,
2020-12-15,2020.0,350.0,12.0,15.0,-7.877272727272728,976.5500000000001,3.65,71.34166666666667,,
2020-12-16,2020.0,351.0,12.0,16.0,-8.904347826086957,973.6374999999999,4.733333333333333,69.425,,
2020-12-17,2020.0,352.0,12.0,17.0,-5.0125,972.2583333333333,10.983333333333334,76.99166666666666,,
2020-12-18,2020.0,353.0,12.0,18.0,-4.5625,973.3541666666666,6.020833333333333,75.53333333333333,,
2020-12-19,2020.0,354.0,12.0,19.0,-2.4041666666666663,969.4666666666667,8.0375,82.3875,,
2020-12-20,2020.0,355.0,12.0,20.0,-2.216666666666667,970.4708333333333,9.354166666666666,78.47500000000001,,
2020-12-21,2020.0,356.0,12.0,21.0,-2.316666666666667,974.5333333333333,9.333333333333334,85.60416666666667,,
2020-12-22,2020.0,357.0,12.0,22.0,-3.2458333333333336,978.1875,8.020833333333334,73.21666666666667,,
2020-12-23,2020.0,358.0,12.0,23.0,-2.0,982.2208333333333,3.1791666666666667,69.4875,,
2020-12-24,2020.0,359.0,12.0,24.0,-2.4565217391304346,988.1916666666666,3.775,78.73333333333333,,
2020-12-25,2020.0,360.0,12.0,25.0,-3.2624999999999997,991.4791666666666,3.829166666666667,87.425,,
2020-12-26,2020.0,361.0,12.0,26.0,-4.388888888888889,983.3958333333334,3.8375,67.90416666666667,,
2020-12-27,2020.0,362.0,12.0,27.0,-2.7875,972.3708333333334,5.5874999999999995,75.3125,,
2020-12-28,2020.0,363.0,12.0,28.0,-7.204166666666667,972.3583333333332,7.9125000000000005,80.14166666666667,,
2020-12-29,2020.0,364.0,12.0,29.0,-3.9136363636363636,972.6625,4.145833333333333,72.90416666666667,,
2020-12-30,2020.0,365.0,12.0,30.0,-6.170588235294118,965.1458333333334,3.7541666666666664,65.24583333333334,,
2020-12-31,2020.0,366.0,12.0,31.0,-8.075000000000001,966.0583333333334,14.579166666666666,89.87916666666666,,
2021-01-01,2021.0,1.0,1.0,1.0,-6.7625,967.5375,13.191666666666668,91.5952380952381,,
2021-01-02,2021.0,2.0,1.0,2.0,-6.054166666666667,965.8333333333334,10.679166666666667,77.37083333333334,,
2021-01-03,2021.0,3.0,1.0,3.0,-4.0125,966.0833333333334,11.408333333333333,82.58749999999999,,
2021-01-04,2021.0,4.0,1.0,4.0,-4.7250000000000005,967.4833333333332,12.583333333333334,89.24736842105263,,
2021-01-05,2021.0,5.0,1.0,5.0,-4.204166666666667,972.4666666666667,5.070833333333334,72.49166666666666,,
2021-01-06,2021.0,6.0,1.0,6.0,-2.766666666666667,971.875,2.954166666666667,60.13333333333333,,
2021-01-07,2021.0,7.0,1.0,7.0,-6.641666666666667,972.1875,10.775,84.31666666666666,,
2021-01-08,2021.0,8.0,1.0,8.0,-5.5125,974.9958333333334,7.383333333333333,77.10416666666667,,
2021-01-09,2021.0,9.0,1.0,9.0,-6.5874999999999995,978.1041666666666,12.512500000000001,92.78571428571429,,
2021-01-10,2021.0,10.0,1.0,10.0,-6.371428571428572,983.1708333333332,4.508333333333334,84.60454545454546,,
2021-01-11,2021.0,11.0,1.0,11.0,-5.6875,984.7291666666666,4.445833333333334,74.68333333333334,,
2021-01-12,2021.0,12.0,1.0,12.0,-3.8041666666666667,984.5791666666668,2.8625000000000003,64.9590909090909,,
2021-01-13,2021.0,13.0,1.0,13.0,-3.8125,981.4708333333333,4.766666666666667,60.487500000000004,,
2021-01-14,2021.0,14.0,1.0,14.0,-8.3375,983.0083333333333,9.958333333333334,84.8875,,
2021-01-15,2021.0,15.0,1.0,15.0,-9.166666666666666,981.7041666666668,8.075000000000001,85.84166666666665,,
2021-01-16,2021.0,16.0,1.0,16.0,-6.083333333333333,981.35,4.5874999999999995,68.55416666666666,,
2021-01-17,2021.0,17.0,1.0,17.0,-4.025,986.9083333333333,1.5708333333333335,56.82608695652174,,
2021-01-18,2021.0,18.0,1.0,18.0,-0.6666666666666666,999.7791666666667,3.5583333333333336,75.80416666666666,,
2021-01-19,2021.0,19.0,1.0,19.0,-2.3208333333333333,1002.0875,5.170833333333333,89.94347826086955,,
2021-01-20,2021.0,20.0,1.0,20.0,-4.616666666666666,990.5625,13.575000000000001,94.29333333333334,,
2021-01-21,2021.0,21.0,1.0,21.0,-1.7958333333333334,990.3249999999999,5.741666666666667,86.82173913043479,,
2021-01-22,2021.0,22.0,1.0,22.0,-4.29,986.9541666666668,3.3333333333333335,71.60499999999999,,
2021-01-23,2021.0,23.0,1.0,23.0,-9.543478260869565,984.0875,4.020833333333333,66.85833333333333,,
2021-01-24,2021.0,24.0,1.0,24.0,-2.475,975.8416666666667,2.0375,58.37826086956522,,
2021-01-25,2021.0,25.0,1.0,25.0,-8.629166666666666,979.2833333333333,5.858333333333333,70.16666666666667,,
2021-01-26,2021.0,26.0,1.0,26.0,-4.9,989.4458333333333,3.2708333333333335,62.45652173913044,,
2021-01-27,2021.0,27.0,1.0,27.0,-2.566666666666667,986.4416666666666,3.875,76.32916666666667,,
2021-01-28,2021.0,28.0,1.0,28.0,-8.487499999999999,984.2875,8.424999999999999,89.71739130434783,,
2021-01-29,2021.0,29.0,1.0,29.0,-9.504166666666666,983.6125000000001,8.170833333333333,88.31666666666666,,
2021-01-30,2021.0,30.0,1.0,30.0,-7.7375,974.8708333333334,4.808333333333334,77.34583333333333,,
2021-01-31,2021.0,31.0,1.0,31.0,-9.75,974.2583333333333,9.975,85.7,,
2021-02-01,2021.0,32.0,2.0,1.0,-8.808695652173913,978.0458333333332,4.870833333333334,84.76086956521739,,
2021-02-02,2021.0,33.0,2.0,2.0,-13.366666666666667,983.9958333333334,3.283333333333333,77.92083333333333,,
2021-02-03,2021.0,34.0,2.0,3.0,-9.520833333333334,980.4125,3.4458333333333333,76.0608695652174,,
2021-02-04,2021.0,35.0,2.0,4.0,-10.75,972.65,10.004166666666666,88.2375,,
2021-02-05,2021.0,36.0,2.0,5.0,-12.987499999999999,971.1583333333333,8.1625,87.45833333333333,,
2021-02-06,2021.0,37.0,2.0,6.0,-11.320833333333333,971.3166666666666,5.6125,74.5125,,
2021-02-07,2021.0,38.0,2.0,7.0,-6.879166666666666,973.7333333333332,10.7875,80.78750000000001,,
2021-02-08,2021.0,39.0,2.0,8.0,-9.0,974.5833333333334,12.225,84.34,,
2021-02-09,2021.0,40.0,2.0,9.0,-15.552173913043477,978.0666666666666,6.9750000000000005,85.00416666666666,,
2021-02-10,2021.0,41.0,2.0,10.0,-11.391666666666666,970.0666666666666,4.816666666666666,75.98333333333333,,
2021-02-11,2021.0,42.0,2.0,11.0,-11.066666666666668,971.975,5.491666666666667,83.71428571428571,,
2021-02-12,2021.0,43.0,2.0,12.0,-11.491666666666667,977.4166666666666,6.05,89.38181818181819,,
2021-02-13,2021.0,44.0,2.0,13.0,-6.540909090909091,979.0,3.375,77.29523809523809,,
2021-02-14,2021.0,45.0,2.0,14.0,-12.221739130434784,975.4875000000001,3.2416666666666667,76.20952380952382,,
2021-02-15,2021.0,46.0,2.0,15.0,-9.733333333333333,974.4125,2.4,64.32000000000001,,
2021-02-16,2021.0,47.0,2.0,16.0,-13.905263157894737,975.6750000000001,3.483333333333333,79.66499999999999,,
2021-02-17,2021.0,48.0,2.0,17.0,-17.941666666666666,979.8291666666668,5.3374999999999995,73.19583333333334,,
2021-02-18,2021.0,49.0,2.0,18.0,-15.566666666666668,982.3375,3.7708333333333335,68.00416666666666,,
2021-02-19,2021.0,50.0,2.0,19.0,-15.662500000000001,988.0625,3.2125,68.7375,,
2021-02-20,2021.0,51.0,2.0,20.0,-14.041666666666666,986.9291666666667,5.033333333333333,79.75,,
2021-02-21,2021.0,52.0,2.0,21.0,-14.229166666666666,983.0041666666666,5.329166666666667,77.02499999999999,,
2021-02-22,2021.0,53.0,2.0,22.0,-17.76521739130435,980.9791666666666,3.1458333333333335,74.95416666666667,,
2021-02-23,2021.0,54.0,2.0,23.0,-19.900000000000002,981.2125,5.925,68.45,,
2021-02-24,2021.0,55.0,2.0,24.0,-14.85,981.6666666666666,4.704166666666667,61.11666666666667,,
2021-02-25,2021.0,56.0,2.0,25.0,-19.258333333333333,982.5083333333333,5.1625000000000005,68.66666666666667,,
2021-02-26,2021.0,57.0,2.0,26.0,-17.941666666666666,984.3666666666667,5.25,67.25,,
2021-02-27,2021.0,58.0,2.0,27.0,-20.120833333333334,982.2416666666667,4.216666666666667,74.14999999999999,,
2021-02-28,2021.0,59.0,2.0,28.0,-20.245833333333334,981.3041666666667,4.508333333333334,66.5125,,
2021-03-01,2021.0,60.0,3.0,1.0,-18.6375,980.6083333333332,5.866666666666667,73.375,,
2021-03-02,2021.0,61.0,3.0,2.0,-23.858333333333334,983.9958333333334,5.041666666666667,79.625,,
2021-03-03,2021.0,62.0,3.0,3.0,-21.308695652173913,987.25,7.5375000000000005,82.89999999999999,,
2021-03-04,2021.0,63.0,3.0,4.0,-21.520833333333332,993.4250000000001,4.45,82.15416666666667,,
2021-03-05,2021.0,64.0,3.0,5.0,-20.883333333333333,995.7125,10.045833333333333,85.04166666666667,,
2021-03-06,2021.0,65.0,3.0,6.0,-20.879166666666666,996.5666666666666,10.5,86.52916666666665,,
2021-03-07,2021.0,66.0,3.0,7.0,-21.3125,1000.1333333333333,11.133333333333333,86.38333333333333,,
2021-03-08,2021.0,67.0,3.0,8.0,-22.6125,1002.8208333333333,8.420833333333333,81.16666666666667,,
2021-03-09,2021.0,68.0,3.0,9.0,-21.854166666666668,996.75,4.079166666666667,71.52499999999999,,
2021-03-10,2021.0,69.0,3.0,10.0,-19.0875,994.1333333333333,7.929166666666667,84.85000000000001,,
2021-03-11,2021.0,70.0,3.0,11.0,-21.191666666666666,993.6333333333333,4.808333333333334,80.22916666666667,,
2021-03-12,2021.0,71.0,3.0,12.0,-18.316666666666666,982.125,7.533333333333332,89.42916666666667,,
2021-03-13,2021.0,72.0,3.0,13.0,-22.741666666666664,979.7416666666667,9.991666666666667,87.625,,
2021-03-14,2021.0,73.0,3.0,14.0,-25.116666666666664,980.1041666666666,11.733333333333334,84.875,,
2021-03-15,2021.0,74.0,3.0,15.0,-28.746153846153845,981.3833333333333,5.229166666666667,86.80833333333334,,
2021-03-16,2021.0,75.0,3.0,16.0,-24.8625,977.3541666666666,18.520833333333332,86.92083333333333,,
2021-03-17,2021.0,76.0,3.0,17.0,-21.891666666666666,989.85,13.012500000000001,88.89583333333333,,
2021-03-18,2021.0,77.0,3.0,18.0,-16.520833333333332,983.9041666666667,7.0,87.79166666666667,,
2021-03-19,2021.0,78.0,3.0,19.0,-20.095833333333335,980.4708333333333,9.549999999999999,87.3875,,
2021-03-20,2021.0,79.0,3.0,20.0,-26.099999999999998,978.5708333333333,3.3625000000000003,74.44166666666666,,
2021-03-21,2021.0,80.0,3.0,21.0,-29.7625,979.2375000000001,7.1875,77.09583333333333,,
2021-03-22,2021.0,81.0,3.0,22.0,-26.15833333333333,981.4875000000001,12.3375,84.40833333333333,,
2021-03-23,2021.0,82.0,3.0,23.0,-21.474999999999998,982.5583333333334,7.920833333333333,83.36666666666666,,
2021-03-24,2021.0,83.0,3.0,24.0,-21.52173913043478,980.8833333333333,3.4916666666666667,85.26521739130435,,
2021-03-25,2021.0,84.0,3.0,25.0,-22.90833333333333,987.0124999999999,4.233333333333333,86.21818181818182,,
2021-03-26,2021.0,85.0,3.0,26.0,-15.479166666666666,984.2666666666668,9.041666666666666,90.99583333333334,,
2021-03-27,2021.0,86.0,3.0,27.0,-18.341666666666665,986.6666666666666,8.6,79.71249999999999,,
2021-03-28,2021.0,87.0,3.0,28.0,-12.7125,990.4583333333334,14.825000000000001,93.24736842105263,,
2021-03-29,2021.0,88.0,3.0,29.0,-21.008333333333333,989.7375000000001,5.441666666666666,78.35833333333333,,
2021-03-30,2021.0,89.0,3.0,30.0,-22.508333333333336,980.5333333333333,7.108333333333333,81.63333333333334,,
2021-03-31,2021.0,90.0,3.0,31.0,-23.825,977.9333333333334,11.5,82.30833333333334,,
2021-04-01,2021.0,91.0,4.0,1.0,-21.054166666666667,970.9625,13.387500000000001,90.51666666666667,,274.0
2021-04-02,2021.0,92.0,4.0,2.0,-17.583333333333332,964.7041666666668,12.795833333333334,94.64999999999999,,274.0
2021-04-03,2021.0,93.0,4.0,3.0,-20.683333333333334,965.8666666666667,13.483333333333334,92.1125,,274.0
2021-04-04,2021.0,94.0,4.0,4.0,-25.941666666666666,970.4250000000001,10.341666666666667,85.17083333333333,,273.9583351916376
2021-04-05,2021.0,95.0,4.0,5.0,-28.900000000000002,974.6166666666667,4.479166666666667,80.53333333333333,,274.0
2021-04-06,2021.0,96.0,4.0,6.0,-28.53333333333333,978.2624999999999,5.695833333333333,79.74166666666666,,274.24959871776514
2021-04-07,2021.0,97.0,4.0,7.0,-29.325,978.5749999999999,5.166666666666667,78.575,,274.0
2021-04-08,2021.0,98.0,4.0,8.0,-35.13333333333333,977.8000000000001,4.625,73.72500000000001,,274.0
2021-04-09,2021.0,99.0,4.0,9.0,-29.724999999999998,981.2291666666666,7.7625,81.6125,,274.0
2021-04-10,2021.0,100.0,4.0,10.0,-28.608333333333334,984.725,5.55,82.29166666666667,,274.0
2021-04-11,2021.0,101.0,4.0,11.0,-29.704166666666666,987.5708333333333,3.795833333333333,80.96666666666667,,276.4895529219991
2021-04-12,2021.0,102.0,4.0,12.0,-26.1875,978.1,5.516666666666667,84.70833333333333,,274.0
2021-04-13,2021.0,103.0,4.0,13.0,-33.24166666666667,981.6958333333333,4.991666666666666,75.44583333333334,,274.0
2021-04-14,2021.0,104.0,4.0,14.0,-30.030434782608697,984.1958333333333,3.7583333333333333,77.47500000000001,,274.0
2021-04-15,2021.0,105.0,4.0,15.0,-35.204166666666666,993.0333333333333,3.483333333333333,74.63333333333334,,274.0
2021-04-16,2021.0,106.0,4.0,16.0,-34.862500000000004,1001.2875,9.987499999999999,75.3,,274.0
2021-04-17,2021.0,107.0,4.0,17.0,-37.175000000000004,1002.0,12.387500000000001,72.44583333333334,,273.8750041647111
2021-04-18,2021.0,108.0,4.0,18.0,-42.24166666666667,995.9875000000001,5.6375,65.30416666666666,,274.0
2021-04-19,2021.0,109.0,4.0,19.0,-35.5625,981.9625,3.1041666666666665,73.97916666666667,,274.0
2021-04-20,2021.0,110.0,4.0,20.0,-42.25416666666667,979.4083333333333,2.9625,65.9375,,274.0
2021-04-21,2021.0,111.0,4.0,21.0,-43.520833333333336,977.9333333333334,2.766666666666667,63.987500000000004,,274.0
2021-04-22,2021.0,112.0,4.0,22.0,-44.59166666666667,985.4958333333334,4.920833333333333,62.67916666666667,,272.7087650024148
2021-04-23,2021.0,113.0,4.0,23.0,-41.520833333333336,989.275,2.191666666666667,65.83749999999999,,279.4189192190555
2021-04-24,2021.0,114.0,4.0,24.0,-41.15,986.1291666666666,2.2624999999999997,66.78333333333333,,279.14936702853157
2021-04-25,2021.0,115.0,4.0,25.0,-39.00416666666667,987.8625000000001,3.029166666666667,70.2375,,274.0
2021-04-26,2021.0,116.0,4.0,26.0,-43.09583333333333,991.1958333333333,11.5375,64.72916666666667,,273.8333380342672
2021-04-27,2021.0,117.0,4.0,27.0,-30.866666666666664,975.9375,13.125,77.8875,,273.6667085031984
2021-04-28,2021.0,118.0,4.0,28.0,-26.258333333333336,972.8249999999999,8.366666666666667,85.05416666666666,,274.0
2021-04-29,2021.0,119.0,4.0,29.0,-29.22083333333333,978.0375,4.1499999999999995,80.82083333333334,,276.475996062527
2021-04-30,2021.0,120.0,4.0,30.0,-32.44166666666667,982.1416666666668,4.329166666666667,79.0,,274.0
2021-05-01,2021.0,121.0,5.0,1.0,-31.454166666666666,983.9791666666666,6.658333333333334,79.52499999999999,,
2021-05-02,2021.0,122.0,5.0,2.0,-31.620833333333334,976.5375,5.070833333333334,79.58749999999999,,
2021-05-03,2021.0,123.0,5.0,3.0,-18.341666666666665,963.0958333333333,14.975,95.14166666666667,,
2021-05-04,2021.0,124.0,5.0,4.0,-20.683333333333334,965.5416666666666,8.549999999999999,92.3875,,
2021-05-05,2021.0,125.0,5.0,5.0,-29.916666666666668,982.25,4.379166666666666,81.82083333333334,,
2021-05-06,2021.0,126.0,5.0,6.0,-30.883333333333336,982.85,12.120833333333332,80.67916666666666,,
2021-05-07,2021.0,127.0,5.0,7.0,-26.625,980.5625,18.745833333333334,85.60833333333333,,
2021-05-08,2021.0,128.0,5.0,8.0,-27.09583333333333,985.7166666666667,13.725,84.87083333333334,,
2021-05-09,2021.0,129.0,5.0,9.0,-33.6,984.6666666666666,8.929166666666667,76.69583333333334,,
2021-05-10,2021.0,130.0,5.0,10.0,-39.604166666666664,983.0916666666667,6.4624999999999995,69.35000000000001,,
2021-05-11,2021.0,131.0,5.0,11.0,-34.208333333333336,974.3583333333332,11.233333333333334,76.14166666666667,,
2021-05-12,2021.0,132.0,5.0,12.0,-32.875,974.0124999999999,11.9,77.87916666666666,,
2021-05-13,2021.0,133.0,5.0,13.0,-35.68333333333333,981.8958333333334,5.408333333333334,73.09583333333333,,
2021-05-14,2021.0,134.0,5.0,14.0,-36.5,982.7916666666666,2.3125,72.85000000000001,,
2021-05-15,2021.0,135.0,5.0,15.0,-36.96666666666667,986.5625,1.1291666666666667,72.66666666666667,,
2021-05-16,2021.0,136.0,5.0,16.0,-40.079166666666666,1000.3249999999999,1.1375,68.60833333333333,,
2021-05-17,2021.0,137.0,5.0,17.0,-34.170833333333334,989.8916666666668,2.9375,76.1875,,
2021-05-18,2021.0,138.0,5.0,18.0,-41.266666666666666,992.5625,2.105,67.10833333333333,,
2021-05-19,2021.0,139.0,5.0,19.0,-33.083333333333336,992.7833333333333,,76.86666666666666,,
2021-05-20,2021.0,140.0,5.0,20.0,-40.80833333333333,988.1750000000001,,67.79166666666667,,
2021-05-21,2021.0,141.0,5.0,21.0,-36.895833333333336,979.1791666666667,,72.59583333333333,,
2021-05-22,2021.0,142.0,5.0,22.0,-33.57083333333333,986.7875,17.268181818181816,76.95833333333333,,
2021-05-23,2021.0,143.0,5.0,23.0,-29.791666666666668,989.1833333333334,8.966666666666667,78.69583333333334,,
2021-05-24,2021.0,144.0,5.0,24.0,-26.4875,981.7083333333334,2.3333333333333335,85.0625,,
2021-05-25,2021.0,145.0,5.0,25.0,-18.462500000000002,981.9666666666667,10.783333333333333,94.80833333333334,,
2021-05-26,2021.0,146.0,5.0,26.0,-17.8125,989.7083333333334,10.983333333333334,94.71666666666665,,
2021-05-27,2021.0,147.0,5.0,27.0,-13.329166666666666,987.7375000000001,17.23333333333333,98.99,,
2021-05-28,2021.0,148.0,5.0,28.0,-13.033333333333333,990.8375,11.654166666666667,98.825,,
2021-05-29,2021.0,149.0,5.0,29.0,-14.854166666666666,995.0916666666667,15.049999999999999,98.54761904761905,,
2021-05-30,2021.0,150.0,5.0,30.0,-22.058333333333334,987.8583333333332,6.545833333333333,87.25,,
2021-05-31,2021.0,151.0,5.0,31.0,-21.71666666666667,979.9250000000001,5.933333333333334,89.17083333333333,,
2021-06-01,2021.0,152.0,6.0,1.0,-20.645833333333332,987.1208333333334,6.7124999999999995,92.64999999999999,,
2021-06-02,2021.0,153.0,6.0,2.0,-22.383333333333336,995.7541666666666,2.6833333333333336,90.8875,,
2021-06-03,2021.0,154.0,6.0,3.0,-27.620833333333334,991.9250000000001,16.675,84.82083333333334,,
2021-06-04,2021.0,155.0,6.0,4.0,-29.75,983.9708333333333,9.358333333333333,79.6125,,
2021-06-05,2021.0,156.0,6.0,5.0,-30.8625,981.7541666666666,2.7083333333333335,78.05416666666666,,
2021-06-06,2021.0,157.0,6.0,6.0,-22.84583333333333,980.4958333333334,2.858333333333333,90.16666666666667,,
2021-06-07,2021.0,158.0,6.0,7.0,-23.6125,987.4041666666667,9.6375,89.175,,
2021-06-08,2021.0,159.0,6.0,8.0,-27.59583333333333,985.9083333333333,3.3249999999999997,84.72083333333333,,
2021-06-09,2021.0,160.0,6.0,9.0,-30.770833333333332,982.3041666666667,6.258333333333333,80.90416666666667,,
2021-06-10,2021.0,161.0,6.0,10.0,-39.362500000000004,985.4958333333334,4.033333333333333,70.24583333333334,,
2021-06-11,2021.0,162.0,6.0,11.0,-37.237500000000004,991.6,2.65,72.6375,,
2021-06-12,2021.0,163.0,6.0,12.0,-36.7695652173913,992.1666666666666,3.1625,72.625,,
2021-06-13,2021.0,164.0,6.0,13.0,-33.72083333333333,990.2125,1.925,77.29166666666667,,
2021-06-14,2021.0,165.0,6.0,14.0,-35.75833333333333,986.7208333333333,2.2041666666666666,74.31666666666666,,
2021-06-15,2021.0,166.0,6.0,15.0,-34.75416666666667,982.7208333333333,2.716666666666667,75.64999999999999,,
2021-06-16,2021.0,167.0,6.0,16.0,-29.229166666666668,972.9458333333333,2.4166666666666665,82.60833333333333,,
2021-06-17,2021.0,168.0,6.0,17.0,-27.991666666666664,969.7208333333333,4.466666666666667,84.05,,
2021-06-18,2021.0,169.0,6.0,18.0,-23.9875,980.1916666666666,14.095833333333333,89.05833333333334,,
2021-06-19,2021.0,170.0,6.0,19.0,-30.75,975.6374999999999,5.6125,80.91666666666667,,
2021-06-20,2021.0,171.0,6.0,20.0,-25.754166666666666,966.5625,5.4375,86.74166666666667,,
2021-06-21,2021.0,172.0,6.0,21.0,-18.091666666666665,962.7708333333334,16.825,95.57083333333333,,
2021-06-22,2021.0,173.0,6.0,22.0,-30.620833333333334,971.0916666666667,8.4,81.44583333333334,,
2021-06-23,2021.0,174.0,6.0,23.0,-24.354166666666668,974.5458333333332,9.845833333333333,88.57083333333333,,
2021-06-24,2021.0,175.0,6.0,24.0,-27.958333333333332,978.9833333333332,5.941666666666666,84.08749999999999,,
2021-06-25,2021.0,176.0,6.0,25.0,-34.05416666666667,982.1541666666667,4.370833333333333,76.93333333333334,,
2021-06-26,2021.0,177.0,6.0,26.0,-29.175,987.3458333333333,7.029166666666666,82.60000000000001,,
2021-06-27,2021.0,178.0,6.0,27.0,-29.775000000000002,995.525,11.304166666666667,82.17083333333333,,
2021-06-28,2021.0,179.0,6.0,28.0,-33.425000000000004,996.6875,4.029166666666667,77.575,,
2021-06-29,2021.0,180.0,6.0,29.0,-34.175000000000004,989.4499999999999,0.9625,76.16666666666667,,
2021-06-30,2021.0,181.0,6.0,30.0,-32.42916666666667,981.6208333333334,5.2375,78.66666666666667,,
2021-07-01,2021.0,182.0,7.0,1.0,-33.4,975.1125000000001,3.8375,77.175,,
2021-07-02,2021.0,183.0,7.0,2.0,-27.90833333333333,972.775,6.970833333333334,84.08333333333333,,
2021-07-03,2021.0,184.0,7.0,3.0,-25.4375,974.0749999999999,13.845833333333333,87.28333333333335,,
2021-07-04,2021.0,185.0,7.0,4.0,-26.383333333333336,983.0124999999999,8.408333333333333,86.14583333333333,,
2021-07-05,2021.0,186.0,7.0,5.0,-26.71666666666667,979.4625,12.079166666666666,85.74166666666667,,
2021-07-06,2021.0,187.0,7.0,6.0,-22.745833333333334,983.2416666666667,16.904166666666665,90.09166666666665,,
2021-07-07,2021.0,188.0,7.0,7.0,-23.829166666666666,990.2208333333333,15.979166666666666,88.69166666666666,,
2021-07-08,2021.0,189.0,7.0,8.0,-19.912499999999998,983.1374999999999,14.049999999999999,89.49583333333334,,
2021-07-09,2021.0,190.0,7.0,9.0,-16.804166666666667,981.4833333333332,13.941666666666668,95.22272727272728,,
2021-07-10,2021.0,191.0,7.0,10.0,-19.5125,994.5,9.025,92.69583333333333,,
2021-07-11,2021.0,192.0,7.0,11.0,-24.695833333333336,993.8041666666667,8.558333333333334,85.31666666666666,,
2021-07-12,2021.0,193.0,7.0,12.0,-23.704166666666666,992.9458333333333,6.825,83.55416666666666,,
2021-07-13,2021.0,194.0,7.0,13.0,-25.458333333333332,990.6875,2.9499999999999997,85.84166666666665,,
2021-07-14,2021.0,195.0,7.0,14.0,-25.4875,986.2541666666666,8.637500000000001,87.10416666666667,,
2021-07-15,2021.0,196.0,7.0,15.0,-27.691666666666666,989.975,5.429166666666666,82.1875,,
2021-07-16,2021.0,197.0,7.0,16.0,-22.325,989.1458333333334,6.754166666666666,89.79166666666667,,
2021-07-17,2021.0,198.0,7.0,17.0,-24.041666666666668,988.8791666666666,8.454166666666667,87.21249999999999,,
2021-07-18,2021.0,199.0,7.0,18.0,-25.7,984.7375000000001,8.504166666666666,80.875,,
2021-07-19,2021.0,200.0,7.0,19.0,-28.425,984.9916666666667,10.070833333333333,76.8625,,
2021-07-20,2021.0,201.0,7.0,20.0,-26.504166666666666,987.2125,15.379166666666668,81.87916666666666,,
2021-07-21,2021.0,202.0,7.0,21.0,-30.229166666666668,987.7791666666667,14.112499999999999,74.53750000000001,,
2021-07-22,2021.0,203.0,7.0,22.0,-24.0125,979.9416666666666,23.195833333333336,88.21666666666665,,
2021-07-23,2021.0,204.0,7.0,23.0,-20.370833333333334,986.8208333333333,17.129166666666666,89.64999999999999,,
2021-07-24,2021.0,205.0,7.0,24.0,-21.070833333333333,992.7875,10.733333333333334,84.77499999999999,,
2021-07-25,2021.0,206.0,7.0,25.0,-23.259090909090908,992.2333333333332,3.6750000000000003,80.375,,
2021-07-26,2021.0,207.0,7.0,26.0,-34.300000000000004,993.3916666666668,5.1625000000000005,74.76666666666667,,
2021-07-27,2021.0,208.0,7.0,27.0,-32.416666666666664,994.1125000000001,4.279166666666667,70.91666666666667,,
2021-07-28,2021.0,209.0,7.0,28.0,-31.804166666666664,994.9791666666666,3.525,79.15833333333333,,
2021-07-29,2021.0,210.0,7.0,29.0,-30.883333333333336,1002.4541666666668,2.545833333333333,81.1875,,
2021-07-30,2021.0,211.0,7.0,30.0,-33.25416666666667,1010.4041666666667,2.0416666666666665,77.425,,
2021-07-31,2021.0,212.0,7.0,31.0,-27.458333333333332,992.6999999999999,2.6458333333333335,84.52916666666667,,
2021-08-01,2021.0,213.0,8.0,1.0,-33.475,982.7041666666668,3.7458333333333336,77.46666666666667,,
2021-08-02,2021.0,214.0,8.0,2.0,-33.8125,991.6541666666667,2.2416666666666667,76.86666666666666,,
2021-08-03,2021.0,215.0,8.0,3.0,-29.420833333333334,993.3958333333334,3.091666666666667,82.17083333333333,,
2021-08-04,2021.0,216.0,8.0,4.0,-31.858333333333334,987.8583333333332,5.925,79.46666666666667,,
2021-08-05,2021.0,217.0,8.0,5.0,-37.704166666666666,988.2083333333334,3.475,71.77083333333333,,
2021-08-06,2021.0,218.0,8.0,6.0,-33.854166666666664,995.5708333333333,3.4956521739130433,76.58749999999999,,
2021-08-07,2021.0,219.0,8.0,7.0,-26.554166666666664,997.4041666666667,3.4,85.4375,,
2021-08-08,2021.0,220.0,8.0,8.0,-30.541666666666668,982.7375000000001,4.345833333333333,80.94166666666666,,
2021-08-09,2021.0,221.0,8.0,9.0,-46.06666666666666,981.1083333333332,4.108333333333333,61.7875,,
2021-08-10,2021.0,222.0,8.0,10.0,-44.175000000000004,998.9875000000001,6.270833333333333,63.51666666666667,,
2021-08-11,2021.0,223.0,8.0,11.0,-42.17916666666667,1012.8208333333333,2.9291666666666667,65.79166666666667,,
2021-08-12,2021.0,224.0,8.0,12.0,-32.1875,998.6833333333334,4.058333333333334,78.78333333333333,,
2021-08-13,2021.0,225.0,8.0,13.0,-37.80416666666667,990.4583333333334,7.541666666666667,71.84166666666667,,
2021-08-14,2021.0,226.0,8.0,14.0,-40.233333333333334,1008.1708333333332,7.2250000000000005,68.52499999999999,,
2021-08-15,2021.0,227.0,8.0,15.0,-44.949999999999996,1011.8249999999999,3.5500000000000003,62.675000000000004,,
2021-08-16,2021.0,228.0,8.0,16.0,-49.70416666666667,1003.6208333333334,3.6625,56.29583333333333,,
2021-08-17,2021.0,229.0,8.0,17.0,-41.574999999999996,997.7208333333333,1.5125,66.59583333333333,,
2021-08-18,2021.0,230.0,8.0,18.0,-53.30833333333334,992.2375000000001,5.014285714285714,52.737500000000004,,
2021-08-19,2021.0,231.0,8.0,19.0,-43.38333333333333,985.8958333333334,1.9222222222222223,63.92083333333333,,
2021-08-20,2021.0,232.0,8.0,20.0,-38.483333333333334,985.75,1.9869565217391305,70.06666666666666,,
2021-08-21,2021.0,233.0,8.0,21.0,-36.71666666666667,981.2416666666667,3.8375,72.93333333333334,,
2021-08-22,2021.0,234.0,8.0,22.0,-38.458333333333336,983.4041666666667,3.8666666666666667,70.71666666666667,,
2021-08-23,2021.0,235.0,8.0,23.0,-35.3125,982.1708333333332,0.6173913043478261,73.95,,
2021-08-24,2021.0,236.0,8.0,24.0,-33.78333333333333,976.2208333333333,1.3,75.8875,,
2021-08-25,2021.0,237.0,8.0,25.0,-32.175,975.7624999999999,3.5583333333333336,78.85416666666667,,
2021-08-26,2021.0,238.0,8.0,26.0,-23.991666666666664,979.4416666666666,12.495833333333332,88.60833333333333,,
2021-08-27,2021.0,239.0,8.0,27.0,-21.47083333333333,982.4958333333334,12.674999999999999,90.325,,
2021-08-28,2021.0,240.0,8.0,28.0,-27.758333333333336,973.9333333333334,8.299999999999999,81.94166666666666,,
2021-08-29,2021.0,241.0,8.0,29.0,-30.895833333333332,986.5625,6.2875000000000005,75.38333333333334,,
2021-08-30,2021.0,242.0,8.0,30.0,-31.837500000000002,994.5916666666667,4.666666666666667,74.71249999999999,,
2021-08-31,2021.0,243.0,8.0,31.0,-35.1625,989.9708333333333,2.6666666666666665,73.35000000000001,,
2021-09-01,2021.0,244.0,9.0,1.0,-33.2125,984.1750000000001,2.970833333333333,77.30416666666666,,
2021-09-02,2021.0,245.0,9.0,2.0,-32.045833333333334,971.6208333333334,8.416666666666666,77.23333333333333,,
2021-09-03,2021.0,246.0,9.0,3.0,-29.125,972.2833333333333,11.766666666666666,79.00416666666666,,
2021-09-04,2021.0,247.0,9.0,4.0,-30.9375,971.3916666666668,9.233333333333333,69.45833333333333,,
2021-09-05,2021.0,248.0,9.0,5.0,-23.704166666666666,966.9458333333333,11.254166666666668,78.61739130434783,,
2021-09-06,2021.0,249.0,9.0,6.0,-21.666666666666668,964.3958333333334,20.258333333333333,90.8,,
2021-09-07,2021.0,250.0,9.0,7.0,-26.133333333333336,977.775,9.8375,80.3625,,
2021-09-08,2021.0,251.0,9.0,8.0,-30.121052631578944,983.775,6.753333333333333,80.89166666666667,,
2021-09-09,2021.0,252.0,9.0,9.0,-27.85,971.5666666666666,10.825000000000001,84.17916666666666,,
2021-09-10,2021.0,253.0,9.0,10.0,-23.724999999999998,967.7875,14.137500000000001,88.59166666666665,,
2021-09-11,2021.0,254.0,9.0,11.0,-26.683333333333334,971.6416666666668,9.85,83.16666666666667,,
2021-09-12,2021.0,255.0,9.0,12.0,-33.824999999999996,970.0166666666668,7.290000000000001,74.67916666666666,,
2021-09-13,2021.0,256.0,9.0,13.0,-34.09583333333333,972.8541666666666,7.785714285714286,74.92083333333333,,
2021-09-14,2021.0,257.0,9.0,14.0,-32.483333333333334,982.0083333333333,8.125,77.75,,
2021-09-15,2021.0,258.0,9.0,15.0,-28.795833333333334,974.475,7.3999999999999995,75.19166666666666,,
2021-09-16,2021.0,259.0,9.0,16.0,-31.6875,967.5875,5.154166666666667,75.13333333333334,,
2021-09-17,2021.0,260.0,9.0,17.0,-27.833333333333332,975.4166666666666,9.979166666666666,74.19166666666668,,
2021-09-18,2021.0,261.0,9.0,18.0,-24.041666666666668,984.8458333333333,7.2,83.2,,
2021-09-19,2021.0,262.0,9.0,19.0,-26.455000000000002,987.2958333333332,1.6833333333333333,80.32916666666667,,
2021-09-20,2021.0,263.0,9.0,20.0,-27.900000000000002,992.9041666666667,3.220833333333333,83.97083333333333,,
2021-09-21,2021.0,264.0,9.0,21.0,-27.675,985.3333333333334,11.6875,83.79166666666667,,
2021-09-22,2021.0,265.0,9.0,22.0,-24.108333333333334,976.0625,18.833333333333332,87.88333333333333,,
2021-09-23,2021.0,266.0,9.0,23.0,-25.729166666666668,977.9625,16.037499999999998,83.77083333333333,,
2021-09-24,2021.0,267.0,9.0,24.0,-26.504166666666666,974.8666666666667,10.295833333333333,76.66666666666667,,
2021-09-25,2021.0,268.0,9.0,25.0,-25.2,969.5208333333334,1.9708333333333332,78.7625,,
2021-09-26,2021.0,269.0,9.0,26.0,-26.96666666666667,967.8833333333333,7.0625,82.97083333333333,,
2021-09-27,2021.0,270.0,9.0,27.0,-27.941666666666666,966.5541666666667,4.583333333333333,77.3,,
2021-09-28,2021.0,271.0,9.0,28.0,-35.483333333333334,972.3458333333333,5.691666666666666,69.83749999999999,,
2021-09-29,2021.0,272.0,9.0,29.0,-36.62916666666667,976.3083333333334,2.8375,66.39999999999999,,
2021-09-30,2021.0,273.0,9.0,30.0,-28.6375,970.15,6.325,76.69166666666666,,
2021-10-01,2021.0,274.0,10.0,1.0,-26.666666666666668,969.4608695652173,15.112499999999999,83.27499999999999,,
2021-10-02,2021.0,275.0,10.0,2.0,-19.420833333333334,973.9583333333334,16.745833333333334,83.63333333333334,,
2021-10-03,2021.0,276.0,10.0,3.0,-20.591666666666665,974.9416666666666,13.4625,65.78750000000001,,
2021-10-04,2021.0,277.0,10.0,4.0,-21.070833333333333,982.6583333333333,13.362499999999999,68.71666666666667,,
2021-10-05,2021.0,278.0,10.0,5.0,-25.974999999999998,985.025,4.654166666666667,59.44583333333333,,
2021-10-06,2021.0,279.0,10.0,6.0,-25.45,978.2666666666668,3.2708333333333335,67.03333333333333,,
2021-10-07,2021.0,280.0,10.0,7.0,-22.25,983.5041666666666,9.424999999999999,70.3125,,
2021-10-08,2021.0,281.0,10.0,8.0,-21.754166666666666,990.6583333333333,8.604166666666666,75.83749999999999,,
2021-10-09,2021.0,282.0,10.0,9.0,-23.120833333333334,989.3874999999999,4.433333333333334,57.926086956521736,,
2021-10-10,2021.0,283.0,10.0,10.0,-20.408333333333335,990.6291666666666,7.466666666666666,56.42083333333333,,
2021-10-11,2021.0,284.0,10.0,11.0,-25.26086956521739,991.275,5.466666666666666,57.44166666666666,,
2021-10-12,2021.0,285.0,10.0,12.0,-26.1,989.0666666666666,2.9458333333333333,57.1625,,
2021-10-13,2021.0,286.0,10.0,13.0,-24.295238095238094,987.9625,4.245833333333333,70.49583333333334,,
2021-10-14,2021.0,287.0,10.0,14.0,-23.891666666666666,981.4541666666668,6.079166666666667,66.70833333333333,,
2021-10-15,2021.0,288.0,10.0,15.0,-22.383333333333336,976.8458333333333,12.5,61.6,,
2021-10-16,2021.0,289.0,10.0,16.0,-22.745833333333334,980.3874999999999,9.1875,62.458333333333336,,
2021-10-17,2021.0,290.0,10.0,17.0,-17.087500000000002,979.5083333333333,8.591666666666667,78.34583333333333,,
2021-10-18,2021.0,291.0,10.0,18.0,-20.133333333333333,971.7260869565217,13.195833333333333,87.825,,
2021-10-19,2021.0,292.0,10.0,19.0,-24.016666666666666,975.9791666666666,9.083333333333334,73.55416666666666,,
2021-10-20,2021.0,293.0,10.0,20.0,-22.078260869565216,978.6208333333334,5.0625,55.68333333333334,,
2021-10-21,2021.0,294.0,10.0,21.0,-23.304166666666664,983.9375,3.5875,49.15,,
2021-10-22,2021.0,295.0,10.0,22.0,-22.404347826086955,980.7166666666667,2.9,64.63333333333334,,
2021-10-23,2021.0,296.0,10.0,23.0,-20.008695652173913,972.3125,3.4375,66.0125,,
2021-10-24,2021.0,297.0,10.0,24.0,-20.228571428571428,975.5,6.8500000000000005,53.52916666666667,,
2021-10-25,2021.0,298.0,10.0,25.0,-18.195833333333333,984.7875,8.341666666666667,60.275,,
2021-10-26,2021.0,299.0,10.0,26.0,-18.029166666666665,982.9083333333333,6.9624999999999995,65.14166666666667,,
2021-10-27,2021.0,300.0,10.0,27.0,-17.847826086956523,971.5291666666667,3.2583333333333333,60.80416666666667,,
2021-10-28,2021.0,301.0,10.0,28.0,-17.563157894736843,971.8333333333334,4.1375,62.09166666666667,,
2021-10-29,2021.0,302.0,10.0,29.0,-18.087500000000002,974.625,12.283333333333333,72.77083333333333,,
2021-10-30,2021.0,303.0,10.0,30.0,-16.045833333333334,976.1625,8.129166666666666,63.3125,,
2021-10-31,2021.0,304.0,10.0,31.0,-19.179166666666667,974.1083333333332,3.608333333333333,64.67083333333333,,
2021-11-01,2021.0,305.0,11.0,1.0,-20.629166666666666,978.9791666666666,3.5,63.24166666666667,,
2021-11-02,2021.0,306.0,11.0,2.0,-21.77916666666667,984.25,3.0124999999999997,70.9375,,
2021-11-03,2021.0,307.0,11.0,3.0,-17.956521739130434,985.5,5.4875,71.12916666666668,,
2021-11-04,2021.0,308.0,11.0,4.0,-13.8125,977.9208333333332,8.429166666666667,59.10833333333333,,
2021-11-05,2021.0,309.0,11.0,5.0,-15.191666666666668,972.6374999999999,9.304166666666667,61.425000000000004,,
2021-11-06,2021.0,310.0,11.0,6.0,-13.554166666666667,975.725,8.329166666666667,61.6875,,
2021-11-07,2021.0,311.0,11.0,7.0,-13.8375,978.9125,8.679166666666667,80.575,,
2021-11-08,2021.0,312.0,11.0,8.0,-13.858333333333334,979.7916666666666,10.204166666666667,68.9875,,
2021-11-09,2021.0,313.0,11.0,9.0,-11.818181818181818,980.8458333333333,2.525,55.59166666666667,,
2021-11-10,2021.0,314.0,11.0,10.0,-11.245000000000001,977.6041666666666,2.6083333333333334,69.86086956521739,,
2021-11-11,2021.0,315.0,11.0,11.0,-13.961904761904762,974.9541666666668,2.5833333333333335,58.1625,,
2021-11-12,2021.0,316.0,11.0,12.0,-12.4,975.9833333333332,5.791666666666667,69.37083333333334,,
2021-11-13,2021.0,317.0,11.0,13.0,-13.004166666666668,975.75,10.258333333333333,68.59583333333333,,
2021-11-14,2021.0,318.0,11.0,14.0,-13.168181818181818,972.7708333333334,3.7125,47.44166666666666,,
2021-11-15,2021.0,319.0,11.0,15.0,-13.156521739130437,970.6,2.533333333333333,57.05833333333334,,
2021-11-16,2021.0,320.0,11.0,16.0,-10.283333333333333,971.6416666666668,8.5625,65.21249999999999,,
2021-11-17,2021.0,321.0,11.0,17.0,-10.445833333333333,973.8333333333334,13.575000000000001,75.99583333333334,,
2021-11-18,2021.0,322.0,11.0,18.0,-11.2125,975.9875000000001,7.454166666666667,59.67916666666667,,
2021-11-19,2021.0,323.0,11.0,19.0,-11.375,975.8083333333334,7.25,55.87083333333334,,
2021-11-20,2021.0,324.0,11.0,20.0,-12.370833333333332,978.3958333333334,9.237499999999999,74.26666666666667,,
2021-11-21,2021.0,325.0,11.0,21.0,-12.295454545454545,977.4083333333333,5.0625,62.50416666666667,,
2021-11-22,2021.0,326.0,11.0,22.0,-7.6157894736842096,963.4333333333334,8.133333333333333,66.57083333333334,,
2021-11-23,2021.0,327.0,11.0,23.0,-7.8875,957.3416666666667,13.575000000000001,89.78125,,
2021-11-24,2021.0,328.0,11.0,24.0,-10.700000000000001,968.3125,8.633333333333333,83.29583333333333,,
2021-11-25,2021.0,329.0,11.0,25.0,-7.030434782608695,967.25,2.379166666666667,69.65833333333333,,
2021-11-26,2021.0,330.0,11.0,26.0,-9.483333333333333,968.3333333333334,4.570833333333334,74.47916666666667,,
2021-11-27,2021.0,331.0,11.0,27.0,-8.594117647058823,976.3375,2.5875,69.30416666666666,,
2021-11-28,2021.0,332.0,11.0,28.0,-6.281818181818181,978.7458333333334,0.9416666666666665,70.8,,
2021-11-29,2021.0,333.0,11.0,29.0,-8.066666666666666,980.275,6.154166666666666,79.41250000000001,,
2021-11-30,2021.0,334.0,11.0,30.0,-6.8,983.0749999999999,2.2166666666666663,65.68333333333334,,
2021-12-01,2021.0,335.0,12.0,1.0,-6.053846153846154,980.875,1.1958333333333333,50.020833333333336,,
2021-12-02,2021.0,336.0,12.0,2.0,-4.833333333333333,979.3333333333334,1.7041666666666666,61.27916666666667,,
2021-12-03,2021.0,337.0,12.0,3.0,-4.743478260869565,978.0708333333333,2.8249999999999997,64.875,,
2021-12-04,2021.0,338.0,12.0,4.0,-8.775,973.6791666666667,5.758333333333333,74.30416666666666,,
2021-12-05,2021.0,339.0,12.0,5.0,-9.875,974.8291666666668,3.9958333333333336,69.57083333333334,,
2021-12-06,2021.0,340.0,12.0,6.0,-6.273684210526316,971.1,2.7375000000000003,68.5125,,
2021-12-07,2021.0,341.0,12.0,7.0,-4.541666666666667,966.5749999999999,5.229166666666667,73.87083333333334,,
2021-12-08,2021.0,342.0,12.0,8.0,-6.570833333333333,963.0291666666667,5.075,70.425,,
2021-12-09,2021.0,343.0,12.0,9.0,-7.454166666666667,961.9083333333333,9.762500000000001,64.10000000000001,,
2021-12-10,2021.0,344.0,12.0,10.0,-4.675,960.6,12.195833333333333,66.65416666666667,,
2021-12-11,2021.0,345.0,12.0,11.0,-5.266666666666667,962.7375000000001,13.741666666666667,72.175,,
2021-12-12,2021.0,346.0,12.0,12.0,-5.8125,968.8666666666667,12.85,82.5,,
2021-12-13,2021.0,347.0,12.0,13.0,-4.791666666666667,975.1416666666668,10.954166666666666,69.46666666666667,,
2021-12-14,2021.0,348.0,12.0,14.0,-4.5375000000000005,979.9250000000001,12.075000000000001,68.59583333333333,,
2021-12-15,2021.0,349.0,12.0,15.0,-4.145833333333333,978.5375,11.737499999999999,77.27499999999999,,
2021-12-16,2021.0,350.0,12.0,16.0,-4.1375,978.3869565217392,12.091666666666667,77.80833333333334,,
2021-12-17,2021.0,351.0,12.0,17.0,-5.4875,972.875,7.383333333333333,73.52083333333333,,
2021-12-18,2021.0,352.0,12.0,18.0,-4.8374999999999995,977.3304347826087,11.308333333333332,69.92083333333333,,
2021-12-19,2021.0,353.0,12.0,19.0,-2.6625,977.4625,9.954166666666667,65.02083333333333,,
2021-12-20,2021.0,354.0,12.0,20.0,-2.1,977.2166666666667,10.083333333333334,63.38333333333333,,
2021-12-21,2021.0,355.0,12.0,21.0,-3.608333333333333,976.1833333333334,9.879166666666666,79.04583333333333,,
2021-12-22,2021.0,356.0,12.0,22.0,-4.979166666666667,972.9291666666667,3.779166666666667,85.27083333333333,,
2021-12-23,2021.0,357.0,12.0,23.0,-4.25625,971.7333333333332,1.0999999999999999,70.8047619047619,,
2021-12-24,2021.0,358.0,12.0,24.0,-2.5652173913043477,974.9833333333332,6.1625000000000005,69.42916666666666,,
2021-12-25,2021.0,359.0,12.0,25.0,-2.339130434782609,972.8458333333333,2.408333333333333,58.67083333333333,,
2021-12-26,2021.0,360.0,12.0,26.0,-3.9166666666666665,973.3000000000001,2.566666666666667,63.41818181818182,,
2021-12-27,2021.0,361.0,12.0,27.0,-7.058333333333334,972.6916666666666,5.979166666666667,72.80833333333334,,
2021-12-28,2021.0,362.0,12.0,28.0,-6.495833333333334,972.2041666666668,7.5625,77.30416666666666,,
2021-12-29,2021.0,363.0,12.0,29.0,-7.0375000000000005,974.5583333333334,8.7875,87.91250000000001,,
2021-12-30,2021.0,364.0,12.0,30.0,-6.304166666666667,981.8166666666666,7.425,72.15416666666667,,
2021-12-31,2021.0,365.0,12.0,31.0,-2.8636363636363638,981.8166666666666,2.775,51.0875,,
2022-01-01,2022.0,1.0,1.0,1.0,-5.847368421052632,983.4375,1.5999999999999999,51.55833333333334,,274.0
2022-01-02,2022.0,2.0,1.0,2.0,-4.057142857142858,987.9250000000001,0.4666666666666666,51.3125,,
2022-01-03,2022.0,3.0,1.0,3.0,-5.595000000000001,988.7416666666667,2.1166666666666667,71.21249999999999,,
2022-01-04,2022.0,4.0,1.0,4.0,-7.605263157894737,997.4375,4.404166666666667,72.90416666666667,,
2022-01-05,2022.0,5.0,1.0,5.0,-6.238888888888889,996.1916666666666,2.220833333333333,62.574999999999996,,
2022-01-06,2022.0,6.0,1.0,6.0,-7.015000000000001,997.6833333333334,2.0749999999999997,69.10833333333333,,
2022-01-07,2022.0,7.0,1.0,7.0,-8.795833333333333,990.4208333333332,4.475,73.7625,,
2022-01-08,2022.0,8.0,1.0,8.0,-9.708333333333334,982.7458333333334,5.913043478260869,85.35909090909091,,
2022-01-09,2022.0,9.0,1.0,9.0,-4.595652173913043,974.3541666666666,3.9625,75.18571428571428,,
2022-01-10,2022.0,10.0,1.0,10.0,-7.0249999999999995,977.0583333333334,6.3999999999999995,80.33333333333333,,
2022-01-11,2022.0,11.0,1.0,11.0,-4.466666666666667,981.2624999999999,2.120833333333333,63.46666666666667,,
2022-01-12,2022.0,12.0,1.0,12.0,-9.141666666666667,987.3208333333333,2.8833333333333333,69.23333333333333,,
2022-01-13,2022.0,13.0,1.0,13.0,-7.2285714285714295,991.3208333333333,3.3541666666666665,66.24166666666666,,
2022-01-14,2022.0,14.0,1.0,14.0,-11.445833333333333,989.0,7.079166666666667,81.16250000000001,,
2022-01-15,2022.0,15.0,1.0,15.0,-11.322727272727272,980.8874999999999,4.854166666666667,66.21249999999999,,
2022-01-16,2022.0,16.0,1.0,16.0,-7.104166666666667,974.2916666666666,3.8333333333333335,73.88333333333334,,
2022-01-17,2022.0,17.0,1.0,17.0,-3.0208333333333335,970.8041666666667,11.525,87.64761904761905,,
2022-01-18,2022.0,18.0,1.0,18.0,-3.1916666666666664,972.3874999999999,12.720833333333333,93.44545454545455,,
2022-01-19,2022.0,19.0,1.0,19.0,-3.2318181818181815,975.9666666666667,3.420833333333333,84.97,,
2022-01-20,2022.0,20.0,1.0,20.0,-4.083333333333333,977.9416666666666,7.9875,81.96000000000001,,
2022-01-21,2022.0,21.0,1.0,21.0,-5.741666666666667,975.6750000000001,7.970833333333334,70.76666666666667,,
2022-01-22,2022.0,22.0,1.0,22.0,-7.183333333333334,980.1125000000001,12.75,88.92608695652174,,
2022-01-23,2022.0,23.0,1.0,23.0,-7.233333333333333,984.3791666666666,12.183333333333332,85.14166666666667,,
2022-01-24,2022.0,24.0,1.0,24.0,-8.0,985.1750000000001,6.1125,76.82916666666667,,
2022-01-25,2022.0,25.0,1.0,25.0,-4.713636363636364,980.3041666666667,7.550000000000001,66.77499999999999,,
2022-01-26,2022.0,26.0,1.0,26.0,-5.295833333333333,976.6999999999999,5.9624999999999995,73.56666666666666,,
2022-01-27,2022.0,27.0,1.0,27.0,-7.618181818181818,982.5041666666666,5.5874999999999995,74.4875,,
2022-01-28,2022.0,28.0,1.0,28.0,-7.841666666666666,984.3833333333333,2.9458333333333333,73.05652173913043,,
2022-01-29,2022.0,29.0,1.0,29.0,-11.3125,984.2083333333334,5.95,84.375,,
2022-01-30,2022.0,30.0,1.0,30.0,-5.5,974.2583333333333,5.041666666666667,74.18333333333334,,
2022-01-31,2022.0,31.0,1.0,31.0,-6.07391304347826,975.2708333333334,4.041666666666667,76.12272727272727,,
2022-02-01,2022.0,32.0,2.0,1.0,-7.4375,984.2208333333333,10.070833333333333,88.19166666666666,,
2022-02-02,2022.0,33.0,2.0,2.0,-7.0,990.2791666666667,8.2125,87.44999999999999,,
2022-02-03,2022.0,34.0,2.0,3.0,-6.4263157894736835,988.2833333333333,2.0625,70.52000000000001,,
2022-02-04,2022.0,35.0,2.0,4.0,-8.6,984.5208333333334,7.304166666666667,79.55652173913043,,
2022-02-05,2022.0,36.0,2.0,5.0,-8.804545454545455,980.725,7.425,84.07727272727273,,
2022-02-06,2022.0,37.0,2.0,6.0,-10.9125,980.0791666666668,7.691666666666666,91.34285714285714,,
2022-02-07,2022.0,38.0,2.0,7.0,-9.595833333333333,980.3416666666667,9.504166666666666,88.78750000000001,,
2022-02-08,2022.0,39.0,2.0,8.0,-5.658333333333334,981.5166666666668,13.320833333333333,77.66666666666667,,
2022-02-09,2022.0,40.0,2.0,9.0,-3.908333333333333,982.8541666666666,20.120833333333334,86.2,,
2022-02-10,2022.0,41.0,2.0,10.0,-5.683333333333334,993.4625,7.704166666666667,78.10833333333333,,
2022-02-11,2022.0,42.0,2.0,11.0,-7.6952380952380945,981.6166666666667,2.6666666666666665,71.6875,,
2022-02-12,2022.0,43.0,2.0,12.0,-9.541666666666666,977.2125,5.5249999999999995,72.31666666666666,,
2022-02-13,2022.0,44.0,2.0,13.0,-10.19090909090909,980.0291666666667,3.0375,71.95,,
2022-02-14,2022.0,45.0,2.0,14.0,-9.700000000000001,981.8666666666667,3.6041666666666665,69.83749999999999,,
2022-02-15,2022.0,46.0,2.0,15.0,-13.091666666666667,977.1374999999999,3.3541666666666665,71.02916666666667,,
2022-02-16,2022.0,47.0,2.0,16.0,-11.475,975.5041666666666,3.7416666666666667,82.90869565217392,,
2022-02-17,2022.0,48.0,2.0,17.0,-12.554166666666667,981.9958333333334,5.2875000000000005,83.72083333333333,,
2022-02-18,2022.0,49.0,2.0,18.0,-12.229166666666666,981.7416666666667,8.533333333333333,92.95833333333333,,
2022-02-19,2022.0,50.0,2.0,19.0,-11.841666666666667,980.4958333333334,8.729166666666666,89.64,,
2022-02-20,2022.0,51.0,2.0,20.0,-17.933333333333334,979.65,7.925,80.12916666666666,,
2022-02-21,2022.0,52.0,2.0,21.0,-17.795833333333334,973.9458333333333,6.391666666666667,78.59583333333333,,
2022-02-22,2022.0,53.0,2.0,22.0,-18.120833333333334,970.6333333333333,11.370833333333332,89.20416666666667,,
2022-02-23,2022.0,54.0,2.0,23.0,-17.3625,970.9041666666667,6.916666666666667,84.6125,,
2022-02-24,2022.0,55.0,2.0,24.0,-12.008695652173913,971.2541666666666,4.704166666666667,79.70833333333333,,
2022-02-25,2022.0,56.0,2.0,25.0,-12.25,976.0833333333334,7.683333333333334,86.32631578947368,,
2022-02-26,2022.0,57.0,2.0,26.0,-15.929166666666667,977.6875,4.0125,86.45454545454545,,
2022-02-27,2022.0,58.0,2.0,27.0,-18.583333333333332,978.9869565217392,8.049999999999999,83.04166666666667,,
2022-02-28,2022.0,59.0,2.0,28.0,-20.5125,979.6875,5.329166666666667,74.8125,,
2022-03-01,2022.0,60.0,3.0,1.0,-19.316666666666666,984.0124999999999,5.783333333333334,78.625,,
2022-03-02,2022.0,61.0,3.0,2.0,-18.583333333333332,986.8375,6.645833333333333,77.10416666666667,,
2022-03-03,2022.0,62.0,3.0,3.0,-15.625,983.5541666666667,11.112499999999999,91.60833333333333,,
2022-03-04,2022.0,63.0,3.0,4.0,-17.683333333333334,981.9250000000001,10.179166666666667,92.25416666666666,,
2022-03-05,2022.0,64.0,3.0,5.0,-19.224999999999998,980.9625,12.316666666666668,89.80416666666667,,
2022-03-06,2022.0,65.0,3.0,6.0,-16.595833333333335,978.7458333333334,16.591666666666665,93.81363636363636,,
2022-03-07,2022.0,66.0,3.0,7.0,-17.525000000000002,983.8041666666667,11.858333333333334,92.9375,,
2022-03-08,2022.0,67.0,3.0,8.0,-21.120833333333334,992.5291666666667,8.995833333333334,83.09583333333333,,
2022-03-09,2022.0,68.0,3.0,9.0,-20.17083333333333,991.8041666666667,10.025,83.625,,
2022-03-10,2022.0,69.0,3.0,10.0,-20.683333333333334,986.2375000000001,6.154166666666666,77.85000000000001,,
2022-03-11,2022.0,70.0,3.0,11.0,-18.3,982.2416666666667,3.5124999999999997,75.70416666666667,,
2022-03-12,2022.0,71.0,3.0,12.0,-21.916666666666668,977.7083333333334,3.9375,83.84166666666667,,
2022-03-13,2022.0,72.0,3.0,13.0,-17.679166666666667,974.9791666666666,13.483333333333334,91.02083333333333,,
2022-03-14,2022.0,73.0,3.0,14.0,-17.754166666666666,968.4695652173913,5.0826086956521745,80.25416666666666,,
2022-03-15,2022.0,74.0,3.0,15.0,-10.612499999999999,973.1999999999999,13.445833333333333,82.11666666666666,,
2022-03-16,2022.0,75.0,3.0,16.0,-9.420833333333333,981.5875,18.816666666666666,91.28421052631579,,
2022-03-17,2022.0,76.0,3.0,17.0,-14.213043478260868,991.7083333333334,10.545833333333333,77.08333333333333,,
2022-03-18,2022.0,77.0,3.0,18.0,-15.174999999999999,979.3874999999999,8.783333333333333,78.83749999999999,,
2022-03-19,2022.0,78.0,3.0,19.0,-15.391666666666666,975.8958333333334,6.45,79.6125,,
2022-03-20,2022.0,79.0,3.0,20.0,-23.304166666666664,972.0565217391304,7.45,69.00833333333334,,
2022-03-21,2022.0,80.0,3.0,21.0,-22.7,975.4583333333334,9.487499999999999,59.9,,
2022-03-22,2022.0,81.0,3.0,22.0,-23.983333333333334,978.0500000000001,4.308333333333334,71.46666666666667,,
2022-03-23,2022.0,82.0,3.0,23.0,-27.8875,981.9250000000001,3.1999999999999997,68.08333333333333,,
2022-03-24,2022.0,83.0,3.0,24.0,-26.463636363636365,983.225,2.2125,80.72916666666667,,
2022-03-25,2022.0,84.0,3.0,25.0,-29.90416666666667,983.9416666666666,3.65,66.79583333333333,,
2022-03-26,2022.0,85.0,3.0,26.0,-30.047826086956523,983.5583333333334,3.125,63.637499999999996,,
2022-03-27,2022.0,86.0,3.0,27.0,-30.741666666666664,980.3291666666668,4.633333333333334,68.33333333333333,,
2022-03-28,2022.0,87.0,3.0,28.0,-32.74166666666667,981.3083333333334,4.216666666666667,66.47500000000001,,
2022-03-29,2022.0,88.0,3.0,29.0,-29.80952380952381,990.7458333333334,2.4583333333333335,70.45833333333333,,
2022-03-30,2022.0,89.0,3.0,30.0,-21.575,985.6173913043478,8.904166666666667,91.18333333333334,,
2022-03-31,2022.0,90.0,3.0,31.0,-20.358333333333334,980.2125,15.841666666666667,92.06666666666666,,
2022-04-01,2022.0,91.0,4.0,1.0,-24.84583333333333,973.2416666666667,12.525,84.94583333333334,,
2022-04-02,2022.0,92.0,4.0,2.0,-26.379166666666666,975.8249999999999,6.370833333333334,80.5125,,
2022-04-03,2022.0,93.0,4.0,3.0,-23.675,985.1333333333333,18.329166666666666,88.5625,,
2022-04-04,2022.0,94.0,4.0,4.0,-19.175,993.6916666666666,18.725,93.65833333333335,,
2022-04-05,2022.0,95.0,4.0,5.0,-24.09166666666667,995.7541666666666,7.422222222222222,84.55416666666666,,
2022-04-06,2022.0,96.0,4.0,6.0,-25.308333333333334,994.6541666666667,8.741666666666667,82.06666666666666,,
2022-04-07,2022.0,97.0,4.0,7.0,-23.179166666666664,987.9416666666666,4.854166666666667,87.9875,,
2022-04-08,2022.0,98.0,4.0,8.0,-17.466666666666665,978.5083333333333,4.008333333333334,91.73333333333333,,
2022-04-09,2022.0,99.0,4.0,9.0,-17.216666666666665,973.3916666666668,8.316666666666666,93.49166666666667,,
2022-04-10,2022.0,100.0,4.0,10.0,-16.108333333333334,977.2666666666668,4.6375,91.27916666666665,,
2022-04-11,2022.0,101.0,4.0,11.0,-19.391666666666666,977.7291666666666,4.783333333333333,94.21666666666665,,
2022-04-12,2022.0,102.0,4.0,12.0,-29.745833333333334,984.6916666666666,5.995833333333334,82.01666666666667,,
2022-04-13,2022.0,103.0,4.0,13.0,-27.84166666666667,986.0708333333333,10.8375,83.575,,
2022-04-14,2022.0,104.0,4.0,14.0,-25.808333333333334,985.6,12.870833333333332,85.89999999999999,,
2022-04-15,2022.0,105.0,4.0,15.0,-29.45,980.6666666666666,10.924999999999999,81.25416666666666,,
2022-04-16,2022.0,106.0,4.0,16.0,-26.941666666666666,979.2083333333334,15.391666666666666,85.00416666666668,,
2022-04-17,2022.0,107.0,4.0,17.0,-26.75,985.2375000000001,4.345833333333333,85.3125,,
2022-04-18,2022.0,108.0,4.0,18.0,-25.9375,984.5166666666668,1.5625,86.17916666666667,,
2022-04-19,2022.0,109.0,4.0,19.0,-33.15416666666667,981.9499999999999,3.391666666666667,77.92083333333333,,
2022-04-20,2022.0,110.0,4.0,20.0,-30.099999999999998,981.1,2.0416666666666665,81.02083333333333,,
2022-04-21,2022.0,111.0,4.0,21.0,-27.78333333333333,976.5124999999999,1.7458333333333333,84.32916666666667,,
2022-04-22,2022.0,112.0,4.0,22.0,-37.791666666666664,984.9125,6.116666666666667,72.19583333333334,,
2022-04-23,2022.0,113.0,4.0,23.0,-39.34583333333333,989.0625,4.564705882352941,70.11666666666666,,
2022-04-24,2022.0,114.0,4.0,24.0,-32.083333333333336,982.85,13.00625,78.875,,
2022-04-25,2022.0,115.0,4.0,25.0,-27.962500000000002,981.0749999999999,12.345833333333333,81.97083333333333,,
2022-04-26,2022.0,116.0,4.0,26.0,-31.770833333333332,983.7791666666667,4.166666666666667,75.70416666666667,,
2022-04-27,2022.0,117.0,4.0,27.0,-22.650000000000002,982.9583333333334,8.004166666666666,90.12916666666666,,
2022-04-28,2022.0,118.0,4.0,28.0,-21.675,983.8916666666668,9.799999999999999,90.66666666666667,,
2022-04-29,2022.0,119.0,4.0,29.0,-27.65416666666667,973.8249999999999,1.5,84.21666666666667,,
2022-04-30,2022.0,120.0,4.0,30.0,-23.554166666666664,980.7458333333334,3.6666666666666665,89.38333333333333,,
2022-05-01,2022.0,121.0,5.0,1.0,-20.058333333333334,975.1458333333334,9.358333333333333,93.45416666666667,,
2022-05-02,2022.0,122.0,5.0,2.0,-16.2,968.3208333333333,7.854166666666667,97.24285714285713,,
2022-05-03,2022.0,123.0,5.0,3.0,-21.870833333333334,969.3083333333334,4.858333333333333,91.8625,,
2022-05-04,2022.0,124.0,5.0,4.0,-23.120833333333334,973.4083333333333,3.845833333333333,90.075,,
2022-05-05,2022.0,125.0,5.0,5.0,-23.579166666666666,974.5541666666667,1.5625,89.625,,
2022-05-06,2022.0,126.0,5.0,6.0,-25.6375,974.9833333333332,4.5625,87.19166666666666,,
2022-05-07,2022.0,127.0,5.0,7.0,-24.104166666666668,981.9875000000001,6.320833333333333,88.875,,
2022-05-08,2022.0,128.0,5.0,8.0,-22.170833333333334,988.6541666666667,3.5083333333333333,90.8,,
2022-05-09,2022.0,129.0,5.0,9.0,-25.979166666666668,993.2291666666666,4.370833333333333,86.75,,
2022-05-10,2022.0,130.0,5.0,10.0,-29.266666666666666,991.85,2.220833333333333,82.80833333333334,,
2022-05-11,2022.0,131.0,5.0,11.0,-26.275000000000002,985.2291666666666,9.483333333333333,86.39583333333333,,
2022-05-12,2022.0,132.0,5.0,12.0,-20.954166666666666,977.4208333333332,15.762500000000001,92.16250000000001,,
2022-05-13,2022.0,133.0,5.0,13.0,-19.1875,982.3041666666667,19.195833333333333,92.05416666666667,,
2022-05-14,2022.0,134.0,5.0,14.0,-20.170833333333334,979.0541666666667,11.6875,78.40833333333333,,
2022-05-15,2022.0,135.0,5.0,15.0,-18.849999999999998,988.5541666666667,17.974999999999998,93.8125,,
2022-05-16,2022.0,136.0,5.0,16.0,-30.9375,983.6666666666666,4.2,80.05,,
2022-05-17,2022.0,137.0,5.0,17.0,-25.162499999999998,966.4041666666667,9.546666666666665,85.5,,
2022-05-18,2022.0,138.0,5.0,18.0,-18.787499999999998,964.2291666666666,12.295833333333334,93.80416666666667,,
2022-05-19,2022.0,139.0,5.0,19.0,-26.770833333333332,979.9416666666666,11.9375,84.4875,,
2022-05-20,2022.0,140.0,5.0,20.0,-23.9375,983.3041666666667,9.394444444444444,81.75833333333334,,
2022-05-21,2022.0,141.0,5.0,21.0,-29.104166666666668,973.7041666666668,8.07,79.25416666666666,,
2022-05-22,2022.0,142.0,5.0,22.0,-30.27916666666667,973.0541666666667,13.908333333333333,80.675,,
2022-05-23,2022.0,143.0,5.0,23.0,-30.412499999999998,989.7333333333332,15.725,81.13333333333334,,
2022-05-24,2022.0,144.0,5.0,24.0,-29.6375,987.9291666666667,12.404166666666667,80.58333333333333,,
2022-05-25,2022.0,145.0,5.0,25.0,-24.295833333333334,987.0875,12.112499999999999,83.12916666666666,,
2022-05-26,2022.0,146.0,5.0,26.0,-18.2,992.6333333333333,11.058333333333332,85.97083333333335,,
2022-05-27,2022.0,147.0,5.0,27.0,-22.400000000000002,979.4125,7.420833333333333,84.73333333333333,,
2022-05-28,2022.0,148.0,5.0,28.0,-25.7,972.8708333333334,9.366666666666667,86.58333333333333,,
2022-05-29,2022.0,149.0,5.0,29.0,-15.679166666666667,963.3916666666668,19.204166666666666,95.47142857142856,,
2022-05-30,2022.0,150.0,5.0,30.0,-11.754166666666668,962.1625,15.950000000000001,99.8,,
2022-05-31,2022.0,151.0,5.0,31.0,-10.933333333333332,968.3708333333334,13.7875,97.56,,
2022-06-01,2022.0,152.0,6.0,1.0,-22.275000000000002,982.4041666666667,9.07,91.70833333333333,,
2022-06-02,2022.0,153.0,6.0,2.0,-20.150000000000002,986.5791666666668,6.042857142857143,92.64583333333333,,
2022-06-03,2022.0,154.0,6.0,3.0,-18.816666666666666,993.3125,3.0083333333333333,94.31666666666666,,
2022-06-04,2022.0,155.0,6.0,4.0,-25.537499999999998,995.8291666666668,7.3999999999999995,86.37916666666666,,
2022-06-05,2022.0,156.0,6.0,5.0,-30.27916666666667,990.7833333333333,6.033333333333334,81.17083333333333,,
2022-06-06,2022.0,157.0,6.0,6.0,-32.541666666666664,989.875,4.825,79.46249999999999,,
2022-06-07,2022.0,158.0,6.0,7.0,-34.4125,988.4304347826088,11.504166666666668,76.675,,
2022-06-08,2022.0,159.0,6.0,8.0,-23.145833333333332,984.4958333333334,14.229166666666666,88.1375,,
2022-06-09,2022.0,160.0,6.0,9.0,-26.05,994.1782608695652,11.145833333333334,84.82916666666667,,
2022-06-10,2022.0,161.0,6.0,10.0,-22.870833333333334,994.6125000000001,9.049999999999999,88.15833333333335,,
2022-06-11,2022.0,162.0,6.0,11.0,-18.695833333333333,992.9250000000001,10.558333333333334,85.5,,
2022-06-12,2022.0,163.0,6.0,12.0,-17.520833333333332,990.3874999999999,16.095833333333335,83.23333333333333,,
2022-06-13,2022.0,164.0,6.0,13.0,-17.479166666666668,993.1666666666666,13.866666666666667,92.75833333333333,,
2022-06-14,2022.0,165.0,6.0,14.0,-19.775000000000002,996.2826086956521,14.258333333333333,90.24782608695651,,
2022-06-15,2022.0,166.0,6.0,15.0,-21.183333333333334,991.5875,15.6,77.17083333333333,,
2022-06-16,2022.0,167.0,6.0,16.0,-23.104166666666668,994.3166666666666,22.212500000000002,87.89999999999999,,
2022-06-17,2022.0,168.0,6.0,17.0,-23.02916666666667,1005.0833333333334,15.795833333333333,78.27083333333333,,
2022-06-18,2022.0,169.0,6.0,18.0,-27.458333333333332,1003.9499999999999,3.3333333333333335,77.35833333333333,,
2022-06-19,2022.0,170.0,6.0,19.0,-32.34583333333333,998.75,4.179166666666666,73.40416666666667,,
2022-06-20,2022.0,171.0,6.0,20.0,-31.008333333333336,990.0,4.029166666666667,75.02916666666667,,
2022-06-21,2022.0,172.0,6.0,21.0,-34.86666666666667,999.1875,6.829166666666667,75.34166666666667,,
2022-06-22,2022.0,173.0,6.0,22.0,-38.35,1000.8791666666666,2.6999999999999997,71.14583333333333,,
2022-06-23,2022.0,174.0,6.0,23.0,-41.47083333333333,990.0958333333333,2.5,66.89583333333333,,
2022-06-24,2022.0,175.0,6.0,24.0,-41.38333333333333,980.0291666666667,1.3041666666666667,67.27499999999999,,
2022-06-25,2022.0,176.0,6.0,25.0,-42.5,987.9166666666666,2.7083333333333335,65.66250000000001,,
2022-06-26,2022.0,177.0,6.0,26.0,-37.949999999999996,989.0583333333334,5.808333333333334,71.71249999999999,,
2022-06-27,2022.0,178.0,6.0,27.0,-42.18333333333333,984.0375,4.954166666666667,66.08333333333333,,
2022-06-28,2022.0,179.0,6.0,28.0,-43.80833333333334,981.4499999999999,4.0249999999999995,63.96666666666667,,
2022-06-29,2022.0,180.0,6.0,29.0,-36.237500000000004,984.3958333333334,7.929166666666667,73.22083333333333,,
2022-06-30,2022.0,181.0,6.0,30.0,-26.204166666666666,977.5041666666666,10.9,85.69166666666666,,
2022-07-01,2022.0,182.0,7.0,1.0,-27.71666666666667,976.4041666666667,15.825000000000001,84.22083333333333,,
2022-07-02,2022.0,183.0,7.0,2.0,-19.058333333333334,966.0416666666666,18.2,85.425,,
2022-07-03,2022.0,184.0,7.0,3.0,-19.8625,965.4333333333334,15.1,93.46666666666665,,
2022-07-04,2022.0,185.0,7.0,4.0,-28.554166666666664,951.1125000000001,2.6666666666666665,84.1875,,
2022-07-05,2022.0,186.0,7.0,5.0,-17.0125,961.7583333333333,12.195833333333333,96.83043478260869,,
2022-07-06,2022.0,187.0,7.0,6.0,-24.150000000000002,982.4833333333332,4.241666666666666,84.91666666666667,,
2022-07-07,2022.0,188.0,7.0,7.0,-24.8875,986.7541666666666,4.375,87.97083333333335,,
2022-07-08,2022.0,189.0,7.0,8.0,-29.09583333333333,988.8583333333332,11.504166666666668,83.14583333333333,,
2022-07-09,2022.0,190.0,7.0,9.0,-34.608333333333334,986.5958333333333,6.1000000000000005,76.3125,,
2022-07-10,2022.0,191.0,7.0,10.0,-30.2,983.0,2.4375,81.4375,,
2022-07-11,2022.0,192.0,7.0,11.0,-27.758333333333336,981.0666666666666,1.6125,84.10833333333333,,
2022-07-12,2022.0,193.0,7.0,12.0,-23.45,974.85,4.679166666666666,89.62083333333334,,
2022-07-13,2022.0,194.0,7.0,13.0,-24.941666666666666,977.7875,12.495833333333332,88.08333333333333,,
2022-07-14,2022.0,195.0,7.0,14.0,-28.195833333333336,981.4666666666667,4.229166666666667,83.99583333333334,,
2022-07-15,2022.0,196.0,7.0,15.0,-29.858333333333334,970.7958333333332,5.375,82.225,,
2022-07-16,2022.0,197.0,7.0,16.0,-33.84583333333333,976.0375,5.85625,77.40416666666667,,
2022-07-17,2022.0,198.0,7.0,17.0,-31.3,974.3208333333333,10.164705882352942,80.25416666666666,,
2022-07-18,2022.0,199.0,7.0,18.0,-25.462500000000002,969.2375000000001,5.1875,87.40833333333335,,
2022-07-19,2022.0,200.0,7.0,19.0,-23.416666666666668,960.475,18.254166666666666,89.72500000000001,,
2022-07-20,2022.0,201.0,7.0,20.0,-22.545833333333334,953.1708333333332,5.5625,89.20416666666667,,
2022-07-21,2022.0,202.0,7.0,21.0,-22.2,973.9833333333332,12.075000000000001,91.17916666666667,,
2022-07-22,2022.0,203.0,7.0,22.0,-26.691666666666666,979.6791666666667,5.658333333333334,84.42083333333333,,
2022-07-23,2022.0,204.0,7.0,23.0,-29.695833333333336,980.0166666666668,2.716666666666667,82.13333333333334,,
2022-07-24,2022.0,205.0,7.0,24.0,-33.704166666666666,980.1166666666667,1.6958333333333335,78.21666666666667,,
2022-07-25,2022.0,206.0,7.0,25.0,-30.454166666666666,975.6291666666666,3.0708333333333333,81.28333333333333,,
2022-07-26,2022.0,207.0,7.0,26.0,-28.383333333333336,973.1999999999999,10.858333333333334,83.94583333333334,,
2022-07-27,2022.0,208.0,7.0,27.0,-24.650000000000002,984.4833333333332,15.570833333333333,84.87916666666666,,
2022-07-28,2022.0,209.0,7.0,28.0,-26.370833333333334,989.7583333333333,8.299999999999999,77.69166666666666,,
2022-07-29,2022.0,210.0,7.0,29.0,-27.5625,988.3375,9.8125,80.05833333333334,,
2022-07-30,2022.0,211.0,7.0,30.0,-28.679166666666664,991.3874999999999,10.916666666666666,77.26666666666667,,
2022-07-31,2022.0,212.0,7.0,31.0,-20.400000000000002,987.25,18.045833333333334,88.32083333333333,,
2022-08-01,2022.0,213.0,8.0,1.0,-21.291666666666668,986.2041666666668,15.295833333333334,86.175,,
2022-08-02,2022.0,214.0,8.0,2.0,-23.516666666666666,986.2041666666668,16.658333333333335,76.53750000000001,,
2022-08-03,2022.0,215.0,8.0,3.0,-20.820833333333333,978.5458333333332,15.779166666666667,76.14583333333333,,
2022-08-04,2022.0,216.0,8.0,4.0,-16.958333333333332,972.5291666666667,16.104166666666668,96.25833333333333,,
2022-08-05,2022.0,217.0,8.0,5.0,-19.670833333333334,975.9458333333333,14.808333333333332,91.14583333333333,,
2022-08-06,2022.0,218.0,8.0,6.0,-29.150000000000002,983.2791666666667,11.049999999999999,80.72916666666667,,
2022-08-07,2022.0,219.0,8.0,7.0,-31.145833333333332,981.2083333333334,10.799999999999999,79.48333333333333,,
2022-08-08,2022.0,220.0,8.0,8.0,-27.495833333333334,970.525,9.808333333333334,75.5,,
2022-08-09,2022.0,221.0,8.0,9.0,-20.395833333333332,970.6041666666666,10.0625,86.05,,
2022-08-10,2022.0,222.0,8.0,10.0,-17.662499999999998,972.1666666666666,10.991666666666667,94.79166666666667,,
2022-08-11,2022.0,223.0,8.0,11.0,-16.620833333333334,973.5749999999999,19.537499999999998,95.52083333333333,,
2022-08-12,2022.0,224.0,8.0,12.0,-20.212500000000002,977.3416666666667,10.9125,83.33749999999999,,
2022-08-13,2022.0,225.0,8.0,13.0,-28.120833333333334,976.9166666666666,6.7625,83.21249999999999,,
2022-08-14,2022.0,226.0,8.0,14.0,-26.029166666666665,975.875,7.779166666666666,83.57083333333334,,
2022-08-15,2022.0,227.0,8.0,15.0,-26.53333333333333,983.7458333333334,8.833333333333334,82.17916666666666,,
2022-08-16,2022.0,228.0,8.0,16.0,-27.979166666666668,994.0916666666667,10.566666666666666,82.38333333333334,,
2022-08-17,2022.0,229.0,8.0,17.0,-35.65833333333333,994.9625,5.55,71.76666666666667,,
2022-08-18,2022.0,230.0,8.0,18.0,-38.09166666666667,996.5875,3.4916666666666667,70.97500000000001,,
2022-08-19,2022.0,231.0,8.0,19.0,-42.24166666666667,992.1125000000001,2.0166666666666666,66.54583333333333,,
2022-08-20,2022.0,232.0,8.0,20.0,-42.74583333333334,980.725,2.779166666666667,65.98333333333333,,
2022-08-21,2022.0,233.0,8.0,21.0,-45.5625,973.6125000000001,2.7708333333333335,61.76666666666667,,
2022-08-22,2022.0,234.0,8.0,22.0,-41.50833333333333,977.5791666666668,3.9375,67.07083333333334,,
2022-08-23,2022.0,235.0,8.0,23.0,-33.6875,978.0958333333333,3.1291666666666664,77.04166666666667,,
2022-08-24,2022.0,236.0,8.0,24.0,-38.354166666666664,982.4625,7.8999999999999995,71.44166666666666,,
2022-08-25,2022.0,237.0,8.0,25.0,-34.041666666666664,979.7166666666667,10.783333333333333,76.54583333333333,,
2022-08-26,2022.0,238.0,8.0,26.0,-34.07083333333333,958.5,2.6166666666666667,76.75,,
2022-08-27,2022.0,239.0,8.0,27.0,-36.0375,958.1791666666667,4.829166666666667,74.29166666666667,,
2022-08-28,2022.0,240.0,8.0,28.0,-31.90416666666667,980.7416666666667,4.5125,79.03750000000001,,
2022-08-29,2022.0,241.0,8.0,29.0,-34.05416666666667,979.25,2.2416666666666667,76.73333333333333,,
2022-08-30,2022.0,242.0,8.0,30.0,-39.699999999999996,971.9666666666667,1.3166666666666667,69.4875,,
2022-08-31,2022.0,243.0,8.0,31.0,-31.925,970.1416666666668,0.39166666666666666,79.24583333333334,,
2022-09-01,2022.0,244.0,9.0,1.0,-33.15833333333333,969.75,13.033333333333333,77.94583333333334,,
2022-09-02,2022.0,245.0,9.0,2.0,-39.27272727272727,972.7208333333333,2.7916666666666665,70.5,,
2022-09-03,2022.0,246.0,9.0,3.0,-37.17916666666667,985.6083333333332,2.4458333333333333,72.61666666666666,,
2022-09-04,2022.0,247.0,9.0,4.0,-35.09583333333333,990.3000000000001,2.4625,74.95833333333333,,
2022-09-05,2022.0,248.0,9.0,5.0,-32.65416666666667,978.3416666666667,2.725,78.60000000000001,,
2022-09-06,2022.0,249.0,9.0,6.0,-36.18333333333333,968.4083333333333,4.416666666666667,74.09583333333333,,
2022-09-07,2022.0,250.0,9.0,7.0,-36.512499999999996,960.3874999999999,1.883333333333333,73.50833333333334,,
2022-09-08,2022.0,251.0,9.0,8.0,-32.375,961.9416666666666,2.466666666666667,78.84166666666667,,
2022-09-09,2022.0,252.0,9.0,9.0,-32.791666666666664,971.3083333333334,10.275,78.375,,
2022-09-10,2022.0,253.0,9.0,10.0,-35.62083333333333,978.6666666666666,4.083333333333333,74.5,,
2022-09-11,2022.0,254.0,9.0,11.0,-31.55909090909091,982.2291666666666,1.3499999999999999,79.78333333333333,,
2022-09-12,2022.0,255.0,9.0,12.0,-27.925,986.2791666666667,5.4750000000000005,84.47500000000001,,
2022-09-13,2022.0,256.0,9.0,13.0,-31.474999999999998,978.8958333333334,16.295833333333334,80.2,,
2022-09-14,2022.0,257.0,9.0,14.0,-20.641666666666666,962.3541666666666,23.65416666666667,90.39166666666667,,
2022-09-15,2022.0,258.0,9.0,15.0,-15.5875,950.7791666666667,23.508333333333336,86.43333333333334,,
2022-09-16,2022.0,259.0,9.0,16.0,-16.729166666666668,957.725,19.591666666666665,88.8125,,
2022-09-17,2022.0,260.0,9.0,17.0,-20.579166666666666,968.7624999999999,12.416666666666666,75.53333333333333,,
2022-09-18,2022.0,261.0,9.0,18.0,-24.983333333333334,981.9458333333333,7.5625,75.97916666666667,,
2022-09-19,2022.0,262.0,9.0,19.0,-28.883333333333336,984.7291666666666,3.5500000000000003,70.58749999999999,,
2022-09-20,2022.0,263.0,9.0,20.0,-33.612500000000004,983.0041666666666,2.8041666666666667,74.40833333333333,,
2022-09-21,2022.0,264.0,9.0,21.0,-27.266666666666666,980.4125,8.245833333333334,80.125,,
2022-09-22,2022.0,265.0,9.0,22.0,-30.745833333333334,974.6208333333334,4.733333333333333,73.81666666666666,,
2022-09-23,2022.0,266.0,9.0,23.0,-22.795833333333334,964.2833333333333,8.595833333333333,86.50416666666666,,
2022-09-24,2022.0,267.0,9.0,24.0,-17.520833333333332,969.5416666666666,14.15,89.54583333333333,,
2022-09-25,2022.0,268.0,9.0,25.0,-19.625,979.7458333333334,5.520833333333333,81.24166666666666,,
2022-09-26,2022.0,269.0,9.0,26.0,-18.3125,984.6625,10.045833333333333,85.70416666666667,,
2022-09-27,2022.0,270.0,9.0,27.0,-23.05,984.7041666666668,3.5875,77.47916666666667,,
2022-09-28,2022.0,271.0,9.0,28.0,-27.27916666666667,984.3583333333332,3.9583333333333335,71.4125,,
2022-09-29,2022.0,272.0,9.0,29.0,-30.004166666666666,980.6791666666667,6.1375,70.65416666666667,,
2022-09-30,2022.0,273.0,9.0,30.0,-29.224999999999998,975.5708333333333,4.6625000000000005,68.49166666666666,,
2022-10-01,2022.0,274.0,10.0,1.0,-20.366666666666667,965.9125,15.341666666666667,86.57916666666667,,
2022-10-02,2022.0,275.0,10.0,2.0,-23.633333333333336,968.8375,15.304166666666667,87.36666666666667,,
2022-10-03,2022.0,276.0,10.0,3.0,-21.366666666666664,978.5333333333333,19.3625,79.80833333333334,,
2022-10-04,2022.0,277.0,10.0,4.0,-22.791304347826088,984.5875,11.170833333333334,71.85000000000001,,
2022-10-05,2022.0,278.0,10.0,5.0,-23.3625,977.2041666666668,5.5,74.16250000000001,,
2022-10-06,2022.0,279.0,10.0,6.0,-27.879166666666666,975.8625000000001,6.604166666666667,57.99583333333334,,
2022-10-07,2022.0,280.0,10.0,7.0,-21.5,970.6416666666668,7.3500000000000005,76.74583333333334,,
2022-10-08,2022.0,281.0,10.0,8.0,-21.875,969.4499999999999,9.970833333333333,74.2375,,
2022-10-09,2022.0,282.0,10.0,9.0,-24.7,969.8916666666668,2.6083333333333334,68.95,,
2022-10-10,2022.0,283.0,10.0,10.0,-27.183333333333334,966.8125,9.679166666666665,78.07083333333334,,
2022-10-11,2022.0,284.0,10.0,11.0,-23.329166666666666,969.65,11.829166666666666,58.42916666666667,,
2022-10-12,2022.0,285.0,10.0,12.0,-20.479166666666668,970.3958333333334,9.970833333333333,59.175000000000004,,
2022-10-13,2022.0,286.0,10.0,13.0,-18.158333333333335,963.6833333333334,14.575000000000001,71.44583333333334,,
2022-10-14,2022.0,287.0,10.0,14.0,-22.787499999999998,972.8791666666666,5.783333333333334,57.20416666666667,,
2022-10-15,2022.0,288.0,10.0,15.0,-23.633333333333336,986.6458333333334,5.216666666666667,53.62083333333334,,
2022-10-16,2022.0,289.0,10.0,16.0,-21.827777777777776,984.3708333333334,2.1666666666666665,65.12916666666666,,
2022-10-17,2022.0,290.0,10.0,17.0,-22.545454545454547,970.6875,2.525,62.975,,
2022-10-18,2022.0,291.0,10.0,18.0,-26.079166666666666,971.4833333333332,3.716666666666667,60.32083333333333,,
2022-10-19,2022.0,292.0,10.0,19.0,-20.9875,976.9833333333332,2.75,66.22083333333333,,
2022-10-20,2022.0,293.0,10.0,20.0,-20.400000000000002,986.8916666666668,2.5875,77.73333333333333,,
2022-10-21,2022.0,294.0,10.0,21.0,-16.425,994.1041666666666,2.3208333333333333,79.21249999999999,,
2022-10-22,2022.0,295.0,10.0,22.0,-21.55,990.3874999999999,9.637500000000001,81.875,,
2022-10-23,2022.0,296.0,10.0,23.0,-26.075,987.1791666666667,12.204166666666666,78.2625,,
2022-10-24,2022.0,297.0,10.0,24.0,-26.6875,991.6666666666666,11.575000000000001,78.07083333333334,,
2022-10-25,2022.0,298.0,10.0,25.0,-24.458333333333332,996.4958333333334,9.916666666666666,71.25833333333334,,
2022-10-26,2022.0,299.0,10.0,26.0,-18.608333333333334,1000.2041666666668,8.783333333333333,65.52083333333333,,
2022-10-27,2022.0,300.0,10.0,27.0,-16.116666666666667,996.9291666666667,7.029166666666666,64.39166666666667,,
2022-10-28,2022.0,301.0,10.0,28.0,-18.925,993.3291666666668,7.370833333333334,64.88333333333334,,
2022-10-29,2022.0,302.0,10.0,29.0,-15.5625,984.5875,7.591666666666666,73.81666666666666,,
2022-10-30,2022.0,303.0,10.0,30.0,-21.095833333333335,983.9208333333332,14.5,78.14166666666667,,
2022-10-31,2022.0,304.0,10.0,31.0,-20.283333333333335,979.3333333333334,3.4458333333333333,71.36666666666666,,
2022-11-01,2022.0,305.0,11.0,1.0,-20.039130434782606,972.3666666666667,2.9583333333333335,71.9875,,
2022-11-02,2022.0,306.0,11.0,2.0,-23.083333333333332,969.85,6.933333333333334,67.05833333333334,,
2022-11-03,2022.0,307.0,11.0,3.0,-23.287499999999998,970.0666666666666,3.466666666666667,55.9,,
2022-11-04,2022.0,308.0,11.0,4.0,-22.929166666666664,972.6541666666667,2.9416666666666664,66.62916666666668,,
2022-11-05,2022.0,309.0,11.0,5.0,-19.481818181818184,972.6625,2.591666666666667,69.64166666666667,,
2022-11-06,2022.0,310.0,11.0,6.0,-19.6875,968.9291666666667,5.1499999999999995,76.59583333333333,,
2022-11-07,2022.0,311.0,11.0,7.0,-22.6375,969.5791666666668,5.570833333333333,73.50833333333334,,
2022-11-08,2022.0,312.0,11.0,8.0,-21.079166666666666,969.2958333333332,2.5625,64.075,,
2022-11-09,2022.0,313.0,11.0,9.0,-21.025000000000002,969.35,2.6625,59.5,,
2022-11-10,2022.0,314.0,11.0,10.0,-23.223809523809525,969.7458333333334,2.3000000000000003,55.90833333333333,,
2022-11-11,2022.0,315.0,11.0,11.0,-19.782608695652176,966.3625000000001,2.9,71.94583333333334,,
2022-11-12,2022.0,316.0,11.0,12.0,-21.754166666666666,970.7666666666668,4.795833333333333,67.30833333333334,,
2022-11-13,2022.0,317.0,11.0,13.0,-20.847826086956523,980.3333333333334,2.316666666666667,57.875,,
2022-11-14,2022.0,318.0,11.0,14.0,-15.115,979.7375000000001,2.4833333333333334,64.5125,,
2022-11-15,2022.0,319.0,11.0,15.0,-13.834782608695651,971.7916666666666,3.1041666666666665,70.89999999999999,,
2022-11-16,2022.0,320.0,11.0,16.0,-19.84090909090909,978.3333333333334,3.7416666666666667,58.40416666666667,,
2022-11-17,2022.0,321.0,11.0,17.0,-20.920833333333334,982.6333333333333,10.7875,72.89999999999999,,
2022-11-18,2022.0,322.0,11.0,18.0,-16.004545454545454,982.6833333333334,4.75,69.64166666666667,,
2022-11-19,2022.0,323.0,11.0,19.0,-12.621739130434783,980.9791666666666,3.954166666666667,63.61666666666667,,
2022-11-20,2022.0,324.0,11.0,20.0,-9.200000000000001,986.4208333333332,3.3833333333333333,67.23333333333333,,
2022-11-21,2022.0,325.0,11.0,21.0,-10.7125,979.9125,5.7250000000000005,72.96666666666667,,
2022-11-22,2022.0,326.0,11.0,22.0,-7.595454545454545,986.1333333333333,3.4125,68.4375,,
2022-11-23,2022.0,327.0,11.0,23.0,-7.433333333333334,991.3000000000001,2.5541666666666667,77.12083333333334,,
2022-11-24,2022.0,328.0,11.0,24.0,-7.3478260869565215,995.7333333333332,2.5791666666666666,65.21249999999999,,
2022-11-25,2022.0,329.0,11.0,25.0,-5.766666666666667,981.0416666666666,6.129166666666666,85.71739130434783,,
2022-11-26,2022.0,330.0,11.0,26.0,-13.112499999999999,961.8874999999999,12.725,85.92916666666667,,
2022-11-27,2022.0,331.0,11.0,27.0,-11.424999999999999,957.6,4.141666666666667,72.22083333333333,,
2022-11-28,2022.0,332.0,11.0,28.0,-7.439130434782609,975.5124999999999,3.7624999999999997,66.55416666666666,,
2022-11-29,2022.0,333.0,11.0,29.0,-4.986363636363636,990.6416666666668,4.958333333333333,75.74166666666666,,
2022-11-30,2022.0,334.0,11.0,30.0,-4.259090909090909,985.5416666666666,5.075,88.34761904761905,,
2022-12-01,2022.0,335.0,12.0,1.0,-9.818181818181818,982.5318181818183,8.64090909090909,78.37727272727273,,
2022-12-02,2022.0,336.0,12.0,2.0,-7.457142857142857,984.4875000000001,2.8625000000000003,76.51304347826087,,
2022-12-03,2022.0,337.0,12.0,3.0,-10.183333333333334,979.1333333333333,13.1625,90.425,,
2022-12-04,2022.0,338.0,12.0,4.0,-10.236842105263158,977.5958333333333,6.354166666666667,67.57916666666667,,
2022-12-05,2022.0,339.0,12.0,5.0,-3.8333333333333335,976.0416666666666,5.804166666666667,79.20833333333333,,
2022-12-06,2022.0,340.0,12.0,6.0,-3.785,978.8541666666666,3.0083333333333333,77.99583333333334,,
2022-12-07,2022.0,341.0,12.0,7.0,-9.088888888888889,983.4083333333333,3.1666666666666665,68.63333333333334,,
2022-12-08,2022.0,342.0,12.0,8.0,-9.116666666666667,981.6374999999999,10.404166666666667,80.82083333333334,,
2022-12-09,2022.0,343.0,12.0,9.0,-9.095833333333333,974.3666666666667,9.541666666666666,79.27499999999999,,
2022-12-10,2022.0,344.0,12.0,10.0,-6.5249999999999995,966.9250000000001,8.570833333333333,63.7875,,
2022-12-11,2022.0,345.0,12.0,11.0,-3.4434782608695653,954.375,3.766666666666667,70.52499999999999,,
2022-12-12,2022.0,346.0,12.0,12.0,-2.7708333333333335,963.8583333333332,2.6166666666666667,63.5375,,
2022-12-13,2022.0,347.0,12.0,13.0,-3.0173913043478264,971.7291666666666,3.933333333333333,77.16956521739131,,
2022-12-14,2022.0,348.0,12.0,14.0,-2.5458333333333334,968.775,9.525,80.875,,
2022-12-15,2022.0,349.0,12.0,15.0,-4.1125,972.2875,11.575000000000001,87.79583333333333,,
2022-12-16,2022.0,350.0,12.0,16.0,-3.341666666666667,973.3291666666668,7.7,85.53333333333335,,
2022-12-17,2022.0,351.0,12.0,17.0,-3.0375,978.0625,9.1875,79.41904761904762,,
2022-12-18,2022.0,352.0,12.0,18.0,-3.2636363636363637,980.75,4.258333333333334,79.3625,,
2022-12-19,2022.0,353.0,12.0,19.0,-2.90625,979.6916666666666,2.2291666666666665,72.09166666666667,,
2022-12-20,2022.0,354.0,12.0,20.0,-2.0375,979.0708333333333,2.8708333333333336,80.64166666666667,,
2022-12-21,2022.0,355.0,12.0,21.0,-1.5733333333333335,979.4208333333332,2.029166666666667,70.31739130434782,,
2022-12-22,2022.0,356.0,12.0,22.0,-0.9227272727272727,978.6458333333334,1.4291666666666665,68.9375,,18.167366809799674
2022-12-23,2022.0,357.0,12.0,23.0,-5.233333333333333,979.9833333333332,3.7708333333333335,65.66250000000001,,178.234083600172
2022-12-24,2022.0,358.0,12.0,24.0,-4.970833333333333,987.6291666666666,4.479166666666667,76.44166666666666,,209.3484958876999
2022-12-25,2022.0,359.0,12.0,25.0,-1.1454545454545455,989.25,2.0625,65.1875,,14.851147464126722
2022-12-26,2022.0,360.0,12.0,26.0,-3.6875,982.6750000000001,4.033333333333333,87.7625,,321.6107786600719
2022-12-27,2022.0,361.0,12.0,27.0,-4.608333333333333,976.5749999999999,3.725,72.80416666666666,,253.62561009820203
2022-12-28,2022.0,362.0,12.0,28.0,-7.5249999999999995,980.8458333333333,4.925,64.53750000000001,,190.79472554583776
2022-12-29,2022.0,363.0,12.0,29.0,-7.95,978.4125,6.308333333333334,70.03750000000001,,199.84512120719387
2022-12-30,2022.0,364.0,12.0,30.0,-7.904761904761905,972.6791666666667,4.4375,67.40416666666667,,224.25913737744438
2022-12-31,2022.0,365.0,12.0,31.0,-5.575,969.4791666666666,6.5375000000000005,78.3875,,273.2536905214896
2023-01-01,2023.0,1.0,1.0,1.0,-5.586363636363637,972.0333333333333,4.1499999999999995,75.77727272727272,,227.32042906452673
2023-01-02,2023.0,2.0,1.0,2.0,-5.786363636363636,978.4083333333333,6.745833333333334,79.15833333333333,,197.90167547482227
2023-01-03,2023.0,3.0,1.0,3.0,-2.7375000000000003,981.5,4.120833333333334,72.75833333333334,,346.24677629585364
2023-01-04,2023.0,4.0,1.0,4.0,-1.0791666666666668,979.5875,3.016666666666667,71.7,,2.5685678267796597
2023-01-05,2023.0,5.0,1.0,5.0,-5.173684210526315,978.7624999999999,2.8166666666666664,71.18333333333334,,155.46131535745656
2023-01-06,2023.0,6.0,1.0,6.0,-6.8619047619047615,976.7083333333334,3.4791666666666665,70.45,,201.18354482852493
2023-01-07,2023.0,7.0,1.0,7.0,-8.450000000000001,980.3874999999999,8.424999999999999,79.95833333333333,,193.45625314301142
2023-01-08,2023.0,8.0,1.0,8.0,-6.39047619047619,984.6083333333332,3.2916666666666665,62.92083333333333,,201.9758795064554
2023-01-09,2023.0,9.0,1.0,9.0,-5.769565217391304,980.5208333333334,3.6041666666666665,66.02916666666667,,277.62244194871954
2023-01-10,2023.0,10.0,1.0,10.0,-5.55,973.4791666666666,2.595833333333333,62.9625,,105.40887505635149
2023-01-11,2023.0,11.0,1.0,11.0,-4.666666666666667,975.5083333333333,2.7541666666666664,77.72500000000001,,62.733700560126124
2023-01-12,2023.0,12.0,1.0,12.0,-4.4750000000000005,975.0124999999999,3.1916666666666664,73.07142857142857,,183.2605706361735
2023-01-13,2023.0,13.0,1.0,13.0,-5.866666666666667,972.8666666666667,1.6541666666666668,57.225,,113.43009692228631
2023-01-14,2023.0,14.0,1.0,14.0,-4.1866666666666665,971.5791666666668,2.0875,65.96666666666667,,299.37062721499444
2023-01-15,2023.0,15.0,1.0,15.0,-8.454545454545455,970.6625,2.8125,76.8125,,164.35363647805684
2023-01-16,2023.0,16.0,1.0,16.0,-9.325,972.6833333333334,1.9625000000000001,53.275,,164.08544838923052
2023-01-17,2023.0,17.0,1.0,17.0,-6.520833333333333,973.3249999999999,3.466666666666667,59.07083333333333,,216.15917531648216
2023-01-18,2023.0,18.0,1.0,18.0,-6.354166666666667,975.9791666666666,2.6041666666666665,56.99166666666667,,191.3850916500837
2023-01-19,2023.0,19.0,1.0,19.0,-8.052941176470588,980.625,1.5958333333333332,52.04583333333333,,130.5728184510473
2023-01-20,2023.0,20.0,1.0,20.0,-7.0,984.3625000000001,2.441666666666667,68.82608695652173,,118.74525293534701
2023-01-21,2023.0,21.0,1.0,21.0,-3.8739130434782605,983.6374999999999,2.9875000000000003,70.63478260869566,,317.9597909443312
2023-01-22,2023.0,22.0,1.0,22.0,-10.604166666666666,985.725,5.104166666666667,78.41666666666667,,166.9218069112028
2023-01-23,2023.0,23.0,1.0,23.0,-12.1625,985.35,7.329166666666667,78.43333333333334,,172.2108738922939
2023-01-24,2023.0,24.0,1.0,24.0,-8.954166666666667,983.4791666666666,9.275,68.24166666666666,,202.01633359078428
2023-01-25,2023.0,25.0,1.0,25.0,-7.341666666666666,982.85,10.6625,82.19130434782609,,205.168482477147
2023-01-26,2023.0,26.0,1.0,26.0,-4.920833333333333,980.6833333333334,12.633333333333333,91.34285714285714,,214.1610911808569
2023-01-27,2023.0,27.0,1.0,27.0,-4.870833333333334,978.4666666666667,10.7125,94.55625,,205.6159758815438
2023-01-28,2023.0,28.0,1.0,28.0,-5.670833333333333,976.5,12.216666666666667,94.4,,216.7460642871352
2023-01-29,2023.0,29.0,1.0,29.0,-4.272222222222222,977.9666666666667,3.391666666666667,83.15,,290.7877159431415
2023-01-30,2023.0,30.0,1.0,30.0,-5.794444444444444,979.0749999999999,1.7750000000000001,75.1,,121.85711793664208
2023-01-31,2023.0,31.0,1.0,31.0,-5.3238095238095235,983.0208333333334,2.5833333333333335,69.85000000000001,,315.7007022719307
2023-02-01,2023.0,32.0,2.0,1.0,-8.594736842105263,982.6875,1.866666666666667,70.95,,157.88186454291952
2023-02-02,2023.0,33.0,2.0,2.0,-9.450000000000001,977.1041666666666,8.5,87.57083333333333,,190.96888784447754
2023-02-03,2023.0,34.0,2.0,3.0,-10.445833333333333,971.0916666666667,15.554166666666667,92.69500000000001,,204.97503291393085
2023-02-04,2023.0,35.0,2.0,4.0,-12.859090909090908,975.8791666666666,5.979166666666667,82.2,,187.8699472005744
2023-02-05,2023.0,36.0,2.0,5.0,-8.15263157894737,979.2958333333332,2.8333333333333335,66.90833333333333,,230.25504632914937
2023-02-06,2023.0,37.0,2.0,6.0,-11.137500000000001,985.775,5.054166666666666,66.04166666666667,,204.48423645111862
2023-02-07,2023.0,38.0,2.0,7.0,-12.2125,987.4083333333333,6.566666666666666,67.52499999999999,,198.39166196958251
2023-02-08,2023.0,39.0,2.0,8.0,-13.170833333333334,989.8291666666668,8.970833333333333,76.1375,,190.50377027786737
2023-02-09,2023.0,40.0,2.0,9.0,-13.216666666666667,992.8666666666667,5.916666666666667,68.54583333333333,,193.15819249282274
2023-02-10,2023.0,41.0,2.0,10.0,-13.108333333333334,992.9333333333334,3.8083333333333336,62.19166666666666,,194.75318276909206
2023-02-11,2023.0,42.0,2.0,11.0,-10.495454545454546,990.4708333333333,1.9625000000000001,60.13333333333333,,137.37524149370563
2023-02-12,2023.0,43.0,2.0,12.0,-8.945,987.0625,2.4916666666666667,62.541666666666664,,5.743890238856344
2023-02-13,2023.0,44.0,2.0,13.0,-10.769565217391303,988.6791666666667,3.0,55.604166666666664,,151.04553114996446
2023-02-14,2023.0,45.0,2.0,14.0,-8.543478260869565,990.5875,2.1875,71.00833333333334,,319.8447556423784
2023-02-15,2023.0,46.0,2.0,15.0,-15.65,990.7458333333334,3.8125,68.94583333333334,,165.80351265301118
2023-02-16,2023.0,47.0,2.0,16.0,-15.169565217391304,988.6041666666666,4.6875,77.325,,200.86592193905477
2023-02-17,2023.0,48.0,2.0,17.0,-12.466666666666667,979.975,4.129166666666666,64.67083333333333,,193.35978848833275
2023-02-18,2023.0,49.0,2.0,18.0,-11.470833333333333,980.1625,5.529166666666668,60.229166666666664,,215.82590179281198
2023-02-19,2023.0,50.0,2.0,19.0,-13.716666666666667,983.4791666666666,6.779166666666666,73.52499999999999,,206.7124147531728
2023-02-20,2023.0,51.0,2.0,20.0,-14.4,987.4708333333333,7.616666666666667,65.79166666666667,,197.47147295573575
2023-02-21,2023.0,52.0,2.0,21.0,-10.987499999999999,983.8625000000001,12.941666666666668,79.90416666666667,,203.90219589269637
2023-02-22,2023.0,53.0,2.0,22.0,-14.4375,980.9291666666667,5.354166666666667,66.00833333333334,,189.07618218194216
2023-02-23,2023.0,54.0,2.0,23.0,-19.716666666666665,978.6374999999999,5.25,68.44166666666666,,189.30911795313833
2023-02-24,2023.0,55.0,2.0,24.0,-17.912499999999998,974.9125,7.8999999999999995,80.71249999999999,,187.20891672725992
2023-02-25,2023.0,56.0,2.0,25.0,-13.891304347826088,977.4083333333333,3.6625,81.42857142857143,,93.11407804066492
2023-02-26,2023.0,57.0,2.0,26.0,-15.883333333333333,986.6374999999999,7.575,89.05833333333334,,208.04180999690402
2023-02-27,2023.0,58.0,2.0,27.0,-14.658333333333333,985.8416666666667,5.016666666666667,81.55416666666666,,123.09316745126354
2023-02-28,2023.0,59.0,2.0,28.0,-17.233333333333334,985.5583333333334,9.595833333333333,86.6375,,196.3476561221423
2023-03-01,2023.0,60.0,3.0,1.0,-12.06086956521739,987.7916666666666,3.9291666666666667,74.03333333333333,,230.70090271733827
2023-03-02,2023.0,61.0,3.0,2.0,-16.670833333333334,987.7125,6.904166666666668,77.1375,,190.2257961008074
2023-03-03,2023.0,62.0,3.0,3.0,-14.241666666666667,982.9666666666667,12.0625,85.66250000000001,,206.97748363579836
2023-03-04,2023.0,63.0,3.0,4.0,-19.170833333333334,984.7666666666668,4.2375,74.99166666666666,,143.74558126061547
2023-03-05,2023.0,64.0,3.0,5.0,-18.720833333333335,985.2916666666666,3.775,63.770833333333336,,150.51667914825822
2023-03-06,2023.0,65.0,3.0,6.0,-20.420833333333334,983.7125,4.716666666666667,68.99166666666666,,157.60286839484667
2023-03-07,2023.0,66.0,3.0,7.0,-23.104166666666668,988.1875,4.041666666666667,64.65416666666667,,196.56015342150482
2023-03-08,2023.0,67.0,3.0,8.0,-19.720833333333335,997.5916666666667,2.733333333333333,68.84583333333333,,237.41157285756992
2023-03-09,2023.0,68.0,3.0,9.0,-15.533333333333333,1002.1291666666666,3.9916666666666667,81.8875,,334.99557744528096
2023-03-10,2023.0,69.0,3.0,10.0,-24.383333333333336,1005.3666666666667,3.6666666666666665,66.82916666666667,,182.88376849652667
2023-03-11,2023.0,70.0,3.0,11.0,-26.6875,1000.0333333333333,3.7458333333333336,71.55416666666666,,201.31523992329184
2023-03-12,2023.0,71.0,3.0,12.0,-27.59583333333333,998.5458333333332,7.533333333333332,74.25416666666666,,194.4153331502805
2023-03-13,2023.0,72.0,3.0,13.0,-27.787499999999998,998.0833333333334,6.6499999999999995,70.84583333333333,,187.5845195747075
2023-03-14,2023.0,73.0,3.0,14.0,-24.3125,984.6958333333333,2.8041666666666667,75.31666666666666,,114.23657180836341
2023-03-15,2023.0,74.0,3.0,15.0,-23.849999999999998,977.2708333333334,7.533333333333334,82.71666666666667,,207.36691100310932
2023-03-16,2023.0,75.0,3.0,16.0,-23.349999999999998,980.5583333333334,5.3625,83.01666666666667,,154.75188637332056
2023-03-17,2023.0,76.0,3.0,17.0,-22.179166666666664,976.8208333333333,9.575,84.19166666666666,,190.18995971973746
2023-03-18,2023.0,77.0,3.0,18.0,-24.650000000000002,980.5875,8.279166666666667,82.23333333333333,,174.21773012884245
2023-03-19,2023.0,78.0,3.0,19.0,-19.662499999999998,972.0916666666667,9.704166666666667,84.02916666666667,,257.5454575072654
2023-03-20,2023.0,79.0,3.0,20.0,-28.616666666666664,979.5583333333334,6.766666666666667,77.92916666666666,,170.6588042741542
2023-03-21,2023.0,80.0,3.0,21.0,-19.591666666666665,975.3291666666668,4.0625,85.07916666666667,,68.9689239330534
2023-03-22,2023.0,81.0,3.0,22.0,-28.458333333333332,979.3958333333334,7.233333333333333,72.32916666666667,,171.4195471117022
2023-03-23,2023.0,82.0,3.0,23.0,-31.358333333333334,981.7166666666667,4.5125,63.51666666666667,,183.66970205697874
2023-03-24,2023.0,83.0,3.0,24.0,-34.12083333333333,988.1125000000001,5.2375,63.333333333333336,,190.11756029784513
2023-03-25,2023.0,84.0,3.0,25.0,-30.754166666666666,992.4,4.941666666666666,63.895833333333336,,166.48644207745681
2023-03-26,2023.0,85.0,3.0,26.0,-28.679166666666664,988.6666666666666,4.116666666666666,74.70416666666667,,216.80478770961068
2023-03-27,2023.0,86.0,3.0,27.0,-26.25,982.3958333333334,2.9958333333333336,82.05,,284.7560760626091
2023-03-28,2023.0,87.0,3.0,28.0,-19.479166666666668,974.0875,2.591666666666667,89.3875,,254.58936155236157
2023-03-29,2023.0,88.0,3.0,29.0,-25.075,972.4791666666666,3.641666666666666,85.16666666666667,,150.03605544520667
2023-03-30,2023.0,89.0,3.0,30.0,-25.75,989.8708333333334,3.3208333333333333,84.34166666666667,,192.31770934745055
2023-03-31,2023.0,90.0,3.0,31.0,-21.683333333333334,1004.3375,1.7291666666666667,91.0,,329.2786605158235
2023-04-01,2023.0,91.0,4.0,1.0,-23.754166666666666,1008.1041666666666,1.5454545454545454,89.3875,,52.42665479721563
2023-04-02,2023.0,92.0,4.0,2.0,-28.145833333333332,1013.0749999999999,,83.90416666666667,,
2023-04-03,2023.0,93.0,4.0,3.0,-29.079166666666666,1010.9833333333332,8.0,82.5625,,190.0
2023-04-04,2023.0,94.0,4.0,4.0,-28.7,997.1541666666667,3.5041666666666664,82.73333333333333,,207.409818859345
2023-04-05,2023.0,95.0,4.0,5.0,-29.083333333333332,985.4458333333333,3.8249999999999997,82.675,,212.54293948589986
2023-04-06,2023.0,96.0,4.0,6.0,-30.020833333333332,995.3583333333332,3.2583333333333333,79.20833333333333,,202.0285404003683
2023-04-07,2023.0,97.0,4.0,7.0,-26.866666666666664,996.7791666666667,6.770833333333333,84.575,,201.1440953846971
2023-04-08,2023.0,98.0,4.0,8.0,-31.458333333333332,995.9083333333333,4.620833333333334,78.45,,187.3404851138527
2023-04-09,2023.0,99.0,4.0,9.0,-31.266666666666666,992.8249999999999,5.808333333333334,78.52083333333333,,168.22397885949326
2023-04-10,2023.0,100.0,4.0,10.0,-31.629166666666666,994.8208333333333,6.379166666666666,78.05,,191.82418394657628
2023-04-11,2023.0,101.0,4.0,11.0,-28.179166666666664,998.0666666666666,8.191666666666666,80.58749999999999,,196.45826194966034
2023-04-12,2023.0,102.0,4.0,12.0,-28.616666666666664,995.0333333333333,3.3249999999999997,80.20416666666667,,165.33042836559588
2023-04-13,2023.0,103.0,4.0,13.0,-27.266666666666666,984.25,4.866666666666666,83.87916666666666,,164.72049069826798
2023-04-14,2023.0,104.0,4.0,14.0,-26.929166666666664,985.0416666666666,8.075000000000001,83.98333333333333,,204.38567371723985
2023-04-15,2023.0,105.0,4.0,15.0,-21.1875,991.9791666666666,2.8208333333333333,89.7625,,246.90627183767145
2023-04-16,2023.0,106.0,4.0,16.0,-24.541666666666668,999.7666666666668,4.141666666666667,81.20416666666667,,136.9568737063052
2023-04-17,2023.0,107.0,4.0,17.0,-27.8,999.3291666666668,4.975,83.17083333333333,,191.10527900526125
2023-04-18,2023.0,108.0,4.0,18.0,-29.166666666666668,989.6750000000001,4.541666666666667,82.50416666666666,,168.12664829120735
2023-04-19,2023.0,109.0,4.0,19.0,-24.900000000000002,984.8541666666666,6.816666666666666,87.5625,,223.20740462583566
2023-04-20,2023.0,110.0,4.0,20.0,-27.566666666666666,983.3458333333333,10.616666666666667,84.43333333333334,,166.79802843876647
2023-04-21,2023.0,111.0,4.0,21.0,-30.462500000000002,982.8583333333332,8.870833333333334,80.55833333333334,,184.22426790215658
2023-04-22,2023.0,112.0,4.0,22.0,-21.46666666666667,978.2333333333332,16.120833333333334,90.59166666666665,,201.03540941836454
2023-04-23,2023.0,113.0,4.0,23.0,-22.616666666666664,983.1916666666666,18.133333333333333,89.075,,195.70813380124844
2023-04-24,2023.0,114.0,4.0,24.0,-23.40833333333333,984.9833333333332,15.629166666666668,85.75416666666666,,193.06636593808938
2023-04-25,2023.0,115.0,4.0,25.0,-26.791666666666668,987.8291666666668,11.729166666666666,80.67083333333333,,197.87866287575955
2023-04-26,2023.0,116.0,4.0,26.0,-20.8875,992.7958333333332,6.345833333333334,88.96249999999999,,227.03808005681572
2023-04-27,2023.0,117.0,4.0,27.0,-25.916666666666668,995.9583333333334,12.558333333333332,85.58333333333333,,196.0561208296573
2023-04-28,2023.0,118.0,4.0,28.0,-32.074999999999996,1000.1,5.804166666666667,78.89583333333333,,207.8367137172937
2023-04-29,2023.0,119.0,4.0,29.0,-27.129166666666666,988.5166666666668,2.15,84.56666666666666,,268.2507846794772
2023-04-30,2023.0,120.0,4.0,30.0,-30.133333333333336,978.9916666666667,1.3333333333333333,80.925,,229.86474248998724
2023-05-01,2023.0,121.0,5.0,1.0,-24.945833333333336,979.5583333333334,6.9750000000000005,87.60833333333333,,211.8181403799413
2023-05-02,2023.0,122.0,5.0,2.0,-22.066666666666666,990.9208333333332,10.083333333333334,86.36666666666667,,204.69427660558756
2023-05-03,2023.0,123.0,5.0,3.0,-28.833333333333332,994.1875,4.4125000000000005,77.67083333333333,,201.55389944702804
2023-05-04,2023.0,124.0,5.0,4.0,-30.366666666666664,987.8375,2.9958333333333336,76.44583333333334,,207.20517856349483
2023-05-05,2023.0,125.0,5.0,5.0,-32.46666666666667,988.1333333333333,3.0083333333333333,77.24583333333334,,189.31839025117387
2023-05-06,2023.0,126.0,5.0,6.0,-30.645833333333332,987.6041666666666,2.2375000000000003,80.625,,222.18314992051526
2023-05-07,2023.0,127.0,5.0,7.0,-38.19166666666667,981.6625,2.2624999999999997,71.2,,172.02046693229806
2023-05-08,2023.0,128.0,5.0,8.0,-36.62916666666667,981.75,1.3083333333333333,72.19166666666666,,139.4082101740783
2023-05-09,2023.0,129.0,5.0,9.0,-27.416666666666668,983.6374999999999,1.4874999999999998,84.3875,,211.00235044767877
2023-05-10,2023.0,130.0,5.0,10.0,-32.3375,982.4166666666666,5.341666666666666,78.59166666666667,,180.9399247587724
2023-05-11,2023.0,131.0,5.0,11.0,-33.05416666666667,977.0291666666667,3.1,77.37916666666666,,185.0236508290165
2023-05-12,2023.0,132.0,5.0,12.0,-32.137499999999996,968.9125,0.9944444444444444,78.30416666666666,,232.11602215766692
2023-05-13,2023.0,133.0,5.0,13.0,-26.075,965.9291666666667,5.055555555555555,86.03333333333335,,240.621376463831
2023-05-14,2023.0,134.0,5.0,14.0,-27.224999999999998,963.4291666666667,7.458333333333333,84.72083333333333,,203.67319851632928
2023-05-15,2023.0,135.0,5.0,15.0,-26.754166666666666,963.2208333333333,3.970833333333333,85.14999999999999,,245.04243797538447
2023-05-16,2023.0,136.0,5.0,16.0,-21.90416666666667,967.3708333333334,5.3,91.02083333333333,,253.71252633318318
2023-05-17,2023.0,137.0,5.0,17.0,-24.5,975.1125000000001,7.804166666666667,88.18333333333334,,188.3335428837634
2023-05-18,2023.0,138.0,5.0,18.0,-27.1875,972.1958333333333,5.679166666666667,85.14583333333333,,224.34749221542108
2023-05-19,2023.0,139.0,5.0,19.0,-36.25833333333333,977.8125,5.591666666666666,74.01666666666667,,176.90350090202932
2023-05-20,2023.0,140.0,5.0,20.0,-32.5625,982.275,2.5124999999999997,77.83333333333333,,202.47624294452618
2023-05-21,2023.0,141.0,5.0,21.0,-33.92916666666667,986.1,1.9124999999999999,76.55416666666666,,57.35211946386669
2023-05-22,2023.0,142.0,5.0,22.0,-34.06666666666667,991.1458333333334,7.683333333333334,76.52083333333333,,168.2741974638121
2023-05-23,2023.0,143.0,5.0,23.0,-34.795833333333334,1001.3874999999999,17.595833333333335,75.54166666666667,,196.58424471524168
2023-05-24,2023.0,144.0,5.0,24.0,-29.008333333333336,999.0583333333334,14.183333333333332,81.60000000000001,,182.5458803566961
2023-05-25,2023.0,145.0,5.0,25.0,-29.6125,992.8625000000001,4.7749999999999995,79.81666666666666,,206.51792974778112
2023-05-26,2023.0,146.0,5.0,26.0,-30.21666666666667,980.7958333333332,3.9125,81.02499999999999,,195.6192974910211
2023-05-27,2023.0,147.0,5.0,27.0,-30.204166666666666,988.4875000000001,8.308333333333334,80.45,,208.82409133928132
2023-05-28,2023.0,148.0,5.0,28.0,-34.5375,994.6416666666668,3.9416666666666664,72.67916666666666,,177.90102762370202
2023-05-29,2023.0,149.0,5.0,29.0,-28.558333333333334,986.4375,5.445833333333333,81.81666666666666,,328.10305380622464
2023-05-30,2023.0,150.0,5.0,30.0,-38.19583333333333,984.7916666666666,3.1374999999999997,71.5625,,152.0575338195951
2023-05-31,2023.0,151.0,5.0,31.0,-30.875,982.9250000000001,1.6500000000000001,80.26666666666667,,241.73174749445246
2023-06-01,2023.0,152.0,6.0,1.0,-33.6625,990.6875,2.6916666666666664,76.93333333333334,,164.86306444982182
2023-06-02,2023.0,153.0,6.0,2.0,-36.145833333333336,993.0749999999999,7.429166666666667,73.52083333333333,,186.56054237273517
2023-06-03,2023.0,154.0,6.0,3.0,-28.708333333333332,981.1708333333332,16.295833333333334,81.70416666666667,,209.1814872242164
2023-06-04,2023.0,155.0,6.0,4.0,-25.858333333333334,963.1,6.633333333333333,84.95416666666667,,325.9564968984317
2023-06-05,2023.0,156.0,6.0,5.0,-25.15833333333333,972.35,14.758333333333333,87.17916666666667,,208.2961491227505
2023-06-06,2023.0,157.0,6.0,6.0,-27.191666666666666,975.2875,7.554166666666667,79.19583333333334,,207.20236851131205
2023-06-07,2023.0,158.0,6.0,7.0,-14.016666666666666,968.3708333333334,22.383333333333336,96.49166666666667,,209.91156908197837
2023-06-08,2023.0,159.0,6.0,8.0,-10.641666666666667,972.9333333333334,27.22083333333333,98.55,,209.24550034840877
2023-06-09,2023.0,160.0,6.0,9.0,-12.641666666666666,990.7333333333332,16.837500000000002,90.91578947368421,,201.22603589769838
2023-06-10,2023.0,161.0,6.0,10.0,-19.212500000000002,998.3916666666668,8.808333333333334,78.79583333333333,,181.04303513626124
2023-06-11,2023.0,162.0,6.0,11.0,-21.870833333333334,996.5333333333333,5.516666666666667,79.4875,,223.71553786286495
2023-06-12,2023.0,163.0,6.0,12.0,-28.770833333333332,1004.0416666666666,5.395833333333333,72.95,,194.3229872269236
2023-06-13,2023.0,164.0,6.0,13.0,-25.304166666666664,1003.6958333333333,7.254166666666666,81.5625,,210.79042947340193
2023-06-14,2023.0,165.0,6.0,14.0,-17.591666666666665,992.7833333333333,12.2125,80.20454545454545,,211.07341740499547
2023-06-15,2023.0,166.0,6.0,15.0,-22.875,993.2125,13.487499999999999,88.2090909090909,,180.76143164965941
2023-06-16,2023.0,167.0,6.0,16.0,-29.291666666666668,1010.0208333333334,3.2583333333333333,82.52083333333333,,151.0988057901516
2023-06-17,2023.0,168.0,6.0,17.0,-22.425,1006.0083333333333,4.366666666666666,87.94166666666666,,317.1025243702824
2023-06-18,2023.0,169.0,6.0,18.0,-26.704166666666666,997.1541666666667,2.441666666666667,86.00833333333333,,292.19112357825173
2023-06-19,2023.0,170.0,6.0,19.0,-35.34166666666667,998.15,3.454166666666667,75.12083333333332,,170.39857403706858
2023-06-20,2023.0,171.0,6.0,20.0,-31.9875,992.3375,2.0,78.925,,142.8310430823107
2023-06-21,2023.0,172.0,6.0,21.0,-28.258333333333336,991.9208333333332,7.8,84.00833333333334,,201.195541059942
2023-06-22,2023.0,173.0,6.0,22.0,-30.633333333333336,993.65,3.795833333333333,80.87083333333334,,219.46052180893048
2023-06-23,2023.0,174.0,6.0,23.0,-26.75,991.8833333333333,7.3374999999999995,85.40833333333335,,222.2251028703798
2023-06-24,2023.0,175.0,6.0,24.0,-26.379166666666666,986.7458333333334,11.4125,84.2,,199.5840574040315
2023-06-25,2023.0,176.0,6.0,25.0,-24.02916666666667,974.2583333333333,12.387500000000001,83.12916666666666,,202.12924996882137
2023-06-26,2023.0,177.0,6.0,26.0,-29.583333333333332,978.8416666666667,6.845833333333332,81.02083333333333,,167.0323395080214
2023-06-27,2023.0,178.0,6.0,27.0,-30.141666666666666,991.025,14.370833333333335,81.27499999999999,,198.44225451172665
2023-06-28,2023.0,179.0,6.0,28.0,-32.512499999999996,983.4250000000001,3.516666666666667,78.925,,101.44142588873719
2023-06-29,2023.0,180.0,6.0,29.0,-38.475,989.4583333333334,8.716666666666667,71.43333333333334,,195.82409625391227
2023-06-30,2023.0,181.0,6.0,30.0,-37.32083333333333,1005.9833333333332,5.825,72.27499999999999,,196.3480926808716
2023-07-01,2023.0,182.0,7.0,1.0,-34.266666666666666,1003.4625,9.362499999999999,75.24166666666666,,162.96646355303483
2023-07-02,2023.0,183.0,7.0,2.0,-35.0375,1001.1958333333333,8.479166666666666,74.03333333333333,,186.29002916213906
2023-07-03,2023.0,184.0,7.0,3.0,-34.074999999999996,996.9208333333332,2.908333333333333,75.12916666666666,,97.96125114555446
2023-07-04,2023.0,185.0,7.0,4.0,-34.49166666666667,991.8625000000001,7.7,73.375,,190.52856199224996
2023-07-05,2023.0,186.0,7.0,5.0,-28.479166666666668,978.6291666666666,5.9125000000000005,82.75416666666666,,257.0307394712885
2023-07-06,2023.0,187.0,7.0,6.0,-40.225,981.0041666666667,8.104166666666666,68.85833333333333,,185.70122535218474
2023-07-07,2023.0,188.0,7.0,7.0,-43.175000000000004,977.7333333333332,3.4499999999999997,64.90416666666667,,172.44632248851786
2023-07-08,2023.0,189.0,7.0,8.0,-33.24166666666667,972.4375,3.204166666666667,78.23333333333333,,342.6664906326563
2023-07-09,2023.0,190.0,7.0,9.0,-29.954166666666666,969.9666666666667,3.4291666666666667,81.33333333333333,,21.88432676631874
2023-07-10,2023.0,191.0,7.0,10.0,-35.49583333333333,992.1374999999999,5.479166666666667,74.73333333333333,,195.13267762805134
2023-07-11,2023.0,192.0,7.0,11.0,-28.974999999999998,993.9083333333333,3.233333333333333,82.75,,325.4396026233769
2023-07-12,2023.0,193.0,7.0,12.0,-28.020833333333332,989.8458333333333,3.533333333333333,83.79583333333333,,343.63640932783824
2023-07-13,2023.0,194.0,7.0,13.0,-33.57083333333333,995.4833333333332,3.0041666666666664,77.26666666666667,,178.80140404620846
2023-07-14,2023.0,195.0,7.0,14.0,-27.712500000000002,993.7916666666666,3.8000000000000003,84.26666666666667,,331.8445572107655
2023-07-15,2023.0,196.0,7.0,15.0,-42.083333333333336,993.225,2.1708333333333334,66.51666666666667,,166.38607042361673
2023-07-16,2023.0,197.0,7.0,16.0,-34.90416666666667,1003.4083333333333,1.3291666666666666,74.91250000000001,,200.06180076702503
2023-07-17,2023.0,198.0,7.0,17.0,-30.054166666666664,1001.1166666666667,1.0333333333333334,81.1875,,19.03319086541767
2023-07-18,2023.0,199.0,7.0,18.0,-38.704166666666666,988.9708333333333,1.375,71.11666666666666,,180.33291555084995
2023-07-19,2023.0,200.0,7.0,19.0,-46.78333333333333,985.0833333333334,0.85,60.512499999999996,,197.7528288501025
2023-07-20,2023.0,201.0,7.0,20.0,-37.92916666666667,980.4,0.7208333333333333,71.43333333333334,,7.397407900976268
2023-07-21,2023.0,202.0,7.0,21.0,-38.24583333333333,984.3708333333334,1.0583333333333333,71.22083333333333,,332.01400303716827
2023-07-22,2023.0,203.0,7.0,22.0,-38.862500000000004,973.4541666666668,4.204166666666667,70.91250000000001,,212.29952627429535
2023-07-23,2023.0,204.0,7.0,23.0,-42.56666666666667,982.525,4.483333333333333,65.58749999999999,,244.57388159282846
2023-07-24,2023.0,205.0,7.0,24.0,-38.791666666666664,978.0666666666666,5.170833333333333,70.72083333333333,,157.48636344858892
2023-07-25,2023.0,206.0,7.0,25.0,-38.141666666666666,976.3041666666667,9.025,71.17916666666666,,190.79257166397966
2023-07-26,2023.0,207.0,7.0,26.0,-36.141666666666666,971.6666666666666,3.9958333333333336,73.85416666666667,,1.9277689184147522
2023-07-27,2023.0,208.0,7.0,27.0,-37.5,976.5307692307692,2.746153846153846,72.64615384615385,,283.8172363260604
2023-07-28,2023.0,209.0,7.0,28.0,-41.34761904761905,984.395238095238,4.309523809523809,67.05238095238094,,204.5465861504168
2023-07-29,2023.0,210.0,7.0,29.0,-42.82173913043478,975.9478260869565,2.8652173913043475,64.8695652173913,,135.3109320613356
2023-07-30,2023.0,211.0,7.0,30.0,-39.904545454545456,976.7850000000001,5.840909090909091,68.81363636363636,,194.71503286838413
2023-07-31,2023.0,212.0,7.0,31.0,-41.46521739130435,989.3083333333334,8.220833333333333,67.14583333333333,,180.28191797653196
2023-08-01,2023.0,213.0,8.0,1.0,-42.221739130434784,988.9909090909091,2.134782608695652,65.50434782608696,,187.45618578944064
2023-08-02,2023.0,214.0,8.0,2.0,-36.269999999999996,985.5684210526315,2.295,73.35499999999999,,170.43565715174424
2023-08-03,2023.0,215.0,8.0,3.0,-34.93333333333333,981.5666666666666,9.716666666666667,76.14999999999999,,194.8429212707949
2023-08-04,2023.0,216.0,8.0,4.0,-27.4,974.5,3.9,83.5,,280.0
2023-08-05,2023.0,217.0,8.0,5.0,,,,,,
2023-08-06,2023.0,218.0,8.0,6.0,,,,,,
2023-08-07,2023.0,219.0,8.0,7.0,,,,,,
2023-08-08,2023.0,220.0,8.0,8.0,-39.9,982.7,4.7,68.30000000000001,,177.0
2023-08-09,2023.0,221.0,8.0,9.0,-38.3125,984.7625,5.4,71.0625,,188.61126204000323
2023-08-10,2023.0,222.0,8.0,10.0,-50.666666666666664,982.5,4.966666666666666,55.300000000000004,,184.32900957702125
2023-08-11,2023.0,223.0,8.0,11.0,,,,,,
2023-08-12,2023.0,224.0,8.0,12.0,,,,,,
2023-08-13,2023.0,225.0,8.0,13.0,,,,,,
2023-08-14,2023.0,226.0,8.0,14.0,,,,,,
2023-08-15,2023.0,227.0,8.0,15.0,,,,,,
2023-08-16,2023.0,228.0,8.0,16.0,,,,,,
2023-08-17,2023.0,229.0,8.0,17.0,,,,,,
2023-08-18,2023.0,230.0,8.0,18.0,,,,,,
2023-08-19,2023.0,231.0,8.0,19.0,,,,,,
2023-08-20,2023.0,232.0,8.0,20.0,,,,,,
2023-08-21,2023.0,233.0,8.0,21.0,,,,,,
2023-08-22,2023.0,234.0,8.0,22.0,,,,,,
2023-08-23,2023.0,235.0,8.0,23.0,,,,,,
2023-08-24,2023.0,236.0,8.0,24.0,,,,,,
2023-08-25,2023.0,237.0,8.0,25.0,-32.1,993.5999999999999,0.2,89.2,,181.0
2023-08-26,2023.0,238.0,8.0,26.0,-27.944444444444443,983.2666666666667,4.188888888888889,84.16666666666667,,184.67671733718802
2023-08-27,2023.0,239.0,8.0,27.0,-34.96666666666667,,3.75,74.58,,205.5490341666886
2023-08-28,2023.0,240.0,8.0,28.0,-31.4,,10.9,80.0,,170.0
2023-08-29,2023.0,241.0,8.0,29.0,,,,,,
2023-08-30,2023.0,242.0,8.0,30.0,,,,,,
2023-08-31,2023.0,243.0,8.0,31.0,,,,,,
2023-09-01,2023.0,244.0,9.0,1.0,,,,,,
2023-09-02,2023.0,245.0,9.0,2.0,,,,,,
2023-09-03,2023.0,246.0,9.0,3.0,,,,,,
2023-09-04,2023.0,247.0,9.0,4.0,,,,,,
2023-09-05,2023.0,248.0,9.0,5.0,,,,,,
2023-09-06,2023.0,249.0,9.0,6.0,,,,,,
2023-09-07,2023.0,250.0,9.0,7.0,,,,,,
2023-09-08,2023.0,251.0,9.0,8.0,,,,,,
2023-09-09,2023.0,252.0,9.0,9.0,,,,,,
2023-09-10,2023.0,253.0,9.0,10.0,,,,,,
2023-09-11,2023.0,254.0,9.0,11.0,,,,,,
2023-09-12,2023.0,255.0,9.0,12.0,,,,,,
2023-09-13,2023.0,256.0,9.0,13.0,,,,,,
2023-09-14,2023.0,257.0,9.0,14.0,,,,,,
2023-09-15,2023.0,258.0,9.0,15.0,,,,,,
2023-09-16,2023.0,259.0,9.0,16.0,,,,,,
2023-09-17,2023.0,260.0,9.0,17.0,-23.1,966.3,7.8,78.6,,210.99999999999997
2023-09-18,2023.0,261.0,9.0,18.0,-21.766666666666666,966.5666666666666,5.266666666666667,75.60000000000001,,225.68840333800014
2023-09-19,2023.0,262.0,9.0,19.0,-23.8,966.4,5.3,76.4,,230.99999999999997
2023-09-20,2023.0,263.0,9.0,20.0,,,,,,
2023-09-21,2023.0,264.0,9.0,21.0,,,,,,
2023-09-22,2023.0,265.0,9.0,22.0,,,,,,
2023-09-23,2023.0,266.0,9.0,23.0,-23.15,975.05,6.300000000000001,65.45,,219.5
2023-09-24,2023.0,267.0,9.0,24.0,-22.380000000000003,974.86,6.8,65.0,,204.39050898239097
2023-09-25,2023.0,268.0,9.0,25.0,-23.2,975.0,6.8,,,216.0
2023-09-26,2023.0,269.0,9.0,26.0,,,,,,
2023-09-27,2023.0,270.0,9.0,27.0,-22.02,981.68,7.220000000000001,61.3,,223.00838671558623
2023-09-28,2023.0,271.0,9.0,28.0,-20.85,982.4,11.7,67.53999999999999,,206.64996337626764
2023-09-29,2023.0,272.0,9.0,29.0,-28.083333333333332,984.9583333333334,12.854166666666666,75.05,,186.97801457843659
2023-09-30,2023.0,273.0,9.0,30.0,-29.054166666666664,983.0833333333334,11.75,70.41250000000001,,184.43400223229435
2023-10-01,2023.0,274.0,10.0,1.0,-24.5,977.5625,9.924999999999999,62.57083333333333,,207.04312831098122
2023-10-02,2023.0,275.0,10.0,2.0,-20.104166666666668,970.3541666666666,7.704166666666667,61.324999999999996,,205.94681171888848
2023-10-03,2023.0,276.0,10.0,3.0,-25.754166666666666,966.7541666666666,3.6916666666666664,59.2875,,154.11023734042055
2023-10-04,2023.0,277.0,10.0,4.0,-27.0,969.8666666666667,2.308333333333333,69.6125,,178.8824813135405
2023-10-05,2023.0,278.0,10.0,5.0,-29.958333333333332,969.9916666666667,3.2583333333333333,73.82916666666667,,159.56124480736472
2023-10-06,2023.0,279.0,10.0,6.0,-32.74583333333333,973.6666666666666,4.391666666666667,68.07083333333334,,172.4592279737763
2023-10-07,2023.0,280.0,10.0,7.0,-32.99583333333333,981.6041666666666,4.170833333333333,57.37916666666666,,197.86918643062083
2023-10-08,2023.0,281.0,10.0,8.0,-28.820833333333336,977.5500000000001,5.55,56.512499999999996,,205.82906469844272
2023-10-09,2023.0,282.0,10.0,9.0,-30.20909090909091,963.5166666666668,4.3625,59.645833333333336,,184.1311482111858
2023-10-10,2023.0,283.0,10.0,10.0,-20.695833333333333,953.6583333333333,13.433333333333332,86.98333333333333,,227.30167259055096
2023-10-11,2023.0,284.0,10.0,11.0,-15.466666666666667,950.2041666666668,18.370833333333334,94.89583333333333,,206.3911546306946
2023-10-12,2023.0,285.0,10.0,12.0,-20.666666666666668,976.2583333333333,15.4,87.08333333333333,,207.12365234172444
2023-10-13,2023.0,286.0,10.0,13.0,-26.308333333333334,987.975,14.0875,80.89166666666667,,200.79713254217134
2023-10-14,2023.0,287.0,10.0,14.0,-27.079166666666666,978.7958333333332,7.183333333333334,66.79583333333333,,207.04573757352603
2023-10-15,2023.0,288.0,10.0,15.0,-21.0,971.0458333333332,2.225,74.73333333333333,,300.5102759898571
2023-10-16,2023.0,289.0,10.0,16.0,-22.780952380952378,977.1750000000001,1.4500000000000002,81.30416666666666,,253.5
2023-10-17,2023.0,290.0,10.0,17.0,-22.395833333333332,985.1750000000001,13.213636363636363,87.05833333333334,,185.2550550538207
2023-10-18,2023.0,291.0,10.0,18.0,-22.391666666666666,987.6374999999999,7.375,84.65833333333333,,172.15355480602136
2023-10-19,2023.0,292.0,10.0,19.0,-25.8875,984.7125,3.9749999999999996,76.78333333333333,,163.9858463485903
2023-10-20,2023.0,293.0,10.0,20.0,-28.879166666666666,987.4375,7.291666666666667,74.90833333333333,,169.1074129862857
2023-10-21,2023.0,294.0,10.0,21.0,-27.96666666666667,991.0416666666666,7.175,72.09583333333333,,189.12879857665237
2023-10-22,2023.0,295.0,10.0,22.0,-26.204166666666666,990.1541666666667,3.1958333333333333,66.61666666666666,,177.2312782050691
2023-10-23,2023.0,296.0,10.0,23.0,-31.083333333333332,990.6416666666668,4.966666666666667,62.04583333333333,,202.19340639068392
2023-10-24,2023.0,297.0,10.0,24.0,-19.595833333333335,987.6333333333333,8.666666666666666,69.96249999999999,,223.0814334255621
2023-10-25,2023.0,298.0,10.0,25.0,-15.954166666666666,983.0,14.195833333333333,77.04583333333333,,206.40063787165752
2023-10-26,2023.0,299.0,10.0,26.0,-18.983333333333334,980.4833333333332,14.225,80.3875,,188.56574712879663
2023-10-27,2023.0,300.0,10.0,27.0,-23.829166666666666,982.4,13.408333333333333,76.89166666666667,,183.14295036313413
2023-10-28,2023.0,301.0,10.0,28.0,-18.475,977.9499999999999,13.4125,73.96249999999999,,200.74782482508346
2023-10-29,2023.0,302.0,10.0,29.0,-18.370833333333334,964.8541666666666,2.8375,65.20416666666667,,109.18582455803595
2023-10-30,2023.0,303.0,10.0,30.0,-15.559999999999999,960.2041666666668,3.0124999999999997,65.55416666666666,,19.97193719123919
2023-10-31,2023.0,304.0,10.0,31.0,-18.008333333333333,972.3666666666667,6.4875,71.79166666666667,,189.74493834564674
2023-11-01,2023.0,305.0,11.0,1.0,-18.0,970.2458333333334,2.6416666666666666,70.60416666666667,,95.22561298819458
2023-11-02,2023.0,306.0,11.0,2.0,-19.454166666666666,962.3291666666668,4.245833333333334,74.55,,185.01651819514422
2023-11-03,2023.0,307.0,11.0,3.0,-24.695833333333336,965.6086956521739,7.641666666666667,69.7375,,184.98652728374296
2023-11-04,2023.0,308.0,11.0,4.0,-17.579166666666666,972.6416666666668,10.9625,62.800000000000004,,211.8387510585938
2023-11-05,2023.0,309.0,11.0,5.0,-14.625,970.8541666666666,18.754166666666666,91.27916666666665,,209.90781753693355
2023-11-06,2023.0,310.0,11.0,6.0,-15.758333333333333,979.9250000000001,17.779166666666665,80.17916666666666,,204.95489697825377
2023-11-07,2023.0,311.0,11.0,7.0,-12.166666666666666,978.2541666666666,12.279166666666667,65.90416666666667,,211.63388581474644
2023-11-08,2023.0,312.0,11.0,8.0,-11.991666666666667,978.1916666666666,12.35,69.38333333333334,,201.38904379012234
2023-11-09,2023.0,313.0,11.0,9.0,-12.538095238095238,984.9291666666667,2.8666666666666667,58.21666666666667,,162.88535645642287
2023-11-10,2023.0,314.0,11.0,10.0,-16.485,982.1916666666666,3.470833333333333,65.29583333333333,,174.57869822854133
2023-11-11,2023.0,315.0,11.0,11.0,-16.570833333333333,980.5333333333333,8.541666666666666,69.96666666666667,,199.6175844874962
2023-11-12,2023.0,316.0,11.0,12.0,-16.429166666666667,982.0875,3.5500000000000003,49.17916666666667,,190.61104561533884
2023-11-13,2023.0,317.0,11.0,13.0,-14.99047619047619,984.3416666666667,3.0,56.61666666666667,,136.64185134894177
2023-11-14,2023.0,318.0,11.0,14.0,-15.845833333333333,989.9291666666667,5.720833333333334,58.90833333333333,,158.15990961755625
2023-11-15,2023.0,319.0,11.0,15.0,-17.320833333333333,989.3166666666666,5.004166666666666,60.49583333333334,,188.78998345639272
2023-11-16,2023.0,320.0,11.0,16.0,-16.3125,988.7291666666666,3.8000000000000003,56.69583333333333,,209.05581310591643
2023-11-17,2023.0,321.0,11.0,17.0,-13.782608695652174,984.875,3.595833333333333,54.30833333333333,,185.71204837907226
2023-11-18,2023.0,322.0,11.0,18.0,-9.820833333333333,980.7166666666667,2.3375,61.90416666666667,,57.762009821521815
2023-11-19,2023.0,323.0,11.0,19.0,-9.920833333333333,981.4625,4.4750000000000005,63.82083333333333,,20.449507298344127
2023-11-20,2023.0,324.0,11.0,20.0,-11.477272727272727,987.9625,3.3958333333333335,60.39166666666667,,202.84414751778158
2023-11-21,2023.0,325.0,11.0,21.0,-10.360869565217392,991.7833333333333,2.733333333333333,56.90833333333333,,227.6880113389252
2023-11-22,2023.0,326.0,11.0,22.0,-11.329166666666666,992.5333333333333,2.9458333333333333,65.60416666666667,,116.1691405260711
2023-11-23,2023.0,327.0,11.0,23.0,-6.652380952380952,987.0083333333333,3.220833333333333,65.55833333333334,,330.6359035288156
2023-11-24,2023.0,328.0,11.0,24.0,-10.570833333333333,988.1708333333332,2.716666666666667,72.64583333333333,,181.1375432833067
2023-11-25,2023.0,329.0,11.0,25.0,-13.645833333333334,986.6916666666666,3.6333333333333333,74.57916666666667,,154.41320615944443
2023-11-26,2023.0,330.0,11.0,26.0,-13.266666666666666,980.3083333333334,3.2416666666666667,65.17083333333333,,133.35834491236733
2023-11-27,2023.0,331.0,11.0,27.0,-12.854166666666666,983.3416666666667,4.316666666666666,65.89999999999999,,187.9686397143832
2023-11-28,2023.0,332.0,11.0,28.0,-10.238095238095237,986.6583333333333,3.6625,70.59166666666667,,230.909057290826
2023-11-29,2023.0,333.0,11.0,29.0,-12.629166666666668,990.2375000000001,4.429166666666666,67.7625,,196.4864710743271
2023-11-30,2023.0,334.0,11.0,30.0,-10.604166666666666,986.625,5.329166666666667,67.87916666666666,,208.22333021831088
2023-12-01,2023.0,335.0,12.0,1.0,-8.295833333333333,981.0458333333332,8.633333333333333,60.82083333333333,,206.87082828216282
2023-12-02,2023.0,336.0,12.0,2.0,-6.558333333333334,978.6625,14.354166666666666,83.92631578947368,,208.77226228210245
2023-12-03,2023.0,337.0,12.0,3.0,-5.695833333333333,981.375,12.054166666666667,88.98125,,203.8251024344893
2023-12-04,2023.0,338.0,12.0,4.0,-5.6125,983.0041666666666,11.179166666666667,85.05217391304348,,206.95789609587203
2023-12-05,2023.0,339.0,12.0,5.0,-6.204166666666667,975.9625,5.9624999999999995,64.09166666666667,,195.78857339530572
2023-12-06,2023.0,340.0,12.0,6.0,-7.166666666666667,983.4875000000001,9.299999999999999,75.21666666666667,,196.7482871360452
2023-12-07,2023.0,341.0,12.0,7.0,-8.816666666666666,986.6541666666667,6.341666666666666,69.8625,,176.52457510105475
2023-12-08,2023.0,342.0,12.0,8.0,-10.358333333333333,982.3833333333333,7.445833333333333,76.19583333333334,,173.01610514644295
2023-12-09,2023.0,343.0,12.0,9.0,-11.2875,978.2833333333333,9.154166666666667,77.925,,196.33142508397628
2023-12-10,2023.0,344.0,12.0,10.0,-11.34736842105263,972.2291666666666,2.841666666666667,67.79166666666667,,201.47140185435225
2023-12-11,2023.0,345.0,12.0,11.0,-7.040000000000001,970.0958333333333,1.8833333333333335,49.887499999999996,,115.77000399099289
2023-12-12,2023.0,346.0,12.0,12.0,-5.2727272727272725,977.0458333333332,2.5625,63.0375,,37.63102044440328
2023-12-13,2023.0,347.0,12.0,13.0,-1.9000000000000001,986.0374999999999,2.875,72.64583333333333,,358.7440230999312
2023-12-14,2023.0,348.0,12.0,14.0,-3.4125,990.4916666666667,2.5708333333333333,70.15,,94.86535706233137
2023-12-15,2023.0,349.0,12.0,15.0,-1.6208333333333333,987.4625,3.3874999999999997,76.7,,9.62289946597608
2023-12-16,2023.0,350.0,12.0,16.0,-2.6842105263157894,982.0458333333332,2.2375000000000003,66.4875,,326.08216775775963
2023-12-17,2023.0,351.0,12.0,17.0,-7.8125,981.1916666666666,3.483333333333333,65.39999999999999,,131.3593826201788
2023-12-18,2023.0,352.0,12.0,18.0,-4.8125,976.2958333333332,2.2666666666666666,74.07083333333334,,59.87379263533478
2023-12-19,2023.0,353.0,12.0,19.0,-3.2866666666666666,973.375,1.4458333333333335,50.7875,,357.28029524556325
2023-12-20,2023.0,354.0,12.0,20.0,-2.040909090909091,971.4083333333333,3.1625,67.35,,327.9924308676083
2023-12-21,2023.0,355.0,12.0,21.0,-5.7,973.6,9.195833333333333,79.30499999999999,,182.37534274209003
2023-12-22,2023.0,356.0,12.0,22.0,-8.4,982.3166666666666,10.866666666666667,89.10416666666667,,191.60185651262233
2023-12-23,2023.0,357.0,12.0,23.0,-4.038095238095238,988.4375,4.4624999999999995,77.97083333333333,0.0,6.167140133024134
2023-12-24,2023.0,358.0,12.0,24.0,-3.5416666666666665,978.475,3.8166666666666664,82.14166666666667,,260.06365879834317
2023-12-25,2023.0,359.0,12.0,25.0,-7.9125000000000005,972.0833333333334,8.120833333333334,85.08333333333333,,184.0036161488907
2023-12-26,2023.0,360.0,12.0,26.0,-8.829166666666667,972.4041666666667,7.795833333333333,77.0125,,188.4999069110545
2023-12-27,2023.0,361.0,12.0,27.0,-8.033333333333333,971.4875000000001,6.05,75.64999999999999,,182.53986226439045
2023-12-28,2023.0,362.0,12.0,28.0,-6.736363636363635,968.4916666666667,5.045833333333333,55.479166666666664,,224.70962524121202
2023-12-29,2023.0,363.0,12.0,29.0,-3.6681818181818184,970.15,2.6833333333333336,60.47083333333333,,301.3639522495983
2023-12-30,2023.0,364.0,12.0,30.0,-3.5285714285714285,974.1083333333332,1.6166666666666665,50.57826086956521,,100.50096963561853
2023-12-31,2023.0,365.0,12.0,31.0,-3.9272727272727277,974.8333333333334,3.516666666666667,71.34583333333333,0.0,92.88645192941593
2024-01-01,2024.0,1.0,1.0,1.0,-4.791666666666667,969.9625,8.0375,90.18333333333334,,195.365052097844
2024-01-02,2024.0,2.0,1.0,2.0,-6.824999999999999,976.2833333333333,11.933333333333332,88.55416666666667,,200.4648797052378
2024-01-03,2024.0,3.0,1.0,3.0,-6.45,976.9958333333334,8.754166666666666,84.325,,193.16998047812314
2024-01-04,2024.0,4.0,1.0,4.0,-6.916666666666667,976.775,7.508333333333333,75.50833333333334,,197.6909756572458
2024-01-05,2024.0,5.0,1.0,5.0,-6.0249999999999995,975.2125,3.641666666666667,67.55416666666666,,217.3936126014698
2024-01-06,2024.0,6.0,1.0,6.0,-5.570833333333333,975.4958333333334,4.704166666666667,75.60833333333333,,187.51735326683212
2024-01-07,2024.0,7.0,1.0,7.0,-5.5625,975.6541666666667,6.8875,80.675,,203.75683549921942
2024-01-08,2024.0,8.0,1.0,8.0,-7.45,976.3791666666666,6.970833333333334,86.52916666666665,,200.58372066548486
2024-01-09,2024.0,9.0,1.0,9.0,-7.6875,977.725,4.675,75.325,,210.59890856396214
2024-01-10,2024.0,10.0,1.0,10.0,-3.4285714285714284,980.0749999999999,2.2083333333333335,68.58333333333333,,311.6891200017649
2024-01-11,2024.0,11.0,1.0,11.0,-8.765217391304347,977.6166666666667,3.0541666666666667,65.72083333333333,,160.1221480395269
2024-01-12,2024.0,12.0,1.0,12.0,-6.973684210526316,977.8375,3.0541666666666667,61.895833333333336,,161.06123156493518
2024-01-13,2024.0,13.0,1.0,13.0,-7.766666666666667,979.4625,12.275,85.49166666666667,,197.82032097199334
2024-01-14,2024.0,14.0,1.0,14.0,-5.430434782608695,973.2666666666668,5.929166666666667,67.51666666666667,,214.31539570344418
2024-01-15,2024.0,15.0,1.0,15.0,-4.3875,977.2916666666666,9.841666666666667,79.255,,206.04302365152387
2024-01-16,2024.0,16.0,1.0,16.0,-4.495833333333334,976.3833333333333,14.641666666666666,94.18333333333334,,198.4632527012186
2024-01-17,2024.0,17.0,1.0,17.0,-4.6125,981.1999999999999,10.570833333333333,89.48125,,191.8466123991678
2024-01-18,2024.0,18.0,1.0,18.0,-4.520833333333333,985.3375,4.529166666666667,86.14166666666667,,159.6853991607086
2024-01-19,2024.0,19.0,1.0,19.0,-5.163636363636363,987.5875,2.6750000000000003,79.26086956521739,,172.92052106485892
2024-01-20,2024.0,20.0,1.0,20.0,-4.604347826086957,990.6416666666668,2.5833333333333335,72.02083333333333,,119.37077217331067
2024-01-21,2024.0,21.0,1.0,21.0,-4.216666666666667,988.5583333333334,5.5249999999999995,84.35714285714286,,141.61805904075058
2024-01-22,2024.0,22.0,1.0,22.0,-8.14090909090909,988.1541666666667,7.0,79.8875,,193.28497800483973
2024-01-23,2024.0,23.0,1.0,23.0,-5.434782608695652,982.0124999999999,2.966666666666667,75.85833333333333,,96.20305862004138
2024-01-24,2024.0,24.0,1.0,24.0,-10.479166666666666,986.2208333333333,11.7125,90.99166666666667,,205.24698974788723
2024-01-25,2024.0,25.0,1.0,25.0,-9.504347826086956,987.1,7.016666666666667,77.60416666666667,,211.41892599907516
2024-01-26,2024.0,26.0,1.0,26.0,-10.450000000000001,981.8541666666666,2.670833333333333,66.87083333333332,,125.22203389432113
2024-01-27,2024.0,27.0,1.0,27.0,-6.134782608695652,988.3833333333333,2.9,66.59583333333333,,50.94522225946454
2024-01-28,2024.0,28.0,1.0,28.0,-9.877272727272727,991.3541666666666,3.3625000000000003,58.92083333333333,,207.26882832537714
2024-01-29,2024.0,29.0,1.0,29.0,-9.549999999999999,990.1,11.262500000000001,87.94166666666666,,205.68947065489277
2024-01-30,2024.0,30.0,1.0,30.0,-8.275,988.4,11.466666666666667,87.96666666666665,,209.50517531911862
2024-01-31,2024.0,31.0,1.0,31.0,-7.891666666666667,985.6416666666668,12.137500000000001,91.63157894736842,,216.39764726636014
2024-02-01,2024.0,32.0,2.0,1.0,-7.3625,979.9958333333334,7.941666666666666,89.23478260869565,,213.35151983063764
2024-02-02,2024.0,33.0,2.0,2.0,-5.805,984.6791666666667,2.6833333333333336,65.7,,358.1722372562495
2024-02-03,2024.0,34.0,2.0,3.0,-5.93,992.7041666666668,2.6416666666666666,74.25416666666666,,0.8357409684227225
2024-02-04,2024.0,35.0,2.0,4.0,-8.308333333333334,994.0333333333333,3.8958333333333335,78.7,,2.7217260721017635
2024-02-05,2024.0,36.0,2.0,5.0,-12.654166666666667,987.6999999999999,10.424999999999999,86.36666666666667,,192.17869849881396
2024-02-06,2024.0,37.0,2.0,6.0,-13.708333333333334,980.6916666666666,5.479166666666667,73.94166666666666,,180.70690294039088
2024-02-07,2024.0,38.0,2.0,7.0,-11.542857142857143,980.9041666666667,1.8666666666666665,70.97500000000001,,105.21777723677405
2024-02-08,2024.0,39.0,2.0,8.0,-8.735,984.3208333333333,2.1083333333333334,68.575,,109.16694101903842
2024-02-09,2024.0,40.0,2.0,9.0,-9.304166666666667,987.025,4.604166666666667,75.61666666666666,,87.93882745408223
2024-02-10,2024.0,41.0,2.0,10.0,-8.220833333333333,989.5416666666666,7.145833333333333,89.04444444444444,,138.24032184604704
2024-02-11,2024.0,42.0,2.0,11.0,-11.858333333333334,999.9375,10.145833333333334,88.16818181818182,,188.8689431799477
2024-02-12,2024.0,43.0,2.0,12.0,-6.916666666666667,993.5375,3.283333333333333,83.42083333333333,,15.929716379787182
2024-02-13,2024.0,44.0,2.0,13.0,-13.691666666666668,983.8874999999999,9.0625,88.03333333333335,,212.74971893076852
2024-02-14,2024.0,45.0,2.0,14.0,-16.970833333333335,987.0208333333334,7.3125,84.21666666666667,,154.49836305136742
2024-02-15,2024.0,46.0,2.0,15.0,-16.6375,984.5041666666666,7.479166666666667,86.39999999999999,,152.1720133486719
2024-02-16,2024.0,47.0,2.0,16.0,-20.787499999999998,980.6291666666666,4.891666666666667,80.41250000000001,,185.35722385422116
2024-02-17,2024.0,48.0,2.0,17.0,-21.029166666666665,980.8249999999999,10.004166666666666,76.55,,187.8379412310307
2024-02-18,2024.0,49.0,2.0,18.0,-21.087500000000002,983.4291666666667,6.429166666666667,73.27083333333333,,183.0020451517152
2024-02-19,2024.0,50.0,2.0,19.0,-15.904166666666667,980.0124999999999,6.125,84.1375,,176.38683558875078
2024-02-20,2024.0,51.0,2.0,20.0,-19.366666666666667,984.1750000000001,7.425,79.64999999999999,,185.6065448177163
2024-02-21,2024.0,52.0,2.0,21.0,-22.3875,989.4083333333333,4.383333333333334,70.22083333333333,,168.5665745231697
2024-02-22,2024.0,53.0,2.0,22.0,-22.879166666666666,990.475,4.3500000000000005,65.70833333333333,,175.87583349225991
2024-02-23,2024.0,54.0,2.0,23.0,-25.795833333333334,988.8958333333334,7.545833333333333,75.78333333333333,,174.18244652736058
2024-02-24,2024.0,55.0,2.0,24.0,-25.2,984.3625000000001,4.441666666666666,61.104166666666664,,147.3892763259248
2024-02-25,2024.0,56.0,2.0,25.0,-15.529166666666667,982.2583333333333,4.533333333333333,72.97500000000001,,152.17589149319346
2024-02-26,2024.0,57.0,2.0,26.0,-19.191666666666666,979.7708333333334,8.454166666666667,84.99583333333334,,206.0525349853571
2024-02-27,2024.0,58.0,2.0,27.0,-25.241666666666664,977.1333333333333,5.579166666666667,81.3875,,146.25345269061066
2024-02-28,2024.0,59.0,2.0,28.0,-26.079166666666666,973.15,5.279166666666667,78.2375,,148.62156213631613
2024-02-29,2024.0,60.0,2.0,29.0,-28.150000000000002,978.4583333333334,4.466666666666667,73.0625,,176.10667327449988
2024-03-01,2024.0,61.0,3.0,1.0,-29.645833333333332,982.6625,5.0125,73.05,,176.70122117533418
2024-03-02,2024.0,62.0,3.0,2.0,-26.3875,987.5166666666668,6.5375000000000005,72.20416666666667,,185.94470229836574
2024-03-03,2024.0,63.0,3.0,3.0,-23.375,986.4250000000001,6.920833333333333,73.12083333333334,,139.07520912724414
2024-03-04,2024.0,64.0,3.0,4.0,-27.28333333333333,987.2333333333332,3.2624999999999997,62.770833333333336,,154.14406539475425
2024-03-05,2024.0,65.0,3.0,5.0,-26.724999999999998,979.7958333333332,4.008333333333334,72.35000000000001,,107.03596902481036
2024-03-06,2024.0,66.0,3.0,6.0,-20.523809523809526,973.2541666666666,3.3375,64.44166666666666,,300.46137211145043
2024-03-07,2024.0,67.0,3.0,7.0,-20.729166666666668,972.0625,3.5041666666666664,74.62916666666666,,86.34537020470687
2024-03-08,2024.0,68.0,3.0,8.0,-18.829166666666666,973.5291666666667,3.4,83.97083333333333,,142.61950173006807
2024-03-09,2024.0,69.0,3.0,9.0,-20.608333333333334,985.3083333333334,6.020833333333333,85.40416666666665,,158.76462718021
2024-03-10,2024.0,70.0,3.0,10.0,-24.537499999999998,991.275,2.5083333333333333,83.64166666666667,,139.41828388547458
2024-03-11,2024.0,71.0,3.0,11.0,-19.045833333333334,995.1208333333334,6.708333333333333,88.86666666666667,,142.06306923972582
2024-03-12,2024.0,72.0,3.0,12.0,-23.162499999999998,1001.9875000000001,14.258333333333333,85.8875,,198.24855184615248
2024-03-13,2024.0,73.0,3.0,13.0,-27.65833333333333,999.2958333333332,7.779166666666666,79.24583333333334,,190.68445439541142
2024-03-14,2024.0,74.0,3.0,14.0,-26.316666666666666,994.0875,10.941666666666668,76.52499999999999,,193.8527857098991
2024-03-15,2024.0,75.0,3.0,15.0,-23.433333333333334,995.5541666666667,6.5874999999999995,66.65833333333333,,201.65995946435334
2024-03-16,2024.0,76.0,3.0,16.0,-22.4375,994.5791666666668,3.3041666666666667,62.95416666666667,,139.71092083764336
2024-03-17,2024.0,77.0,3.0,17.0,-25.09583333333333,992.6916666666666,2.670833333333333,75.48333333333333,,159.67062704363383
2024-03-18,2024.0,78.0,3.0,18.0,-19.395833333333332,979.6708333333332,4.458333333333333,77.92083333333333,,337.4888830276599
2024-03-19,2024.0,79.0,3.0,19.0,-21.058333333333334,977.1458333333334,12.304166666666667,85.925,,209.36138588941847
2024-03-20,2024.0,80.0,3.0,20.0,-29.629166666666666,986.1750000000001,5.7625,80.8625,,179.52869183153024
2024-03-21,2024.0,81.0,3.0,21.0,-25.97083333333333,980.2166666666667,6.191666666666666,85.6875,,155.2684664022075
2024-03-22,2024.0,82.0,3.0,22.0,-20.354166666666668,984.1,11.933333333333332,91.01666666666667,,187.9285572680351
2024-03-23,2024.0,83.0,3.0,23.0,-22.691666666666666,980.8708333333334,9.7875,84.74583333333334,,207.43768437932803
2024-03-24,2024.0,84.0,3.0,24.0,-24.65833333333333,977.2416666666667,12.079166666666666,82.50833333333334,,203.1178645306653
2024-03-25,2024.0,85.0,3.0,25.0,-21.195833333333333,985.0291666666667,15.166666666666666,87.96249999999999,,206.0644006229834
2024-03-26,2024.0,86.0,3.0,26.0,-22.670833333333334,985.8583333333332,5.158333333333333,78.63333333333334,,166.70414722236026
2024-03-27,2024.0,87.0,3.0,27.0,-28.304166666666664,979.7166666666667,4.220833333333333,79.91250000000001,,225.63675133327277
2024-03-28,2024.0,88.0,3.0,28.0,-19.258333333333333,967.475,5.1625000000000005,89.21249999999999,,271.8760111645522
2024-03-29,2024.0,89.0,3.0,29.0,-21.587500000000002,963.7666666666668,5.133333333333334,82.52916666666667,,229.34625928891217
2024-03-30,2024.0,90.0,3.0,30.0,-20.4375,960.1791666666667,8.708333333333334,88.94583333333333,,190.39904198839082
2024-03-31,2024.0,91.0,3.0,31.0,-20.966666666666665,955.8791666666666,11.387500000000001,89.06666666666666,,204.66531349328085
2024-04-01,2024.0,92.0,4.0,1.0,-23.72083333333333,959.2791666666667,5.9624999999999995,84.24583333333334,,229.15611541464096
2024-04-02,2024.0,93.0,4.0,2.0,-17.170833333333334,968.6166666666667,9.316666666666666,95.05,,201.30262676962963
2024-04-03,2024.0,94.0,4.0,3.0,-18.358333333333334,980.7208333333333,6.266666666666667,90.33333333333333,,189.66528157833764
2024-04-04,2024.0,95.0,4.0,4.0,-24.47083333333333,985.5583333333334,10.383333333333333,85.10833333333333,,202.6193911105019
2024-04-05,2024.0,96.0,4.0,5.0,-22.96666666666667,987.0500000000001,15.770833333333334,89.3,,204.3661296804644
2024-04-06,2024.0,97.0,4.0,6.0,-25.40833333333333,983.8375,15.604166666666666,85.69166666666666,,208.02629471496982
2024-04-07,2024.0,98.0,4.0,7.0,-32.1875,976.4958333333334,12.366666666666667,75.46666666666667,,212.26289304551747
2024-04-08,2024.0,99.0,4.0,8.0,-34.80833333333333,971.5041666666666,3.529166666666667,71.97916666666667,,162.90743125572777
2024-04-09,2024.0,100.0,4.0,9.0,-29.962500000000002,971.0916666666667,2.629166666666667,76.35416666666667,,127.27777641572546
2024-04-10,2024.0,101.0,4.0,10.0,-30.358333333333334,977.1291666666666,1.9791666666666667,80.8,,143.24301849842416
2024-04-11,2024.0,102.0,4.0,11.0,-30.825,978.4625,7.183333333333334,80.67916666666666,,183.19708446157443
2024-04-12,2024.0,103.0,4.0,12.0,-29.754166666666666,978.5458333333332,7.325,81.89999999999999,,206.960539049482
2024-04-13,2024.0,104.0,4.0,13.0,-22.025000000000002,975.9208333333332,9.525,87.89999999999999,,220.3995388763664
2024-04-14,2024.0,105.0,4.0,14.0,-14.958333333333334,972.0500000000001,16.5625,95.85833333333333,,208.67759221655456
2024-04-15,2024.0,106.0,4.0,15.0,-17.933333333333334,973.5416666666666,14.9375,92.22083333333335,,211.29447293666612
2024-04-16,2024.0,107.0,4.0,16.0,-19.604166666666668,975.8416666666667,18.391666666666666,93.09166666666665,,195.92244417385368
2024-04-17,2024.0,108.0,4.0,17.0,-16.9875,969.1625,18.2,95.46666666666665,,200.91519733073102
2024-04-18,2024.0,109.0,4.0,18.0,-16.0,959.2833333333333,16.579166666666666,95.28333333333335,,201.94516372265574
2024-04-19,2024.0,110.0,4.0,19.0,-23.420833333333334,968.6625,7.9125000000000005,88.76666666666667,,200.98801468447255
2024-04-20,2024.0,111.0,4.0,20.0,-25.204166666666666,972.6,5.833333333333333,87.05833333333334,,176.56934743539603
2024-04-21,2024.0,112.0,4.0,21.0,-28.349999999999998,978.7291666666666,11.7125,83.9375,,191.00209828417778
2024-04-22,2024.0,113.0,4.0,22.0,-28.575,983.0625,4.520833333333333,83.25416666666666,,181.92158114343846
2024-04-23,2024.0,114.0,4.0,23.0,-23.108333333333334,985.8874999999999,4.9375,88.6375,,299.9038836895994
2024-04-24,2024.0,115.0,4.0,24.0,-29.479166666666668,993.3125,9.779166666666667,82.53333333333333,,186.2892130430258
2024-04-25,2024.0,116.0,4.0,25.0,-25.90416666666667,979.6666666666666,4.825,85.125,,291.64655099701713
2024-04-26,2024.0,117.0,4.0,26.0,-31.4375,970.6458333333334,9.799999999999999,79.83333333333333,,217.47029850986885
2024-04-27,2024.0,118.0,4.0,27.0,-29.775000000000002,975.8833333333333,22.587500000000002,82.12916666666666,,199.49989755408154
2024-04-28,2024.0,119.0,4.0,28.0,-25.116666666666664,977.8833333333333,14.454166666666666,84.90833333333333,,197.5077982825032
2024-04-29,2024.0,120.0,4.0,29.0,-25.09583333333333,971.0666666666666,9.379166666666666,84.27083333333333,,267.3658863609843
2024-04-30,2024.0,121.0,4.0,30.0,-30.962500000000002,973.3166666666666,8.975,80.02083333333333,,181.1324941117909
2024-05-01,2024.0,122.0,5.0,1.0,-29.65416666666667,984.0291666666667,9.895833333333334,81.5875,,181.60577024579237
2024-05-02,2024.0,123.0,5.0,2.0,-28.691666666666666,989.0583333333334,3.864705882352941,79.74166666666666,,151.56173342779041
2024-05-03,2024.0,124.0,5.0,3.0,-35.704166666666666,988.3208333333333,8.733333333333333,74.675,,182.00940281081523
2024-05-04,2024.0,125.0,5.0,4.0,-24.8,963.8874999999999,20.620833333333334,86.95416666666667,,204.7359804107686
2024-05-05,2024.0,126.0,5.0,5.0,-17.912499999999998,953.8249999999999,12.875,94.58095238095238,,192.10284856580498
2024-05-06,2024.0,127.0,5.0,6.0,-20.020833333333332,973.6166666666667,13.883333333333333,93.39999999999999,,220.5040391952095
2024-05-07,2024.0,128.0,5.0,7.0,-19.599999999999998,968.6791666666667,15.491666666666667,91.94583333333334,,207.9797869189565
2024-05-08,2024.0,129.0,5.0,8.0,-24.566666666666666,971.3000000000001,5.554166666666667,85.33333333333333,,198.61462365938021
2024-05-09,2024.0,130.0,5.0,9.0,-30.03333333333333,980.3083333333334,6.5874999999999995,77.7625,,204.96682085439303
2024-05-10,2024.0,131.0,5.0,10.0,-33.03333333333333,985.3041666666667,8.512500000000001,77.53333333333333,,203.53966780701816
2024-05-11,2024.0,132.0,5.0,11.0,-31.804166666666664,980.0500000000001,5.857142857142857,74.9875,,199.47777713982407
2024-05-12,2024.0,133.0,5.0,12.0,-31.724999999999998,978.875,,78.44166666666666,,
2024-05-13,2024.0,134.0,5.0,13.0,-26.416666666666668,968.7583333333333,,85.00416666666666,,
2024-05-14,2024.0,135.0,5.0,14.0,-26.870833333333334,964.0541666666667,13.709999999999999,85.93333333333334,,198.30720051988794
2024-05-15,2024.0,136.0,5.0,15.0,-25.087500000000002,969.6666666666666,11.909090909090908,88.22500000000001,,181.44186134044827
2024-05-16,2024.0,137.0,5.0,16.0,-26.808333333333334,981.8458333333333,14.887500000000001,85.79166666666667,,197.20839535540637
2024-05-17,2024.0,138.0,5.0,17.0,-27.133333333333336,976.5916666666667,6.075,85.7,,202.76866240789326
2024-05-18,2024.0,139.0,5.0,18.0,-29.366666666666664,971.8541666666666,,82.89999999999999,,
2024-05-19,2024.0,140.0,5.0,19.0,-32.458333333333336,977.6833333333334,,78.85416666666667,,
2024-05-20,2024.0,141.0,5.0,20.0,-32.18333333333333,981.6208333333334,10.116666666666667,79.30833333333332,,192.1690604302639
2024-05-21,2024.0,142.0,5.0,21.0,-33.487500000000004,981.5375,4.716666666666667,77.28750000000001,,187.96145727441626
2024-05-22,2024.0,143.0,5.0,22.0,-35.670833333333334,980.3166666666666,,74.89583333333333,,
2024-05-23,2024.0,144.0,5.0,23.0,-36.42916666666667,981.0833333333334,8.207142857142857,74.35000000000001,,183.83909908633194
2024-05-24,2024.0,145.0,5.0,24.0,-36.0625,976.1958333333333,5.216666666666667,74.31666666666666,,201.40190613606802
2024-05-25,2024.0,146.0,5.0,25.0,-34.59166666666667,979.5416666666666,3.9,75.60000000000001,,211.00664758962265
2024-05-26,2024.0,147.0,5.0,26.0,-32.604166666666664,987.0916666666667,,78.16250000000001,,
2024-05-27,2024.0,148.0,5.0,27.0,-38.2125,989.7583333333333,,71.4375,,
2024-05-28,2024.0,149.0,5.0,28.0,-36.300000000000004,988.7041666666668,5.454545454545454,74.01666666666667,,195.50086401740896
2024-05-29,2024.0,150.0,5.0,29.0,-38.37083333333333,979.9458333333333,3.7545454545454544,70.84166666666667,,190.6972236652778
2024-05-30,2024.0,151.0,5.0,30.0,-24.379166666666666,970.6750000000001,14.421052631578947,82.27058823529411,,213.5696297732575
2024-05-31,2024.0,152.0,5.0,31.0,-15.316666666666668,971.7166666666667,14.0375,96.18,0.0,189.34815441521235
2024-06-01,2024.0,153.0,6.0,1.0,-16.966666666666665,978.4041666666667,7.970833333333334,96.05652173913045,,186.97892238707638
2024-06-02,2024.0,154.0,6.0,2.0,-22.558333333333334,987.1750000000001,12.041666666666666,90.1375,,191.9408696320519
2024-06-03,2024.0,155.0,6.0,3.0,-29.291666666666668,984.4375,9.329166666666667,82.27499999999999,,212.93454761131355
2024-06-04,2024.0,156.0,6.0,4.0,-26.241666666666664,966.7958333333332,2.0411764705882356,84.94583333333334,,253.96408260328428
2024-06-05,2024.0,157.0,6.0,5.0,-26.420833333333334,966.6458333333334,13.1375,86.05,,207.81003848657355
2024-06-06,2024.0,158.0,6.0,6.0,-22.4375,968.4166666666666,22.704166666666666,90.81666666666666,,210.24935767365986
2024-06-07,2024.0,159.0,6.0,7.0,-22.775000000000002,962.6541666666667,15.233333333333334,88.675,,204.83702254368256
2024-06-08,2024.0,160.0,6.0,8.0,-21.65833333333333,964.8333333333334,19.087500000000002,91.59166666666665,,204.25086920480754
2024-06-09,2024.0,161.0,6.0,9.0,-15.004166666666668,953.0708333333333,14.283333333333333,94.70476190476191,,248.3623979720087
2024-06-10,2024.0,162.0,6.0,10.0,-21.454166666666666,968.8458333333333,9.170833333333333,89.72500000000001,,172.45199629166063
2024-06-11,2024.0,163.0,6.0,11.0,-22.849999999999998,980.3208333333333,13.200000000000001,90.19583333333333,,205.52881969985356
2024-06-12,2024.0,164.0,6.0,12.0,-22.516666666666666,999.5583333333334,7.254545454545454,90.55416666666667,,173.2671133630619
2024-06-13,2024.0,165.0,6.0,13.0,-20.912499999999998,984.6916666666666,16.779166666666665,92.66666666666667,,189.79053215139226
2024-06-14,2024.0,166.0,6.0,14.0,-25.604166666666668,977.6916666666666,9.4375,86.14999999999999,,198.86955173662722
2024-06-15,2024.0,167.0,6.0,15.0,-20.870833333333334,972.2875,15.112499999999999,91.97916666666667,,221.97898694870446
2024-06-16,2024.0,168.0,6.0,16.0,-22.2625,971.7958333333332,8.6,83.78750000000001,,221.07198276775708
2024-06-17,2024.0,169.0,6.0,17.0,-28.3625,984.7416666666667,13.133333333333333,83.74583333333334,,202.4563332271749
2024-06-18,2024.0,170.0,6.0,18.0,-31.2375,988.4333333333334,4.752631578947368,76.3625,,201.08534789451596
2024-06-19,2024.0,171.0,6.0,19.0,-27.3625,979.5500000000001,3.1285714285714286,82.78333333333333,,266.56470336036665
2024-06-20,2024.0,172.0,6.0,20.0,-24.7625,962.3958333333334,,87.5625,,
2024-06-21,2024.0,173.0,6.0,21.0,-29.1125,977.975,10.540909090909091,83.02499999999999,,199.82428475892684
2024-06-22,2024.0,174.0,6.0,22.0,-31.95,981.6541666666667,5.113333333333333,79.51666666666667,,188.05179501158344
2024-06-23,2024.0,175.0,6.0,23.0,-35.59583333333333,979.6625,6.55,74.96666666666667,,192.77289157360755
2024-06-24,2024.0,176.0,6.0,24.0,-36.666666666666664,973.4,3.0500000000000003,73.41666666666667,,239.36143686494052
2024-06-25,2024.0,177.0,6.0,25.0,-29.2625,970.1999999999999,10.116666666666667,82.8625,,188.10505993059076
2024-06-26,2024.0,178.0,6.0,26.0,-29.583333333333332,984.1125000000001,5.949999999999999,81.97500000000001,,193.51508375183283
2024-06-27,2024.0,179.0,6.0,27.0,-32.25,970.1958333333333,2.65,79.55833333333334,,267.91972650702206
2024-06-28,2024.0,180.0,6.0,28.0,-27.5625,975.1374999999999,11.820833333333333,84.79166666666667,,204.95179370223912
2024-06-29,2024.0,181.0,6.0,29.0,-23.599999999999998,990.9416666666666,4.095833333333333,89.15833333333335,,275.18409990271743
2024-06-30,2024.0,182.0,6.0,30.0,-22.733333333333334,995.9916666666667,6.591666666666666,87.64166666666667,,207.7773562593107
2024-07-01,2024.0,183.0,7.0,1.0,-30.733333333333334,992.1624999999999,11.924999999999999,80.96666666666667,,192.82666956825662
2024-07-02,2024.0,184.0,7.0,2.0,-29.03333333333333,989.85,8.059999999999999,81.16666666666667,,210.48660030152942
2024-07-03,2024.0,185.0,7.0,3.0,-30.912499999999998,975.6791666666667,,80.25416666666666,,
2024-07-04,2024.0,186.0,7.0,4.0,-25.441666666666666,964.1833333333334,11.28,87.32916666666667,,243.9385085570559
2024-07-05,2024.0,187.0,7.0,5.0,-29.170833333333334,982.3249999999999,16.104166666666668,82.97916666666667,,195.46767441550008
2024-07-06,2024.0,188.0,7.0,6.0,-34.270833333333336,984.7833333333333,8.033333333333333,76.50416666666666,,197.59124709270876
2024-07-07,2024.0,189.0,7.0,7.0,-27.883333333333336,976.4458333333333,6.233333333333333,84.37916666666666,,201.99027803829136
2024-07-08,2024.0,190.0,7.0,8.0,-27.916666666666668,975.6666666666666,9.205882352941176,81.84166666666667,,200.4071629757729
2024-07-09,2024.0,191.0,7.0,9.0,-35.324999999999996,989.9499999999999,3.975,74.91666666666667,,203.7924407142781
2024-07-10,2024.0,192.0,7.0,10.0,-32.0875,1001.5166666666668,6.945454545454546,79.28333333333333,,201.93411112366294
2024-07-11,2024.0,193.0,7.0,11.0,-36.93333333333333,990.4458333333333,,73.26666666666667,,
2024-07-12,2024.0,194.0,7.0,12.0,-38.108333333333334,983.2041666666668,8.16,71.81666666666666,,195.19432603980619
2024-07-13,2024.0,195.0,7.0,13.0,-38.99166666666667,981.9166666666666,7.9125000000000005,70.5125,,203.39090236379423
2024-07-14,2024.0,196.0,7.0,14.0,-43.520833333333336,978.8166666666666,,64.7625,,
2024-07-15,2024.0,197.0,7.0,15.0,-36.00833333333333,986.4125,10.378260869565217,74.05833333333334,,192.0460299479186
2024-07-16,2024.0,198.0,7.0,16.0,-36.7125,989.4083333333333,4.691666666666666,73.0,,205.08469240770503
2024-07-17,2024.0,199.0,7.0,17.0,-24.141666666666666,976.6333333333333,17.094117647058823,88.03750000000001,,208.17436189158778
2024-07-18,2024.0,200.0,7.0,18.0,-19.379166666666666,981.3333333333334,16.695833333333333,91.39166666666667,,205.17046157223382
2024-07-19,2024.0,201.0,7.0,19.0,-23.2375,989.0625,2.6739130434782608,83.92083333333333,,224.77867136940267
2024-07-20,2024.0,202.0,7.0,20.0,-34.32083333333333,1000.9958333333334,,76.75416666666666,,
2024-07-21,2024.0,203.0,7.0,21.0,-32.74166666666667,1008.5208333333334,,78.625,,
2024-07-22,2024.0,204.0,7.0,22.0,-33.13333333333333,1015.9125,4.4071428571428575,77.9375,,197.11320777123285
2024-07-23,2024.0,205.0,7.0,23.0,-30.662499999999998,1010.3416666666667,,81.2625,,
2024-07-24,2024.0,206.0,7.0,24.0,-27.733333333333334,998.25,1.4333333333333333,84.03750000000001,,181.3513679197887
2024-07-25,2024.0,207.0,7.0,25.0,-31.575,999.5875,4.0375000000000005,79.66666666666667,,189.16889309342338
2024-07-26,2024.0,208.0,7.0,26.0,-38.30416666666667,1003.6708333333332,2.533333333333333,71.3625,,181.24597732783525
2024-07-27,2024.0,209.0,7.0,27.0,-42.38333333333333,996.1333333333333,2.220833333333333,65.92083333333333,,170.22093908474196
2024-07-28,2024.0,210.0,7.0,28.0,-41.56666666666667,994.125,3.24,66.83749999999999,,197.23762732669573
2024-07-29,2024.0,211.0,7.0,29.0,-32.53333333333333,1002.0958333333333,4.429166666666666,78.1125,,217.85442295779066
2024-07-30,2024.0,212.0,7.0,30.0,-32.525,996.6833333333334,1.1,78.53333333333333,,273.8333878338961
2024-07-31,2024.0,213.0,7.0,31.0,-27.075,986.9083333333333,13.427777777777777,79.7,,208.89073632484227
2024-08-01,2024.0,214.0,8.0,1.0,-18.979166666666668,980.125,18.583333333333332,90.56190476190476,,205.47354256408084
2024-08-02,2024.0,215.0,8.0,2.0,-18.391666666666666,987.5083333333333,17.304166666666667,94.19047619047619,,197.72612407129935
2024-08-03,2024.0,216.0,8.0,3.0,-19.104166666666668,1001.3249999999999,12.583333333333334,94.5625,,193.6728209651673
2024-08-04,2024.0,217.0,8.0,4.0,-21.279166666666665,1002.3083333333334,8.295833333333333,91.39999999999999,,179.6516603434584
2024-08-05,2024.0,218.0,8.0,5.0,-24.491666666666664,1001.1458333333334,8.9625,86.29166666666667,,206.12263070471727
2024-08-06,2024.0,219.0,8.0,6.0,-26.462500000000002,992.15,5.183333333333334,82.33333333333333,,179.44658775334085
2024-08-07,2024.0,220.0,8.0,7.0,-18.875,1000.0375,12.475,93.09583333333335,,199.97215400993406
2024-08-08,2024.0,221.0,8.0,8.0,-17.345833333333335,1002.9291666666667,14.625,95.54166666666667,,205.01712773273323
2024-08-09,2024.0,222.0,8.0,9.0,-18.270833333333332,1004.3000000000001,14.475,93.64583333333333,,202.83356515253027
2024-08-10,2024.0,223.0,8.0,10.0,-19.829166666666666,1005.1750000000001,11.1875,92.84166666666665,,188.41982605036318
2024-08-11,2024.0,224.0,8.0,11.0,-20.55,1002.2416666666667,8.820833333333333,90.01666666666667,,191.6504639346531
2024-08-12,2024.0,225.0,8.0,12.0,-24.483333333333334,1001.2083333333334,9.454166666666667,84.82083333333334,,203.9707839374828
2024-08-13,2024.0,226.0,8.0,13.0,-27.741666666666664,1008.1166666666667,10.704166666666666,82.8875,,188.45854324053832
2024-08-14,2024.0,227.0,8.0,14.0,-30.95,1007.6541666666667,4.479166666666667,77.8875,,186.21668126944087
2024-08-15,2024.0,228.0,8.0,15.0,-30.0125,990.9041666666667,4.320833333333334,82.05416666666666,,161.7731610337004
2024-08-16,2024.0,229.0,8.0,16.0,-27.583333333333332,983.35,8.179166666666667,81.97500000000001,,217.7161360071472
2024-08-17,2024.0,230.0,8.0,17.0,-22.025000000000002,981.9499999999999,12.979166666666666,86.20833333333333,,203.34008956074032
2024-08-18,2024.0,231.0,8.0,18.0,-22.108333333333334,983.4791666666666,9.950000000000001,85.85833333333333,,195.02885665186676
2024-08-19,2024.0,232.0,8.0,19.0,-29.46666666666667,972.9625,4.057142857142857,80.97500000000001,,151.59643761591263
2024-08-20,2024.0,233.0,8.0,20.0,-27.05,981.75,4.395833333333333,82.30833333333334,,188.02386604469922
2024-08-21,2024.0,234.0,8.0,21.0,-26.28333333333333,986.9166666666666,4.279166666666667,79.99166666666666,0.0,182.08696910700672
2024-08-22,2024.0,235.0,8.0,22.0,-23.90416666666667,987.2291666666666,7.158333333333334,86.54583333333333,,332.59365683476824
2024-08-23,2024.0,236.0,8.0,23.0,-29.333333333333332,992.3458333333333,,82.98333333333333,,
2024-08-24,2024.0,237.0,8.0,24.0,-27.72083333333333,986.8249999999999,2.1416666666666666,84.8125,,166.1235590006371
2024-08-25,2024.0,238.0,8.0,25.0,-38.15,986.4791666666666,9.095833333333333,71.92916666666666,,173.03634922064194
2024-08-26,2024.0,239.0,8.0,26.0,-35.02916666666667,986.4666666666667,5.616666666666667,75.51666666666667,,209.03759639284962
2024-08-27,2024.0,240.0,8.0,27.0,-36.65416666666667,987.8541666666666,8.833333333333334,73.66666666666667,,160.12830089057456
2024-08-28,2024.0,241.0,8.0,28.0,-46.34583333333333,991.1291666666666,4.6375,61.69166666666666,,147.10964483130593
2024-08-29,2024.0,242.0,8.0,29.0,-45.57083333333333,1000.1458333333334,4.925,61.7125,,175.10501852713963
2024-08-30,2024.0,243.0,8.0,30.0,-41.27916666666667,995.225,3.0666666666666664,67.425,,185.29855334906196
2024-08-31,2024.0,244.0,8.0,31.0,-36.90416666666667,982.1166666666667,3.9250000000000003,72.94166666666666,,283.14097031758877
2024-09-01,2024.0,245.0,9.0,1.0,-28.825,984.8416666666667,4.945833333333334,82.6875,,243.71687896110203
2024-09-02,2024.0,246.0,9.0,2.0,-24.2,988.1999999999999,5.75,86.50833333333333,,202.92265160090568
2024-09-03,2024.0,247.0,9.0,3.0,-28.54090909090909,982.6958333333333,4.36,83.97916666666667,,173.28096946555002
2024-09-04,2024.0,248.0,9.0,4.0,-35.145833333333336,975.6750000000001,3.853846153846154,75.95,,184.28830220623246
2024-09-05,2024.0,249.0,9.0,5.0,-36.5625,980.4625,3.9499999999999997,73.925,,181.45314975033435
2024-09-06,2024.0,250.0,9.0,6.0,-37.87083333333333,986.6166666666667,3.3375,72.02083333333333,,200.69403772962937
2024-09-07,2024.0,251.0,9.0,7.0,-33.35,982.5958333333333,3.125,77.86666666666666,,220.1641812619421
2024-09-08,2024.0,252.0,9.0,8.0,-34.02608695652174,975.1458333333334,2.1666666666666665,76.79583333333333,,208.34570171909667
2024-09-09,2024.0,253.0,9.0,9.0,-36.23636363636364,980.0541666666667,,74.74583333333334,,
2024-09-10,2024.0,254.0,9.0,10.0,-33.15833333333333,979.4333333333334,15.975,78.02916666666667,,184.4622596291155
2024-09-11,2024.0,255.0,9.0,11.0,-34.87916666666667,976.1791666666667,12.87857142857143,72.34583333333333,,191.8138906830108
2024-09-12,2024.0,256.0,9.0,12.0,-33.30833333333333,973.9625,6.2266666666666675,77.36666666666666,,196.28078520079785
2024-09-13,2024.0,257.0,9.0,13.0,-37.65,986.3000000000001,5.383333333333333,71.99583333333334,,197.2710837983208
2024-09-14,2024.0,258.0,9.0,14.0,-38.56666666666667,986.9250000000001,3.75,69.66666666666667,,205.2458051253863
2024-09-15,2024.0,259.0,9.0,15.0,-40.49166666666667,984.3249999999999,3.3166666666666664,66.1875,,132.18617311538046
2024-09-16,2024.0,260.0,9.0,16.0,-39.27916666666667,989.7458333333334,2.275,68.9375,,182.57984188196065
2024-09-17,2024.0,261.0,9.0,17.0,-36.579166666666666,985.4,13.479166666666666,73.89583333333333,,192.90655571527796
2024-09-18,2024.0,262.0,9.0,18.0,-28.229166666666668,981.2875,18.033333333333335,83.44583333333334,,202.5870763818663
2024-09-19,2024.0,263.0,9.0,19.0,-24.070833333333336,987.0583333333334,5.279166666666667,84.97916666666667,,227.4643491506184
2024-09-20,2024.0,264.0,9.0,20.0,-27.995833333333334,996.525,8.5,81.12083333333334,,197.65985817083603
2024-09-21,2024.0,265.0,9.0,21.0,-30.145833333333332,1006.0041666666666,4.066666666666666,74.94166666666666,,204.39865844035975
2024-09-22,2024.0,266.0,9.0,22.0,-28.945833333333336,998.7166666666667,9.577777777777778,83.05416666666666,,204.17611907156734
2024-09-23,2024.0,267.0,9.0,23.0,-33.25454545454546,994.5083333333333,6.676923076923076,71.45,,196.99635170792504
2024-09-24,2024.0,268.0,9.0,24.0,-35.743478260869566,995.2958333333332,5.155555555555555,70.28333333333333,,171.38810559562756
2024-09-25,2024.0,269.0,9.0,25.0,-37.11666666666667,1004.9041666666667,8.924999999999999,67.74583333333334,,157.7183113048737
2024-09-26,2024.0,270.0,9.0,26.0,-34.49166666666667,993.0749999999999,11.7125,71.97500000000001,,179.79005050041724
2024-09-27,2024.0,271.0,9.0,27.0,-33.612500000000004,984.5041666666666,14.670833333333334,73.43333333333332,,197.624951952755
2024-09-28,2024.0,272.0,9.0,28.0,-33.050000000000004,984.725,8.223529411764707,66.00416666666666,,209.91979697232077
2024-09-29,2024.0,273.0,9.0,29.0,-26.429166666666664,978.3583333333332,6.683333333333334,74.87916666666666,,307.66330306547235
2024-09-30,2024.0,274.0,9.0,30.0,-21.65833333333333,974.9791666666666,7.095833333333334,80.01666666666667,,314.064075093659
2024-10-01,2024.0,275.0,10.0,1.0,-22.099999999999998,981.4083333333333,4.175,84.98333333333333,,327.48341155568306
2024-10-02,2024.0,276.0,10.0,2.0,-25.233333333333334,983.6666666666666,11.77727272727273,84.42916666666666,,181.33146186470523
2024-10-03,2024.0,277.0,10.0,3.0,-24.545833333333334,976.1416666666668,8.512500000000001,83.98333333333333,,201.11613864007262
2024-10-04,2024.0,278.0,10.0,4.0,-27.004166666666666,975.9833333333332,6.566666666666666,72.23333333333333,,202.60837138821336
2024-10-05,2024.0,279.0,10.0,5.0,-24.229166666666668,982.8333333333334,2.6041666666666665,80.87916666666666,,282.2812137892496
2024-10-06,2024.0,280.0,10.0,6.0,-21.52608695652174,986.1916666666666,6.004166666666666,83.575,,233.2939436358204
2024-10-07,2024.0,281.0,10.0,7.0,-23.679166666666664,985.5583333333334,9.904166666666667,82.2375,,187.51589749382188
2024-10-08,2024.0,282.0,10.0,8.0,-24.433333333333334,975.5625,2.5625,83.7,,336.2949036848625
2024-10-09,2024.0,283.0,10.0,9.0,-25.983333333333334,973.0291666666667,8.083333333333334,73.98333333333333,,198.7121126470559
2024-10-10,2024.0,284.0,10.0,10.0,-19.233333333333334,975.7083333333334,12.945833333333333,88.85833333333333,,207.82924986388113
2024-10-11,2024.0,285.0,10.0,11.0,-17.108333333333334,975.0541666666667,15.970833333333333,89.62916666666666,,218.5767806665805
2024-10-12,2024.0,286.0,10.0,12.0,-16.904166666666665,973.7541666666666,10.591666666666667,92.46249999999999,,206.6826894830163
2024-10-13,2024.0,287.0,10.0,13.0,-20.958333333333332,980.6416666666668,0.7000000000000001,81.7,,332.2111946614372
2024-10-14,2024.0,288.0,10.0,14.0,-21.695833333333336,983.8000000000001,4.3999999999999995,77.92916666666666,,243.07336517545195
2024-10-15,2024.0,289.0,10.0,15.0,-29.058333333333334,982.2666666666668,4.6625000000000005,72.48333333333333,,173.34109481248578
2024-10-16,2024.0,290.0,10.0,16.0,-27.462500000000002,981.3583333333332,6.408333333333334,70.97500000000001,,191.72971305259824
2024-10-17,2024.0,291.0,10.0,17.0,-26.974999999999998,983.9166666666666,9.495833333333334,76.20416666666667,,192.36003296663355
2024-10-18,2024.0,292.0,10.0,18.0,-21.058333333333334,989.9416666666666,7.3500000000000005,73.02499999999999,,223.0843961533372
2024-10-19,2024.0,293.0,10.0,19.0,-19.6875,985.6041666666666,11.629166666666668,78.85833333333333,,200.66093146180927
2024-10-20,2024.0,294.0,10.0,20.0,-20.116666666666667,982.7458333333334,12.166666666666666,75.29166666666667,,197.7130487658296
2024-10-21,2024.0,295.0,10.0,21.0,-18.95,980.5291666666667,7.583333333333333,64.82083333333334,,208.35004106354862
2024-10-22,2024.0,296.0,10.0,22.0,-18.787499999999998,980.1458333333334,10.725,72.73333333333333,,183.71966979109123
2024-10-23,2024.0,297.0,10.0,23.0,-20.175,987.4416666666666,10.3125,73.55833333333334,,198.19648430368912
2024-10-24,2024.0,298.0,10.0,24.0,-18.425,993.6666666666666,9.004166666666666,61.68333333333334,,205.0874565576161
2024-10-25,2024.0,299.0,10.0,25.0,-13.012500000000001,990.625,11.570833333333333,76.02173913043478,,210.9410586947079
2024-10-26,2024.0,300.0,10.0,26.0,-13.908333333333333,987.5500000000001,10.5,64.875,,204.61100808342596
2024-10-27,2024.0,301.0,10.0,27.0,-16.133333333333333,987.4375,4.579166666666667,57.5,,191.81927538302895
2024-10-28,2024.0,302.0,10.0,28.0,-13.049999999999999,988.1708333333332,5.841666666666666,72.20833333333333,,209.94857127577086
2024-10-29,2024.0,303.0,10.0,29.0,-13.095833333333333,986.375,7.75,76.05833333333334,,215.54491645397204
2024-10-30,2024.0,304.0,10.0,30.0,-11.566666666666668,989.1625,3.158333333333333,82.14166666666667,,289.45784780962856
2024-10-31,2024.0,305.0,10.0,31.0,-15.379166666666668,996.7291666666666,6.183333333333334,67.8625,,188.85222545060688
2024-11-01,2024.0,306.0,11.0,1.0,-19.145833333333332,993.7958333333332,3.108333333333333,72.07916666666667,,148.4899985004815
2024-11-02,2024.0,307.0,11.0,2.0,-20.7375,989.8125,6.229166666666667,69.65416666666667,,187.5047690996289
2024-11-03,2024.0,308.0,11.0,3.0,-19.12272727272727,985.0541666666667,4.125,66.32083333333334,,186.31017615856751
2024-11-04,2024.0,309.0,11.0,4.0,-19.5,983.8083333333334,3.375,68.08333333333333,,169.28255451414458
2024-11-05,2024.0,310.0,11.0,5.0,-18.638095238095236,981.2166666666667,2.408333333333333,61.17916666666667,,215.06695044374553
2024-11-06,2024.0,311.0,11.0,6.0,-16.652631578947368,971.8249999999999,2.316666666666667,64.74583333333334,,216.9026926593144
2024-11-07,2024.0,312.0,11.0,7.0,-18.004166666666666,966.8625000000001,2.841666666666667,45.95416666666667,,119.5116465156138
2024-11-08,2024.0,313.0,11.0,8.0,-16.508695652173913,971.6708333333332,3.0625,62.61666666666667,,201.92981581725445
2024-11-09,2024.0,314.0,11.0,9.0,-13.638095238095238,974.8000000000001,4.133333333333334,60.725,,303.292884057618
2024-11-10,2024.0,315.0,11.0,10.0,-12.423809523809522,973.9708333333333,2.620833333333333,60.34583333333333,,205.4546034695089
2024-11-11,2024.0,316.0,11.0,11.0,-16.89166666666667,971.5708333333333,5.241666666666666,75.35833333333333,,185.0268892108957
2024-11-12,2024.0,317.0,11.0,12.0,-17.141666666666666,975.4875000000001,3.1666666666666665,72.825,,118.06683242179189
2024-11-13,2024.0,318.0,11.0,13.0,-13.600000000000001,979.5375,2.5625,69.07391304347826,,159.48665921999358
2024-11-14,2024.0,319.0,11.0,14.0,-18.479166666666668,982.7083333333334,5.804166666666667,69.0625,,167.62491746032865
2024-11-15,2024.0,320.0,11.0,15.0,-15.282608695652174,969.9666666666667,3.766666666666667,70.54166666666667,,87.57558556313118
2024-11-16,2024.0,321.0,11.0,16.0,-13.229166666666666,962.2958333333332,6.470833333333334,77.67083333333333,,269.1403829622058
2024-11-17,2024.0,322.0,11.0,17.0,-18.933333333333334,965.9625,9.408333333333333,79.75,,189.16331289551445
2024-11-18,2024.0,323.0,11.0,18.0,-19.099999999999998,968.3249999999999,12.225,79.31666666666666,,197.61698248359892
2024-11-19,2024.0,324.0,11.0,19.0,-12.123529411764705,971.6541666666667,1.55,54.09583333333333,,125.37945373131393
2024-11-20,2024.0,325.0,11.0,20.0,-13.704166666666666,970.7416666666667,9.049999999999999,74.45416666666667,,222.23651168946398
2024-11-21,2024.0,326.0,11.0,21.0,-18.508333333333333,972.3666666666667,9.825000000000001,71.90416666666667,,201.68757338649883
2024-11-22,2024.0,327.0,11.0,22.0,-11.674999999999999,966.2333333333332,10.033333333333333,87.78750000000001,,202.60504513187433
2024-11-23,2024.0,328.0,11.0,23.0,-10.145833333333334,966.2541666666666,14.329166666666666,88.42631578947368,,200.42187865104137
2024-11-24,2024.0,329.0,11.0,24.0,-12.887500000000001,973.1,7.983333333333333,77.96666666666667,,190.57387392583243
2024-11-25,2024.0,330.0,11.0,25.0,-12.616666666666667,968.6708333333332,6.575,67.17083333333333,,203.022508651651
2024-11-26,2024.0,331.0,11.0,26.0,-7.847619047619048,964.5,3.3708333333333336,67.64583333333333,,273.75897699083544
2024-11-27,2024.0,332.0,11.0,27.0,-9.049999999999999,974.9333333333334,7.441666666666666,72.70869565217392,,220.1496491252145
2024-11-28,2024.0,333.0,11.0,28.0,-11.608333333333334,977.7458333333334,7.166666666666667,66.07083333333334,,205.5401174475856
2024-11-29,2024.0,334.0,11.0,29.0,-10.641666666666667,978.1791666666667,8.529166666666667,64.95416666666667,,209.58310989534402
2024-11-30,2024.0,335.0,11.0,30.0,-10.233333333333333,974.1208333333334,9.991666666666667,74.1125,,201.34810979734937
2024-12-01,2024.0,336.0,12.0,1.0,-10.608333333333333,976.6541666666667,15.991666666666667,86.77916666666665,,203.9722806463145
2024-12-02,2024.0,337.0,12.0,2.0,-7.120833333333334,982.1666666666666,20.0,87.16666666666667,,207.49875068055397
2024-12-03,2024.0,338.0,12.0,3.0,-6.9375,988.5124999999999,15.625,82.25,,204.47111730790445
2024-12-04,2024.0,339.0,12.0,4.0,-6.245833333333334,988.1333333333333,12.220833333333333,69.42916666666666,,211.87895701259643
2024-12-05,2024.0,340.0,12.0,5.0,-6.320833333333333,982.7833333333333,13.362499999999999,78.46249999999999,,207.40611187388973
2024-12-06,2024.0,341.0,12.0,6.0,-4.483333333333333,973.4541666666668,12.495833333333332,83.73125,,209.53134301175984
2024-12-07,2024.0,342.0,12.0,7.0,-4.1875,975.5791666666668,11.379166666666668,84.61764705882354,,203.26806212722235
2024-12-08,2024.0,343.0,12.0,8.0,-4.1875,979.1791666666667,13.183333333333332,87.90869565217392,,200.49534251100624
2024-12-09,2024.0,344.0,12.0,9.0,-4.3625,993.2208333333333,8.995833333333334,87.76875,,199.79658402817176
2024-12-10,2024.0,345.0,12.0,10.0,-2.4625,994.6958333333333,2.875,75.99583333333332,,254.18891832451965
2024-12-11,2024.0,346.0,12.0,11.0,-2.0090909090909093,992.8583333333332,2.341666666666667,69.125,,319.42645396040683
2024-12-12,2024.0,347.0,12.0,12.0,-4.913636363636363,995.775,3.8083333333333336,70.58749999999999,,150.78587212684988
2024-12-13,2024.0,348.0,12.0,13.0,-3.516666666666667,997.3416666666667,5.054166666666666,70.11666666666666,,227.2564229779054
2024-12-14,2024.0,349.0,12.0,14.0,-7.070833333333333,994.9541666666668,9.858333333333333,77.25416666666668,,183.8511002995155
2024-12-15,2024.0,350.0,12.0,15.0,-9.354166666666666,993.4791666666666,9.329166666666667,81.73333333333333,,192.25585988488692
2024-12-16,2024.0,351.0,12.0,16.0,-6.445833333333333,986.2708333333334,5.841666666666666,77.95416666666667,,225.6920095229634
2024-12-17,2024.0,352.0,12.0,17.0,-3.039130434782609,985.1291666666666,6.7375,84.39583333333333,,256.94666657381003
2024-12-18,2024.0,353.0,12.0,18.0,-2.0565217391304347,983.625,2.9166666666666665,77.25,,285.9889962034574
2024-12-19,2024.0,354.0,12.0,19.0,-0.5,984.5,3.5,72.0,,298.0
2024-12-20,2024.0,355.0,12.0,20.0,,,,,,
2024-12-21,2024.0,356.0,12.0,21.0,,,,,,
2024-12-22,2024.0,357.0,12.0,22.0,,,,,,
2024-12-23,2024.0,358.0,12.0,23.0,,,,,,
2024-12-24,2024.0,359.0,12.0,24.0,,,,,,
2024-12-25,2024.0,360.0,12.0,25.0,,,,,,
2024-12-26,2024.0,361.0,12.0,26.0,,,,,,
2024-12-27,2024.0,362.0,12.0,27.0,,,,,,
2024-12-28,2024.0,363.0,12.0,28.0,,,,,,
2024-12-29,2024.0,364.0,12.0,29.0,,,,,,
2024-12-30,2024.0,365.0,12.0,30.0,,,,,,
2024-12-31,2024.0,366.0,12.0,31.0,,,,,,
